invoice_no,actual_anomaly,anomaly_type
INV018935,1,Extreme Invoice Amount
INV001162,1,Extreme Invoice Amount
INV018052,1,Extreme Invoice Amount
INV008453,1,Extreme Invoice Amount
INV002561,1,Extreme Invoice Amount
INV018005,1,Extreme Invoice Amount
INV007473,1,Extreme Invoice Amount
INV009044,1,Extreme Invoice Amount
INV006193,1,Extreme Invoice Amount
INV002865,1,Extreme Invoice Amount
INV000059,1,Extreme Invoice Amount
INV007499,1,Extreme Invoice Amount
INV018681,1,Extreme Invoice Amount
INV000539,1,Extreme Invoice Amount
INV010628,1,Extreme Invoice Amount
INV016848,1,Extreme Invoice Amount
INV015428,1,Extreme Invoice Amount
INV005933,1,Extreme Invoice Amount
INV004989,1,Extreme Invoice Amount
INV017626,1,Extreme Invoice Amount
INV017184,1,Extreme Invoice Amount
INV012943,1,Extreme Invoice Amount
INV018871,1,Extreme Invoice Amount
INV007369,1,Extreme Invoice Amount
INV009046,1,Extreme Invoice Amount
INV011319,1,Extreme Invoice Amount
INV009097,1,Extreme Invoice Amount
INV019264,1,Extreme Invoice Amount
INV017703,1,Extreme Invoice Amount
INV019190,1,Extreme Invoice Amount
INV011033,1,Extreme Invoice Amount
INV007706,1,Extreme Invoice Amount
INV015370,1,Extreme Invoice Amount
INV010533,1,Extreme Invoice Amount
INV007626,1,Extreme Invoice Amount
INV007429,1,Extreme Invoice Amount
INV002290,1,Extreme Invoice Amount
INV006588,1,Extreme Invoice Amount
INV019172,1,Extreme Invoice Amount
INV003336,1,Extreme Invoice Amount
INV013448,1,Extreme Invoice Amount
INV003715,1,Extreme Invoice Amount
INV010740,1,Extreme Invoice Amount
INV008757,1,Extreme Invoice Amount
INV003846,1,Extreme Invoice Amount
INV017922,1,Extreme Invoice Amount
INV014690,1,Extreme Invoice Amount
INV019270,1,Extreme Invoice Amount
INV013442,1,Extreme Invoice Amount
INV009079,1,Extreme Invoice Amount
INV005243,1,Extreme Invoice Amount
INV004755,1,Extreme Invoice Amount
INV006281,1,Extreme Invoice Amount
INV018315,1,Extreme Invoice Amount
INV009467,1,Extreme Invoice Amount
INV018454,1,Extreme Invoice Amount
INV012718,1,Extreme Invoice Amount
INV014248,1,Extreme Invoice Amount
INV016821,1,Extreme Invoice Amount
INV012478,1,Extreme Invoice Amount
INV003632,1,Extreme Invoice Amount
INV010579,1,Extreme Invoice Amount
INV001979,1,Extreme Invoice Amount
INV018073,1,Extreme Invoice Amount
INV019094,1,Extreme Invoice Amount
INV007135,1,Extreme Invoice Amount
INV002183,1,Extreme Invoice Amount
INV005984,1,Extreme Invoice Amount
INV014023,1,Extreme Invoice Amount
INV018895,1,Extreme Invoice Amount
INV005164,1,Extreme Invoice Amount
INV009483,1,Extreme Invoice Amount
INV003807,1,Extreme Invoice Amount
INV007531,1,Extreme Invoice Amount
INV018111,1,Extreme Invoice Amount
INV008501,1,Extreme Invoice Amount
INV002347,1,Extreme Invoice Amount
INV015081,1,Extreme Invoice Amount
INV007838,1,Extreme Invoice Amount
INV008923,1,Extreme Invoice Amount
INV000606,1,Extreme Invoice Amount
INV015915,1,Extreme Invoice Amount
INV007680,1,Extreme Invoice Amount
INV010184,1,Extreme Invoice Amount
INV016767,1,Extreme Invoice Amount
INV018194,1,Extreme Invoice Amount
INV002631,1,Extreme Invoice Amount
INV011420,1,Extreme Invoice Amount
INV000156,1,Extreme Invoice Amount
INV006543,1,Extreme Invoice Amount
INV006989,1,Extreme Invoice Amount
INV009905,1,Extreme Unit Price
INV004656,1,Extreme Unit Price
INV017189,1,Extreme Unit Price
INV000632,1,Extreme Unit Price
INV008225,1,Extreme Unit Price
INV008489,1,Extreme Unit Price
INV007221,1,Extreme Unit Price
INV010081,1,Extreme Unit Price
INV010773,1,Extreme Unit Price
INV002614,1,Extreme Unit Price
INV015656,1,Extreme Unit Price
INV003555,1,Extreme Unit Price
INV008843,1,Extreme Unit Price
INV019563,1,Extreme Unit Price
INV013016,1,Extreme Unit Price
INV007366,1,Extreme Unit Price
INV014777,1,Extreme Unit Price
INV000768,1,Extreme Unit Price
INV003602,1,Extreme Unit Price
INV011695,1,Extreme Unit Price
INV018907,1,Extreme Unit Price
INV017964,1,Extreme Unit Price
INV009741,1,Extreme Unit Price
INV007411,1,Extreme Unit Price
INV010135,1,Extreme Unit Price
INV019338,1,Extreme Unit Price
INV010105,1,Extreme Unit Price
INV018600,1,Extreme Unit Price
INV010134,1,Extreme Unit Price
INV000919,1,Extreme Unit Price
INV015295,1,Extreme Unit Price
INV005208,1,Extreme Unit Price
INV016074,1,Extreme Unit Price
INV001882,1,Extreme Unit Price
INV003972,1,Extreme Unit Price
INV014056,1,Extreme Unit Price
INV002866,1,Extreme Unit Price
INV017723,1,Extreme Unit Price
INV016862,1,Extreme Unit Price
INV015623,1,Extreme Unit Price
INV012686,1,Extreme Unit Price
INV016855,1,Extreme Unit Price
INV001847,1,Extreme Unit Price
INV019962,1,Extreme Unit Price
INV009646,1,Extreme Unit Price
INV009312,1,Extreme Unit Price
INV010452,1,Extreme Unit Price
INV008337,1,Extreme Unit Price
INV016512,1,Extreme Unit Price
INV015685,1,Extreme Unit Price
INV008728,1,Extreme Unit Price
INV011068,1,Extreme Unit Price
INV004806,1,Extreme Unit Price
INV010610,1,Extreme Unit Price
INV000561,1,Extreme Unit Price
INV014007,1,Extreme Unit Price
INV013994,1,Extreme Unit Price
INV013969,1,Extreme Unit Price
INV013534,1,Extreme Unit Price
INV006717,1,Extreme Unit Price
INV017510,1,Extreme Unit Price
INV018011,1,Extreme Unit Price
INV014388,1,Extreme Unit Price
INV011365,1,Extreme Unit Price
INV018270,1,Extreme Unit Price
INV006261,1,Extreme Unit Price
INV002581,1,Extreme Unit Price
INV008214,1,Extreme Unit Price
INV015537,1,Extreme Unit Price
INV005661,1,Extreme Unit Price
INV006878,1,Extreme Unit Price
INV008317,1,Extreme Unit Price
INV009931,1,Extreme Unit Price
INV013582,1,Extreme Unit Price
INV007755,1,Extreme Unit Price
INV002748,1,Extreme Unit Price
INV001921,1,Extreme Unit Price
INV016719,1,Extreme Unit Price
INV017315,1,Extreme Unit Price
INV012015,1,Extreme Unit Price
INV018459,1,Extreme Unit Price
INV012212,1,Extreme Unit Price
INV010926,1,Extreme Unit Price
INV009552,1,Extreme Unit Price
INV001212,1,Extreme Unit Price
INV008003,1,Extreme Unit Price
INV011363,1,Extreme Unit Price
INV000875,1,Extreme Unit Price
INV016895,1,Extreme Unit Price
INV004180,1,Extreme Unit Price
INV012186,1,Extreme Unit Price
INV000514,1,Unusual Quantity
INV005954,1,Unusual Quantity
INV004117,1,Unusual Quantity
INV000327,1,Unusual Quantity
INV018839,1,Unusual Quantity
INV015165,1,Unusual Quantity
INV004682,1,Unusual Quantity
INV004423,1,Unusual Quantity
INV009700,1,Unusual Quantity
INV018593,1,Unusual Quantity
INV015969,1,Unusual Quantity
INV006747,1,Unusual Quantity
INV013691,1,Unusual Quantity
INV010209,1,Unusual Quantity
INV006962,1,Unusual Quantity
INV009576,1,Unusual Quantity
INV008696,1,Unusual Quantity
INV013441,1,Unusual Quantity
INV000150,1,Unusual Quantity
INV010009,1,Unusual Quantity
INV000148,1,Unusual Quantity
INV004103,1,Unusual Quantity
INV016534,1,Unusual Quantity
INV002178,1,Unusual Quantity
INV017505,1,Unusual Quantity
INV016763,1,Unusual Quantity
INV008902,1,Unusual Quantity
INV009520,1,Unusual Quantity
INV000243,1,Unusual Quantity
INV017230,1,Unusual Quantity
INV005678,1,Unusual Quantity
INV011262,1,Unusual Quantity
INV009136,1,Unusual Quantity
INV013344,1,Unusual Quantity
INV000290,1,Unusual Quantity
INV012736,1,Unusual Quantity
INV013501,1,Unusual Quantity
INV006015,1,Unusual Quantity
INV017560,1,Unusual Quantity
INV008546,1,Unusual Quantity
INV004352,1,Unusual Quantity
INV009813,1,Unusual Quantity
INV018317,1,Unusual Quantity
INV000905,1,Unusual Quantity
INV008342,1,Unusual Quantity
INV015256,1,Unusual Quantity
INV017631,1,Unusual Quantity
INV008068,1,Unusual Quantity
INV013155,1,Unusual Quantity
INV019178,1,Unusual Quantity
INV012545,1,Unusual Quantity
INV018947,1,Unusual Quantity
INV001992,1,Unusual Quantity
INV013394,1,Unusual Quantity
INV016343,1,Unusual Quantity
INV016834,1,Unusual Quantity
INV002220,1,Unusual Quantity
INV010210,1,Unusual Quantity
INV001341,1,Unusual Quantity
INV010802,1,Unusual Quantity
INV007302,1,Unusual Quantity
INV010916,1,Unusual Quantity
INV006206,1,Unusual Quantity
INV000831,1,Unusual Quantity
INV016610,1,Unusual Quantity
INV008857,1,Unusual Quantity
INV016847,1,Unusual Quantity
INV001742,1,Unusual Quantity
INV003623,1,Unusual Quantity
INV017318,1,Unusual Quantity
INV017852,1,Unusual Quantity
INV016829,1,Unusual Quantity
INV005910,1,Unusual Quantity
INV015764,1,Unusual Quantity
INV012111,1,Unusual Quantity
INV000342,1,Unusual Quantity
INV017454,1,Unusual Quantity
INV003033,1,Unusual Quantity
INV013215,1,Unusual Quantity
INV010303,1,Unusual Quantity
INV014640,1,Unusual Quantity
INV012661,1,Unusual Quantity
INV011453,1,Unusual Quantity
INV001851,1,Unusual Quantity
INV018716,1,Unusual Quantity
INV015066,1,Unusual Quantity
INV002184,1,Unusual Quantity
INV001996,1,Unusual Quantity
INV013384,1,Unusual Quantity
INV012854,1,Unusual Quantity
INV010650,1,Unusual Quantity
INV010529,1,Unusual Discount
INV006428,1,Unusual Discount
INV000694,1,Unusual Discount
INV001763,1,Unusual Discount
INV000187,1,Unusual Discount
INV014859,1,Unusual Discount
INV015853,1,Unusual Discount
INV008222,1,Unusual Discount
INV005000,1,Unusual Discount
INV008858,1,Unusual Discount
INV007372,1,Unusual Discount
INV011471,1,Unusual Discount
INV017755,1,Unusual Discount
INV014295,1,Unusual Discount
INV015231,1,Unusual Discount
INV019062,1,Unusual Discount
INV019968,1,Unusual Discount
INV013239,1,Unusual Discount
INV009821,1,Unusual Discount
INV009210,1,Unusual Discount
INV010095,1,Unusual Discount
INV005316,1,Unusual Discount
INV001256,1,Unusual Discount
INV010948,1,Unusual Discount
INV000604,1,Unusual Discount
INV012178,1,Unusual Discount
INV007291,1,Unusual Discount
INV004073,1,Unusual Discount
INV006135,1,Unusual Discount
INV017092,1,Unusual Discount
INV004145,1,Unusual Discount
INV009839,1,Unusual Discount
INV001943,1,Unusual Discount
INV009139,1,Unusual Discount
INV006749,1,Unusual Discount
INV013555,1,Unusual Discount
INV005061,1,Unusual Discount
INV011303,1,Unusual Discount
INV009744,1,Unusual Discount
INV017758,1,Unusual Discount
INV017994,1,Unusual Discount
INV005508,1,Unusual Discount
INV001333,1,Unusual Discount
INV011002,1,Unusual Discount
INV006753,1,Unusual Discount
INV005797,1,Unusual Discount
INV012979,1,Unusual Discount
INV010848,1,Unusual Discount
INV017313,1,Unusual Discount
INV003515,1,Unusual Discount
INV016290,1,Unusual Discount
INV004199,1,Unusual Discount
INV007190,1,Unusual Discount
INV018401,1,Unusual Discount
INV001945,1,Unusual Discount
INV006711,1,Unusual Discount
INV009475,1,Unusual Discount
INV016591,1,Unusual Discount
INV001990,1,Unusual Discount
INV018806,1,Unusual Discount
INV006044,1,Unusual Discount
INV004432,1,Unusual Discount
INV013279,1,Unusual Discount
INV008474,1,Unusual Discount
INV007500,1,Unusual Discount
INV007891,1,Unusual Discount
INV004383,1,Unusual Discount
INV008751,1,Unusual Discount
INV002057,1,Unusual Discount
INV012698,1,Unusual Discount
INV003281,1,Unusual Discount
INV005929,1,Unusual Discount
INV013250,1,Unusual Discount
INV005757,1,Unusual Discount
INV003061,1,Unusual Discount
INV012483,1,Unusual Discount
INV016647,1,Unusual Discount
INV001175,1,Unusual Discount
INV010632,1,Unusual Discount
INV011270,1,Unusual Discount
INV008809,1,Unusual Discount
INV012928,1,Unusual Discount
INV002198,1,Unusual Discount
INV002244,1,Unusual Discount
INV002218,1,Unusual Discount
INV001477,1,Unusual Discount
INV012894,1,Unusual Discount
INV015171,1,Unusual Discount
INV013632,1,Unusual Discount
INV003626,1,Unusual Discount
INV000448,1,Unusual Discount
INV016177,1,Tax Calculation Mismatch
INV002909,1,Tax Calculation Mismatch
INV011864,1,Tax Calculation Mismatch
INV003453,1,Tax Calculation Mismatch
INV005284,1,Tax Calculation Mismatch
INV011637,1,Tax Calculation Mismatch
INV007667,1,Tax Calculation Mismatch
INV015858,1,Tax Calculation Mismatch
INV001149,1,Tax Calculation Mismatch
INV019980,1,Tax Calculation Mismatch
INV014138,1,Tax Calculation Mismatch
INV011244,1,Tax Calculation Mismatch
INV018333,1,Tax Calculation Mismatch
INV006454,1,Tax Calculation Mismatch
INV010488,1,Tax Calculation Mismatch
INV011432,1,Tax Calculation Mismatch
INV018836,1,Tax Calculation Mismatch
INV013945,1,Tax Calculation Mismatch
INV004672,1,Tax Calculation Mismatch
INV005587,1,Tax Calculation Mismatch
INV007676,1,Tax Calculation Mismatch
INV017684,1,Tax Calculation Mismatch
INV008165,1,Tax Calculation Mismatch
INV013376,1,Tax Calculation Mismatch
INV007142,1,Tax Calculation Mismatch
INV009192,1,Tax Calculation Mismatch
INV009922,1,Tax Calculation Mismatch
INV016517,1,Tax Calculation Mismatch
INV015243,1,Tax Calculation Mismatch
INV016599,1,Tax Calculation Mismatch
INV004490,1,Tax Calculation Mismatch
INV016692,1,Tax Calculation Mismatch
INV013598,1,Tax Calculation Mismatch
INV009683,1,Tax Calculation Mismatch
INV003954,1,Tax Calculation Mismatch
INV000175,1,Tax Calculation Mismatch
INV010297,1,Tax Calculation Mismatch
INV017619,1,Tax Calculation Mismatch
INV017402,1,Tax Calculation Mismatch
INV011405,1,Tax Calculation Mismatch
INV003752,1,Tax Calculation Mismatch
INV009326,1,Tax Calculation Mismatch
INV018759,1,Tax Calculation Mismatch
INV004025,1,Tax Calculation Mismatch
INV013538,1,Tax Calculation Mismatch
INV015013,1,Tax Calculation Mismatch
INV001349,1,Tax Calculation Mismatch
INV007042,1,Tax Calculation Mismatch
INV018469,1,Tax Calculation Mismatch
INV018954,1,Tax Calculation Mismatch
INV014515,1,Tax Calculation Mismatch
INV012585,1,Tax Calculation Mismatch
INV007540,1,Tax Calculation Mismatch
INV003069,1,Tax Calculation Mismatch
INV001869,1,Tax Calculation Mismatch
INV007654,1,Tax Calculation Mismatch
INV008435,1,Tax Calculation Mismatch
INV007599,1,Tax Calculation Mismatch
INV006050,1,Tax Calculation Mismatch
INV002434,1,Tax Calculation Mismatch
INV005501,1,Tax Calculation Mismatch
INV004842,1,Tax Calculation Mismatch
INV015492,1,Tax Calculation Mismatch
INV006436,1,Tax Calculation Mismatch
INV005781,1,Tax Calculation Mismatch
INV000445,1,Tax Calculation Mismatch
INV009611,1,Tax Calculation Mismatch
INV008582,1,Tax Calculation Mismatch
INV016473,1,Tax Calculation Mismatch
INV019472,1,Tax Calculation Mismatch
INV013356,1,Tax Calculation Mismatch
INV014823,1,Tax Calculation Mismatch
INV003362,1,Tax Calculation Mismatch
INV009971,1,Tax Calculation Mismatch
INV011088,1,Tax Calculation Mismatch
INV014113,1,Tax Calculation Mismatch
INV019521,1,Tax Calculation Mismatch
INV017741,1,Tax Calculation Mismatch
INV019418,1,Tax Calculation Mismatch
INV010803,1,Tax Calculation Mismatch
INV013563,1,Tax Calculation Mismatch
INV018612,1,Tax Calculation Mismatch
INV017527,1,Tax Calculation Mismatch
INV004876,1,Tax Calculation Mismatch
INV000374,1,Tax Calculation Mismatch
INV017524,1,Tax Calculation Mismatch
INV005292,1,Tax Calculation Mismatch
INV019934,1,Tax Calculation Mismatch
INV010281,1,Tax Calculation Mismatch
INV007122,1,Tax Calculation Mismatch
INV002770,1,Tax Calculation Mismatch
INV017562,1,Incorrect CGST SGST Split
INV009002,1,Incorrect CGST SGST Split
INV002623,1,Incorrect CGST SGST Split
INV013420,1,Incorrect CGST SGST Split
INV000890,1,Incorrect CGST SGST Split
INV003542,1,Incorrect CGST SGST Split
INV015414,1,Incorrect CGST SGST Split
INV008551,1,Incorrect CGST SGST Split
INV018051,1,Incorrect CGST SGST Split
INV000592,1,Incorrect CGST SGST Split
INV007421,1,Incorrect CGST SGST Split
INV005927,1,Incorrect CGST SGST Split
INV004265,1,Incorrect CGST SGST Split
INV004268,1,Incorrect CGST SGST Split
INV002228,1,Incorrect CGST SGST Split
INV007490,1,Incorrect CGST SGST Split
INV006537,1,Incorrect CGST SGST Split
INV002319,1,Incorrect CGST SGST Split
INV008244,1,Incorrect CGST SGST Split
INV012572,1,Incorrect CGST SGST Split
INV010590,1,Incorrect CGST SGST Split
INV009279,1,Incorrect CGST SGST Split
INV008750,1,Incorrect CGST SGST Split
INV018382,1,Incorrect CGST SGST Split
INV007099,1,Incorrect CGST SGST Split
INV000235,1,Incorrect CGST SGST Split
INV018275,1,Incorrect CGST SGST Split
INV009130,1,Incorrect CGST SGST Split
INV001294,1,Incorrect CGST SGST Split
INV017125,1,Incorrect CGST SGST Split
INV014494,1,Incorrect CGST SGST Split
INV003557,1,Incorrect CGST SGST Split
INV012280,1,Incorrect CGST SGST Split
INV018968,1,Incorrect CGST SGST Split
INV011646,1,Incorrect CGST SGST Split
INV001757,1,Incorrect CGST SGST Split
INV007192,1,Incorrect CGST SGST Split
INV010132,1,Incorrect CGST SGST Split
INV012583,1,Incorrect CGST SGST Split
INV007806,1,Incorrect CGST SGST Split
INV007926,1,Incorrect CGST SGST Split
INV015044,1,Incorrect CGST SGST Split
INV014491,1,Incorrect CGST SGST Split
INV018751,1,Incorrect CGST SGST Split
INV013167,1,Incorrect CGST SGST Split
INV008205,1,Incorrect CGST SGST Split
INV006705,1,Incorrect CGST SGST Split
INV000218,1,Incorrect CGST SGST Split
INV014579,1,Incorrect CGST SGST Split
INV019889,1,Incorrect CGST SGST Split
INV012549,1,Incorrect CGST SGST Split
INV001082,1,Incorrect CGST SGST Split
INV019202,1,Incorrect CGST SGST Split
INV015287,1,Incorrect CGST SGST Split
INV004877,1,Incorrect CGST SGST Split
INV008094,1,Incorrect CGST SGST Split
INV004198,1,Incorrect CGST SGST Split
INV003403,1,Incorrect CGST SGST Split
INV006535,1,Incorrect CGST SGST Split
INV013435,1,Incorrect CGST SGST Split
INV000318,1,Incorrect CGST SGST Split
INV003088,1,Incorrect CGST SGST Split
INV002984,1,Incorrect CGST SGST Split
INV003503,1,Incorrect CGST SGST Split
INV012682,1,Incorrect CGST SGST Split
INV008953,1,Incorrect CGST SGST Split
INV007188,1,Incorrect CGST SGST Split
INV011451,1,Incorrect CGST SGST Split
INV001551,1,Incorrect CGST SGST Split
INV007270,1,Incorrect CGST SGST Split
INV001660,1,Incorrect CGST SGST Split
INV001079,1,Incorrect CGST SGST Split
INV005289,1,Incorrect CGST SGST Split
INV005103,1,Incorrect CGST SGST Split
INV000639,1,Incorrect CGST SGST Split
INV001180,1,Incorrect CGST SGST Split
INV014049,1,Incorrect CGST SGST Split
INV013311,1,Incorrect CGST SGST Split
INV013180,1,Incorrect CGST SGST Split
INV011926,1,Incorrect CGST SGST Split
INV016970,1,Incorrect CGST SGST Split
INV009945,1,Incorrect CGST SGST Split
INV009493,1,Incorrect CGST SGST Split
INV011101,1,Incorrect CGST SGST Split
INV007017,1,Incorrect CGST SGST Split
INV007160,1,Incorrect CGST SGST Split
INV005080,1,Incorrect CGST SGST Split
INV015941,1,Incorrect CGST SGST Split
INV013306,1,Incorrect CGST SGST Split
INV013663,1,Incorrect CGST SGST Split
INV002065,1,Incorrect CGST SGST Split
INV007697,1,Incorrect IGST
INV015316,1,Incorrect IGST
INV003537,1,Incorrect IGST
INV013522,1,Incorrect IGST
INV003843,1,Incorrect IGST
INV008002,1,Incorrect IGST
INV014142,1,Incorrect IGST
INV008235,1,Incorrect IGST
INV008922,1,Incorrect IGST
INV015584,1,Incorrect IGST
INV017328,1,Incorrect IGST
INV017347,1,Incorrect IGST
INV013011,1,Incorrect IGST
INV013568,1,Incorrect IGST
INV005078,1,Incorrect IGST
INV005330,1,Incorrect IGST
INV009874,1,Incorrect IGST
INV014349,1,Incorrect IGST
INV000231,1,Incorrect IGST
INV019110,1,Incorrect IGST
INV011426,1,Incorrect IGST
INV004750,1,Incorrect IGST
INV017540,1,Incorrect IGST
INV001919,1,Incorrect IGST
INV008526,1,Incorrect IGST
INV015513,1,Incorrect IGST
INV019831,1,Incorrect IGST
INV006584,1,Incorrect IGST
INV012068,1,Incorrect IGST
INV005152,1,Incorrect IGST
INV014970,1,Incorrect IGST
INV007001,1,Incorrect IGST
INV000387,1,Incorrect IGST
INV003995,1,Incorrect IGST
INV000691,1,Incorrect IGST
INV013891,1,Incorrect IGST
INV013341,1,Incorrect IGST
INV013583,1,Incorrect IGST
INV009618,1,Incorrect IGST
INV004133,1,Incorrect IGST
INV003650,1,Incorrect IGST
INV018502,1,Incorrect IGST
INV018309,1,Incorrect IGST
INV001686,1,Incorrect IGST
INV013107,1,Incorrect IGST
INV017597,1,Incorrect IGST
INV006073,1,Incorrect IGST
INV008616,1,Incorrect IGST
INV008206,1,Incorrect IGST
INV010696,1,Incorrect IGST
INV017959,1,Incorrect IGST
INV003037,1,Incorrect IGST
INV018205,1,Incorrect IGST
INV000089,1,Incorrect IGST
INV008670,1,Incorrect IGST
INV015782,1,Incorrect IGST
INV015821,1,Incorrect IGST
INV011636,1,Incorrect IGST
INV002992,1,Incorrect IGST
INV015280,1,Incorrect IGST
INV007933,1,Incorrect IGST
INV007533,1,Incorrect IGST
INV000764,1,Incorrect IGST
INV000288,1,Incorrect IGST
INV015845,1,Incorrect IGST
INV009146,1,Incorrect IGST
INV005150,1,Incorrect IGST
INV011187,1,Incorrect IGST
INV017586,1,Incorrect IGST
INV019890,1,Incorrect IGST
INV017233,1,Incorrect IGST
INV018047,1,Incorrect IGST
INV019018,1,Incorrect IGST
INV018470,1,Incorrect IGST
INV018740,1,Incorrect IGST
INV005304,1,Incorrect IGST
INV005543,1,Incorrect IGST
INV001495,1,Incorrect IGST
INV008576,1,Incorrect IGST
INV016728,1,Incorrect IGST
INV019019,1,Incorrect IGST
INV002397,1,Incorrect IGST
INV001729,1,Incorrect IGST
INV001136,1,Incorrect IGST
INV011161,1,Incorrect IGST
INV004387,1,Incorrect IGST
INV016137,1,Incorrect IGST
INV016193,1,Incorrect IGST
INV002891,1,Incorrect IGST
INV018616,1,Incorrect IGST
INV010086,1,Incorrect IGST
INV014108,1,Duplicate Transaction
INV001157,1,Duplicate Transaction
INV010594,1,Duplicate Transaction
INV011514,1,Duplicate Transaction
INV014636,1,Duplicate Transaction
INV009193,1,Duplicate Transaction
INV001685,1,Duplicate Transaction
INV008415,1,Duplicate Transaction
INV004522,1,Duplicate Transaction
INV010292,1,Duplicate Transaction
INV015753,1,Duplicate Transaction
INV017234,1,Duplicate Transaction
INV014708,1,Duplicate Transaction
INV005539,1,Duplicate Transaction
INV013478,1,Duplicate Transaction
INV013329,1,Duplicate Transaction
INV009965,1,Duplicate Transaction
INV001794,1,Duplicate Transaction
INV004813,1,Duplicate Transaction
INV010739,1,Duplicate Transaction
INV004448,1,Duplicate Transaction
INV013813,1,Duplicate Transaction
INV017611,1,Duplicate Transaction
INV005503,1,Duplicate Transaction
INV009558,1,Duplicate Transaction
INV003720,1,Duplicate Transaction
INV012550,1,Duplicate Transaction
INV019287,1,Duplicate Transaction
INV015984,1,Duplicate Transaction
INV010334,1,Duplicate Transaction
INV019218,1,Duplicate Transaction
INV006743,1,Duplicate Transaction
INV004304,1,Duplicate Transaction
INV019148,1,Duplicate Transaction
INV002208,1,Duplicate Transaction
INV004737,1,Duplicate Transaction
INV011142,1,Duplicate Transaction
INV015503,1,Duplicate Transaction
INV017934,1,Duplicate Transaction
INV012034,1,Duplicate Transaction
INV014030,1,Duplicate Transaction
INV018191,1,Duplicate Transaction
INV016965,1,Duplicate Transaction
INV016522,1,Duplicate Transaction
INV003506,1,Duplicate Transaction
INV003107,1,Duplicate Transaction
INV008010,1,Duplicate Transaction
INV010109,1,Duplicate Transaction
INV012030,1,Duplicate Transaction
INV000470,1,Duplicate Transaction
INV011332,1,Duplicate Transaction
INV017648,1,Duplicate Transaction
INV000509,1,Duplicate Transaction
INV002691,1,Duplicate Transaction
INV010752,1,Duplicate Transaction
INV008066,1,Duplicate Transaction
INV019441,1,Duplicate Transaction
INV008816,1,Duplicate Transaction
INV018207,1,Duplicate Transaction
INV004907,1,Duplicate Transaction
INV018651,1,Duplicate Transaction
INV013150,1,Duplicate Transaction
INV012226,1,Duplicate Transaction
INV016638,1,Duplicate Transaction
INV016882,1,Duplicate Transaction
INV016197,1,Duplicate Transaction
INV014585,1,Duplicate Transaction
INV014691,1,Duplicate Transaction
INV018183,1,Duplicate Transaction
INV009264,1,Duplicate Transaction
INV007230,1,Duplicate Transaction
INV011808,1,Duplicate Transaction
INV014172,1,Duplicate Transaction
INV018718,1,Duplicate Transaction
INV019234,1,Duplicate Transaction
INV013509,1,Duplicate Transaction
INV006363,1,Duplicate Transaction
INV016900,1,Duplicate Transaction
INV004528,1,Duplicate Transaction
INV002529,1,Duplicate Transaction
INV007647,1,Duplicate Transaction
INV002740,1,Duplicate Transaction
INV000724,1,Duplicate Transaction
INV011185,1,Duplicate Transaction
INV014669,1,Duplicate Transaction
INV015930,1,Duplicate Transaction
INV012777,1,Duplicate Transaction
INV001319,1,Duplicate Transaction
INV009450,1,Duplicate Transaction
INV012522,1,Duplicate Transaction
INV005583,1,Duplicate Transaction
INV010288,1,Unusual Supplier Activity
INV013629,1,Unusual Supplier Activity
INV007054,1,Unusual Supplier Activity
INV013015,1,Unusual Supplier Activity
INV005401,1,Unusual Supplier Activity
INV000926,1,Unusual Supplier Activity
INV011991,1,Unusual Supplier Activity
INV000730,1,Unusual Supplier Activity
INV019242,1,Unusual Supplier Activity
INV019817,1,Unusual Supplier Activity
INV001138,1,Unusual Supplier Activity
INV003725,1,Unusual Supplier Activity
INV019272,1,Unusual Supplier Activity
INV016328,1,Unusual Supplier Activity
INV015842,1,Unusual Supplier Activity
INV002463,1,Unusual Supplier Activity
INV003980,1,Unusual Supplier Activity
INV012952,1,Unusual Supplier Activity
INV007478,1,Unusual Supplier Activity
INV002747,1,Unusual Supplier Activity
INV010090,1,Unusual Supplier Activity
INV002122,1,Unusual Supplier Activity
INV000032,1,Unusual Supplier Activity
INV004479,1,Unusual Supplier Activity
INV004789,1,Unusual Supplier Activity
INV000015,1,Unusual Supplier Activity
INV004541,1,Unusual Supplier Activity
INV017108,1,Unusual Supplier Activity
INV013328,1,Unusual Supplier Activity
INV018175,1,Unusual Supplier Activity
INV015711,1,Unusual Supplier Activity
INV006581,1,Unusual Supplier Activity
INV010554,1,Unusual Supplier Activity
INV008100,1,Unusual Supplier Activity
INV002506,1,Unusual Supplier Activity
INV012433,1,Unusual Supplier Activity
INV011057,1,Unusual Supplier Activity
INV005176,1,Unusual Supplier Activity
INV019524,1,Unusual Supplier Activity
INV000181,1,Unusual Supplier Activity
INV007370,1,Unusual Supplier Activity
INV002334,1,Unusual Supplier Activity
INV009892,1,Unusual Supplier Activity
INV003413,1,Unusual Supplier Activity
INV008004,1,Unusual Supplier Activity
INV015938,1,Unusual Supplier Activity
INV019617,1,Unusual Supplier Activity
INV009559,1,Unusual Supplier Activity
INV007011,1,Unusual Supplier Activity
INV003396,1,Unusual Supplier Activity
INV018138,1,Unusual Supplier Activity
INV002273,1,Unusual Supplier Activity
INV011248,1,Unusual Supplier Activity
INV011871,1,Unusual Supplier Activity
INV011073,1,Unusual Supplier Activity
INV011545,1,Unusual Supplier Activity
INV018463,1,Unusual Supplier Activity
INV010531,1,Unusual Supplier Activity
INV002428,1,Unusual Supplier Activity
INV016001,1,Unusual Supplier Activity
INV006894,1,Unusual Supplier Activity
INV011692,1,Unusual Supplier Activity
INV016393,1,Unusual Supplier Activity
INV006090,1,Unusual Supplier Activity
INV011214,1,Unusual Supplier Activity
INV010280,1,Unusual Supplier Activity
INV018402,1,Unusual Supplier Activity
INV010172,1,Unusual Supplier Activity
INV011548,1,Unusual Supplier Activity
INV005214,1,Unusual Supplier Activity
INV018299,1,Unusual Supplier Activity
INV013513,1,Unusual Supplier Activity
INV016567,1,Unusual Supplier Activity
INV010781,1,Unusual Supplier Activity
INV006646,1,Unusual Supplier Activity
INV002482,1,Unusual Supplier Activity
INV017428,1,Unusual Supplier Activity
INV009452,1,Unusual Supplier Activity
INV014084,1,Unusual Supplier Activity
INV001812,1,Unusual Supplier Activity
INV010937,1,Unusual Supplier Activity
INV005790,1,Unusual Supplier Activity
INV009132,1,Unusual Supplier Activity
INV000961,1,Unusual Supplier Activity
INV011488,1,Unusual Supplier Activity
INV010853,1,Unusual Supplier Activity
INV011888,1,Unusual Supplier Activity
INV019302,1,Unusual Supplier Activity
INV004958,1,Unusual Supplier Activity
INV011095,1,Unusual Supplier Activity
INV002187,1,Unusual Supplier Activity
INV010913,1,Unusual Buyer Activity
INV005319,1,Unusual Buyer Activity
INV002996,1,Unusual Buyer Activity
INV017487,1,Unusual Buyer Activity
INV002424,1,Unusual Buyer Activity
INV013110,1,Unusual Buyer Activity
INV006057,1,Unusual Buyer Activity
INV019392,1,Unusual Buyer Activity
INV012689,1,Unusual Buyer Activity
INV010116,1,Unusual Buyer Activity
INV001533,1,Unusual Buyer Activity
INV001989,1,Unusual Buyer Activity
INV008826,1,Unusual Buyer Activity
INV011198,1,Unusual Buyer Activity
INV009570,1,Unusual Buyer Activity
INV006844,1,Unusual Buyer Activity
INV019052,1,Unusual Buyer Activity
INV012037,1,Unusual Buyer Activity
INV017894,1,Unusual Buyer Activity
INV010977,1,Unusual Buyer Activity
INV014617,1,Unusual Buyer Activity
INV000819,1,Unusual Buyer Activity
INV013290,1,Unusual Buyer Activity
INV019959,1,Unusual Buyer Activity
INV000787,1,Unusual Buyer Activity
INV002772,1,Unusual Buyer Activity
INV017614,1,Unusual Buyer Activity
INV014893,1,Unusual Buyer Activity
INV013960,1,Unusual Buyer Activity
INV002052,1,Unusual Buyer Activity
INV007588,1,Unusual Buyer Activity
INV001073,1,Unusual Buyer Activity
INV002442,1,Unusual Buyer Activity
INV002853,1,Unusual Buyer Activity
INV014433,1,Unusual Buyer Activity
INV003100,1,Unusual Buyer Activity
INV016677,1,Unusual Buyer Activity
INV019360,1,Unusual Buyer Activity
INV009572,1,Unusual Buyer Activity
INV008948,1,Unusual Buyer Activity
INV013238,1,Unusual Buyer Activity
INV007236,1,Unusual Buyer Activity
INV007261,1,Unusual Buyer Activity
INV003089,1,Unusual Buyer Activity
INV018024,1,Unusual Buyer Activity
INV013296,1,Unusual Buyer Activity
INV017904,1,Unusual Buyer Activity
INV008941,1,Unusual Buyer Activity
INV002206,1,Unusual Buyer Activity
INV018929,1,Unusual Buyer Activity
INV015443,1,Unusual Buyer Activity
INV012491,1,Unusual Buyer Activity
INV015461,1,Unusual Buyer Activity
INV009861,1,Unusual Buyer Activity
INV011935,1,Unusual Buyer Activity
INV015816,1,Unusual Buyer Activity
INV016860,1,Unusual Buyer Activity
INV019150,1,Unusual Buyer Activity
INV014969,1,Unusual Buyer Activity
INV002015,1,Unusual Buyer Activity
INV010867,1,Unusual Buyer Activity
INV000860,1,Unusual Buyer Activity
INV002446,1,Unusual Buyer Activity
INV003402,1,Unusual Buyer Activity
INV001039,1,Unusual Buyer Activity
INV018920,1,Unusual Buyer Activity
INV016338,1,Unusual Buyer Activity
INV009240,1,Unusual Buyer Activity
INV006799,1,Unusual Buyer Activity
INV009733,1,Unusual Buyer Activity
INV001694,1,Unusual Buyer Activity
INV008135,1,Unusual Buyer Activity
INV014780,1,Unusual Buyer Activity
INV013295,1,Unusual Buyer Activity
INV000477,1,Unusual Buyer Activity
INV014941,1,Unusual Buyer Activity
INV014718,1,Unusual Buyer Activity
INV012835,1,Unusual Buyer Activity
INV002812,1,Unusual Buyer Activity
INV002973,1,Unusual Buyer Activity
INV012454,1,Unusual Buyer Activity
INV004843,1,Unusual Buyer Activity
INV008042,1,Unusual Buyer Activity
INV000002,1,Unusual Buyer Activity
INV013816,1,Unusual Buyer Activity
INV011687,1,Unusual Buyer Activity
INV019692,1,Unusual Buyer Activity
INV012188,1,Unusual Buyer Activity
INV016129,1,Unusual Buyer Activity
INV002568,1,Unusual Buyer Activity
INV011542,1,Unusual Buyer Activity
INV000172,1,Future Invoice Date
INV012699,1,Future Invoice Date
INV004908,1,Future Invoice Date
INV004049,1,Future Invoice Date
INV003382,1,Future Invoice Date
INV001934,1,Future Invoice Date
INV015809,1,Future Invoice Date
INV002427,1,Future Invoice Date
INV004781,1,Future Invoice Date
INV015771,1,Future Invoice Date
INV012870,1,Future Invoice Date
INV010643,1,Future Invoice Date
INV007265,1,Future Invoice Date
INV010795,1,Future Invoice Date
INV010012,1,Future Invoice Date
INV002497,1,Future Invoice Date
INV009336,1,Future Invoice Date
INV015439,1,Future Invoice Date
INV003343,1,Future Invoice Date
INV018213,1,Future Invoice Date
INV006269,1,Future Invoice Date
INV011294,1,Future Invoice Date
INV012413,1,Future Invoice Date
INV005219,1,Future Invoice Date
INV000812,1,Future Invoice Date
INV012405,1,Future Invoice Date
INV012276,1,Future Invoice Date
INV010581,1,Future Invoice Date
INV015194,1,Future Invoice Date
INV010306,1,Future Invoice Date
INV016565,1,Future Invoice Date
INV010991,1,Future Invoice Date
INV017335,1,Future Invoice Date
INV001978,1,Future Invoice Date
INV011665,1,Future Invoice Date
INV008108,1,Future Invoice Date
INV000773,1,Future Invoice Date
INV012588,1,Future Invoice Date
INV004441,1,Future Invoice Date
INV008507,1,Future Invoice Date
INV007304,1,Future Invoice Date
INV012399,1,Future Invoice Date
INV008732,1,Future Invoice Date
INV008595,1,Future Invoice Date
INV007816,1,Future Invoice Date
INV002796,1,Future Invoice Date
INV011848,1,Future Invoice Date
INV013871,1,Future Invoice Date
INV008351,1,Future Invoice Date
INV015070,1,Future Invoice Date
INV004451,1,Future Invoice Date
INV015096,1,Future Invoice Date
INV017426,1,Future Invoice Date
INV018080,1,Future Invoice Date
INV018196,1,Future Invoice Date
INV011704,1,Future Invoice Date
INV003669,1,Future Invoice Date
INV012114,1,Future Invoice Date
INV003425,1,Future Invoice Date
INV007293,1,Future Invoice Date
INV017702,1,Future Invoice Date
INV007812,1,Future Invoice Date
INV007698,1,Future Invoice Date
INV010481,1,Future Invoice Date
INV003746,1,Future Invoice Date
INV005363,1,Future Invoice Date
INV019280,1,Future Invoice Date
INV015847,1,Future Invoice Date
INV019529,1,Future Invoice Date
INV001352,1,Future Invoice Date
INV000498,1,Future Invoice Date
INV012595,1,Future Invoice Date
INV010734,1,Future Invoice Date
INV007401,1,Future Invoice Date
INV008666,1,Future Invoice Date
INV019816,1,Future Invoice Date
INV018418,1,Future Invoice Date
INV000265,1,Future Invoice Date
INV015591,1,Future Invoice Date
INV017388,1,Future Invoice Date
INV015642,1,Future Invoice Date
INV019229,1,Future Invoice Date
INV009908,1,Future Invoice Date
INV007510,1,Future Invoice Date
INV007587,1,Future Invoice Date
INV010241,1,Future Invoice Date
INV010546,1,Future Invoice Date
INV011739,1,Future Invoice Date
INV009390,1,Future Invoice Date
INV016203,1,Future Invoice Date
INV000001,0,Normal
INV000003,0,Normal
INV000004,0,Normal
INV000005,0,Normal
INV000006,0,Normal
INV000007,0,Normal
INV000008,0,Normal
INV000009,0,Normal
INV000010,0,Normal
INV000011,0,Normal
INV000012,0,Normal
INV000013,0,Normal
INV000014,0,Normal
INV000016,0,Normal
INV000017,0,Normal
INV000018,0,Normal
INV000019,0,Normal
INV000020,0,Normal
INV000021,0,Normal
INV000022,0,Normal
INV000023,0,Normal
INV000024,0,Normal
INV000025,0,Normal
INV000026,0,Normal
INV000027,0,Normal
INV000028,0,Normal
INV000029,0,Normal
INV000030,0,Normal
INV000031,0,Normal
INV000033,0,Normal
INV000034,0,Normal
INV000035,0,Normal
INV000036,0,Normal
INV000037,0,Normal
INV000038,0,Normal
INV000039,0,Normal
INV000040,0,Normal
INV000041,0,Normal
INV000042,0,Normal
INV000043,0,Normal
INV000044,0,Normal
INV000045,0,Normal
INV000046,0,Normal
INV000047,0,Normal
INV000048,0,Normal
INV000049,0,Normal
INV000050,0,Normal
INV000051,0,Normal
INV000052,0,Normal
INV000053,0,Normal
INV000054,0,Normal
INV000055,0,Normal
INV000056,0,Normal
INV000057,0,Normal
INV000058,0,Normal
INV000060,0,Normal
INV000061,0,Normal
INV000062,0,Normal
INV000063,0,Normal
INV000064,0,Normal
INV000065,0,Normal
INV000066,0,Normal
INV000067,0,Normal
INV000068,0,Normal
INV000069,0,Normal
INV000070,0,Normal
INV000071,0,Normal
INV000072,0,Normal
INV000073,0,Normal
INV000074,0,Normal
INV000075,0,Normal
INV000076,0,Normal
INV000077,0,Normal
INV000078,0,Normal
INV000079,0,Normal
INV000080,0,Normal
INV000081,0,Normal
INV000082,0,Normal
INV000083,0,Normal
INV000084,0,Normal
INV000085,0,Normal
INV000086,0,Normal
INV000087,0,Normal
INV000088,0,Normal
INV000090,0,Normal
INV000091,0,Normal
INV000092,0,Normal
INV000093,0,Normal
INV000094,0,Normal
INV000095,0,Normal
INV000096,0,Normal
INV000097,0,Normal
INV000098,0,Normal
INV000099,0,Normal
INV000100,0,Normal
INV000101,0,Normal
INV000102,0,Normal
INV000103,0,Normal
INV000104,0,Normal
INV000105,0,Normal
INV000106,0,Normal
INV000107,0,Normal
INV000108,0,Normal
INV000109,0,Normal
INV000110,0,Normal
INV000111,0,Normal
INV000112,0,Normal
INV000113,0,Normal
INV000114,0,Normal
INV000115,0,Normal
INV000116,0,Normal
INV000117,0,Normal
INV000118,0,Normal
INV000119,0,Normal
INV000120,0,Normal
INV000121,0,Normal
INV000122,0,Normal
INV000123,0,Normal
INV000124,0,Normal
INV000125,0,Normal
INV000126,0,Normal
INV000127,0,Normal
INV000128,0,Normal
INV000129,0,Normal
INV000130,0,Normal
INV000131,0,Normal
INV000132,0,Normal
INV000133,0,Normal
INV000134,0,Normal
INV000135,0,Normal
INV000136,0,Normal
INV000137,0,Normal
INV000138,0,Normal
INV000139,0,Normal
INV000140,0,Normal
INV000141,0,Normal
INV000142,0,Normal
INV000143,0,Normal
INV000144,0,Normal
INV000145,0,Normal
INV000146,0,Normal
INV000147,0,Normal
INV000149,0,Normal
INV000151,0,Normal
INV000152,0,Normal
INV000153,0,Normal
INV000154,0,Normal
INV000155,0,Normal
INV000157,0,Normal
INV000158,0,Normal
INV000159,0,Normal
INV000160,0,Normal
INV000161,0,Normal
INV000162,0,Normal
INV000163,0,Normal
INV000164,0,Normal
INV000165,0,Normal
INV000166,0,Normal
INV000167,0,Normal
INV000168,0,Normal
INV000169,0,Normal
INV000170,0,Normal
INV000171,0,Normal
INV000173,0,Normal
INV000174,0,Normal
INV000176,0,Normal
INV000177,0,Normal
INV000178,0,Normal
INV000179,0,Normal
INV000180,0,Normal
INV000182,0,Normal
INV000183,0,Normal
INV000184,0,Normal
INV000185,0,Normal
INV000186,0,Normal
INV000188,0,Normal
INV000189,0,Normal
INV000190,0,Normal
INV000191,0,Normal
INV000192,0,Normal
INV000193,0,Normal
INV000194,0,Normal
INV000195,0,Normal
INV000196,0,Normal
INV000197,0,Normal
INV000198,0,Normal
INV000199,0,Normal
INV000200,0,Normal
INV000201,0,Normal
INV000202,0,Normal
INV000203,0,Normal
INV000204,0,Normal
INV000205,0,Normal
INV000206,0,Normal
INV000207,0,Normal
INV000208,0,Normal
INV000209,0,Normal
INV000210,0,Normal
INV000211,0,Normal
INV000212,0,Normal
INV000213,0,Normal
INV000214,0,Normal
INV000215,0,Normal
INV000216,0,Normal
INV000217,0,Normal
INV000219,0,Normal
INV000220,0,Normal
INV000221,0,Normal
INV000222,0,Normal
INV000223,0,Normal
INV000224,0,Normal
INV000225,0,Normal
INV000226,0,Normal
INV000227,0,Normal
INV000228,0,Normal
INV000229,0,Normal
INV000230,0,Normal
INV000232,0,Normal
INV000233,0,Normal
INV000234,0,Normal
INV000236,0,Normal
INV000237,0,Normal
INV000238,0,Normal
INV000239,0,Normal
INV000240,0,Normal
INV000241,0,Normal
INV000242,0,Normal
INV000244,0,Normal
INV000245,0,Normal
INV000246,0,Normal
INV000247,0,Normal
INV000248,0,Normal
INV000249,0,Normal
INV000250,0,Normal
INV000251,0,Normal
INV000252,0,Normal
INV000253,0,Normal
INV000254,0,Normal
INV000255,0,Normal
INV000256,0,Normal
INV000257,0,Normal
INV000258,0,Normal
INV000259,0,Normal
INV000260,0,Normal
INV000261,0,Normal
INV000262,0,Normal
INV000263,0,Normal
INV000264,0,Normal
INV000266,0,Normal
INV000267,0,Normal
INV000268,0,Normal
INV000269,0,Normal
INV000270,0,Normal
INV000271,0,Normal
INV000272,0,Normal
INV000273,0,Normal
INV000274,0,Normal
INV000275,0,Normal
INV000276,0,Normal
INV000277,0,Normal
INV000278,0,Normal
INV000279,0,Normal
INV000280,0,Normal
INV000281,0,Normal
INV000282,0,Normal
INV000283,0,Normal
INV000284,0,Normal
INV000285,0,Normal
INV000286,0,Normal
INV000287,0,Normal
INV000289,0,Normal
INV000291,0,Normal
INV000292,0,Normal
INV000293,0,Normal
INV000294,0,Normal
INV000295,0,Normal
INV000296,0,Normal
INV000297,0,Normal
INV000298,0,Normal
INV000299,0,Normal
INV000300,0,Normal
INV000301,0,Normal
INV000302,0,Normal
INV000303,0,Normal
INV000304,0,Normal
INV000305,0,Normal
INV000306,0,Normal
INV000307,0,Normal
INV000308,0,Normal
INV000309,0,Normal
INV000310,0,Normal
INV000311,0,Normal
INV000312,0,Normal
INV000313,0,Normal
INV000314,0,Normal
INV000315,0,Normal
INV000316,0,Normal
INV000317,0,Normal
INV000319,0,Normal
INV000320,0,Normal
INV000321,0,Normal
INV000322,0,Normal
INV000323,0,Normal
INV000324,0,Normal
INV000325,0,Normal
INV000326,0,Normal
INV000328,0,Normal
INV000329,0,Normal
INV000330,0,Normal
INV000331,0,Normal
INV000332,0,Normal
INV000333,0,Normal
INV000334,0,Normal
INV000335,0,Normal
INV000336,0,Normal
INV000337,0,Normal
INV000338,0,Normal
INV000339,0,Normal
INV000340,0,Normal
INV000341,0,Normal
INV000343,0,Normal
INV000344,0,Normal
INV000345,0,Normal
INV000346,0,Normal
INV000347,0,Normal
INV000348,0,Normal
INV000349,0,Normal
INV000350,0,Normal
INV000351,0,Normal
INV000352,0,Normal
INV000353,0,Normal
INV000354,0,Normal
INV000355,0,Normal
INV000356,0,Normal
INV000357,0,Normal
INV000358,0,Normal
INV000359,0,Normal
INV000360,0,Normal
INV000361,0,Normal
INV000362,0,Normal
INV000363,0,Normal
INV000364,0,Normal
INV000365,0,Normal
INV000366,0,Normal
INV000367,0,Normal
INV000368,0,Normal
INV000369,0,Normal
INV000370,0,Normal
INV000371,0,Normal
INV000372,0,Normal
INV000373,0,Normal
INV000375,0,Normal
INV000376,0,Normal
INV000377,0,Normal
INV000378,0,Normal
INV000379,0,Normal
INV000380,0,Normal
INV000381,0,Normal
INV000382,0,Normal
INV000383,0,Normal
INV000384,0,Normal
INV000385,0,Normal
INV000386,0,Normal
INV000388,0,Normal
INV000389,0,Normal
INV000390,0,Normal
INV000391,0,Normal
INV000392,0,Normal
INV000393,0,Normal
INV000394,0,Normal
INV000395,0,Normal
INV000396,0,Normal
INV000397,0,Normal
INV000398,0,Normal
INV000399,0,Normal
INV000400,0,Normal
INV000401,0,Normal
INV000402,0,Normal
INV000403,0,Normal
INV000404,0,Normal
INV000405,0,Normal
INV000406,0,Normal
INV000407,0,Normal
INV000408,0,Normal
INV000409,0,Normal
INV000410,0,Normal
INV000411,0,Normal
INV000412,0,Normal
INV000413,0,Normal
INV000414,0,Normal
INV000415,0,Normal
INV000416,0,Normal
INV000417,0,Normal
INV000418,0,Normal
INV000419,0,Normal
INV000420,0,Normal
INV000421,0,Normal
INV000422,0,Normal
INV000423,0,Normal
INV000424,0,Normal
INV000425,0,Normal
INV000426,0,Normal
INV000427,0,Normal
INV000428,0,Normal
INV000429,0,Normal
INV000430,0,Normal
INV000431,0,Normal
INV000432,0,Normal
INV000433,0,Normal
INV000434,0,Normal
INV000435,0,Normal
INV000436,0,Normal
INV000437,0,Normal
INV000438,0,Normal
INV000439,0,Normal
INV000440,0,Normal
INV000441,0,Normal
INV000442,0,Normal
INV000443,0,Normal
INV000444,0,Normal
INV000446,0,Normal
INV000447,0,Normal
INV000449,0,Normal
INV000450,0,Normal
INV000451,0,Normal
INV000452,0,Normal
INV000453,0,Normal
INV000454,0,Normal
INV000455,0,Normal
INV000456,0,Normal
INV000457,0,Normal
INV000458,0,Normal
INV000459,0,Normal
INV000460,0,Normal
INV000461,0,Normal
INV000462,0,Normal
INV000463,0,Normal
INV000464,0,Normal
INV000465,0,Normal
INV000466,0,Normal
INV000467,0,Normal
INV000468,0,Normal
INV000469,0,Normal
INV000471,0,Normal
INV000472,0,Normal
INV000473,0,Normal
INV000474,0,Normal
INV000475,0,Normal
INV000476,0,Normal
INV000478,0,Normal
INV000479,0,Normal
INV000480,0,Normal
INV000481,0,Normal
INV000482,0,Normal
INV000483,0,Normal
INV000484,0,Normal
INV000485,0,Normal
INV000486,0,Normal
INV000487,0,Normal
INV000488,0,Normal
INV000489,0,Normal
INV000490,0,Normal
INV000491,0,Normal
INV000492,0,Normal
INV000493,0,Normal
INV000494,0,Normal
INV000495,0,Normal
INV000496,0,Normal
INV000497,0,Normal
INV000499,0,Normal
INV000500,0,Normal
INV000501,0,Normal
INV000502,0,Normal
INV000503,0,Normal
INV000504,0,Normal
INV000505,0,Normal
INV000506,0,Normal
INV000507,0,Normal
INV000508,0,Normal
INV000510,0,Normal
INV000511,0,Normal
INV000512,0,Normal
INV000513,0,Normal
INV000515,0,Normal
INV000516,0,Normal
INV000517,0,Normal
INV000518,0,Normal
INV000519,0,Normal
INV000520,0,Normal
INV000521,0,Normal
INV000522,0,Normal
INV000523,0,Normal
INV000524,0,Normal
INV000525,0,Normal
INV000526,0,Normal
INV000527,0,Normal
INV000528,0,Normal
INV000529,0,Normal
INV000530,0,Normal
INV000531,0,Normal
INV000532,0,Normal
INV000533,0,Normal
INV000534,0,Normal
INV000535,0,Normal
INV000536,0,Normal
INV000537,0,Normal
INV000538,0,Normal
INV000540,0,Normal
INV000541,0,Normal
INV000542,0,Normal
INV000543,0,Normal
INV000544,0,Normal
INV000545,0,Normal
INV000546,0,Normal
INV000547,0,Normal
INV000548,0,Normal
INV000549,0,Normal
INV000550,0,Normal
INV000551,0,Normal
INV000552,0,Normal
INV000553,0,Normal
INV000554,0,Normal
INV000555,0,Normal
INV000556,0,Normal
INV000557,0,Normal
INV000558,0,Normal
INV000559,0,Normal
INV000560,0,Normal
INV000562,0,Normal
INV000563,0,Normal
INV000564,0,Normal
INV000565,0,Normal
INV000566,0,Normal
INV000567,0,Normal
INV000568,0,Normal
INV000569,0,Normal
INV000570,0,Normal
INV000571,0,Normal
INV000572,0,Normal
INV000573,0,Normal
INV000574,0,Normal
INV000575,0,Normal
INV000576,0,Normal
INV000577,0,Normal
INV000578,0,Normal
INV000579,0,Normal
INV000580,0,Normal
INV000581,0,Normal
INV000582,0,Normal
INV000583,0,Normal
INV000584,0,Normal
INV000585,0,Normal
INV000586,0,Normal
INV000587,0,Normal
INV000588,0,Normal
INV000589,0,Normal
INV000590,0,Normal
INV000591,0,Normal
INV000593,0,Normal
INV000594,0,Normal
INV000595,0,Normal
INV000596,0,Normal
INV000597,0,Normal
INV000598,0,Normal
INV000599,0,Normal
INV000600,0,Normal
INV000601,0,Normal
INV000602,0,Normal
INV000603,0,Normal
INV000605,0,Normal
INV000607,0,Normal
INV000608,0,Normal
INV000609,0,Normal
INV000610,0,Normal
INV000611,0,Normal
INV000612,0,Normal
INV000613,0,Normal
INV000614,0,Normal
INV000615,0,Normal
INV000616,0,Normal
INV000617,0,Normal
INV000618,0,Normal
INV000619,0,Normal
INV000620,0,Normal
INV000621,0,Normal
INV000622,0,Normal
INV000623,0,Normal
INV000624,0,Normal
INV000625,0,Normal
INV000626,0,Normal
INV000627,0,Normal
INV000628,0,Normal
INV000629,0,Normal
INV000630,0,Normal
INV000631,0,Normal
INV000633,0,Normal
INV000634,0,Normal
INV000635,0,Normal
INV000636,0,Normal
INV000637,0,Normal
INV000638,0,Normal
INV000640,0,Normal
INV000641,0,Normal
INV000642,0,Normal
INV000643,0,Normal
INV000644,0,Normal
INV000645,0,Normal
INV000646,0,Normal
INV000647,0,Normal
INV000648,0,Normal
INV000649,0,Normal
INV000650,0,Normal
INV000651,0,Normal
INV000652,0,Normal
INV000653,0,Normal
INV000654,0,Normal
INV000655,0,Normal
INV000656,0,Normal
INV000657,0,Normal
INV000658,0,Normal
INV000659,0,Normal
INV000660,0,Normal
INV000661,0,Normal
INV000662,0,Normal
INV000663,0,Normal
INV000664,0,Normal
INV000665,0,Normal
INV000666,0,Normal
INV000667,0,Normal
INV000668,0,Normal
INV000669,0,Normal
INV000670,0,Normal
INV000671,0,Normal
INV000672,0,Normal
INV000673,0,Normal
INV000674,0,Normal
INV000675,0,Normal
INV000676,0,Normal
INV000677,0,Normal
INV000678,0,Normal
INV000679,0,Normal
INV000680,0,Normal
INV000681,0,Normal
INV000682,0,Normal
INV000683,0,Normal
INV000684,0,Normal
INV000685,0,Normal
INV000686,0,Normal
INV000687,0,Normal
INV000688,0,Normal
INV000689,0,Normal
INV000690,0,Normal
INV000692,0,Normal
INV000693,0,Normal
INV000695,0,Normal
INV000696,0,Normal
INV000697,0,Normal
INV000698,0,Normal
INV000699,0,Normal
INV000700,0,Normal
INV000701,0,Normal
INV000702,0,Normal
INV000703,0,Normal
INV000704,0,Normal
INV000705,0,Normal
INV000706,0,Normal
INV000707,0,Normal
INV000708,0,Normal
INV000709,0,Normal
INV000710,0,Normal
INV000711,0,Normal
INV000712,0,Normal
INV000713,0,Normal
INV000714,0,Normal
INV000715,0,Normal
INV000716,0,Normal
INV000717,0,Normal
INV000718,0,Normal
INV000719,0,Normal
INV000720,0,Normal
INV000721,0,Normal
INV000722,0,Normal
INV000723,0,Normal
INV000725,0,Normal
INV000726,0,Normal
INV000727,0,Normal
INV000728,0,Normal
INV000729,0,Normal
INV000731,0,Normal
INV000732,0,Normal
INV000733,0,Normal
INV000734,0,Normal
INV000735,0,Normal
INV000736,0,Normal
INV000737,0,Normal
INV000738,0,Normal
INV000739,0,Normal
INV000740,0,Normal
INV000741,0,Normal
INV000742,0,Normal
INV000743,0,Normal
INV000744,0,Normal
INV000745,0,Normal
INV000746,0,Normal
INV000747,0,Normal
INV000748,0,Normal
INV000749,0,Normal
INV000750,0,Normal
INV000751,0,Normal
INV000752,0,Normal
INV000753,0,Normal
INV000754,0,Normal
INV000755,0,Normal
INV000756,0,Normal
INV000757,0,Normal
INV000758,0,Normal
INV000759,0,Normal
INV000760,0,Normal
INV000761,0,Normal
INV000762,0,Normal
INV000763,0,Normal
INV000765,0,Normal
INV000766,0,Normal
INV000767,0,Normal
INV000769,0,Normal
INV000770,0,Normal
INV000771,0,Normal
INV000772,0,Normal
INV000774,0,Normal
INV000775,0,Normal
INV000776,0,Normal
INV000777,0,Normal
INV000778,0,Normal
INV000779,0,Normal
INV000780,0,Normal
INV000781,0,Normal
INV000782,0,Normal
INV000783,0,Normal
INV000784,0,Normal
INV000785,0,Normal
INV000786,0,Normal
INV000788,0,Normal
INV000789,0,Normal
INV000790,0,Normal
INV000791,0,Normal
INV000792,0,Normal
INV000793,0,Normal
INV000794,0,Normal
INV000795,0,Normal
INV000796,0,Normal
INV000797,0,Normal
INV000798,0,Normal
INV000799,0,Normal
INV000800,0,Normal
INV000801,0,Normal
INV000802,0,Normal
INV000803,0,Normal
INV000804,0,Normal
INV000805,0,Normal
INV000806,0,Normal
INV000807,0,Normal
INV000808,0,Normal
INV000809,0,Normal
INV000810,0,Normal
INV000811,0,Normal
INV000813,0,Normal
INV000814,0,Normal
INV000815,0,Normal
INV000816,0,Normal
INV000817,0,Normal
INV000818,0,Normal
INV000820,0,Normal
INV000821,0,Normal
INV000822,0,Normal
INV000823,0,Normal
INV000824,0,Normal
INV000825,0,Normal
INV000826,0,Normal
INV000827,0,Normal
INV000828,0,Normal
INV000829,0,Normal
INV000830,0,Normal
INV000832,0,Normal
INV000833,0,Normal
INV000834,0,Normal
INV000835,0,Normal
INV000836,0,Normal
INV000837,0,Normal
INV000838,0,Normal
INV000839,0,Normal
INV000840,0,Normal
INV000841,0,Normal
INV000842,0,Normal
INV000843,0,Normal
INV000844,0,Normal
INV000845,0,Normal
INV000846,0,Normal
INV000847,0,Normal
INV000848,0,Normal
INV000849,0,Normal
INV000850,0,Normal
INV000851,0,Normal
INV000852,0,Normal
INV000853,0,Normal
INV000854,0,Normal
INV000855,0,Normal
INV000856,0,Normal
INV000857,0,Normal
INV000858,0,Normal
INV000859,0,Normal
INV000861,0,Normal
INV000862,0,Normal
INV000863,0,Normal
INV000864,0,Normal
INV000865,0,Normal
INV000866,0,Normal
INV000867,0,Normal
INV000868,0,Normal
INV000869,0,Normal
INV000870,0,Normal
INV000871,0,Normal
INV000872,0,Normal
INV000873,0,Normal
INV000874,0,Normal
INV000876,0,Normal
INV000877,0,Normal
INV000878,0,Normal
INV000879,0,Normal
INV000880,0,Normal
INV000881,0,Normal
INV000882,0,Normal
INV000883,0,Normal
INV000884,0,Normal
INV000885,0,Normal
INV000886,0,Normal
INV000887,0,Normal
INV000888,0,Normal
INV000889,0,Normal
INV000891,0,Normal
INV000892,0,Normal
INV000893,0,Normal
INV000894,0,Normal
INV000895,0,Normal
INV000896,0,Normal
INV000897,0,Normal
INV000898,0,Normal
INV000899,0,Normal
INV000900,0,Normal
INV000901,0,Normal
INV000902,0,Normal
INV000903,0,Normal
INV000904,0,Normal
INV000906,0,Normal
INV000907,0,Normal
INV000908,0,Normal
INV000909,0,Normal
INV000910,0,Normal
INV000911,0,Normal
INV000912,0,Normal
INV000913,0,Normal
INV000914,0,Normal
INV000915,0,Normal
INV000916,0,Normal
INV000917,0,Normal
INV000918,0,Normal
INV000920,0,Normal
INV000921,0,Normal
INV000922,0,Normal
INV000923,0,Normal
INV000924,0,Normal
INV000925,0,Normal
INV000927,0,Normal
INV000928,0,Normal
INV000929,0,Normal
INV000930,0,Normal
INV000931,0,Normal
INV000932,0,Normal
INV000933,0,Normal
INV000934,0,Normal
INV000935,0,Normal
INV000936,0,Normal
INV000937,0,Normal
INV000938,0,Normal
INV000939,0,Normal
INV000940,0,Normal
INV000941,0,Normal
INV000942,0,Normal
INV000943,0,Normal
INV000944,0,Normal
INV000945,0,Normal
INV000946,0,Normal
INV000947,0,Normal
INV000948,0,Normal
INV000949,0,Normal
INV000950,0,Normal
INV000951,0,Normal
INV000952,0,Normal
INV000953,0,Normal
INV000954,0,Normal
INV000955,0,Normal
INV000956,0,Normal
INV000957,0,Normal
INV000958,0,Normal
INV000959,0,Normal
INV000960,0,Normal
INV000962,0,Normal
INV000963,0,Normal
INV000964,0,Normal
INV000965,0,Normal
INV000966,0,Normal
INV000967,0,Normal
INV000968,0,Normal
INV000969,0,Normal
INV000970,0,Normal
INV000971,0,Normal
INV000972,0,Normal
INV000973,0,Normal
INV000974,0,Normal
INV000975,0,Normal
INV000976,0,Normal
INV000977,0,Normal
INV000978,0,Normal
INV000979,0,Normal
INV000980,0,Normal
INV000981,0,Normal
INV000982,0,Normal
INV000983,0,Normal
INV000984,0,Normal
INV000985,0,Normal
INV000986,0,Normal
INV000987,0,Normal
INV000988,0,Normal
INV000989,0,Normal
INV000990,0,Normal
INV000991,0,Normal
INV000992,0,Normal
INV000993,0,Normal
INV000994,0,Normal
INV000995,0,Normal
INV000996,0,Normal
INV000997,0,Normal
INV000998,0,Normal
INV000999,0,Normal
INV001000,0,Normal
INV001001,0,Normal
INV001002,0,Normal
INV001003,0,Normal
INV001004,0,Normal
INV001005,0,Normal
INV001006,0,Normal
INV001007,0,Normal
INV001008,0,Normal
INV001009,0,Normal
INV001010,0,Normal
INV001011,0,Normal
INV001012,0,Normal
INV001013,0,Normal
INV001014,0,Normal
INV001015,0,Normal
INV001016,0,Normal
INV001017,0,Normal
INV001018,0,Normal
INV001019,0,Normal
INV001020,0,Normal
INV001021,0,Normal
INV001022,0,Normal
INV001023,0,Normal
INV001024,0,Normal
INV001025,0,Normal
INV001026,0,Normal
INV001027,0,Normal
INV001028,0,Normal
INV001029,0,Normal
INV001030,0,Normal
INV001031,0,Normal
INV001032,0,Normal
INV001033,0,Normal
INV001034,0,Normal
INV001035,0,Normal
INV001036,0,Normal
INV001037,0,Normal
INV001038,0,Normal
INV001040,0,Normal
INV001041,0,Normal
INV001042,0,Normal
INV001043,0,Normal
INV001044,0,Normal
INV001045,0,Normal
INV001046,0,Normal
INV001047,0,Normal
INV001048,0,Normal
INV001049,0,Normal
INV001050,0,Normal
INV001051,0,Normal
INV001052,0,Normal
INV001053,0,Normal
INV001054,0,Normal
INV001055,0,Normal
INV001056,0,Normal
INV001057,0,Normal
INV001058,0,Normal
INV001059,0,Normal
INV001060,0,Normal
INV001061,0,Normal
INV001062,0,Normal
INV001063,0,Normal
INV001064,0,Normal
INV001065,0,Normal
INV001066,0,Normal
INV001067,0,Normal
INV001068,0,Normal
INV001069,0,Normal
INV001070,0,Normal
INV001071,0,Normal
INV001072,0,Normal
INV001074,0,Normal
INV001075,0,Normal
INV001076,0,Normal
INV001077,0,Normal
INV001078,0,Normal
INV001080,0,Normal
INV001081,0,Normal
INV001083,0,Normal
INV001084,0,Normal
INV001085,0,Normal
INV001086,0,Normal
INV001087,0,Normal
INV001088,0,Normal
INV001089,0,Normal
INV001090,0,Normal
INV001091,0,Normal
INV001092,0,Normal
INV001093,0,Normal
INV001094,0,Normal
INV001095,0,Normal
INV001096,0,Normal
INV001097,0,Normal
INV001098,0,Normal
INV001099,0,Normal
INV001100,0,Normal
INV001101,0,Normal
INV001102,0,Normal
INV001103,0,Normal
INV001104,0,Normal
INV001105,0,Normal
INV001106,0,Normal
INV001107,0,Normal
INV001108,0,Normal
INV001109,0,Normal
INV001110,0,Normal
INV001111,0,Normal
INV001112,0,Normal
INV001113,0,Normal
INV001114,0,Normal
INV001115,0,Normal
INV001116,0,Normal
INV001117,0,Normal
INV001118,0,Normal
INV001119,0,Normal
INV001120,0,Normal
INV001121,0,Normal
INV001122,0,Normal
INV001123,0,Normal
INV001124,0,Normal
INV001125,0,Normal
INV001126,0,Normal
INV001127,0,Normal
INV001128,0,Normal
INV001129,0,Normal
INV001130,0,Normal
INV001131,0,Normal
INV001132,0,Normal
INV001133,0,Normal
INV001134,0,Normal
INV001135,0,Normal
INV001137,0,Normal
INV001139,0,Normal
INV001140,0,Normal
INV001141,0,Normal
INV001142,0,Normal
INV001143,0,Normal
INV001144,0,Normal
INV001145,0,Normal
INV001146,0,Normal
INV001147,0,Normal
INV001148,0,Normal
INV001150,0,Normal
INV001151,0,Normal
INV001152,0,Normal
INV001153,0,Normal
INV001154,0,Normal
INV001155,0,Normal
INV001156,0,Normal
INV001158,0,Normal
INV001159,0,Normal
INV001160,0,Normal
INV001161,0,Normal
INV001163,0,Normal
INV001164,0,Normal
INV001165,0,Normal
INV001166,0,Normal
INV001167,0,Normal
INV001168,0,Normal
INV001169,0,Normal
INV001170,0,Normal
INV001171,0,Normal
INV001172,0,Normal
INV001173,0,Normal
INV001174,0,Normal
INV001176,0,Normal
INV001177,0,Normal
INV001178,0,Normal
INV001179,0,Normal
INV001181,0,Normal
INV001182,0,Normal
INV001183,0,Normal
INV001184,0,Normal
INV001185,0,Normal
INV001186,0,Normal
INV001187,0,Normal
INV001188,0,Normal
INV001189,0,Normal
INV001190,0,Normal
INV001191,0,Normal
INV001192,0,Normal
INV001193,0,Normal
INV001194,0,Normal
INV001195,0,Normal
INV001196,0,Normal
INV001197,0,Normal
INV001198,0,Normal
INV001199,0,Normal
INV001200,0,Normal
INV001201,0,Normal
INV001202,0,Normal
INV001203,0,Normal
INV001204,0,Normal
INV001205,0,Normal
INV001206,0,Normal
INV001207,0,Normal
INV001208,0,Normal
INV001209,0,Normal
INV001210,0,Normal
INV001211,0,Normal
INV001213,0,Normal
INV001214,0,Normal
INV001215,0,Normal
INV001216,0,Normal
INV001217,0,Normal
INV001218,0,Normal
INV001219,0,Normal
INV001220,0,Normal
INV001221,0,Normal
INV001222,0,Normal
INV001223,0,Normal
INV001224,0,Normal
INV001225,0,Normal
INV001226,0,Normal
INV001227,0,Normal
INV001228,0,Normal
INV001229,0,Normal
INV001230,0,Normal
INV001231,0,Normal
INV001232,0,Normal
INV001233,0,Normal
INV001234,0,Normal
INV001235,0,Normal
INV001236,0,Normal
INV001237,0,Normal
INV001238,0,Normal
INV001239,0,Normal
INV001240,0,Normal
INV001241,0,Normal
INV001242,0,Normal
INV001243,0,Normal
INV001244,0,Normal
INV001245,0,Normal
INV001246,0,Normal
INV001247,0,Normal
INV001248,0,Normal
INV001249,0,Normal
INV001250,0,Normal
INV001251,0,Normal
INV001252,0,Normal
INV001253,0,Normal
INV001254,0,Normal
INV001255,0,Normal
INV001257,0,Normal
INV001258,0,Normal
INV001259,0,Normal
INV001260,0,Normal
INV001261,0,Normal
INV001262,0,Normal
INV001263,0,Normal
INV001264,0,Normal
INV001265,0,Normal
INV001266,0,Normal
INV001267,0,Normal
INV001268,0,Normal
INV001269,0,Normal
INV001270,0,Normal
INV001271,0,Normal
INV001272,0,Normal
INV001273,0,Normal
INV001274,0,Normal
INV001275,0,Normal
INV001276,0,Normal
INV001277,0,Normal
INV001278,0,Normal
INV001279,0,Normal
INV001280,0,Normal
INV001281,0,Normal
INV001282,0,Normal
INV001283,0,Normal
INV001284,0,Normal
INV001285,0,Normal
INV001286,0,Normal
INV001287,0,Normal
INV001288,0,Normal
INV001289,0,Normal
INV001290,0,Normal
INV001291,0,Normal
INV001292,0,Normal
INV001293,0,Normal
INV001295,0,Normal
INV001296,0,Normal
INV001297,0,Normal
INV001298,0,Normal
INV001299,0,Normal
INV001300,0,Normal
INV001301,0,Normal
INV001302,0,Normal
INV001303,0,Normal
INV001304,0,Normal
INV001305,0,Normal
INV001306,0,Normal
INV001307,0,Normal
INV001308,0,Normal
INV001309,0,Normal
INV001310,0,Normal
INV001311,0,Normal
INV001312,0,Normal
INV001313,0,Normal
INV001314,0,Normal
INV001315,0,Normal
INV001316,0,Normal
INV001317,0,Normal
INV001318,0,Normal
INV001320,0,Normal
INV001321,0,Normal
INV001322,0,Normal
INV001323,0,Normal
INV001324,0,Normal
INV001325,0,Normal
INV001326,0,Normal
INV001327,0,Normal
INV001328,0,Normal
INV001329,0,Normal
INV001330,0,Normal
INV001331,0,Normal
INV001332,0,Normal
INV001334,0,Normal
INV001335,0,Normal
INV001336,0,Normal
INV001337,0,Normal
INV001338,0,Normal
INV001339,0,Normal
INV001340,0,Normal
INV001342,0,Normal
INV001343,0,Normal
INV001344,0,Normal
INV001345,0,Normal
INV001346,0,Normal
INV001347,0,Normal
INV001348,0,Normal
INV001350,0,Normal
INV001351,0,Normal
INV001353,0,Normal
INV001354,0,Normal
INV001355,0,Normal
INV001356,0,Normal
INV001357,0,Normal
INV001358,0,Normal
INV001359,0,Normal
INV001360,0,Normal
INV001361,0,Normal
INV001362,0,Normal
INV001363,0,Normal
INV001364,0,Normal
INV001365,0,Normal
INV001366,0,Normal
INV001367,0,Normal
INV001368,0,Normal
INV001369,0,Normal
INV001370,0,Normal
INV001371,0,Normal
INV001372,0,Normal
INV001373,0,Normal
INV001374,0,Normal
INV001375,0,Normal
INV001376,0,Normal
INV001377,0,Normal
INV001378,0,Normal
INV001379,0,Normal
INV001380,0,Normal
INV001381,0,Normal
INV001382,0,Normal
INV001383,0,Normal
INV001384,0,Normal
INV001385,0,Normal
INV001386,0,Normal
INV001387,0,Normal
INV001388,0,Normal
INV001389,0,Normal
INV001390,0,Normal
INV001391,0,Normal
INV001392,0,Normal
INV001393,0,Normal
INV001394,0,Normal
INV001395,0,Normal
INV001396,0,Normal
INV001397,0,Normal
INV001398,0,Normal
INV001399,0,Normal
INV001400,0,Normal
INV001401,0,Normal
INV001402,0,Normal
INV001403,0,Normal
INV001404,0,Normal
INV001405,0,Normal
INV001406,0,Normal
INV001407,0,Normal
INV001408,0,Normal
INV001409,0,Normal
INV001410,0,Normal
INV001411,0,Normal
INV001412,0,Normal
INV001413,0,Normal
INV001414,0,Normal
INV001415,0,Normal
INV001416,0,Normal
INV001417,0,Normal
INV001418,0,Normal
INV001419,0,Normal
INV001420,0,Normal
INV001421,0,Normal
INV001422,0,Normal
INV001423,0,Normal
INV001424,0,Normal
INV001425,0,Normal
INV001426,0,Normal
INV001427,0,Normal
INV001428,0,Normal
INV001429,0,Normal
INV001430,0,Normal
INV001431,0,Normal
INV001432,0,Normal
INV001433,0,Normal
INV001434,0,Normal
INV001435,0,Normal
INV001436,0,Normal
INV001437,0,Normal
INV001438,0,Normal
INV001439,0,Normal
INV001440,0,Normal
INV001441,0,Normal
INV001442,0,Normal
INV001443,0,Normal
INV001444,0,Normal
INV001445,0,Normal
INV001446,0,Normal
INV001447,0,Normal
INV001448,0,Normal
INV001449,0,Normal
INV001450,0,Normal
INV001451,0,Normal
INV001452,0,Normal
INV001453,0,Normal
INV001454,0,Normal
INV001455,0,Normal
INV001456,0,Normal
INV001457,0,Normal
INV001458,0,Normal
INV001459,0,Normal
INV001460,0,Normal
INV001461,0,Normal
INV001462,0,Normal
INV001463,0,Normal
INV001464,0,Normal
INV001465,0,Normal
INV001466,0,Normal
INV001467,0,Normal
INV001468,0,Normal
INV001469,0,Normal
INV001470,0,Normal
INV001471,0,Normal
INV001472,0,Normal
INV001473,0,Normal
INV001474,0,Normal
INV001475,0,Normal
INV001476,0,Normal
INV001478,0,Normal
INV001479,0,Normal
INV001480,0,Normal
INV001481,0,Normal
INV001482,0,Normal
INV001483,0,Normal
INV001484,0,Normal
INV001485,0,Normal
INV001486,0,Normal
INV001487,0,Normal
INV001488,0,Normal
INV001489,0,Normal
INV001490,0,Normal
INV001491,0,Normal
INV001492,0,Normal
INV001493,0,Normal
INV001494,0,Normal
INV001496,0,Normal
INV001497,0,Normal
INV001498,0,Normal
INV001499,0,Normal
INV001500,0,Normal
INV001501,0,Normal
INV001502,0,Normal
INV001503,0,Normal
INV001504,0,Normal
INV001505,0,Normal
INV001506,0,Normal
INV001507,0,Normal
INV001508,0,Normal
INV001509,0,Normal
INV001510,0,Normal
INV001511,0,Normal
INV001512,0,Normal
INV001513,0,Normal
INV001514,0,Normal
INV001515,0,Normal
INV001516,0,Normal
INV001517,0,Normal
INV001518,0,Normal
INV001519,0,Normal
INV001520,0,Normal
INV001521,0,Normal
INV001522,0,Normal
INV001523,0,Normal
INV001524,0,Normal
INV001525,0,Normal
INV001526,0,Normal
INV001527,0,Normal
INV001528,0,Normal
INV001529,0,Normal
INV001530,0,Normal
INV001531,0,Normal
INV001532,0,Normal
INV001534,0,Normal
INV001535,0,Normal
INV001536,0,Normal
INV001537,0,Normal
INV001538,0,Normal
INV001539,0,Normal
INV001540,0,Normal
INV001541,0,Normal
INV001542,0,Normal
INV001543,0,Normal
INV001544,0,Normal
INV001545,0,Normal
INV001546,0,Normal
INV001547,0,Normal
INV001548,0,Normal
INV001549,0,Normal
INV001550,0,Normal
INV001552,0,Normal
INV001553,0,Normal
INV001554,0,Normal
INV001555,0,Normal
INV001556,0,Normal
INV001557,0,Normal
INV001558,0,Normal
INV001559,0,Normal
INV001560,0,Normal
INV001561,0,Normal
INV001562,0,Normal
INV001563,0,Normal
INV001564,0,Normal
INV001565,0,Normal
INV001566,0,Normal
INV001567,0,Normal
INV001568,0,Normal
INV001569,0,Normal
INV001570,0,Normal
INV001571,0,Normal
INV001572,0,Normal
INV001573,0,Normal
INV001574,0,Normal
INV001575,0,Normal
INV001576,0,Normal
INV001577,0,Normal
INV001578,0,Normal
INV001579,0,Normal
INV001580,0,Normal
INV001581,0,Normal
INV001582,0,Normal
INV001583,0,Normal
INV001584,0,Normal
INV001585,0,Normal
INV001586,0,Normal
INV001587,0,Normal
INV001588,0,Normal
INV001589,0,Normal
INV001590,0,Normal
INV001591,0,Normal
INV001592,0,Normal
INV001593,0,Normal
INV001594,0,Normal
INV001595,0,Normal
INV001596,0,Normal
INV001597,0,Normal
INV001598,0,Normal
INV001599,0,Normal
INV001600,0,Normal
INV001601,0,Normal
INV001602,0,Normal
INV001603,0,Normal
INV001604,0,Normal
INV001605,0,Normal
INV001606,0,Normal
INV001607,0,Normal
INV001608,0,Normal
INV001609,0,Normal
INV001610,0,Normal
INV001611,0,Normal
INV001612,0,Normal
INV001613,0,Normal
INV001614,0,Normal
INV001615,0,Normal
INV001616,0,Normal
INV001617,0,Normal
INV001618,0,Normal
INV001619,0,Normal
INV001620,0,Normal
INV001621,0,Normal
INV001622,0,Normal
INV001623,0,Normal
INV001624,0,Normal
INV001625,0,Normal
INV001626,0,Normal
INV001627,0,Normal
INV001628,0,Normal
INV001629,0,Normal
INV001630,0,Normal
INV001631,0,Normal
INV001632,0,Normal
INV001633,0,Normal
INV001634,0,Normal
INV001635,0,Normal
INV001636,0,Normal
INV001637,0,Normal
INV001638,0,Normal
INV001639,0,Normal
INV001640,0,Normal
INV001641,0,Normal
INV001642,0,Normal
INV001643,0,Normal
INV001644,0,Normal
INV001645,0,Normal
INV001646,0,Normal
INV001647,0,Normal
INV001648,0,Normal
INV001649,0,Normal
INV001650,0,Normal
INV001651,0,Normal
INV001652,0,Normal
INV001653,0,Normal
INV001654,0,Normal
INV001655,0,Normal
INV001656,0,Normal
INV001657,0,Normal
INV001658,0,Normal
INV001659,0,Normal
INV001661,0,Normal
INV001662,0,Normal
INV001663,0,Normal
INV001664,0,Normal
INV001665,0,Normal
INV001666,0,Normal
INV001667,0,Normal
INV001668,0,Normal
INV001669,0,Normal
INV001670,0,Normal
INV001671,0,Normal
INV001672,0,Normal
INV001673,0,Normal
INV001674,0,Normal
INV001675,0,Normal
INV001676,0,Normal
INV001677,0,Normal
INV001678,0,Normal
INV001679,0,Normal
INV001680,0,Normal
INV001681,0,Normal
INV001682,0,Normal
INV001683,0,Normal
INV001684,0,Normal
INV001687,0,Normal
INV001688,0,Normal
INV001689,0,Normal
INV001690,0,Normal
INV001691,0,Normal
INV001692,0,Normal
INV001693,0,Normal
INV001695,0,Normal
INV001696,0,Normal
INV001697,0,Normal
INV001698,0,Normal
INV001699,0,Normal
INV001700,0,Normal
INV001701,0,Normal
INV001702,0,Normal
INV001703,0,Normal
INV001704,0,Normal
INV001705,0,Normal
INV001706,0,Normal
INV001707,0,Normal
INV001708,0,Normal
INV001709,0,Normal
INV001710,0,Normal
INV001711,0,Normal
INV001712,0,Normal
INV001713,0,Normal
INV001714,0,Normal
INV001715,0,Normal
INV001716,0,Normal
INV001717,0,Normal
INV001718,0,Normal
INV001719,0,Normal
INV001720,0,Normal
INV001721,0,Normal
INV001722,0,Normal
INV001723,0,Normal
INV001724,0,Normal
INV001725,0,Normal
INV001726,0,Normal
INV001727,0,Normal
INV001728,0,Normal
INV001730,0,Normal
INV001731,0,Normal
INV001732,0,Normal
INV001733,0,Normal
INV001734,0,Normal
INV001735,0,Normal
INV001736,0,Normal
INV001737,0,Normal
INV001738,0,Normal
INV001739,0,Normal
INV001740,0,Normal
INV001741,0,Normal
INV001743,0,Normal
INV001744,0,Normal
INV001745,0,Normal
INV001746,0,Normal
INV001747,0,Normal
INV001748,0,Normal
INV001749,0,Normal
INV001750,0,Normal
INV001751,0,Normal
INV001752,0,Normal
INV001753,0,Normal
INV001754,0,Normal
INV001755,0,Normal
INV001756,0,Normal
INV001758,0,Normal
INV001759,0,Normal
INV001760,0,Normal
INV001761,0,Normal
INV001762,0,Normal
INV001764,0,Normal
INV001765,0,Normal
INV001766,0,Normal
INV001767,0,Normal
INV001768,0,Normal
INV001769,0,Normal
INV001770,0,Normal
INV001771,0,Normal
INV001772,0,Normal
INV001773,0,Normal
INV001774,0,Normal
INV001775,0,Normal
INV001776,0,Normal
INV001777,0,Normal
INV001778,0,Normal
INV001779,0,Normal
INV001780,0,Normal
INV001781,0,Normal
INV001782,0,Normal
INV001783,0,Normal
INV001784,0,Normal
INV001785,0,Normal
INV001786,0,Normal
INV001787,0,Normal
INV001788,0,Normal
INV001789,0,Normal
INV001790,0,Normal
INV001791,0,Normal
INV001792,0,Normal
INV001793,0,Normal
INV001795,0,Normal
INV001796,0,Normal
INV001797,0,Normal
INV001798,0,Normal
INV001799,0,Normal
INV001800,0,Normal
INV001801,0,Normal
INV001802,0,Normal
INV001803,0,Normal
INV001804,0,Normal
INV001805,0,Normal
INV001806,0,Normal
INV001807,0,Normal
INV001808,0,Normal
INV001809,0,Normal
INV001810,0,Normal
INV001811,0,Normal
INV001813,0,Normal
INV001814,0,Normal
INV001815,0,Normal
INV001816,0,Normal
INV001817,0,Normal
INV001818,0,Normal
INV001819,0,Normal
INV001820,0,Normal
INV001821,0,Normal
INV001822,0,Normal
INV001823,0,Normal
INV001824,0,Normal
INV001825,0,Normal
INV001826,0,Normal
INV001827,0,Normal
INV001828,0,Normal
INV001829,0,Normal
INV001830,0,Normal
INV001831,0,Normal
INV001832,0,Normal
INV001833,0,Normal
INV001834,0,Normal
INV001835,0,Normal
INV001836,0,Normal
INV001837,0,Normal
INV001838,0,Normal
INV001839,0,Normal
INV001840,0,Normal
INV001841,0,Normal
INV001842,0,Normal
INV001843,0,Normal
INV001844,0,Normal
INV001845,0,Normal
INV001846,0,Normal
INV001848,0,Normal
INV001849,0,Normal
INV001850,0,Normal
INV001852,0,Normal
INV001853,0,Normal
INV001854,0,Normal
INV001855,0,Normal
INV001856,0,Normal
INV001857,0,Normal
INV001858,0,Normal
INV001859,0,Normal
INV001860,0,Normal
INV001861,0,Normal
INV001862,0,Normal
INV001863,0,Normal
INV001864,0,Normal
INV001865,0,Normal
INV001866,0,Normal
INV001867,0,Normal
INV001868,0,Normal
INV001870,0,Normal
INV001871,0,Normal
INV001872,0,Normal
INV001873,0,Normal
INV001874,0,Normal
INV001875,0,Normal
INV001876,0,Normal
INV001877,0,Normal
INV001878,0,Normal
INV001879,0,Normal
INV001880,0,Normal
INV001881,0,Normal
INV001883,0,Normal
INV001884,0,Normal
INV001885,0,Normal
INV001886,0,Normal
INV001887,0,Normal
INV001888,0,Normal
INV001889,0,Normal
INV001890,0,Normal
INV001891,0,Normal
INV001892,0,Normal
INV001893,0,Normal
INV001894,0,Normal
INV001895,0,Normal
INV001896,0,Normal
INV001897,0,Normal
INV001898,0,Normal
INV001899,0,Normal
INV001900,0,Normal
INV001901,0,Normal
INV001902,0,Normal
INV001903,0,Normal
INV001904,0,Normal
INV001905,0,Normal
INV001906,0,Normal
INV001907,0,Normal
INV001908,0,Normal
INV001909,0,Normal
INV001910,0,Normal
INV001911,0,Normal
INV001912,0,Normal
INV001913,0,Normal
INV001914,0,Normal
INV001915,0,Normal
INV001916,0,Normal
INV001917,0,Normal
INV001918,0,Normal
INV001920,0,Normal
INV001922,0,Normal
INV001923,0,Normal
INV001924,0,Normal
INV001925,0,Normal
INV001926,0,Normal
INV001927,0,Normal
INV001928,0,Normal
INV001929,0,Normal
INV001930,0,Normal
INV001931,0,Normal
INV001932,0,Normal
INV001933,0,Normal
INV001935,0,Normal
INV001936,0,Normal
INV001937,0,Normal
INV001938,0,Normal
INV001939,0,Normal
INV001940,0,Normal
INV001941,0,Normal
INV001942,0,Normal
INV001944,0,Normal
INV001946,0,Normal
INV001947,0,Normal
INV001948,0,Normal
INV001949,0,Normal
INV001950,0,Normal
INV001951,0,Normal
INV001952,0,Normal
INV001953,0,Normal
INV001954,0,Normal
INV001955,0,Normal
INV001956,0,Normal
INV001957,0,Normal
INV001958,0,Normal
INV001959,0,Normal
INV001960,0,Normal
INV001961,0,Normal
INV001962,0,Normal
INV001963,0,Normal
INV001964,0,Normal
INV001965,0,Normal
INV001966,0,Normal
INV001967,0,Normal
INV001968,0,Normal
INV001969,0,Normal
INV001970,0,Normal
INV001971,0,Normal
INV001972,0,Normal
INV001973,0,Normal
INV001974,0,Normal
INV001975,0,Normal
INV001976,0,Normal
INV001977,0,Normal
INV001980,0,Normal
INV001981,0,Normal
INV001982,0,Normal
INV001983,0,Normal
INV001984,0,Normal
INV001985,0,Normal
INV001986,0,Normal
INV001987,0,Normal
INV001988,0,Normal
INV001991,0,Normal
INV001993,0,Normal
INV001994,0,Normal
INV001995,0,Normal
INV001997,0,Normal
INV001998,0,Normal
INV001999,0,Normal
INV002000,0,Normal
INV002001,0,Normal
INV002002,0,Normal
INV002003,0,Normal
INV002004,0,Normal
INV002005,0,Normal
INV002006,0,Normal
INV002007,0,Normal
INV002008,0,Normal
INV002009,0,Normal
INV002010,0,Normal
INV002011,0,Normal
INV002012,0,Normal
INV002013,0,Normal
INV002014,0,Normal
INV002016,0,Normal
INV002017,0,Normal
INV002018,0,Normal
INV002019,0,Normal
INV002020,0,Normal
INV002021,0,Normal
INV002022,0,Normal
INV002023,0,Normal
INV002024,0,Normal
INV002025,0,Normal
INV002026,0,Normal
INV002027,0,Normal
INV002028,0,Normal
INV002029,0,Normal
INV002030,0,Normal
INV002031,0,Normal
INV002032,0,Normal
INV002033,0,Normal
INV002034,0,Normal
INV002035,0,Normal
INV002036,0,Normal
INV002037,0,Normal
INV002038,0,Normal
INV002039,0,Normal
INV002040,0,Normal
INV002041,0,Normal
INV002042,0,Normal
INV002043,0,Normal
INV002044,0,Normal
INV002045,0,Normal
INV002046,0,Normal
INV002047,0,Normal
INV002048,0,Normal
INV002049,0,Normal
INV002050,0,Normal
INV002051,0,Normal
INV002053,0,Normal
INV002054,0,Normal
INV002055,0,Normal
INV002056,0,Normal
INV002058,0,Normal
INV002059,0,Normal
INV002060,0,Normal
INV002061,0,Normal
INV002062,0,Normal
INV002063,0,Normal
INV002064,0,Normal
INV002066,0,Normal
INV002067,0,Normal
INV002068,0,Normal
INV002069,0,Normal
INV002070,0,Normal
INV002071,0,Normal
INV002072,0,Normal
INV002073,0,Normal
INV002074,0,Normal
INV002075,0,Normal
INV002076,0,Normal
INV002077,0,Normal
INV002078,0,Normal
INV002079,0,Normal
INV002080,0,Normal
INV002081,0,Normal
INV002082,0,Normal
INV002083,0,Normal
INV002084,0,Normal
INV002085,0,Normal
INV002086,0,Normal
INV002087,0,Normal
INV002088,0,Normal
INV002089,0,Normal
INV002090,0,Normal
INV002091,0,Normal
INV002092,0,Normal
INV002093,0,Normal
INV002094,0,Normal
INV002095,0,Normal
INV002096,0,Normal
INV002097,0,Normal
INV002098,0,Normal
INV002099,0,Normal
INV002100,0,Normal
INV002101,0,Normal
INV002102,0,Normal
INV002103,0,Normal
INV002104,0,Normal
INV002105,0,Normal
INV002106,0,Normal
INV002107,0,Normal
INV002108,0,Normal
INV002109,0,Normal
INV002110,0,Normal
INV002111,0,Normal
INV002112,0,Normal
INV002113,0,Normal
INV002114,0,Normal
INV002115,0,Normal
INV002116,0,Normal
INV002117,0,Normal
INV002118,0,Normal
INV002119,0,Normal
INV002120,0,Normal
INV002121,0,Normal
INV002123,0,Normal
INV002124,0,Normal
INV002125,0,Normal
INV002126,0,Normal
INV002127,0,Normal
INV002128,0,Normal
INV002129,0,Normal
INV002130,0,Normal
INV002131,0,Normal
INV002132,0,Normal
INV002133,0,Normal
INV002134,0,Normal
INV002135,0,Normal
INV002136,0,Normal
INV002137,0,Normal
INV002138,0,Normal
INV002139,0,Normal
INV002140,0,Normal
INV002141,0,Normal
INV002142,0,Normal
INV002143,0,Normal
INV002144,0,Normal
INV002145,0,Normal
INV002146,0,Normal
INV002147,0,Normal
INV002148,0,Normal
INV002149,0,Normal
INV002150,0,Normal
INV002151,0,Normal
INV002152,0,Normal
INV002153,0,Normal
INV002154,0,Normal
INV002155,0,Normal
INV002156,0,Normal
INV002157,0,Normal
INV002158,0,Normal
INV002159,0,Normal
INV002160,0,Normal
INV002161,0,Normal
INV002162,0,Normal
INV002163,0,Normal
INV002164,0,Normal
INV002165,0,Normal
INV002166,0,Normal
INV002167,0,Normal
INV002168,0,Normal
INV002169,0,Normal
INV002170,0,Normal
INV002171,0,Normal
INV002172,0,Normal
INV002173,0,Normal
INV002174,0,Normal
INV002175,0,Normal
INV002176,0,Normal
INV002177,0,Normal
INV002179,0,Normal
INV002180,0,Normal
INV002181,0,Normal
INV002182,0,Normal
INV002185,0,Normal
INV002186,0,Normal
INV002188,0,Normal
INV002189,0,Normal
INV002190,0,Normal
INV002191,0,Normal
INV002192,0,Normal
INV002193,0,Normal
INV002194,0,Normal
INV002195,0,Normal
INV002196,0,Normal
INV002197,0,Normal
INV002199,0,Normal
INV002200,0,Normal
INV002201,0,Normal
INV002202,0,Normal
INV002203,0,Normal
INV002204,0,Normal
INV002205,0,Normal
INV002207,0,Normal
INV002209,0,Normal
INV002210,0,Normal
INV002211,0,Normal
INV002212,0,Normal
INV002213,0,Normal
INV002214,0,Normal
INV002215,0,Normal
INV002216,0,Normal
INV002217,0,Normal
INV002219,0,Normal
INV002221,0,Normal
INV002222,0,Normal
INV002223,0,Normal
INV002224,0,Normal
INV002225,0,Normal
INV002226,0,Normal
INV002227,0,Normal
INV002229,0,Normal
INV002230,0,Normal
INV002231,0,Normal
INV002232,0,Normal
INV002233,0,Normal
INV002234,0,Normal
INV002235,0,Normal
INV002236,0,Normal
INV002237,0,Normal
INV002238,0,Normal
INV002239,0,Normal
INV002240,0,Normal
INV002241,0,Normal
INV002242,0,Normal
INV002243,0,Normal
INV002245,0,Normal
INV002246,0,Normal
INV002247,0,Normal
INV002248,0,Normal
INV002249,0,Normal
INV002250,0,Normal
INV002251,0,Normal
INV002252,0,Normal
INV002253,0,Normal
INV002254,0,Normal
INV002255,0,Normal
INV002256,0,Normal
INV002257,0,Normal
INV002258,0,Normal
INV002259,0,Normal
INV002260,0,Normal
INV002261,0,Normal
INV002262,0,Normal
INV002263,0,Normal
INV002264,0,Normal
INV002265,0,Normal
INV002266,0,Normal
INV002267,0,Normal
INV002268,0,Normal
INV002269,0,Normal
INV002270,0,Normal
INV002271,0,Normal
INV002272,0,Normal
INV002274,0,Normal
INV002275,0,Normal
INV002276,0,Normal
INV002277,0,Normal
INV002278,0,Normal
INV002279,0,Normal
INV002280,0,Normal
INV002281,0,Normal
INV002282,0,Normal
INV002283,0,Normal
INV002284,0,Normal
INV002285,0,Normal
INV002286,0,Normal
INV002287,0,Normal
INV002288,0,Normal
INV002289,0,Normal
INV002291,0,Normal
INV002292,0,Normal
INV002293,0,Normal
INV002294,0,Normal
INV002295,0,Normal
INV002296,0,Normal
INV002297,0,Normal
INV002298,0,Normal
INV002299,0,Normal
INV002300,0,Normal
INV002301,0,Normal
INV002302,0,Normal
INV002303,0,Normal
INV002304,0,Normal
INV002305,0,Normal
INV002306,0,Normal
INV002307,0,Normal
INV002308,0,Normal
INV002309,0,Normal
INV002310,0,Normal
INV002311,0,Normal
INV002312,0,Normal
INV002313,0,Normal
INV002314,0,Normal
INV002315,0,Normal
INV002316,0,Normal
INV002317,0,Normal
INV002318,0,Normal
INV002320,0,Normal
INV002321,0,Normal
INV002322,0,Normal
INV002323,0,Normal
INV002324,0,Normal
INV002325,0,Normal
INV002326,0,Normal
INV002327,0,Normal
INV002328,0,Normal
INV002329,0,Normal
INV002330,0,Normal
INV002331,0,Normal
INV002332,0,Normal
INV002333,0,Normal
INV002335,0,Normal
INV002336,0,Normal
INV002337,0,Normal
INV002338,0,Normal
INV002339,0,Normal
INV002340,0,Normal
INV002341,0,Normal
INV002342,0,Normal
INV002343,0,Normal
INV002344,0,Normal
INV002345,0,Normal
INV002346,0,Normal
INV002348,0,Normal
INV002349,0,Normal
INV002350,0,Normal
INV002351,0,Normal
INV002352,0,Normal
INV002353,0,Normal
INV002354,0,Normal
INV002355,0,Normal
INV002356,0,Normal
INV002357,0,Normal
INV002358,0,Normal
INV002359,0,Normal
INV002360,0,Normal
INV002361,0,Normal
INV002362,0,Normal
INV002363,0,Normal
INV002364,0,Normal
INV002365,0,Normal
INV002366,0,Normal
INV002367,0,Normal
INV002368,0,Normal
INV002369,0,Normal
INV002370,0,Normal
INV002371,0,Normal
INV002372,0,Normal
INV002373,0,Normal
INV002374,0,Normal
INV002375,0,Normal
INV002376,0,Normal
INV002377,0,Normal
INV002378,0,Normal
INV002379,0,Normal
INV002380,0,Normal
INV002381,0,Normal
INV002382,0,Normal
INV002383,0,Normal
INV002384,0,Normal
INV002385,0,Normal
INV002386,0,Normal
INV002387,0,Normal
INV002388,0,Normal
INV002389,0,Normal
INV002390,0,Normal
INV002391,0,Normal
INV002392,0,Normal
INV002393,0,Normal
INV002394,0,Normal
INV002395,0,Normal
INV002396,0,Normal
INV002398,0,Normal
INV002399,0,Normal
INV002400,0,Normal
INV002401,0,Normal
INV002402,0,Normal
INV002403,0,Normal
INV002404,0,Normal
INV002405,0,Normal
INV002406,0,Normal
INV002407,0,Normal
INV002408,0,Normal
INV002409,0,Normal
INV002410,0,Normal
INV002411,0,Normal
INV002412,0,Normal
INV002413,0,Normal
INV002414,0,Normal
INV002415,0,Normal
INV002416,0,Normal
INV002417,0,Normal
INV002418,0,Normal
INV002419,0,Normal
INV002420,0,Normal
INV002421,0,Normal
INV002422,0,Normal
INV002423,0,Normal
INV002425,0,Normal
INV002426,0,Normal
INV002429,0,Normal
INV002430,0,Normal
INV002431,0,Normal
INV002432,0,Normal
INV002433,0,Normal
INV002435,0,Normal
INV002436,0,Normal
INV002437,0,Normal
INV002438,0,Normal
INV002439,0,Normal
INV002440,0,Normal
INV002441,0,Normal
INV002443,0,Normal
INV002444,0,Normal
INV002445,0,Normal
INV002447,0,Normal
INV002448,0,Normal
INV002449,0,Normal
INV002450,0,Normal
INV002451,0,Normal
INV002452,0,Normal
INV002453,0,Normal
INV002454,0,Normal
INV002455,0,Normal
INV002456,0,Normal
INV002457,0,Normal
INV002458,0,Normal
INV002459,0,Normal
INV002460,0,Normal
INV002461,0,Normal
INV002462,0,Normal
INV002464,0,Normal
INV002465,0,Normal
INV002466,0,Normal
INV002467,0,Normal
INV002468,0,Normal
INV002469,0,Normal
INV002470,0,Normal
INV002471,0,Normal
INV002472,0,Normal
INV002473,0,Normal
INV002474,0,Normal
INV002475,0,Normal
INV002476,0,Normal
INV002477,0,Normal
INV002478,0,Normal
INV002479,0,Normal
INV002480,0,Normal
INV002481,0,Normal
INV002483,0,Normal
INV002484,0,Normal
INV002485,0,Normal
INV002486,0,Normal
INV002487,0,Normal
INV002488,0,Normal
INV002489,0,Normal
INV002490,0,Normal
INV002491,0,Normal
INV002492,0,Normal
INV002493,0,Normal
INV002494,0,Normal
INV002495,0,Normal
INV002496,0,Normal
INV002498,0,Normal
INV002499,0,Normal
INV002500,0,Normal
INV002501,0,Normal
INV002502,0,Normal
INV002503,0,Normal
INV002504,0,Normal
INV002505,0,Normal
INV002507,0,Normal
INV002508,0,Normal
INV002509,0,Normal
INV002510,0,Normal
INV002511,0,Normal
INV002512,0,Normal
INV002513,0,Normal
INV002514,0,Normal
INV002515,0,Normal
INV002516,0,Normal
INV002517,0,Normal
INV002518,0,Normal
INV002519,0,Normal
INV002520,0,Normal
INV002521,0,Normal
INV002522,0,Normal
INV002523,0,Normal
INV002524,0,Normal
INV002525,0,Normal
INV002526,0,Normal
INV002527,0,Normal
INV002528,0,Normal
INV002530,0,Normal
INV002531,0,Normal
INV002532,0,Normal
INV002533,0,Normal
INV002534,0,Normal
INV002535,0,Normal
INV002536,0,Normal
INV002537,0,Normal
INV002538,0,Normal
INV002539,0,Normal
INV002540,0,Normal
INV002541,0,Normal
INV002542,0,Normal
INV002543,0,Normal
INV002544,0,Normal
INV002545,0,Normal
INV002546,0,Normal
INV002547,0,Normal
INV002548,0,Normal
INV002549,0,Normal
INV002550,0,Normal
INV002551,0,Normal
INV002552,0,Normal
INV002553,0,Normal
INV002554,0,Normal
INV002555,0,Normal
INV002556,0,Normal
INV002557,0,Normal
INV002558,0,Normal
INV002559,0,Normal
INV002560,0,Normal
INV002562,0,Normal
INV002563,0,Normal
INV002564,0,Normal
INV002565,0,Normal
INV002566,0,Normal
INV002567,0,Normal
INV002569,0,Normal
INV002570,0,Normal
INV002571,0,Normal
INV002572,0,Normal
INV002573,0,Normal
INV002574,0,Normal
INV002575,0,Normal
INV002576,0,Normal
INV002577,0,Normal
INV002578,0,Normal
INV002579,0,Normal
INV002580,0,Normal
INV002582,0,Normal
INV002583,0,Normal
INV002584,0,Normal
INV002585,0,Normal
INV002586,0,Normal
INV002587,0,Normal
INV002588,0,Normal
INV002589,0,Normal
INV002590,0,Normal
INV002591,0,Normal
INV002592,0,Normal
INV002593,0,Normal
INV002594,0,Normal
INV002595,0,Normal
INV002596,0,Normal
INV002597,0,Normal
INV002598,0,Normal
INV002599,0,Normal
INV002600,0,Normal
INV002601,0,Normal
INV002602,0,Normal
INV002603,0,Normal
INV002604,0,Normal
INV002605,0,Normal
INV002606,0,Normal
INV002607,0,Normal
INV002608,0,Normal
INV002609,0,Normal
INV002610,0,Normal
INV002611,0,Normal
INV002612,0,Normal
INV002613,0,Normal
INV002615,0,Normal
INV002616,0,Normal
INV002617,0,Normal
INV002618,0,Normal
INV002619,0,Normal
INV002620,0,Normal
INV002621,0,Normal
INV002622,0,Normal
INV002624,0,Normal
INV002625,0,Normal
INV002626,0,Normal
INV002627,0,Normal
INV002628,0,Normal
INV002629,0,Normal
INV002630,0,Normal
INV002632,0,Normal
INV002633,0,Normal
INV002634,0,Normal
INV002635,0,Normal
INV002636,0,Normal
INV002637,0,Normal
INV002638,0,Normal
INV002639,0,Normal
INV002640,0,Normal
INV002641,0,Normal
INV002642,0,Normal
INV002643,0,Normal
INV002644,0,Normal
INV002645,0,Normal
INV002646,0,Normal
INV002647,0,Normal
INV002648,0,Normal
INV002649,0,Normal
INV002650,0,Normal
INV002651,0,Normal
INV002652,0,Normal
INV002653,0,Normal
INV002654,0,Normal
INV002655,0,Normal
INV002656,0,Normal
INV002657,0,Normal
INV002658,0,Normal
INV002659,0,Normal
INV002660,0,Normal
INV002661,0,Normal
INV002662,0,Normal
INV002663,0,Normal
INV002664,0,Normal
INV002665,0,Normal
INV002666,0,Normal
INV002667,0,Normal
INV002668,0,Normal
INV002669,0,Normal
INV002670,0,Normal
INV002671,0,Normal
INV002672,0,Normal
INV002673,0,Normal
INV002674,0,Normal
INV002675,0,Normal
INV002676,0,Normal
INV002677,0,Normal
INV002678,0,Normal
INV002679,0,Normal
INV002680,0,Normal
INV002681,0,Normal
INV002682,0,Normal
INV002683,0,Normal
INV002684,0,Normal
INV002685,0,Normal
INV002686,0,Normal
INV002687,0,Normal
INV002688,0,Normal
INV002689,0,Normal
INV002690,0,Normal
INV002692,0,Normal
INV002693,0,Normal
INV002694,0,Normal
INV002695,0,Normal
INV002696,0,Normal
INV002697,0,Normal
INV002698,0,Normal
INV002699,0,Normal
INV002700,0,Normal
INV002701,0,Normal
INV002702,0,Normal
INV002703,0,Normal
INV002704,0,Normal
INV002705,0,Normal
INV002706,0,Normal
INV002707,0,Normal
INV002708,0,Normal
INV002709,0,Normal
INV002710,0,Normal
INV002711,0,Normal
INV002712,0,Normal
INV002713,0,Normal
INV002714,0,Normal
INV002715,0,Normal
INV002716,0,Normal
INV002717,0,Normal
INV002718,0,Normal
INV002719,0,Normal
INV002720,0,Normal
INV002721,0,Normal
INV002722,0,Normal
INV002723,0,Normal
INV002724,0,Normal
INV002725,0,Normal
INV002726,0,Normal
INV002727,0,Normal
INV002728,0,Normal
INV002729,0,Normal
INV002730,0,Normal
INV002731,0,Normal
INV002732,0,Normal
INV002733,0,Normal
INV002734,0,Normal
INV002735,0,Normal
INV002736,0,Normal
INV002737,0,Normal
INV002738,0,Normal
INV002739,0,Normal
INV002741,0,Normal
INV002742,0,Normal
INV002743,0,Normal
INV002744,0,Normal
INV002745,0,Normal
INV002746,0,Normal
INV002749,0,Normal
INV002750,0,Normal
INV002751,0,Normal
INV002752,0,Normal
INV002753,0,Normal
INV002754,0,Normal
INV002755,0,Normal
INV002756,0,Normal
INV002757,0,Normal
INV002758,0,Normal
INV002759,0,Normal
INV002760,0,Normal
INV002761,0,Normal
INV002762,0,Normal
INV002763,0,Normal
INV002764,0,Normal
INV002765,0,Normal
INV002766,0,Normal
INV002767,0,Normal
INV002768,0,Normal
INV002769,0,Normal
INV002771,0,Normal
INV002773,0,Normal
INV002774,0,Normal
INV002775,0,Normal
INV002776,0,Normal
INV002777,0,Normal
INV002778,0,Normal
INV002779,0,Normal
INV002780,0,Normal
INV002781,0,Normal
INV002782,0,Normal
INV002783,0,Normal
INV002784,0,Normal
INV002785,0,Normal
INV002786,0,Normal
INV002787,0,Normal
INV002788,0,Normal
INV002789,0,Normal
INV002790,0,Normal
INV002791,0,Normal
INV002792,0,Normal
INV002793,0,Normal
INV002794,0,Normal
INV002795,0,Normal
INV002797,0,Normal
INV002798,0,Normal
INV002799,0,Normal
INV002800,0,Normal
INV002801,0,Normal
INV002802,0,Normal
INV002803,0,Normal
INV002804,0,Normal
INV002805,0,Normal
INV002806,0,Normal
INV002807,0,Normal
INV002808,0,Normal
INV002809,0,Normal
INV002810,0,Normal
INV002811,0,Normal
INV002813,0,Normal
INV002814,0,Normal
INV002815,0,Normal
INV002816,0,Normal
INV002817,0,Normal
INV002818,0,Normal
INV002819,0,Normal
INV002820,0,Normal
INV002821,0,Normal
INV002822,0,Normal
INV002823,0,Normal
INV002824,0,Normal
INV002825,0,Normal
INV002826,0,Normal
INV002827,0,Normal
INV002828,0,Normal
INV002829,0,Normal
INV002830,0,Normal
INV002831,0,Normal
INV002832,0,Normal
INV002833,0,Normal
INV002834,0,Normal
INV002835,0,Normal
INV002836,0,Normal
INV002837,0,Normal
INV002838,0,Normal
INV002839,0,Normal
INV002840,0,Normal
INV002841,0,Normal
INV002842,0,Normal
INV002843,0,Normal
INV002844,0,Normal
INV002845,0,Normal
INV002846,0,Normal
INV002847,0,Normal
INV002848,0,Normal
INV002849,0,Normal
INV002850,0,Normal
INV002851,0,Normal
INV002852,0,Normal
INV002854,0,Normal
INV002855,0,Normal
INV002856,0,Normal
INV002857,0,Normal
INV002858,0,Normal
INV002859,0,Normal
INV002860,0,Normal
INV002861,0,Normal
INV002862,0,Normal
INV002863,0,Normal
INV002864,0,Normal
INV002867,0,Normal
INV002868,0,Normal
INV002869,0,Normal
INV002870,0,Normal
INV002871,0,Normal
INV002872,0,Normal
INV002873,0,Normal
INV002874,0,Normal
INV002875,0,Normal
INV002876,0,Normal
INV002877,0,Normal
INV002878,0,Normal
INV002879,0,Normal
INV002880,0,Normal
INV002881,0,Normal
INV002882,0,Normal
INV002883,0,Normal
INV002884,0,Normal
INV002885,0,Normal
INV002886,0,Normal
INV002887,0,Normal
INV002888,0,Normal
INV002889,0,Normal
INV002890,0,Normal
INV002892,0,Normal
INV002893,0,Normal
INV002894,0,Normal
INV002895,0,Normal
INV002896,0,Normal
INV002897,0,Normal
INV002898,0,Normal
INV002899,0,Normal
INV002900,0,Normal
INV002901,0,Normal
INV002902,0,Normal
INV002903,0,Normal
INV002904,0,Normal
INV002905,0,Normal
INV002906,0,Normal
INV002907,0,Normal
INV002908,0,Normal
INV002910,0,Normal
INV002911,0,Normal
INV002912,0,Normal
INV002913,0,Normal
INV002914,0,Normal
INV002915,0,Normal
INV002916,0,Normal
INV002917,0,Normal
INV002918,0,Normal
INV002919,0,Normal
INV002920,0,Normal
INV002921,0,Normal
INV002922,0,Normal
INV002923,0,Normal
INV002924,0,Normal
INV002925,0,Normal
INV002926,0,Normal
INV002927,0,Normal
INV002928,0,Normal
INV002929,0,Normal
INV002930,0,Normal
INV002931,0,Normal
INV002932,0,Normal
INV002933,0,Normal
INV002934,0,Normal
INV002935,0,Normal
INV002936,0,Normal
INV002937,0,Normal
INV002938,0,Normal
INV002939,0,Normal
INV002940,0,Normal
INV002941,0,Normal
INV002942,0,Normal
INV002943,0,Normal
INV002944,0,Normal
INV002945,0,Normal
INV002946,0,Normal
INV002947,0,Normal
INV002948,0,Normal
INV002949,0,Normal
INV002950,0,Normal
INV002951,0,Normal
INV002952,0,Normal
INV002953,0,Normal
INV002954,0,Normal
INV002955,0,Normal
INV002956,0,Normal
INV002957,0,Normal
INV002958,0,Normal
INV002959,0,Normal
INV002960,0,Normal
INV002961,0,Normal
INV002962,0,Normal
INV002963,0,Normal
INV002964,0,Normal
INV002965,0,Normal
INV002966,0,Normal
INV002967,0,Normal
INV002968,0,Normal
INV002969,0,Normal
INV002970,0,Normal
INV002971,0,Normal
INV002972,0,Normal
INV002974,0,Normal
INV002975,0,Normal
INV002976,0,Normal
INV002977,0,Normal
INV002978,0,Normal
INV002979,0,Normal
INV002980,0,Normal
INV002981,0,Normal
INV002982,0,Normal
INV002983,0,Normal
INV002985,0,Normal
INV002986,0,Normal
INV002987,0,Normal
INV002988,0,Normal
INV002989,0,Normal
INV002990,0,Normal
INV002991,0,Normal
INV002993,0,Normal
INV002994,0,Normal
INV002995,0,Normal
INV002997,0,Normal
INV002998,0,Normal
INV002999,0,Normal
INV003000,0,Normal
INV003001,0,Normal
INV003002,0,Normal
INV003003,0,Normal
INV003004,0,Normal
INV003005,0,Normal
INV003006,0,Normal
INV003007,0,Normal
INV003008,0,Normal
INV003009,0,Normal
INV003010,0,Normal
INV003011,0,Normal
INV003012,0,Normal
INV003013,0,Normal
INV003014,0,Normal
INV003015,0,Normal
INV003016,0,Normal
INV003017,0,Normal
INV003018,0,Normal
INV003019,0,Normal
INV003020,0,Normal
INV003021,0,Normal
INV003022,0,Normal
INV003023,0,Normal
INV003024,0,Normal
INV003025,0,Normal
INV003026,0,Normal
INV003027,0,Normal
INV003028,0,Normal
INV003029,0,Normal
INV003030,0,Normal
INV003031,0,Normal
INV003032,0,Normal
INV003034,0,Normal
INV003035,0,Normal
INV003036,0,Normal
INV003038,0,Normal
INV003039,0,Normal
INV003040,0,Normal
INV003041,0,Normal
INV003042,0,Normal
INV003043,0,Normal
INV003044,0,Normal
INV003045,0,Normal
INV003046,0,Normal
INV003047,0,Normal
INV003048,0,Normal
INV003049,0,Normal
INV003050,0,Normal
INV003051,0,Normal
INV003052,0,Normal
INV003053,0,Normal
INV003054,0,Normal
INV003055,0,Normal
INV003056,0,Normal
INV003057,0,Normal
INV003058,0,Normal
INV003059,0,Normal
INV003060,0,Normal
INV003062,0,Normal
INV003063,0,Normal
INV003064,0,Normal
INV003065,0,Normal
INV003066,0,Normal
INV003067,0,Normal
INV003068,0,Normal
INV003070,0,Normal
INV003071,0,Normal
INV003072,0,Normal
INV003073,0,Normal
INV003074,0,Normal
INV003075,0,Normal
INV003076,0,Normal
INV003077,0,Normal
INV003078,0,Normal
INV003079,0,Normal
INV003080,0,Normal
INV003081,0,Normal
INV003082,0,Normal
INV003083,0,Normal
INV003084,0,Normal
INV003085,0,Normal
INV003086,0,Normal
INV003087,0,Normal
INV003090,0,Normal
INV003091,0,Normal
INV003092,0,Normal
INV003093,0,Normal
INV003094,0,Normal
INV003095,0,Normal
INV003096,0,Normal
INV003097,0,Normal
INV003098,0,Normal
INV003099,0,Normal
INV003101,0,Normal
INV003102,0,Normal
INV003103,0,Normal
INV003104,0,Normal
INV003105,0,Normal
INV003106,0,Normal
INV003108,0,Normal
INV003109,0,Normal
INV003110,0,Normal
INV003111,0,Normal
INV003112,0,Normal
INV003113,0,Normal
INV003114,0,Normal
INV003115,0,Normal
INV003116,0,Normal
INV003117,0,Normal
INV003118,0,Normal
INV003119,0,Normal
INV003120,0,Normal
INV003121,0,Normal
INV003122,0,Normal
INV003123,0,Normal
INV003124,0,Normal
INV003125,0,Normal
INV003126,0,Normal
INV003127,0,Normal
INV003128,0,Normal
INV003129,0,Normal
INV003130,0,Normal
INV003131,0,Normal
INV003132,0,Normal
INV003133,0,Normal
INV003134,0,Normal
INV003135,0,Normal
INV003136,0,Normal
INV003137,0,Normal
INV003138,0,Normal
INV003139,0,Normal
INV003140,0,Normal
INV003141,0,Normal
INV003142,0,Normal
INV003143,0,Normal
INV003144,0,Normal
INV003145,0,Normal
INV003146,0,Normal
INV003147,0,Normal
INV003148,0,Normal
INV003149,0,Normal
INV003150,0,Normal
INV003151,0,Normal
INV003152,0,Normal
INV003153,0,Normal
INV003154,0,Normal
INV003155,0,Normal
INV003156,0,Normal
INV003157,0,Normal
INV003158,0,Normal
INV003159,0,Normal
INV003160,0,Normal
INV003161,0,Normal
INV003162,0,Normal
INV003163,0,Normal
INV003164,0,Normal
INV003165,0,Normal
INV003166,0,Normal
INV003167,0,Normal
INV003168,0,Normal
INV003169,0,Normal
INV003170,0,Normal
INV003171,0,Normal
INV003172,0,Normal
INV003173,0,Normal
INV003174,0,Normal
INV003175,0,Normal
INV003176,0,Normal
INV003177,0,Normal
INV003178,0,Normal
INV003179,0,Normal
INV003180,0,Normal
INV003181,0,Normal
INV003182,0,Normal
INV003183,0,Normal
INV003184,0,Normal
INV003185,0,Normal
INV003186,0,Normal
INV003187,0,Normal
INV003188,0,Normal
INV003189,0,Normal
INV003190,0,Normal
INV003191,0,Normal
INV003192,0,Normal
INV003193,0,Normal
INV003194,0,Normal
INV003195,0,Normal
INV003196,0,Normal
INV003197,0,Normal
INV003198,0,Normal
INV003199,0,Normal
INV003200,0,Normal
INV003201,0,Normal
INV003202,0,Normal
INV003203,0,Normal
INV003204,0,Normal
INV003205,0,Normal
INV003206,0,Normal
INV003207,0,Normal
INV003208,0,Normal
INV003209,0,Normal
INV003210,0,Normal
INV003211,0,Normal
INV003212,0,Normal
INV003213,0,Normal
INV003214,0,Normal
INV003215,0,Normal
INV003216,0,Normal
INV003217,0,Normal
INV003218,0,Normal
INV003219,0,Normal
INV003220,0,Normal
INV003221,0,Normal
INV003222,0,Normal
INV003223,0,Normal
INV003224,0,Normal
INV003225,0,Normal
INV003226,0,Normal
INV003227,0,Normal
INV003228,0,Normal
INV003229,0,Normal
INV003230,0,Normal
INV003231,0,Normal
INV003232,0,Normal
INV003233,0,Normal
INV003234,0,Normal
INV003235,0,Normal
INV003236,0,Normal
INV003237,0,Normal
INV003238,0,Normal
INV003239,0,Normal
INV003240,0,Normal
INV003241,0,Normal
INV003242,0,Normal
INV003243,0,Normal
INV003244,0,Normal
INV003245,0,Normal
INV003246,0,Normal
INV003247,0,Normal
INV003248,0,Normal
INV003249,0,Normal
INV003250,0,Normal
INV003251,0,Normal
INV003252,0,Normal
INV003253,0,Normal
INV003254,0,Normal
INV003255,0,Normal
INV003256,0,Normal
INV003257,0,Normal
INV003258,0,Normal
INV003259,0,Normal
INV003260,0,Normal
INV003261,0,Normal
INV003262,0,Normal
INV003263,0,Normal
INV003264,0,Normal
INV003265,0,Normal
INV003266,0,Normal
INV003267,0,Normal
INV003268,0,Normal
INV003269,0,Normal
INV003270,0,Normal
INV003271,0,Normal
INV003272,0,Normal
INV003273,0,Normal
INV003274,0,Normal
INV003275,0,Normal
INV003276,0,Normal
INV003277,0,Normal
INV003278,0,Normal
INV003279,0,Normal
INV003280,0,Normal
INV003282,0,Normal
INV003283,0,Normal
INV003284,0,Normal
INV003285,0,Normal
INV003286,0,Normal
INV003287,0,Normal
INV003288,0,Normal
INV003289,0,Normal
INV003290,0,Normal
INV003291,0,Normal
INV003292,0,Normal
INV003293,0,Normal
INV003294,0,Normal
INV003295,0,Normal
INV003296,0,Normal
INV003297,0,Normal
INV003298,0,Normal
INV003299,0,Normal
INV003300,0,Normal
INV003301,0,Normal
INV003302,0,Normal
INV003303,0,Normal
INV003304,0,Normal
INV003305,0,Normal
INV003306,0,Normal
INV003307,0,Normal
INV003308,0,Normal
INV003309,0,Normal
INV003310,0,Normal
INV003311,0,Normal
INV003312,0,Normal
INV003313,0,Normal
INV003314,0,Normal
INV003315,0,Normal
INV003316,0,Normal
INV003317,0,Normal
INV003318,0,Normal
INV003319,0,Normal
INV003320,0,Normal
INV003321,0,Normal
INV003322,0,Normal
INV003323,0,Normal
INV003324,0,Normal
INV003325,0,Normal
INV003326,0,Normal
INV003327,0,Normal
INV003328,0,Normal
INV003329,0,Normal
INV003330,0,Normal
INV003331,0,Normal
INV003332,0,Normal
INV003333,0,Normal
INV003334,0,Normal
INV003335,0,Normal
INV003337,0,Normal
INV003338,0,Normal
INV003339,0,Normal
INV003340,0,Normal
INV003341,0,Normal
INV003342,0,Normal
INV003344,0,Normal
INV003345,0,Normal
INV003346,0,Normal
INV003347,0,Normal
INV003348,0,Normal
INV003349,0,Normal
INV003350,0,Normal
INV003351,0,Normal
INV003352,0,Normal
INV003353,0,Normal
INV003354,0,Normal
INV003355,0,Normal
INV003356,0,Normal
INV003357,0,Normal
INV003358,0,Normal
INV003359,0,Normal
INV003360,0,Normal
INV003361,0,Normal
INV003363,0,Normal
INV003364,0,Normal
INV003365,0,Normal
INV003366,0,Normal
INV003367,0,Normal
INV003368,0,Normal
INV003369,0,Normal
INV003370,0,Normal
INV003371,0,Normal
INV003372,0,Normal
INV003373,0,Normal
INV003374,0,Normal
INV003375,0,Normal
INV003376,0,Normal
INV003377,0,Normal
INV003378,0,Normal
INV003379,0,Normal
INV003380,0,Normal
INV003381,0,Normal
INV003383,0,Normal
INV003384,0,Normal
INV003385,0,Normal
INV003386,0,Normal
INV003387,0,Normal
INV003388,0,Normal
INV003389,0,Normal
INV003390,0,Normal
INV003391,0,Normal
INV003392,0,Normal
INV003393,0,Normal
INV003394,0,Normal
INV003395,0,Normal
INV003397,0,Normal
INV003398,0,Normal
INV003399,0,Normal
INV003400,0,Normal
INV003401,0,Normal
INV003404,0,Normal
INV003405,0,Normal
INV003406,0,Normal
INV003407,0,Normal
INV003408,0,Normal
INV003409,0,Normal
INV003410,0,Normal
INV003411,0,Normal
INV003412,0,Normal
INV003414,0,Normal
INV003415,0,Normal
INV003416,0,Normal
INV003417,0,Normal
INV003418,0,Normal
INV003419,0,Normal
INV003420,0,Normal
INV003421,0,Normal
INV003422,0,Normal
INV003423,0,Normal
INV003424,0,Normal
INV003426,0,Normal
INV003427,0,Normal
INV003428,0,Normal
INV003429,0,Normal
INV003430,0,Normal
INV003431,0,Normal
INV003432,0,Normal
INV003433,0,Normal
INV003434,0,Normal
INV003435,0,Normal
INV003436,0,Normal
INV003437,0,Normal
INV003438,0,Normal
INV003439,0,Normal
INV003440,0,Normal
INV003441,0,Normal
INV003442,0,Normal
INV003443,0,Normal
INV003444,0,Normal
INV003445,0,Normal
INV003446,0,Normal
INV003447,0,Normal
INV003448,0,Normal
INV003449,0,Normal
INV003450,0,Normal
INV003451,0,Normal
INV003452,0,Normal
INV003454,0,Normal
INV003455,0,Normal
INV003456,0,Normal
INV003457,0,Normal
INV003458,0,Normal
INV003459,0,Normal
INV003460,0,Normal
INV003461,0,Normal
INV003462,0,Normal
INV003463,0,Normal
INV003464,0,Normal
INV003465,0,Normal
INV003466,0,Normal
INV003467,0,Normal
INV003468,0,Normal
INV003469,0,Normal
INV003470,0,Normal
INV003471,0,Normal
INV003472,0,Normal
INV003473,0,Normal
INV003474,0,Normal
INV003475,0,Normal
INV003476,0,Normal
INV003477,0,Normal
INV003478,0,Normal
INV003479,0,Normal
INV003480,0,Normal
INV003481,0,Normal
INV003482,0,Normal
INV003483,0,Normal
INV003484,0,Normal
INV003485,0,Normal
INV003486,0,Normal
INV003487,0,Normal
INV003488,0,Normal
INV003489,0,Normal
INV003490,0,Normal
INV003491,0,Normal
INV003492,0,Normal
INV003493,0,Normal
INV003494,0,Normal
INV003495,0,Normal
INV003496,0,Normal
INV003497,0,Normal
INV003498,0,Normal
INV003499,0,Normal
INV003500,0,Normal
INV003501,0,Normal
INV003502,0,Normal
INV003504,0,Normal
INV003505,0,Normal
INV003507,0,Normal
INV003508,0,Normal
INV003509,0,Normal
INV003510,0,Normal
INV003511,0,Normal
INV003512,0,Normal
INV003513,0,Normal
INV003514,0,Normal
INV003516,0,Normal
INV003517,0,Normal
INV003518,0,Normal
INV003519,0,Normal
INV003520,0,Normal
INV003521,0,Normal
INV003522,0,Normal
INV003523,0,Normal
INV003524,0,Normal
INV003525,0,Normal
INV003526,0,Normal
INV003527,0,Normal
INV003528,0,Normal
INV003529,0,Normal
INV003530,0,Normal
INV003531,0,Normal
INV003532,0,Normal
INV003533,0,Normal
INV003534,0,Normal
INV003535,0,Normal
INV003536,0,Normal
INV003538,0,Normal
INV003539,0,Normal
INV003540,0,Normal
INV003541,0,Normal
INV003543,0,Normal
INV003544,0,Normal
INV003545,0,Normal
INV003546,0,Normal
INV003547,0,Normal
INV003548,0,Normal
INV003549,0,Normal
INV003550,0,Normal
INV003551,0,Normal
INV003552,0,Normal
INV003553,0,Normal
INV003554,0,Normal
INV003556,0,Normal
INV003558,0,Normal
INV003559,0,Normal
INV003560,0,Normal
INV003561,0,Normal
INV003562,0,Normal
INV003563,0,Normal
INV003564,0,Normal
INV003565,0,Normal
INV003566,0,Normal
INV003567,0,Normal
INV003568,0,Normal
INV003569,0,Normal
INV003570,0,Normal
INV003571,0,Normal
INV003572,0,Normal
INV003573,0,Normal
INV003574,0,Normal
INV003575,0,Normal
INV003576,0,Normal
INV003577,0,Normal
INV003578,0,Normal
INV003579,0,Normal
INV003580,0,Normal
INV003581,0,Normal
INV003582,0,Normal
INV003583,0,Normal
INV003584,0,Normal
INV003585,0,Normal
INV003586,0,Normal
INV003587,0,Normal
INV003588,0,Normal
INV003589,0,Normal
INV003590,0,Normal
INV003591,0,Normal
INV003592,0,Normal
INV003593,0,Normal
INV003594,0,Normal
INV003595,0,Normal
INV003596,0,Normal
INV003597,0,Normal
INV003598,0,Normal
INV003599,0,Normal
INV003600,0,Normal
INV003601,0,Normal
INV003603,0,Normal
INV003604,0,Normal
INV003605,0,Normal
INV003606,0,Normal
INV003607,0,Normal
INV003608,0,Normal
INV003609,0,Normal
INV003610,0,Normal
INV003611,0,Normal
INV003612,0,Normal
INV003613,0,Normal
INV003614,0,Normal
INV003615,0,Normal
INV003616,0,Normal
INV003617,0,Normal
INV003618,0,Normal
INV003619,0,Normal
INV003620,0,Normal
INV003621,0,Normal
INV003622,0,Normal
INV003624,0,Normal
INV003625,0,Normal
INV003627,0,Normal
INV003628,0,Normal
INV003629,0,Normal
INV003630,0,Normal
INV003631,0,Normal
INV003633,0,Normal
INV003634,0,Normal
INV003635,0,Normal
INV003636,0,Normal
INV003637,0,Normal
INV003638,0,Normal
INV003639,0,Normal
INV003640,0,Normal
INV003641,0,Normal
INV003642,0,Normal
INV003643,0,Normal
INV003644,0,Normal
INV003645,0,Normal
INV003646,0,Normal
INV003647,0,Normal
INV003648,0,Normal
INV003649,0,Normal
INV003651,0,Normal
INV003652,0,Normal
INV003653,0,Normal
INV003654,0,Normal
INV003655,0,Normal
INV003656,0,Normal
INV003657,0,Normal
INV003658,0,Normal
INV003659,0,Normal
INV003660,0,Normal
INV003661,0,Normal
INV003662,0,Normal
INV003663,0,Normal
INV003664,0,Normal
INV003665,0,Normal
INV003666,0,Normal
INV003667,0,Normal
INV003668,0,Normal
INV003670,0,Normal
INV003671,0,Normal
INV003672,0,Normal
INV003673,0,Normal
INV003674,0,Normal
INV003675,0,Normal
INV003676,0,Normal
INV003677,0,Normal
INV003678,0,Normal
INV003679,0,Normal
INV003680,0,Normal
INV003681,0,Normal
INV003682,0,Normal
INV003683,0,Normal
INV003684,0,Normal
INV003685,0,Normal
INV003686,0,Normal
INV003687,0,Normal
INV003688,0,Normal
INV003689,0,Normal
INV003690,0,Normal
INV003691,0,Normal
INV003692,0,Normal
INV003693,0,Normal
INV003694,0,Normal
INV003695,0,Normal
INV003696,0,Normal
INV003697,0,Normal
INV003698,0,Normal
INV003699,0,Normal
INV003700,0,Normal
INV003701,0,Normal
INV003702,0,Normal
INV003703,0,Normal
INV003704,0,Normal
INV003705,0,Normal
INV003706,0,Normal
INV003707,0,Normal
INV003708,0,Normal
INV003709,0,Normal
INV003710,0,Normal
INV003711,0,Normal
INV003712,0,Normal
INV003713,0,Normal
INV003714,0,Normal
INV003716,0,Normal
INV003717,0,Normal
INV003718,0,Normal
INV003719,0,Normal
INV003721,0,Normal
INV003722,0,Normal
INV003723,0,Normal
INV003724,0,Normal
INV003726,0,Normal
INV003727,0,Normal
INV003728,0,Normal
INV003729,0,Normal
INV003730,0,Normal
INV003731,0,Normal
INV003732,0,Normal
INV003733,0,Normal
INV003734,0,Normal
INV003735,0,Normal
INV003736,0,Normal
INV003737,0,Normal
INV003738,0,Normal
INV003739,0,Normal
INV003740,0,Normal
INV003741,0,Normal
INV003742,0,Normal
INV003743,0,Normal
INV003744,0,Normal
INV003745,0,Normal
INV003747,0,Normal
INV003748,0,Normal
INV003749,0,Normal
INV003750,0,Normal
INV003751,0,Normal
INV003753,0,Normal
INV003754,0,Normal
INV003755,0,Normal
INV003756,0,Normal
INV003757,0,Normal
INV003758,0,Normal
INV003759,0,Normal
INV003760,0,Normal
INV003761,0,Normal
INV003762,0,Normal
INV003763,0,Normal
INV003764,0,Normal
INV003765,0,Normal
INV003766,0,Normal
INV003767,0,Normal
INV003768,0,Normal
INV003769,0,Normal
INV003770,0,Normal
INV003771,0,Normal
INV003772,0,Normal
INV003773,0,Normal
INV003774,0,Normal
INV003775,0,Normal
INV003776,0,Normal
INV003777,0,Normal
INV003778,0,Normal
INV003779,0,Normal
INV003780,0,Normal
INV003781,0,Normal
INV003782,0,Normal
INV003783,0,Normal
INV003784,0,Normal
INV003785,0,Normal
INV003786,0,Normal
INV003787,0,Normal
INV003788,0,Normal
INV003789,0,Normal
INV003790,0,Normal
INV003791,0,Normal
INV003792,0,Normal
INV003793,0,Normal
INV003794,0,Normal
INV003795,0,Normal
INV003796,0,Normal
INV003797,0,Normal
INV003798,0,Normal
INV003799,0,Normal
INV003800,0,Normal
INV003801,0,Normal
INV003802,0,Normal
INV003803,0,Normal
INV003804,0,Normal
INV003805,0,Normal
INV003806,0,Normal
INV003808,0,Normal
INV003809,0,Normal
INV003810,0,Normal
INV003811,0,Normal
INV003812,0,Normal
INV003813,0,Normal
INV003814,0,Normal
INV003815,0,Normal
INV003816,0,Normal
INV003817,0,Normal
INV003818,0,Normal
INV003819,0,Normal
INV003820,0,Normal
INV003821,0,Normal
INV003822,0,Normal
INV003823,0,Normal
INV003824,0,Normal
INV003825,0,Normal
INV003826,0,Normal
INV003827,0,Normal
INV003828,0,Normal
INV003829,0,Normal
INV003830,0,Normal
INV003831,0,Normal
INV003832,0,Normal
INV003833,0,Normal
INV003834,0,Normal
INV003835,0,Normal
INV003836,0,Normal
INV003837,0,Normal
INV003838,0,Normal
INV003839,0,Normal
INV003840,0,Normal
INV003841,0,Normal
INV003842,0,Normal
INV003844,0,Normal
INV003845,0,Normal
INV003847,0,Normal
INV003848,0,Normal
INV003849,0,Normal
INV003850,0,Normal
INV003851,0,Normal
INV003852,0,Normal
INV003853,0,Normal
INV003854,0,Normal
INV003855,0,Normal
INV003856,0,Normal
INV003857,0,Normal
INV003858,0,Normal
INV003859,0,Normal
INV003860,0,Normal
INV003861,0,Normal
INV003862,0,Normal
INV003863,0,Normal
INV003864,0,Normal
INV003865,0,Normal
INV003866,0,Normal
INV003867,0,Normal
INV003868,0,Normal
INV003869,0,Normal
INV003870,0,Normal
INV003871,0,Normal
INV003872,0,Normal
INV003873,0,Normal
INV003874,0,Normal
INV003875,0,Normal
INV003876,0,Normal
INV003877,0,Normal
INV003878,0,Normal
INV003879,0,Normal
INV003880,0,Normal
INV003881,0,Normal
INV003882,0,Normal
INV003883,0,Normal
INV003884,0,Normal
INV003885,0,Normal
INV003886,0,Normal
INV003887,0,Normal
INV003888,0,Normal
INV003889,0,Normal
INV003890,0,Normal
INV003891,0,Normal
INV003892,0,Normal
INV003893,0,Normal
INV003894,0,Normal
INV003895,0,Normal
INV003896,0,Normal
INV003897,0,Normal
INV003898,0,Normal
INV003899,0,Normal
INV003900,0,Normal
INV003901,0,Normal
INV003902,0,Normal
INV003903,0,Normal
INV003904,0,Normal
INV003905,0,Normal
INV003906,0,Normal
INV003907,0,Normal
INV003908,0,Normal
INV003909,0,Normal
INV003910,0,Normal
INV003911,0,Normal
INV003912,0,Normal
INV003913,0,Normal
INV003914,0,Normal
INV003915,0,Normal
INV003916,0,Normal
INV003917,0,Normal
INV003918,0,Normal
INV003919,0,Normal
INV003920,0,Normal
INV003921,0,Normal
INV003922,0,Normal
INV003923,0,Normal
INV003924,0,Normal
INV003925,0,Normal
INV003926,0,Normal
INV003927,0,Normal
INV003928,0,Normal
INV003929,0,Normal
INV003930,0,Normal
INV003931,0,Normal
INV003932,0,Normal
INV003933,0,Normal
INV003934,0,Normal
INV003935,0,Normal
INV003936,0,Normal
INV003937,0,Normal
INV003938,0,Normal
INV003939,0,Normal
INV003940,0,Normal
INV003941,0,Normal
INV003942,0,Normal
INV003943,0,Normal
INV003944,0,Normal
INV003945,0,Normal
INV003946,0,Normal
INV003947,0,Normal
INV003948,0,Normal
INV003949,0,Normal
INV003950,0,Normal
INV003951,0,Normal
INV003952,0,Normal
INV003953,0,Normal
INV003955,0,Normal
INV003956,0,Normal
INV003957,0,Normal
INV003958,0,Normal
INV003959,0,Normal
INV003960,0,Normal
INV003961,0,Normal
INV003962,0,Normal
INV003963,0,Normal
INV003964,0,Normal
INV003965,0,Normal
INV003966,0,Normal
INV003967,0,Normal
INV003968,0,Normal
INV003969,0,Normal
INV003970,0,Normal
INV003971,0,Normal
INV003973,0,Normal
INV003974,0,Normal
INV003975,0,Normal
INV003976,0,Normal
INV003977,0,Normal
INV003978,0,Normal
INV003979,0,Normal
INV003981,0,Normal
INV003982,0,Normal
INV003983,0,Normal
INV003984,0,Normal
INV003985,0,Normal
INV003986,0,Normal
INV003987,0,Normal
INV003988,0,Normal
INV003989,0,Normal
INV003990,0,Normal
INV003991,0,Normal
INV003992,0,Normal
INV003993,0,Normal
INV003994,0,Normal
INV003996,0,Normal
INV003997,0,Normal
INV003998,0,Normal
INV003999,0,Normal
INV004000,0,Normal
INV004001,0,Normal
INV004002,0,Normal
INV004003,0,Normal
INV004004,0,Normal
INV004005,0,Normal
INV004006,0,Normal
INV004007,0,Normal
INV004008,0,Normal
INV004009,0,Normal
INV004010,0,Normal
INV004011,0,Normal
INV004012,0,Normal
INV004013,0,Normal
INV004014,0,Normal
INV004015,0,Normal
INV004016,0,Normal
INV004017,0,Normal
INV004018,0,Normal
INV004019,0,Normal
INV004020,0,Normal
INV004021,0,Normal
INV004022,0,Normal
INV004023,0,Normal
INV004024,0,Normal
INV004026,0,Normal
INV004027,0,Normal
INV004028,0,Normal
INV004029,0,Normal
INV004030,0,Normal
INV004031,0,Normal
INV004032,0,Normal
INV004033,0,Normal
INV004034,0,Normal
INV004035,0,Normal
INV004036,0,Normal
INV004037,0,Normal
INV004038,0,Normal
INV004039,0,Normal
INV004040,0,Normal
INV004041,0,Normal
INV004042,0,Normal
INV004043,0,Normal
INV004044,0,Normal
INV004045,0,Normal
INV004046,0,Normal
INV004047,0,Normal
INV004048,0,Normal
INV004050,0,Normal
INV004051,0,Normal
INV004052,0,Normal
INV004053,0,Normal
INV004054,0,Normal
INV004055,0,Normal
INV004056,0,Normal
INV004057,0,Normal
INV004058,0,Normal
INV004059,0,Normal
INV004060,0,Normal
INV004061,0,Normal
INV004062,0,Normal
INV004063,0,Normal
INV004064,0,Normal
INV004065,0,Normal
INV004066,0,Normal
INV004067,0,Normal
INV004068,0,Normal
INV004069,0,Normal
INV004070,0,Normal
INV004071,0,Normal
INV004072,0,Normal
INV004074,0,Normal
INV004075,0,Normal
INV004076,0,Normal
INV004077,0,Normal
INV004078,0,Normal
INV004079,0,Normal
INV004080,0,Normal
INV004081,0,Normal
INV004082,0,Normal
INV004083,0,Normal
INV004084,0,Normal
INV004085,0,Normal
INV004086,0,Normal
INV004087,0,Normal
INV004088,0,Normal
INV004089,0,Normal
INV004090,0,Normal
INV004091,0,Normal
INV004092,0,Normal
INV004093,0,Normal
INV004094,0,Normal
INV004095,0,Normal
INV004096,0,Normal
INV004097,0,Normal
INV004098,0,Normal
INV004099,0,Normal
INV004100,0,Normal
INV004101,0,Normal
INV004102,0,Normal
INV004104,0,Normal
INV004105,0,Normal
INV004106,0,Normal
INV004107,0,Normal
INV004108,0,Normal
INV004109,0,Normal
INV004110,0,Normal
INV004111,0,Normal
INV004112,0,Normal
INV004113,0,Normal
INV004114,0,Normal
INV004115,0,Normal
INV004116,0,Normal
INV004118,0,Normal
INV004119,0,Normal
INV004120,0,Normal
INV004121,0,Normal
INV004122,0,Normal
INV004123,0,Normal
INV004124,0,Normal
INV004125,0,Normal
INV004126,0,Normal
INV004127,0,Normal
INV004128,0,Normal
INV004129,0,Normal
INV004130,0,Normal
INV004131,0,Normal
INV004132,0,Normal
INV004134,0,Normal
INV004135,0,Normal
INV004136,0,Normal
INV004137,0,Normal
INV004138,0,Normal
INV004139,0,Normal
INV004140,0,Normal
INV004141,0,Normal
INV004142,0,Normal
INV004143,0,Normal
INV004144,0,Normal
INV004146,0,Normal
INV004147,0,Normal
INV004148,0,Normal
INV004149,0,Normal
INV004150,0,Normal
INV004151,0,Normal
INV004152,0,Normal
INV004153,0,Normal
INV004154,0,Normal
INV004155,0,Normal
INV004156,0,Normal
INV004157,0,Normal
INV004158,0,Normal
INV004159,0,Normal
INV004160,0,Normal
INV004161,0,Normal
INV004162,0,Normal
INV004163,0,Normal
INV004164,0,Normal
INV004165,0,Normal
INV004166,0,Normal
INV004167,0,Normal
INV004168,0,Normal
INV004169,0,Normal
INV004170,0,Normal
INV004171,0,Normal
INV004172,0,Normal
INV004173,0,Normal
INV004174,0,Normal
INV004175,0,Normal
INV004176,0,Normal
INV004177,0,Normal
INV004178,0,Normal
INV004179,0,Normal
INV004181,0,Normal
INV004182,0,Normal
INV004183,0,Normal
INV004184,0,Normal
INV004185,0,Normal
INV004186,0,Normal
INV004187,0,Normal
INV004188,0,Normal
INV004189,0,Normal
INV004190,0,Normal
INV004191,0,Normal
INV004192,0,Normal
INV004193,0,Normal
INV004194,0,Normal
INV004195,0,Normal
INV004196,0,Normal
INV004197,0,Normal
INV004200,0,Normal
INV004201,0,Normal
INV004202,0,Normal
INV004203,0,Normal
INV004204,0,Normal
INV004205,0,Normal
INV004206,0,Normal
INV004207,0,Normal
INV004208,0,Normal
INV004209,0,Normal
INV004210,0,Normal
INV004211,0,Normal
INV004212,0,Normal
INV004213,0,Normal
INV004214,0,Normal
INV004215,0,Normal
INV004216,0,Normal
INV004217,0,Normal
INV004218,0,Normal
INV004219,0,Normal
INV004220,0,Normal
INV004221,0,Normal
INV004222,0,Normal
INV004223,0,Normal
INV004224,0,Normal
INV004225,0,Normal
INV004226,0,Normal
INV004227,0,Normal
INV004228,0,Normal
INV004229,0,Normal
INV004230,0,Normal
INV004231,0,Normal
INV004232,0,Normal
INV004233,0,Normal
INV004234,0,Normal
INV004235,0,Normal
INV004236,0,Normal
INV004237,0,Normal
INV004238,0,Normal
INV004239,0,Normal
INV004240,0,Normal
INV004241,0,Normal
INV004242,0,Normal
INV004243,0,Normal
INV004244,0,Normal
INV004245,0,Normal
INV004246,0,Normal
INV004247,0,Normal
INV004248,0,Normal
INV004249,0,Normal
INV004250,0,Normal
INV004251,0,Normal
INV004252,0,Normal
INV004253,0,Normal
INV004254,0,Normal
INV004255,0,Normal
INV004256,0,Normal
INV004257,0,Normal
INV004258,0,Normal
INV004259,0,Normal
INV004260,0,Normal
INV004261,0,Normal
INV004262,0,Normal
INV004263,0,Normal
INV004264,0,Normal
INV004266,0,Normal
INV004267,0,Normal
INV004269,0,Normal
INV004270,0,Normal
INV004271,0,Normal
INV004272,0,Normal
INV004273,0,Normal
INV004274,0,Normal
INV004275,0,Normal
INV004276,0,Normal
INV004277,0,Normal
INV004278,0,Normal
INV004279,0,Normal
INV004280,0,Normal
INV004281,0,Normal
INV004282,0,Normal
INV004283,0,Normal
INV004284,0,Normal
INV004285,0,Normal
INV004286,0,Normal
INV004287,0,Normal
INV004288,0,Normal
INV004289,0,Normal
INV004290,0,Normal
INV004291,0,Normal
INV004292,0,Normal
INV004293,0,Normal
INV004294,0,Normal
INV004295,0,Normal
INV004296,0,Normal
INV004297,0,Normal
INV004298,0,Normal
INV004299,0,Normal
INV004300,0,Normal
INV004301,0,Normal
INV004302,0,Normal
INV004303,0,Normal
INV004305,0,Normal
INV004306,0,Normal
INV004307,0,Normal
INV004308,0,Normal
INV004309,0,Normal
INV004310,0,Normal
INV004311,0,Normal
INV004312,0,Normal
INV004313,0,Normal
INV004314,0,Normal
INV004315,0,Normal
INV004316,0,Normal
INV004317,0,Normal
INV004318,0,Normal
INV004319,0,Normal
INV004320,0,Normal
INV004321,0,Normal
INV004322,0,Normal
INV004323,0,Normal
INV004324,0,Normal
INV004325,0,Normal
INV004326,0,Normal
INV004327,0,Normal
INV004328,0,Normal
INV004329,0,Normal
INV004330,0,Normal
INV004331,0,Normal
INV004332,0,Normal
INV004333,0,Normal
INV004334,0,Normal
INV004335,0,Normal
INV004336,0,Normal
INV004337,0,Normal
INV004338,0,Normal
INV004339,0,Normal
INV004340,0,Normal
INV004341,0,Normal
INV004342,0,Normal
INV004343,0,Normal
INV004344,0,Normal
INV004345,0,Normal
INV004346,0,Normal
INV004347,0,Normal
INV004348,0,Normal
INV004349,0,Normal
INV004350,0,Normal
INV004351,0,Normal
INV004353,0,Normal
INV004354,0,Normal
INV004355,0,Normal
INV004356,0,Normal
INV004357,0,Normal
INV004358,0,Normal
INV004359,0,Normal
INV004360,0,Normal
INV004361,0,Normal
INV004362,0,Normal
INV004363,0,Normal
INV004364,0,Normal
INV004365,0,Normal
INV004366,0,Normal
INV004367,0,Normal
INV004368,0,Normal
INV004369,0,Normal
INV004370,0,Normal
INV004371,0,Normal
INV004372,0,Normal
INV004373,0,Normal
INV004374,0,Normal
INV004375,0,Normal
INV004376,0,Normal
INV004377,0,Normal
INV004378,0,Normal
INV004379,0,Normal
INV004380,0,Normal
INV004381,0,Normal
INV004382,0,Normal
INV004384,0,Normal
INV004385,0,Normal
INV004386,0,Normal
INV004388,0,Normal
INV004389,0,Normal
INV004390,0,Normal
INV004391,0,Normal
INV004392,0,Normal
INV004393,0,Normal
INV004394,0,Normal
INV004395,0,Normal
INV004396,0,Normal
INV004397,0,Normal
INV004398,0,Normal
INV004399,0,Normal
INV004400,0,Normal
INV004401,0,Normal
INV004402,0,Normal
INV004403,0,Normal
INV004404,0,Normal
INV004405,0,Normal
INV004406,0,Normal
INV004407,0,Normal
INV004408,0,Normal
INV004409,0,Normal
INV004410,0,Normal
INV004411,0,Normal
INV004412,0,Normal
INV004413,0,Normal
INV004414,0,Normal
INV004415,0,Normal
INV004416,0,Normal
INV004417,0,Normal
INV004418,0,Normal
INV004419,0,Normal
INV004420,0,Normal
INV004421,0,Normal
INV004422,0,Normal
INV004424,0,Normal
INV004425,0,Normal
INV004426,0,Normal
INV004427,0,Normal
INV004428,0,Normal
INV004429,0,Normal
INV004430,0,Normal
INV004431,0,Normal
INV004433,0,Normal
INV004434,0,Normal
INV004435,0,Normal
INV004436,0,Normal
INV004437,0,Normal
INV004438,0,Normal
INV004439,0,Normal
INV004440,0,Normal
INV004442,0,Normal
INV004443,0,Normal
INV004444,0,Normal
INV004445,0,Normal
INV004446,0,Normal
INV004447,0,Normal
INV004449,0,Normal
INV004450,0,Normal
INV004452,0,Normal
INV004453,0,Normal
INV004454,0,Normal
INV004455,0,Normal
INV004456,0,Normal
INV004457,0,Normal
INV004458,0,Normal
INV004459,0,Normal
INV004460,0,Normal
INV004461,0,Normal
INV004462,0,Normal
INV004463,0,Normal
INV004464,0,Normal
INV004465,0,Normal
INV004466,0,Normal
INV004467,0,Normal
INV004468,0,Normal
INV004469,0,Normal
INV004470,0,Normal
INV004471,0,Normal
INV004472,0,Normal
INV004473,0,Normal
INV004474,0,Normal
INV004475,0,Normal
INV004476,0,Normal
INV004477,0,Normal
INV004478,0,Normal
INV004480,0,Normal
INV004481,0,Normal
INV004482,0,Normal
INV004483,0,Normal
INV004484,0,Normal
INV004485,0,Normal
INV004486,0,Normal
INV004487,0,Normal
INV004488,0,Normal
INV004489,0,Normal
INV004491,0,Normal
INV004492,0,Normal
INV004493,0,Normal
INV004494,0,Normal
INV004495,0,Normal
INV004496,0,Normal
INV004497,0,Normal
INV004498,0,Normal
INV004499,0,Normal
INV004500,0,Normal
INV004501,0,Normal
INV004502,0,Normal
INV004503,0,Normal
INV004504,0,Normal
INV004505,0,Normal
INV004506,0,Normal
INV004507,0,Normal
INV004508,0,Normal
INV004509,0,Normal
INV004510,0,Normal
INV004511,0,Normal
INV004512,0,Normal
INV004513,0,Normal
INV004514,0,Normal
INV004515,0,Normal
INV004516,0,Normal
INV004517,0,Normal
INV004518,0,Normal
INV004519,0,Normal
INV004520,0,Normal
INV004521,0,Normal
INV004523,0,Normal
INV004524,0,Normal
INV004525,0,Normal
INV004526,0,Normal
INV004527,0,Normal
INV004529,0,Normal
INV004530,0,Normal
INV004531,0,Normal
INV004532,0,Normal
INV004533,0,Normal
INV004534,0,Normal
INV004535,0,Normal
INV004536,0,Normal
INV004537,0,Normal
INV004538,0,Normal
INV004539,0,Normal
INV004540,0,Normal
INV004542,0,Normal
INV004543,0,Normal
INV004544,0,Normal
INV004545,0,Normal
INV004546,0,Normal
INV004547,0,Normal
INV004548,0,Normal
INV004549,0,Normal
INV004550,0,Normal
INV004551,0,Normal
INV004552,0,Normal
INV004553,0,Normal
INV004554,0,Normal
INV004555,0,Normal
INV004556,0,Normal
INV004557,0,Normal
INV004558,0,Normal
INV004559,0,Normal
INV004560,0,Normal
INV004561,0,Normal
INV004562,0,Normal
INV004563,0,Normal
INV004564,0,Normal
INV004565,0,Normal
INV004566,0,Normal
INV004567,0,Normal
INV004568,0,Normal
INV004569,0,Normal
INV004570,0,Normal
INV004571,0,Normal
INV004572,0,Normal
INV004573,0,Normal
INV004574,0,Normal
INV004575,0,Normal
INV004576,0,Normal
INV004577,0,Normal
INV004578,0,Normal
INV004579,0,Normal
INV004580,0,Normal
INV004581,0,Normal
INV004582,0,Normal
INV004583,0,Normal
INV004584,0,Normal
INV004585,0,Normal
INV004586,0,Normal
INV004587,0,Normal
INV004588,0,Normal
INV004589,0,Normal
INV004590,0,Normal
INV004591,0,Normal
INV004592,0,Normal
INV004593,0,Normal
INV004594,0,Normal
INV004595,0,Normal
INV004596,0,Normal
INV004597,0,Normal
INV004598,0,Normal
INV004599,0,Normal
INV004600,0,Normal
INV004601,0,Normal
INV004602,0,Normal
INV004603,0,Normal
INV004604,0,Normal
INV004605,0,Normal
INV004606,0,Normal
INV004607,0,Normal
INV004608,0,Normal
INV004609,0,Normal
INV004610,0,Normal
INV004611,0,Normal
INV004612,0,Normal
INV004613,0,Normal
INV004614,0,Normal
INV004615,0,Normal
INV004616,0,Normal
INV004617,0,Normal
INV004618,0,Normal
INV004619,0,Normal
INV004620,0,Normal
INV004621,0,Normal
INV004622,0,Normal
INV004623,0,Normal
INV004624,0,Normal
INV004625,0,Normal
INV004626,0,Normal
INV004627,0,Normal
INV004628,0,Normal
INV004629,0,Normal
INV004630,0,Normal
INV004631,0,Normal
INV004632,0,Normal
INV004633,0,Normal
INV004634,0,Normal
INV004635,0,Normal
INV004636,0,Normal
INV004637,0,Normal
INV004638,0,Normal
INV004639,0,Normal
INV004640,0,Normal
INV004641,0,Normal
INV004642,0,Normal
INV004643,0,Normal
INV004644,0,Normal
INV004645,0,Normal
INV004646,0,Normal
INV004647,0,Normal
INV004648,0,Normal
INV004649,0,Normal
INV004650,0,Normal
INV004651,0,Normal
INV004652,0,Normal
INV004653,0,Normal
INV004654,0,Normal
INV004655,0,Normal
INV004657,0,Normal
INV004658,0,Normal
INV004659,0,Normal
INV004660,0,Normal
INV004661,0,Normal
INV004662,0,Normal
INV004663,0,Normal
INV004664,0,Normal
INV004665,0,Normal
INV004666,0,Normal
INV004667,0,Normal
INV004668,0,Normal
INV004669,0,Normal
INV004670,0,Normal
INV004671,0,Normal
INV004673,0,Normal
INV004674,0,Normal
INV004675,0,Normal
INV004676,0,Normal
INV004677,0,Normal
INV004678,0,Normal
INV004679,0,Normal
INV004680,0,Normal
INV004681,0,Normal
INV004683,0,Normal
INV004684,0,Normal
INV004685,0,Normal
INV004686,0,Normal
INV004687,0,Normal
INV004688,0,Normal
INV004689,0,Normal
INV004690,0,Normal
INV004691,0,Normal
INV004692,0,Normal
INV004693,0,Normal
INV004694,0,Normal
INV004695,0,Normal
INV004696,0,Normal
INV004697,0,Normal
INV004698,0,Normal
INV004699,0,Normal
INV004700,0,Normal
INV004701,0,Normal
INV004702,0,Normal
INV004703,0,Normal
INV004704,0,Normal
INV004705,0,Normal
INV004706,0,Normal
INV004707,0,Normal
INV004708,0,Normal
INV004709,0,Normal
INV004710,0,Normal
INV004711,0,Normal
INV004712,0,Normal
INV004713,0,Normal
INV004714,0,Normal
INV004715,0,Normal
INV004716,0,Normal
INV004717,0,Normal
INV004718,0,Normal
INV004719,0,Normal
INV004720,0,Normal
INV004721,0,Normal
INV004722,0,Normal
INV004723,0,Normal
INV004724,0,Normal
INV004725,0,Normal
INV004726,0,Normal
INV004727,0,Normal
INV004728,0,Normal
INV004729,0,Normal
INV004730,0,Normal
INV004731,0,Normal
INV004732,0,Normal
INV004733,0,Normal
INV004734,0,Normal
INV004735,0,Normal
INV004736,0,Normal
INV004738,0,Normal
INV004739,0,Normal
INV004740,0,Normal
INV004741,0,Normal
INV004742,0,Normal
INV004743,0,Normal
INV004744,0,Normal
INV004745,0,Normal
INV004746,0,Normal
INV004747,0,Normal
INV004748,0,Normal
INV004749,0,Normal
INV004751,0,Normal
INV004752,0,Normal
INV004753,0,Normal
INV004754,0,Normal
INV004756,0,Normal
INV004757,0,Normal
INV004758,0,Normal
INV004759,0,Normal
INV004760,0,Normal
INV004761,0,Normal
INV004762,0,Normal
INV004763,0,Normal
INV004764,0,Normal
INV004765,0,Normal
INV004766,0,Normal
INV004767,0,Normal
INV004768,0,Normal
INV004769,0,Normal
INV004770,0,Normal
INV004771,0,Normal
INV004772,0,Normal
INV004773,0,Normal
INV004774,0,Normal
INV004775,0,Normal
INV004776,0,Normal
INV004777,0,Normal
INV004778,0,Normal
INV004779,0,Normal
INV004780,0,Normal
INV004782,0,Normal
INV004783,0,Normal
INV004784,0,Normal
INV004785,0,Normal
INV004786,0,Normal
INV004787,0,Normal
INV004788,0,Normal
INV004790,0,Normal
INV004791,0,Normal
INV004792,0,Normal
INV004793,0,Normal
INV004794,0,Normal
INV004795,0,Normal
INV004796,0,Normal
INV004797,0,Normal
INV004798,0,Normal
INV004799,0,Normal
INV004800,0,Normal
INV004801,0,Normal
INV004802,0,Normal
INV004803,0,Normal
INV004804,0,Normal
INV004805,0,Normal
INV004807,0,Normal
INV004808,0,Normal
INV004809,0,Normal
INV004810,0,Normal
INV004811,0,Normal
INV004812,0,Normal
INV004814,0,Normal
INV004815,0,Normal
INV004816,0,Normal
INV004817,0,Normal
INV004818,0,Normal
INV004819,0,Normal
INV004820,0,Normal
INV004821,0,Normal
INV004822,0,Normal
INV004823,0,Normal
INV004824,0,Normal
INV004825,0,Normal
INV004826,0,Normal
INV004827,0,Normal
INV004828,0,Normal
INV004829,0,Normal
INV004830,0,Normal
INV004831,0,Normal
INV004832,0,Normal
INV004833,0,Normal
INV004834,0,Normal
INV004835,0,Normal
INV004836,0,Normal
INV004837,0,Normal
INV004838,0,Normal
INV004839,0,Normal
INV004840,0,Normal
INV004841,0,Normal
INV004844,0,Normal
INV004845,0,Normal
INV004846,0,Normal
INV004847,0,Normal
INV004848,0,Normal
INV004849,0,Normal
INV004850,0,Normal
INV004851,0,Normal
INV004852,0,Normal
INV004853,0,Normal
INV004854,0,Normal
INV004855,0,Normal
INV004856,0,Normal
INV004857,0,Normal
INV004858,0,Normal
INV004859,0,Normal
INV004860,0,Normal
INV004861,0,Normal
INV004862,0,Normal
INV004863,0,Normal
INV004864,0,Normal
INV004865,0,Normal
INV004866,0,Normal
INV004867,0,Normal
INV004868,0,Normal
INV004869,0,Normal
INV004870,0,Normal
INV004871,0,Normal
INV004872,0,Normal
INV004873,0,Normal
INV004874,0,Normal
INV004875,0,Normal
INV004878,0,Normal
INV004879,0,Normal
INV004880,0,Normal
INV004881,0,Normal
INV004882,0,Normal
INV004883,0,Normal
INV004884,0,Normal
INV004885,0,Normal
INV004886,0,Normal
INV004887,0,Normal
INV004888,0,Normal
INV004889,0,Normal
INV004890,0,Normal
INV004891,0,Normal
INV004892,0,Normal
INV004893,0,Normal
INV004894,0,Normal
INV004895,0,Normal
INV004896,0,Normal
INV004897,0,Normal
INV004898,0,Normal
INV004899,0,Normal
INV004900,0,Normal
INV004901,0,Normal
INV004902,0,Normal
INV004903,0,Normal
INV004904,0,Normal
INV004905,0,Normal
INV004906,0,Normal
INV004909,0,Normal
INV004910,0,Normal
INV004911,0,Normal
INV004912,0,Normal
INV004913,0,Normal
INV004914,0,Normal
INV004915,0,Normal
INV004916,0,Normal
INV004917,0,Normal
INV004918,0,Normal
INV004919,0,Normal
INV004920,0,Normal
INV004921,0,Normal
INV004922,0,Normal
INV004923,0,Normal
INV004924,0,Normal
INV004925,0,Normal
INV004926,0,Normal
INV004927,0,Normal
INV004928,0,Normal
INV004929,0,Normal
INV004930,0,Normal
INV004931,0,Normal
INV004932,0,Normal
INV004933,0,Normal
INV004934,0,Normal
INV004935,0,Normal
INV004936,0,Normal
INV004937,0,Normal
INV004938,0,Normal
INV004939,0,Normal
INV004940,0,Normal
INV004941,0,Normal
INV004942,0,Normal
INV004943,0,Normal
INV004944,0,Normal
INV004945,0,Normal
INV004946,0,Normal
INV004947,0,Normal
INV004948,0,Normal
INV004949,0,Normal
INV004950,0,Normal
INV004951,0,Normal
INV004952,0,Normal
INV004953,0,Normal
INV004954,0,Normal
INV004955,0,Normal
INV004956,0,Normal
INV004957,0,Normal
INV004959,0,Normal
INV004960,0,Normal
INV004961,0,Normal
INV004962,0,Normal
INV004963,0,Normal
INV004964,0,Normal
INV004965,0,Normal
INV004966,0,Normal
INV004967,0,Normal
INV004968,0,Normal
INV004969,0,Normal
INV004970,0,Normal
INV004971,0,Normal
INV004972,0,Normal
INV004973,0,Normal
INV004974,0,Normal
INV004975,0,Normal
INV004976,0,Normal
INV004977,0,Normal
INV004978,0,Normal
INV004979,0,Normal
INV004980,0,Normal
INV004981,0,Normal
INV004982,0,Normal
INV004983,0,Normal
INV004984,0,Normal
INV004985,0,Normal
INV004986,0,Normal
INV004987,0,Normal
INV004988,0,Normal
INV004990,0,Normal
INV004991,0,Normal
INV004992,0,Normal
INV004993,0,Normal
INV004994,0,Normal
INV004995,0,Normal
INV004996,0,Normal
INV004997,0,Normal
INV004998,0,Normal
INV004999,0,Normal
INV005001,0,Normal
INV005002,0,Normal
INV005003,0,Normal
INV005004,0,Normal
INV005005,0,Normal
INV005006,0,Normal
INV005007,0,Normal
INV005008,0,Normal
INV005009,0,Normal
INV005010,0,Normal
INV005011,0,Normal
INV005012,0,Normal
INV005013,0,Normal
INV005014,0,Normal
INV005015,0,Normal
INV005016,0,Normal
INV005017,0,Normal
INV005018,0,Normal
INV005019,0,Normal
INV005020,0,Normal
INV005021,0,Normal
INV005022,0,Normal
INV005023,0,Normal
INV005024,0,Normal
INV005025,0,Normal
INV005026,0,Normal
INV005027,0,Normal
INV005028,0,Normal
INV005029,0,Normal
INV005030,0,Normal
INV005031,0,Normal
INV005032,0,Normal
INV005033,0,Normal
INV005034,0,Normal
INV005035,0,Normal
INV005036,0,Normal
INV005037,0,Normal
INV005038,0,Normal
INV005039,0,Normal
INV005040,0,Normal
INV005041,0,Normal
INV005042,0,Normal
INV005043,0,Normal
INV005044,0,Normal
INV005045,0,Normal
INV005046,0,Normal
INV005047,0,Normal
INV005048,0,Normal
INV005049,0,Normal
INV005050,0,Normal
INV005051,0,Normal
INV005052,0,Normal
INV005053,0,Normal
INV005054,0,Normal
INV005055,0,Normal
INV005056,0,Normal
INV005057,0,Normal
INV005058,0,Normal
INV005059,0,Normal
INV005060,0,Normal
INV005062,0,Normal
INV005063,0,Normal
INV005064,0,Normal
INV005065,0,Normal
INV005066,0,Normal
INV005067,0,Normal
INV005068,0,Normal
INV005069,0,Normal
INV005070,0,Normal
INV005071,0,Normal
INV005072,0,Normal
INV005073,0,Normal
INV005074,0,Normal
INV005075,0,Normal
INV005076,0,Normal
INV005077,0,Normal
INV005079,0,Normal
INV005081,0,Normal
INV005082,0,Normal
INV005083,0,Normal
INV005084,0,Normal
INV005085,0,Normal
INV005086,0,Normal
INV005087,0,Normal
INV005088,0,Normal
INV005089,0,Normal
INV005090,0,Normal
INV005091,0,Normal
INV005092,0,Normal
INV005093,0,Normal
INV005094,0,Normal
INV005095,0,Normal
INV005096,0,Normal
INV005097,0,Normal
INV005098,0,Normal
INV005099,0,Normal
INV005100,0,Normal
INV005101,0,Normal
INV005102,0,Normal
INV005104,0,Normal
INV005105,0,Normal
INV005106,0,Normal
INV005107,0,Normal
INV005108,0,Normal
INV005109,0,Normal
INV005110,0,Normal
INV005111,0,Normal
INV005112,0,Normal
INV005113,0,Normal
INV005114,0,Normal
INV005115,0,Normal
INV005116,0,Normal
INV005117,0,Normal
INV005118,0,Normal
INV005119,0,Normal
INV005120,0,Normal
INV005121,0,Normal
INV005122,0,Normal
INV005123,0,Normal
INV005124,0,Normal
INV005125,0,Normal
INV005126,0,Normal
INV005127,0,Normal
INV005128,0,Normal
INV005129,0,Normal
INV005130,0,Normal
INV005131,0,Normal
INV005132,0,Normal
INV005133,0,Normal
INV005134,0,Normal
INV005135,0,Normal
INV005136,0,Normal
INV005137,0,Normal
INV005138,0,Normal
INV005139,0,Normal
INV005140,0,Normal
INV005141,0,Normal
INV005142,0,Normal
INV005143,0,Normal
INV005144,0,Normal
INV005145,0,Normal
INV005146,0,Normal
INV005147,0,Normal
INV005148,0,Normal
INV005149,0,Normal
INV005151,0,Normal
INV005153,0,Normal
INV005154,0,Normal
INV005155,0,Normal
INV005156,0,Normal
INV005157,0,Normal
INV005158,0,Normal
INV005159,0,Normal
INV005160,0,Normal
INV005161,0,Normal
INV005162,0,Normal
INV005163,0,Normal
INV005165,0,Normal
INV005166,0,Normal
INV005167,0,Normal
INV005168,0,Normal
INV005169,0,Normal
INV005170,0,Normal
INV005171,0,Normal
INV005172,0,Normal
INV005173,0,Normal
INV005174,0,Normal
INV005175,0,Normal
INV005177,0,Normal
INV005178,0,Normal
INV005179,0,Normal
INV005180,0,Normal
INV005181,0,Normal
INV005182,0,Normal
INV005183,0,Normal
INV005184,0,Normal
INV005185,0,Normal
INV005186,0,Normal
INV005187,0,Normal
INV005188,0,Normal
INV005189,0,Normal
INV005190,0,Normal
INV005191,0,Normal
INV005192,0,Normal
INV005193,0,Normal
INV005194,0,Normal
INV005195,0,Normal
INV005196,0,Normal
INV005197,0,Normal
INV005198,0,Normal
INV005199,0,Normal
INV005200,0,Normal
INV005201,0,Normal
INV005202,0,Normal
INV005203,0,Normal
INV005204,0,Normal
INV005205,0,Normal
INV005206,0,Normal
INV005207,0,Normal
INV005209,0,Normal
INV005210,0,Normal
INV005211,0,Normal
INV005212,0,Normal
INV005213,0,Normal
INV005215,0,Normal
INV005216,0,Normal
INV005217,0,Normal
INV005218,0,Normal
INV005220,0,Normal
INV005221,0,Normal
INV005222,0,Normal
INV005223,0,Normal
INV005224,0,Normal
INV005225,0,Normal
INV005226,0,Normal
INV005227,0,Normal
INV005228,0,Normal
INV005229,0,Normal
INV005230,0,Normal
INV005231,0,Normal
INV005232,0,Normal
INV005233,0,Normal
INV005234,0,Normal
INV005235,0,Normal
INV005236,0,Normal
INV005237,0,Normal
INV005238,0,Normal
INV005239,0,Normal
INV005240,0,Normal
INV005241,0,Normal
INV005242,0,Normal
INV005244,0,Normal
INV005245,0,Normal
INV005246,0,Normal
INV005247,0,Normal
INV005248,0,Normal
INV005249,0,Normal
INV005250,0,Normal
INV005251,0,Normal
INV005252,0,Normal
INV005253,0,Normal
INV005254,0,Normal
INV005255,0,Normal
INV005256,0,Normal
INV005257,0,Normal
INV005258,0,Normal
INV005259,0,Normal
INV005260,0,Normal
INV005261,0,Normal
INV005262,0,Normal
INV005263,0,Normal
INV005264,0,Normal
INV005265,0,Normal
INV005266,0,Normal
INV005267,0,Normal
INV005268,0,Normal
INV005269,0,Normal
INV005270,0,Normal
INV005271,0,Normal
INV005272,0,Normal
INV005273,0,Normal
INV005274,0,Normal
INV005275,0,Normal
INV005276,0,Normal
INV005277,0,Normal
INV005278,0,Normal
INV005279,0,Normal
INV005280,0,Normal
INV005281,0,Normal
INV005282,0,Normal
INV005283,0,Normal
INV005285,0,Normal
INV005286,0,Normal
INV005287,0,Normal
INV005288,0,Normal
INV005290,0,Normal
INV005291,0,Normal
INV005293,0,Normal
INV005294,0,Normal
INV005295,0,Normal
INV005296,0,Normal
INV005297,0,Normal
INV005298,0,Normal
INV005299,0,Normal
INV005300,0,Normal
INV005301,0,Normal
INV005302,0,Normal
INV005303,0,Normal
INV005305,0,Normal
INV005306,0,Normal
INV005307,0,Normal
INV005308,0,Normal
INV005309,0,Normal
INV005310,0,Normal
INV005311,0,Normal
INV005312,0,Normal
INV005313,0,Normal
INV005314,0,Normal
INV005315,0,Normal
INV005317,0,Normal
INV005318,0,Normal
INV005320,0,Normal
INV005321,0,Normal
INV005322,0,Normal
INV005323,0,Normal
INV005324,0,Normal
INV005325,0,Normal
INV005326,0,Normal
INV005327,0,Normal
INV005328,0,Normal
INV005329,0,Normal
INV005331,0,Normal
INV005332,0,Normal
INV005333,0,Normal
INV005334,0,Normal
INV005335,0,Normal
INV005336,0,Normal
INV005337,0,Normal
INV005338,0,Normal
INV005339,0,Normal
INV005340,0,Normal
INV005341,0,Normal
INV005342,0,Normal
INV005343,0,Normal
INV005344,0,Normal
INV005345,0,Normal
INV005346,0,Normal
INV005347,0,Normal
INV005348,0,Normal
INV005349,0,Normal
INV005350,0,Normal
INV005351,0,Normal
INV005352,0,Normal
INV005353,0,Normal
INV005354,0,Normal
INV005355,0,Normal
INV005356,0,Normal
INV005357,0,Normal
INV005358,0,Normal
INV005359,0,Normal
INV005360,0,Normal
INV005361,0,Normal
INV005362,0,Normal
INV005364,0,Normal
INV005365,0,Normal
INV005366,0,Normal
INV005367,0,Normal
INV005368,0,Normal
INV005369,0,Normal
INV005370,0,Normal
INV005371,0,Normal
INV005372,0,Normal
INV005373,0,Normal
INV005374,0,Normal
INV005375,0,Normal
INV005376,0,Normal
INV005377,0,Normal
INV005378,0,Normal
INV005379,0,Normal
INV005380,0,Normal
INV005381,0,Normal
INV005382,0,Normal
INV005383,0,Normal
INV005384,0,Normal
INV005385,0,Normal
INV005386,0,Normal
INV005387,0,Normal
INV005388,0,Normal
INV005389,0,Normal
INV005390,0,Normal
INV005391,0,Normal
INV005392,0,Normal
INV005393,0,Normal
INV005394,0,Normal
INV005395,0,Normal
INV005396,0,Normal
INV005397,0,Normal
INV005398,0,Normal
INV005399,0,Normal
INV005400,0,Normal
INV005402,0,Normal
INV005403,0,Normal
INV005404,0,Normal
INV005405,0,Normal
INV005406,0,Normal
INV005407,0,Normal
INV005408,0,Normal
INV005409,0,Normal
INV005410,0,Normal
INV005411,0,Normal
INV005412,0,Normal
INV005413,0,Normal
INV005414,0,Normal
INV005415,0,Normal
INV005416,0,Normal
INV005417,0,Normal
INV005418,0,Normal
INV005419,0,Normal
INV005420,0,Normal
INV005421,0,Normal
INV005422,0,Normal
INV005423,0,Normal
INV005424,0,Normal
INV005425,0,Normal
INV005426,0,Normal
INV005427,0,Normal
INV005428,0,Normal
INV005429,0,Normal
INV005430,0,Normal
INV005431,0,Normal
INV005432,0,Normal
INV005433,0,Normal
INV005434,0,Normal
INV005435,0,Normal
INV005436,0,Normal
INV005437,0,Normal
INV005438,0,Normal
INV005439,0,Normal
INV005440,0,Normal
INV005441,0,Normal
INV005442,0,Normal
INV005443,0,Normal
INV005444,0,Normal
INV005445,0,Normal
INV005446,0,Normal
INV005447,0,Normal
INV005448,0,Normal
INV005449,0,Normal
INV005450,0,Normal
INV005451,0,Normal
INV005452,0,Normal
INV005453,0,Normal
INV005454,0,Normal
INV005455,0,Normal
INV005456,0,Normal
INV005457,0,Normal
INV005458,0,Normal
INV005459,0,Normal
INV005460,0,Normal
INV005461,0,Normal
INV005462,0,Normal
INV005463,0,Normal
INV005464,0,Normal
INV005465,0,Normal
INV005466,0,Normal
INV005467,0,Normal
INV005468,0,Normal
INV005469,0,Normal
INV005470,0,Normal
INV005471,0,Normal
INV005472,0,Normal
INV005473,0,Normal
INV005474,0,Normal
INV005475,0,Normal
INV005476,0,Normal
INV005477,0,Normal
INV005478,0,Normal
INV005479,0,Normal
INV005480,0,Normal
INV005481,0,Normal
INV005482,0,Normal
INV005483,0,Normal
INV005484,0,Normal
INV005485,0,Normal
INV005486,0,Normal
INV005487,0,Normal
INV005488,0,Normal
INV005489,0,Normal
INV005490,0,Normal
INV005491,0,Normal
INV005492,0,Normal
INV005493,0,Normal
INV005494,0,Normal
INV005495,0,Normal
INV005496,0,Normal
INV005497,0,Normal
INV005498,0,Normal
INV005499,0,Normal
INV005500,0,Normal
INV005502,0,Normal
INV005504,0,Normal
INV005505,0,Normal
INV005506,0,Normal
INV005507,0,Normal
INV005509,0,Normal
INV005510,0,Normal
INV005511,0,Normal
INV005512,0,Normal
INV005513,0,Normal
INV005514,0,Normal
INV005515,0,Normal
INV005516,0,Normal
INV005517,0,Normal
INV005518,0,Normal
INV005519,0,Normal
INV005520,0,Normal
INV005521,0,Normal
INV005522,0,Normal
INV005523,0,Normal
INV005524,0,Normal
INV005525,0,Normal
INV005526,0,Normal
INV005527,0,Normal
INV005528,0,Normal
INV005529,0,Normal
INV005530,0,Normal
INV005531,0,Normal
INV005532,0,Normal
INV005533,0,Normal
INV005534,0,Normal
INV005535,0,Normal
INV005536,0,Normal
INV005537,0,Normal
INV005538,0,Normal
INV005540,0,Normal
INV005541,0,Normal
INV005542,0,Normal
INV005544,0,Normal
INV005545,0,Normal
INV005546,0,Normal
INV005547,0,Normal
INV005548,0,Normal
INV005549,0,Normal
INV005550,0,Normal
INV005551,0,Normal
INV005552,0,Normal
INV005553,0,Normal
INV005554,0,Normal
INV005555,0,Normal
INV005556,0,Normal
INV005557,0,Normal
INV005558,0,Normal
INV005559,0,Normal
INV005560,0,Normal
INV005561,0,Normal
INV005562,0,Normal
INV005563,0,Normal
INV005564,0,Normal
INV005565,0,Normal
INV005566,0,Normal
INV005567,0,Normal
INV005568,0,Normal
INV005569,0,Normal
INV005570,0,Normal
INV005571,0,Normal
INV005572,0,Normal
INV005573,0,Normal
INV005574,0,Normal
INV005575,0,Normal
INV005576,0,Normal
INV005577,0,Normal
INV005578,0,Normal
INV005579,0,Normal
INV005580,0,Normal
INV005581,0,Normal
INV005582,0,Normal
INV005584,0,Normal
INV005585,0,Normal
INV005586,0,Normal
INV005588,0,Normal
INV005589,0,Normal
INV005590,0,Normal
INV005591,0,Normal
INV005592,0,Normal
INV005593,0,Normal
INV005594,0,Normal
INV005595,0,Normal
INV005596,0,Normal
INV005597,0,Normal
INV005598,0,Normal
INV005599,0,Normal
INV005600,0,Normal
INV005601,0,Normal
INV005602,0,Normal
INV005603,0,Normal
INV005604,0,Normal
INV005605,0,Normal
INV005606,0,Normal
INV005607,0,Normal
INV005608,0,Normal
INV005609,0,Normal
INV005610,0,Normal
INV005611,0,Normal
INV005612,0,Normal
INV005613,0,Normal
INV005614,0,Normal
INV005615,0,Normal
INV005616,0,Normal
INV005617,0,Normal
INV005618,0,Normal
INV005619,0,Normal
INV005620,0,Normal
INV005621,0,Normal
INV005622,0,Normal
INV005623,0,Normal
INV005624,0,Normal
INV005625,0,Normal
INV005626,0,Normal
INV005627,0,Normal
INV005628,0,Normal
INV005629,0,Normal
INV005630,0,Normal
INV005631,0,Normal
INV005632,0,Normal
INV005633,0,Normal
INV005634,0,Normal
INV005635,0,Normal
INV005636,0,Normal
INV005637,0,Normal
INV005638,0,Normal
INV005639,0,Normal
INV005640,0,Normal
INV005641,0,Normal
INV005642,0,Normal
INV005643,0,Normal
INV005644,0,Normal
INV005645,0,Normal
INV005646,0,Normal
INV005647,0,Normal
INV005648,0,Normal
INV005649,0,Normal
INV005650,0,Normal
INV005651,0,Normal
INV005652,0,Normal
INV005653,0,Normal
INV005654,0,Normal
INV005655,0,Normal
INV005656,0,Normal
INV005657,0,Normal
INV005658,0,Normal
INV005659,0,Normal
INV005660,0,Normal
INV005662,0,Normal
INV005663,0,Normal
INV005664,0,Normal
INV005665,0,Normal
INV005666,0,Normal
INV005667,0,Normal
INV005668,0,Normal
INV005669,0,Normal
INV005670,0,Normal
INV005671,0,Normal
INV005672,0,Normal
INV005673,0,Normal
INV005674,0,Normal
INV005675,0,Normal
INV005676,0,Normal
INV005677,0,Normal
INV005679,0,Normal
INV005680,0,Normal
INV005681,0,Normal
INV005682,0,Normal
INV005683,0,Normal
INV005684,0,Normal
INV005685,0,Normal
INV005686,0,Normal
INV005687,0,Normal
INV005688,0,Normal
INV005689,0,Normal
INV005690,0,Normal
INV005691,0,Normal
INV005692,0,Normal
INV005693,0,Normal
INV005694,0,Normal
INV005695,0,Normal
INV005696,0,Normal
INV005697,0,Normal
INV005698,0,Normal
INV005699,0,Normal
INV005700,0,Normal
INV005701,0,Normal
INV005702,0,Normal
INV005703,0,Normal
INV005704,0,Normal
INV005705,0,Normal
INV005706,0,Normal
INV005707,0,Normal
INV005708,0,Normal
INV005709,0,Normal
INV005710,0,Normal
INV005711,0,Normal
INV005712,0,Normal
INV005713,0,Normal
INV005714,0,Normal
INV005715,0,Normal
INV005716,0,Normal
INV005717,0,Normal
INV005718,0,Normal
INV005719,0,Normal
INV005720,0,Normal
INV005721,0,Normal
INV005722,0,Normal
INV005723,0,Normal
INV005724,0,Normal
INV005725,0,Normal
INV005726,0,Normal
INV005727,0,Normal
INV005728,0,Normal
INV005729,0,Normal
INV005730,0,Normal
INV005731,0,Normal
INV005732,0,Normal
INV005733,0,Normal
INV005734,0,Normal
INV005735,0,Normal
INV005736,0,Normal
INV005737,0,Normal
INV005738,0,Normal
INV005739,0,Normal
INV005740,0,Normal
INV005741,0,Normal
INV005742,0,Normal
INV005743,0,Normal
INV005744,0,Normal
INV005745,0,Normal
INV005746,0,Normal
INV005747,0,Normal
INV005748,0,Normal
INV005749,0,Normal
INV005750,0,Normal
INV005751,0,Normal
INV005752,0,Normal
INV005753,0,Normal
INV005754,0,Normal
INV005755,0,Normal
INV005756,0,Normal
INV005758,0,Normal
INV005759,0,Normal
INV005760,0,Normal
INV005761,0,Normal
INV005762,0,Normal
INV005763,0,Normal
INV005764,0,Normal
INV005765,0,Normal
INV005766,0,Normal
INV005767,0,Normal
INV005768,0,Normal
INV005769,0,Normal
INV005770,0,Normal
INV005771,0,Normal
INV005772,0,Normal
INV005773,0,Normal
INV005774,0,Normal
INV005775,0,Normal
INV005776,0,Normal
INV005777,0,Normal
INV005778,0,Normal
INV005779,0,Normal
INV005780,0,Normal
INV005782,0,Normal
INV005783,0,Normal
INV005784,0,Normal
INV005785,0,Normal
INV005786,0,Normal
INV005787,0,Normal
INV005788,0,Normal
INV005789,0,Normal
INV005791,0,Normal
INV005792,0,Normal
INV005793,0,Normal
INV005794,0,Normal
INV005795,0,Normal
INV005796,0,Normal
INV005798,0,Normal
INV005799,0,Normal
INV005800,0,Normal
INV005801,0,Normal
INV005802,0,Normal
INV005803,0,Normal
INV005804,0,Normal
INV005805,0,Normal
INV005806,0,Normal
INV005807,0,Normal
INV005808,0,Normal
INV005809,0,Normal
INV005810,0,Normal
INV005811,0,Normal
INV005812,0,Normal
INV005813,0,Normal
INV005814,0,Normal
INV005815,0,Normal
INV005816,0,Normal
INV005817,0,Normal
INV005818,0,Normal
INV005819,0,Normal
INV005820,0,Normal
INV005821,0,Normal
INV005822,0,Normal
INV005823,0,Normal
INV005824,0,Normal
INV005825,0,Normal
INV005826,0,Normal
INV005827,0,Normal
INV005828,0,Normal
INV005829,0,Normal
INV005830,0,Normal
INV005831,0,Normal
INV005832,0,Normal
INV005833,0,Normal
INV005834,0,Normal
INV005835,0,Normal
INV005836,0,Normal
INV005837,0,Normal
INV005838,0,Normal
INV005839,0,Normal
INV005840,0,Normal
INV005841,0,Normal
INV005842,0,Normal
INV005843,0,Normal
INV005844,0,Normal
INV005845,0,Normal
INV005846,0,Normal
INV005847,0,Normal
INV005848,0,Normal
INV005849,0,Normal
INV005850,0,Normal
INV005851,0,Normal
INV005852,0,Normal
INV005853,0,Normal
INV005854,0,Normal
INV005855,0,Normal
INV005856,0,Normal
INV005857,0,Normal
INV005858,0,Normal
INV005859,0,Normal
INV005860,0,Normal
INV005861,0,Normal
INV005862,0,Normal
INV005863,0,Normal
INV005864,0,Normal
INV005865,0,Normal
INV005866,0,Normal
INV005867,0,Normal
INV005868,0,Normal
INV005869,0,Normal
INV005870,0,Normal
INV005871,0,Normal
INV005872,0,Normal
INV005873,0,Normal
INV005874,0,Normal
INV005875,0,Normal
INV005876,0,Normal
INV005877,0,Normal
INV005878,0,Normal
INV005879,0,Normal
INV005880,0,Normal
INV005881,0,Normal
INV005882,0,Normal
INV005883,0,Normal
INV005884,0,Normal
INV005885,0,Normal
INV005886,0,Normal
INV005887,0,Normal
INV005888,0,Normal
INV005889,0,Normal
INV005890,0,Normal
INV005891,0,Normal
INV005892,0,Normal
INV005893,0,Normal
INV005894,0,Normal
INV005895,0,Normal
INV005896,0,Normal
INV005897,0,Normal
INV005898,0,Normal
INV005899,0,Normal
INV005900,0,Normal
INV005901,0,Normal
INV005902,0,Normal
INV005903,0,Normal
INV005904,0,Normal
INV005905,0,Normal
INV005906,0,Normal
INV005907,0,Normal
INV005908,0,Normal
INV005909,0,Normal
INV005911,0,Normal
INV005912,0,Normal
INV005913,0,Normal
INV005914,0,Normal
INV005915,0,Normal
INV005916,0,Normal
INV005917,0,Normal
INV005918,0,Normal
INV005919,0,Normal
INV005920,0,Normal
INV005921,0,Normal
INV005922,0,Normal
INV005923,0,Normal
INV005924,0,Normal
INV005925,0,Normal
INV005926,0,Normal
INV005928,0,Normal
INV005930,0,Normal
INV005931,0,Normal
INV005932,0,Normal
INV005934,0,Normal
INV005935,0,Normal
INV005936,0,Normal
INV005937,0,Normal
INV005938,0,Normal
INV005939,0,Normal
INV005940,0,Normal
INV005941,0,Normal
INV005942,0,Normal
INV005943,0,Normal
INV005944,0,Normal
INV005945,0,Normal
INV005946,0,Normal
INV005947,0,Normal
INV005948,0,Normal
INV005949,0,Normal
INV005950,0,Normal
INV005951,0,Normal
INV005952,0,Normal
INV005953,0,Normal
INV005955,0,Normal
INV005956,0,Normal
INV005957,0,Normal
INV005958,0,Normal
INV005959,0,Normal
INV005960,0,Normal
INV005961,0,Normal
INV005962,0,Normal
INV005963,0,Normal
INV005964,0,Normal
INV005965,0,Normal
INV005966,0,Normal
INV005967,0,Normal
INV005968,0,Normal
INV005969,0,Normal
INV005970,0,Normal
INV005971,0,Normal
INV005972,0,Normal
INV005973,0,Normal
INV005974,0,Normal
INV005975,0,Normal
INV005976,0,Normal
INV005977,0,Normal
INV005978,0,Normal
INV005979,0,Normal
INV005980,0,Normal
INV005981,0,Normal
INV005982,0,Normal
INV005983,0,Normal
INV005985,0,Normal
INV005986,0,Normal
INV005987,0,Normal
INV005988,0,Normal
INV005989,0,Normal
INV005990,0,Normal
INV005991,0,Normal
INV005992,0,Normal
INV005993,0,Normal
INV005994,0,Normal
INV005995,0,Normal
INV005996,0,Normal
INV005997,0,Normal
INV005998,0,Normal
INV005999,0,Normal
INV006000,0,Normal
INV006001,0,Normal
INV006002,0,Normal
INV006003,0,Normal
INV006004,0,Normal
INV006005,0,Normal
INV006006,0,Normal
INV006007,0,Normal
INV006008,0,Normal
INV006009,0,Normal
INV006010,0,Normal
INV006011,0,Normal
INV006012,0,Normal
INV006013,0,Normal
INV006014,0,Normal
INV006016,0,Normal
INV006017,0,Normal
INV006018,0,Normal
INV006019,0,Normal
INV006020,0,Normal
INV006021,0,Normal
INV006022,0,Normal
INV006023,0,Normal
INV006024,0,Normal
INV006025,0,Normal
INV006026,0,Normal
INV006027,0,Normal
INV006028,0,Normal
INV006029,0,Normal
INV006030,0,Normal
INV006031,0,Normal
INV006032,0,Normal
INV006033,0,Normal
INV006034,0,Normal
INV006035,0,Normal
INV006036,0,Normal
INV006037,0,Normal
INV006038,0,Normal
INV006039,0,Normal
INV006040,0,Normal
INV006041,0,Normal
INV006042,0,Normal
INV006043,0,Normal
INV006045,0,Normal
INV006046,0,Normal
INV006047,0,Normal
INV006048,0,Normal
INV006049,0,Normal
INV006051,0,Normal
INV006052,0,Normal
INV006053,0,Normal
INV006054,0,Normal
INV006055,0,Normal
INV006056,0,Normal
INV006058,0,Normal
INV006059,0,Normal
INV006060,0,Normal
INV006061,0,Normal
INV006062,0,Normal
INV006063,0,Normal
INV006064,0,Normal
INV006065,0,Normal
INV006066,0,Normal
INV006067,0,Normal
INV006068,0,Normal
INV006069,0,Normal
INV006070,0,Normal
INV006071,0,Normal
INV006072,0,Normal
INV006074,0,Normal
INV006075,0,Normal
INV006076,0,Normal
INV006077,0,Normal
INV006078,0,Normal
INV006079,0,Normal
INV006080,0,Normal
INV006081,0,Normal
INV006082,0,Normal
INV006083,0,Normal
INV006084,0,Normal
INV006085,0,Normal
INV006086,0,Normal
INV006087,0,Normal
INV006088,0,Normal
INV006089,0,Normal
INV006091,0,Normal
INV006092,0,Normal
INV006093,0,Normal
INV006094,0,Normal
INV006095,0,Normal
INV006096,0,Normal
INV006097,0,Normal
INV006098,0,Normal
INV006099,0,Normal
INV006100,0,Normal
INV006101,0,Normal
INV006102,0,Normal
INV006103,0,Normal
INV006104,0,Normal
INV006105,0,Normal
INV006106,0,Normal
INV006107,0,Normal
INV006108,0,Normal
INV006109,0,Normal
INV006110,0,Normal
INV006111,0,Normal
INV006112,0,Normal
INV006113,0,Normal
INV006114,0,Normal
INV006115,0,Normal
INV006116,0,Normal
INV006117,0,Normal
INV006118,0,Normal
INV006119,0,Normal
INV006120,0,Normal
INV006121,0,Normal
INV006122,0,Normal
INV006123,0,Normal
INV006124,0,Normal
INV006125,0,Normal
INV006126,0,Normal
INV006127,0,Normal
INV006128,0,Normal
INV006129,0,Normal
INV006130,0,Normal
INV006131,0,Normal
INV006132,0,Normal
INV006133,0,Normal
INV006134,0,Normal
INV006136,0,Normal
INV006137,0,Normal
INV006138,0,Normal
INV006139,0,Normal
INV006140,0,Normal
INV006141,0,Normal
INV006142,0,Normal
INV006143,0,Normal
INV006144,0,Normal
INV006145,0,Normal
INV006146,0,Normal
INV006147,0,Normal
INV006148,0,Normal
INV006149,0,Normal
INV006150,0,Normal
INV006151,0,Normal
INV006152,0,Normal
INV006153,0,Normal
INV006154,0,Normal
INV006155,0,Normal
INV006156,0,Normal
INV006157,0,Normal
INV006158,0,Normal
INV006159,0,Normal
INV006160,0,Normal
INV006161,0,Normal
INV006162,0,Normal
INV006163,0,Normal
INV006164,0,Normal
INV006165,0,Normal
INV006166,0,Normal
INV006167,0,Normal
INV006168,0,Normal
INV006169,0,Normal
INV006170,0,Normal
INV006171,0,Normal
INV006172,0,Normal
INV006173,0,Normal
INV006174,0,Normal
INV006175,0,Normal
INV006176,0,Normal
INV006177,0,Normal
INV006178,0,Normal
INV006179,0,Normal
INV006180,0,Normal
INV006181,0,Normal
INV006182,0,Normal
INV006183,0,Normal
INV006184,0,Normal
INV006185,0,Normal
INV006186,0,Normal
INV006187,0,Normal
INV006188,0,Normal
INV006189,0,Normal
INV006190,0,Normal
INV006191,0,Normal
INV006192,0,Normal
INV006194,0,Normal
INV006195,0,Normal
INV006196,0,Normal
INV006197,0,Normal
INV006198,0,Normal
INV006199,0,Normal
INV006200,0,Normal
INV006201,0,Normal
INV006202,0,Normal
INV006203,0,Normal
INV006204,0,Normal
INV006205,0,Normal
INV006207,0,Normal
INV006208,0,Normal
INV006209,0,Normal
INV006210,0,Normal
INV006211,0,Normal
INV006212,0,Normal
INV006213,0,Normal
INV006214,0,Normal
INV006215,0,Normal
INV006216,0,Normal
INV006217,0,Normal
INV006218,0,Normal
INV006219,0,Normal
INV006220,0,Normal
INV006221,0,Normal
INV006222,0,Normal
INV006223,0,Normal
INV006224,0,Normal
INV006225,0,Normal
INV006226,0,Normal
INV006227,0,Normal
INV006228,0,Normal
INV006229,0,Normal
INV006230,0,Normal
INV006231,0,Normal
INV006232,0,Normal
INV006233,0,Normal
INV006234,0,Normal
INV006235,0,Normal
INV006236,0,Normal
INV006237,0,Normal
INV006238,0,Normal
INV006239,0,Normal
INV006240,0,Normal
INV006241,0,Normal
INV006242,0,Normal
INV006243,0,Normal
INV006244,0,Normal
INV006245,0,Normal
INV006246,0,Normal
INV006247,0,Normal
INV006248,0,Normal
INV006249,0,Normal
INV006250,0,Normal
INV006251,0,Normal
INV006252,0,Normal
INV006253,0,Normal
INV006254,0,Normal
INV006255,0,Normal
INV006256,0,Normal
INV006257,0,Normal
INV006258,0,Normal
INV006259,0,Normal
INV006260,0,Normal
INV006262,0,Normal
INV006263,0,Normal
INV006264,0,Normal
INV006265,0,Normal
INV006266,0,Normal
INV006267,0,Normal
INV006268,0,Normal
INV006270,0,Normal
INV006271,0,Normal
INV006272,0,Normal
INV006273,0,Normal
INV006274,0,Normal
INV006275,0,Normal
INV006276,0,Normal
INV006277,0,Normal
INV006278,0,Normal
INV006279,0,Normal
INV006280,0,Normal
INV006282,0,Normal
INV006283,0,Normal
INV006284,0,Normal
INV006285,0,Normal
INV006286,0,Normal
INV006287,0,Normal
INV006288,0,Normal
INV006289,0,Normal
INV006290,0,Normal
INV006291,0,Normal
INV006292,0,Normal
INV006293,0,Normal
INV006294,0,Normal
INV006295,0,Normal
INV006296,0,Normal
INV006297,0,Normal
INV006298,0,Normal
INV006299,0,Normal
INV006300,0,Normal
INV006301,0,Normal
INV006302,0,Normal
INV006303,0,Normal
INV006304,0,Normal
INV006305,0,Normal
INV006306,0,Normal
INV006307,0,Normal
INV006308,0,Normal
INV006309,0,Normal
INV006310,0,Normal
INV006311,0,Normal
INV006312,0,Normal
INV006313,0,Normal
INV006314,0,Normal
INV006315,0,Normal
INV006316,0,Normal
INV006317,0,Normal
INV006318,0,Normal
INV006319,0,Normal
INV006320,0,Normal
INV006321,0,Normal
INV006322,0,Normal
INV006323,0,Normal
INV006324,0,Normal
INV006325,0,Normal
INV006326,0,Normal
INV006327,0,Normal
INV006328,0,Normal
INV006329,0,Normal
INV006330,0,Normal
INV006331,0,Normal
INV006332,0,Normal
INV006333,0,Normal
INV006334,0,Normal
INV006335,0,Normal
INV006336,0,Normal
INV006337,0,Normal
INV006338,0,Normal
INV006339,0,Normal
INV006340,0,Normal
INV006341,0,Normal
INV006342,0,Normal
INV006343,0,Normal
INV006344,0,Normal
INV006345,0,Normal
INV006346,0,Normal
INV006347,0,Normal
INV006348,0,Normal
INV006349,0,Normal
INV006350,0,Normal
INV006351,0,Normal
INV006352,0,Normal
INV006353,0,Normal
INV006354,0,Normal
INV006355,0,Normal
INV006356,0,Normal
INV006357,0,Normal
INV006358,0,Normal
INV006359,0,Normal
INV006360,0,Normal
INV006361,0,Normal
INV006362,0,Normal
INV006364,0,Normal
INV006365,0,Normal
INV006366,0,Normal
INV006367,0,Normal
INV006368,0,Normal
INV006369,0,Normal
INV006370,0,Normal
INV006371,0,Normal
INV006372,0,Normal
INV006373,0,Normal
INV006374,0,Normal
INV006375,0,Normal
INV006376,0,Normal
INV006377,0,Normal
INV006378,0,Normal
INV006379,0,Normal
INV006380,0,Normal
INV006381,0,Normal
INV006382,0,Normal
INV006383,0,Normal
INV006384,0,Normal
INV006385,0,Normal
INV006386,0,Normal
INV006387,0,Normal
INV006388,0,Normal
INV006389,0,Normal
INV006390,0,Normal
INV006391,0,Normal
INV006392,0,Normal
INV006393,0,Normal
INV006394,0,Normal
INV006395,0,Normal
INV006396,0,Normal
INV006397,0,Normal
INV006398,0,Normal
INV006399,0,Normal
INV006400,0,Normal
INV006401,0,Normal
INV006402,0,Normal
INV006403,0,Normal
INV006404,0,Normal
INV006405,0,Normal
INV006406,0,Normal
INV006407,0,Normal
INV006408,0,Normal
INV006409,0,Normal
INV006410,0,Normal
INV006411,0,Normal
INV006412,0,Normal
INV006413,0,Normal
INV006414,0,Normal
INV006415,0,Normal
INV006416,0,Normal
INV006417,0,Normal
INV006418,0,Normal
INV006419,0,Normal
INV006420,0,Normal
INV006421,0,Normal
INV006422,0,Normal
INV006423,0,Normal
INV006424,0,Normal
INV006425,0,Normal
INV006426,0,Normal
INV006427,0,Normal
INV006429,0,Normal
INV006430,0,Normal
INV006431,0,Normal
INV006432,0,Normal
INV006433,0,Normal
INV006434,0,Normal
INV006435,0,Normal
INV006437,0,Normal
INV006438,0,Normal
INV006439,0,Normal
INV006440,0,Normal
INV006441,0,Normal
INV006442,0,Normal
INV006443,0,Normal
INV006444,0,Normal
INV006445,0,Normal
INV006446,0,Normal
INV006447,0,Normal
INV006448,0,Normal
INV006449,0,Normal
INV006450,0,Normal
INV006451,0,Normal
INV006452,0,Normal
INV006453,0,Normal
INV006455,0,Normal
INV006456,0,Normal
INV006457,0,Normal
INV006458,0,Normal
INV006459,0,Normal
INV006460,0,Normal
INV006461,0,Normal
INV006462,0,Normal
INV006463,0,Normal
INV006464,0,Normal
INV006465,0,Normal
INV006466,0,Normal
INV006467,0,Normal
INV006468,0,Normal
INV006469,0,Normal
INV006470,0,Normal
INV006471,0,Normal
INV006472,0,Normal
INV006473,0,Normal
INV006474,0,Normal
INV006475,0,Normal
INV006476,0,Normal
INV006477,0,Normal
INV006478,0,Normal
INV006479,0,Normal
INV006480,0,Normal
INV006481,0,Normal
INV006482,0,Normal
INV006483,0,Normal
INV006484,0,Normal
INV006485,0,Normal
INV006486,0,Normal
INV006487,0,Normal
INV006488,0,Normal
INV006489,0,Normal
INV006490,0,Normal
INV006491,0,Normal
INV006492,0,Normal
INV006493,0,Normal
INV006494,0,Normal
INV006495,0,Normal
INV006496,0,Normal
INV006497,0,Normal
INV006498,0,Normal
INV006499,0,Normal
INV006500,0,Normal
INV006501,0,Normal
INV006502,0,Normal
INV006503,0,Normal
INV006504,0,Normal
INV006505,0,Normal
INV006506,0,Normal
INV006507,0,Normal
INV006508,0,Normal
INV006509,0,Normal
INV006510,0,Normal
INV006511,0,Normal
INV006512,0,Normal
INV006513,0,Normal
INV006514,0,Normal
INV006515,0,Normal
INV006516,0,Normal
INV006517,0,Normal
INV006518,0,Normal
INV006519,0,Normal
INV006520,0,Normal
INV006521,0,Normal
INV006522,0,Normal
INV006523,0,Normal
INV006524,0,Normal
INV006525,0,Normal
INV006526,0,Normal
INV006527,0,Normal
INV006528,0,Normal
INV006529,0,Normal
INV006530,0,Normal
INV006531,0,Normal
INV006532,0,Normal
INV006533,0,Normal
INV006534,0,Normal
INV006536,0,Normal
INV006538,0,Normal
INV006539,0,Normal
INV006540,0,Normal
INV006541,0,Normal
INV006542,0,Normal
INV006544,0,Normal
INV006545,0,Normal
INV006546,0,Normal
INV006547,0,Normal
INV006548,0,Normal
INV006549,0,Normal
INV006550,0,Normal
INV006551,0,Normal
INV006552,0,Normal
INV006553,0,Normal
INV006554,0,Normal
INV006555,0,Normal
INV006556,0,Normal
INV006557,0,Normal
INV006558,0,Normal
INV006559,0,Normal
INV006560,0,Normal
INV006561,0,Normal
INV006562,0,Normal
INV006563,0,Normal
INV006564,0,Normal
INV006565,0,Normal
INV006566,0,Normal
INV006567,0,Normal
INV006568,0,Normal
INV006569,0,Normal
INV006570,0,Normal
INV006571,0,Normal
INV006572,0,Normal
INV006573,0,Normal
INV006574,0,Normal
INV006575,0,Normal
INV006576,0,Normal
INV006577,0,Normal
INV006578,0,Normal
INV006579,0,Normal
INV006580,0,Normal
INV006582,0,Normal
INV006583,0,Normal
INV006585,0,Normal
INV006586,0,Normal
INV006587,0,Normal
INV006589,0,Normal
INV006590,0,Normal
INV006591,0,Normal
INV006592,0,Normal
INV006593,0,Normal
INV006594,0,Normal
INV006595,0,Normal
INV006596,0,Normal
INV006597,0,Normal
INV006598,0,Normal
INV006599,0,Normal
INV006600,0,Normal
INV006601,0,Normal
INV006602,0,Normal
INV006603,0,Normal
INV006604,0,Normal
INV006605,0,Normal
INV006606,0,Normal
INV006607,0,Normal
INV006608,0,Normal
INV006609,0,Normal
INV006610,0,Normal
INV006611,0,Normal
INV006612,0,Normal
INV006613,0,Normal
INV006614,0,Normal
INV006615,0,Normal
INV006616,0,Normal
INV006617,0,Normal
INV006618,0,Normal
INV006619,0,Normal
INV006620,0,Normal
INV006621,0,Normal
INV006622,0,Normal
INV006623,0,Normal
INV006624,0,Normal
INV006625,0,Normal
INV006626,0,Normal
INV006627,0,Normal
INV006628,0,Normal
INV006629,0,Normal
INV006630,0,Normal
INV006631,0,Normal
INV006632,0,Normal
INV006633,0,Normal
INV006634,0,Normal
INV006635,0,Normal
INV006636,0,Normal
INV006637,0,Normal
INV006638,0,Normal
INV006639,0,Normal
INV006640,0,Normal
INV006641,0,Normal
INV006642,0,Normal
INV006643,0,Normal
INV006644,0,Normal
INV006645,0,Normal
INV006647,0,Normal
INV006648,0,Normal
INV006649,0,Normal
INV006650,0,Normal
INV006651,0,Normal
INV006652,0,Normal
INV006653,0,Normal
INV006654,0,Normal
INV006655,0,Normal
INV006656,0,Normal
INV006657,0,Normal
INV006658,0,Normal
INV006659,0,Normal
INV006660,0,Normal
INV006661,0,Normal
INV006662,0,Normal
INV006663,0,Normal
INV006664,0,Normal
INV006665,0,Normal
INV006666,0,Normal
INV006667,0,Normal
INV006668,0,Normal
INV006669,0,Normal
INV006670,0,Normal
INV006671,0,Normal
INV006672,0,Normal
INV006673,0,Normal
INV006674,0,Normal
INV006675,0,Normal
INV006676,0,Normal
INV006677,0,Normal
INV006678,0,Normal
INV006679,0,Normal
INV006680,0,Normal
INV006681,0,Normal
INV006682,0,Normal
INV006683,0,Normal
INV006684,0,Normal
INV006685,0,Normal
INV006686,0,Normal
INV006687,0,Normal
INV006688,0,Normal
INV006689,0,Normal
INV006690,0,Normal
INV006691,0,Normal
INV006692,0,Normal
INV006693,0,Normal
INV006694,0,Normal
INV006695,0,Normal
INV006696,0,Normal
INV006697,0,Normal
INV006698,0,Normal
INV006699,0,Normal
INV006700,0,Normal
INV006701,0,Normal
INV006702,0,Normal
INV006703,0,Normal
INV006704,0,Normal
INV006706,0,Normal
INV006707,0,Normal
INV006708,0,Normal
INV006709,0,Normal
INV006710,0,Normal
INV006712,0,Normal
INV006713,0,Normal
INV006714,0,Normal
INV006715,0,Normal
INV006716,0,Normal
INV006718,0,Normal
INV006719,0,Normal
INV006720,0,Normal
INV006721,0,Normal
INV006722,0,Normal
INV006723,0,Normal
INV006724,0,Normal
INV006725,0,Normal
INV006726,0,Normal
INV006727,0,Normal
INV006728,0,Normal
INV006729,0,Normal
INV006730,0,Normal
INV006731,0,Normal
INV006732,0,Normal
INV006733,0,Normal
INV006734,0,Normal
INV006735,0,Normal
INV006736,0,Normal
INV006737,0,Normal
INV006738,0,Normal
INV006739,0,Normal
INV006740,0,Normal
INV006741,0,Normal
INV006742,0,Normal
INV006744,0,Normal
INV006745,0,Normal
INV006746,0,Normal
INV006748,0,Normal
INV006750,0,Normal
INV006751,0,Normal
INV006752,0,Normal
INV006754,0,Normal
INV006755,0,Normal
INV006756,0,Normal
INV006757,0,Normal
INV006758,0,Normal
INV006759,0,Normal
INV006760,0,Normal
INV006761,0,Normal
INV006762,0,Normal
INV006763,0,Normal
INV006764,0,Normal
INV006765,0,Normal
INV006766,0,Normal
INV006767,0,Normal
INV006768,0,Normal
INV006769,0,Normal
INV006770,0,Normal
INV006771,0,Normal
INV006772,0,Normal
INV006773,0,Normal
INV006774,0,Normal
INV006775,0,Normal
INV006776,0,Normal
INV006777,0,Normal
INV006778,0,Normal
INV006779,0,Normal
INV006780,0,Normal
INV006781,0,Normal
INV006782,0,Normal
INV006783,0,Normal
INV006784,0,Normal
INV006785,0,Normal
INV006786,0,Normal
INV006787,0,Normal
INV006788,0,Normal
INV006789,0,Normal
INV006790,0,Normal
INV006791,0,Normal
INV006792,0,Normal
INV006793,0,Normal
INV006794,0,Normal
INV006795,0,Normal
INV006796,0,Normal
INV006797,0,Normal
INV006798,0,Normal
INV006800,0,Normal
INV006801,0,Normal
INV006802,0,Normal
INV006803,0,Normal
INV006804,0,Normal
INV006805,0,Normal
INV006806,0,Normal
INV006807,0,Normal
INV006808,0,Normal
INV006809,0,Normal
INV006810,0,Normal
INV006811,0,Normal
INV006812,0,Normal
INV006813,0,Normal
INV006814,0,Normal
INV006815,0,Normal
INV006816,0,Normal
INV006817,0,Normal
INV006818,0,Normal
INV006819,0,Normal
INV006820,0,Normal
INV006821,0,Normal
INV006822,0,Normal
INV006823,0,Normal
INV006824,0,Normal
INV006825,0,Normal
INV006826,0,Normal
INV006827,0,Normal
INV006828,0,Normal
INV006829,0,Normal
INV006830,0,Normal
INV006831,0,Normal
INV006832,0,Normal
INV006833,0,Normal
INV006834,0,Normal
INV006835,0,Normal
INV006836,0,Normal
INV006837,0,Normal
INV006838,0,Normal
INV006839,0,Normal
INV006840,0,Normal
INV006841,0,Normal
INV006842,0,Normal
INV006843,0,Normal
INV006845,0,Normal
INV006846,0,Normal
INV006847,0,Normal
INV006848,0,Normal
INV006849,0,Normal
INV006850,0,Normal
INV006851,0,Normal
INV006852,0,Normal
INV006853,0,Normal
INV006854,0,Normal
INV006855,0,Normal
INV006856,0,Normal
INV006857,0,Normal
INV006858,0,Normal
INV006859,0,Normal
INV006860,0,Normal
INV006861,0,Normal
INV006862,0,Normal
INV006863,0,Normal
INV006864,0,Normal
INV006865,0,Normal
INV006866,0,Normal
INV006867,0,Normal
INV006868,0,Normal
INV006869,0,Normal
INV006870,0,Normal
INV006871,0,Normal
INV006872,0,Normal
INV006873,0,Normal
INV006874,0,Normal
INV006875,0,Normal
INV006876,0,Normal
INV006877,0,Normal
INV006879,0,Normal
INV006880,0,Normal
INV006881,0,Normal
INV006882,0,Normal
INV006883,0,Normal
INV006884,0,Normal
INV006885,0,Normal
INV006886,0,Normal
INV006887,0,Normal
INV006888,0,Normal
INV006889,0,Normal
INV006890,0,Normal
INV006891,0,Normal
INV006892,0,Normal
INV006893,0,Normal
INV006895,0,Normal
INV006896,0,Normal
INV006897,0,Normal
INV006898,0,Normal
INV006899,0,Normal
INV006900,0,Normal
INV006901,0,Normal
INV006902,0,Normal
INV006903,0,Normal
INV006904,0,Normal
INV006905,0,Normal
INV006906,0,Normal
INV006907,0,Normal
INV006908,0,Normal
INV006909,0,Normal
INV006910,0,Normal
INV006911,0,Normal
INV006912,0,Normal
INV006913,0,Normal
INV006914,0,Normal
INV006915,0,Normal
INV006916,0,Normal
INV006917,0,Normal
INV006918,0,Normal
INV006919,0,Normal
INV006920,0,Normal
INV006921,0,Normal
INV006922,0,Normal
INV006923,0,Normal
INV006924,0,Normal
INV006925,0,Normal
INV006926,0,Normal
INV006927,0,Normal
INV006928,0,Normal
INV006929,0,Normal
INV006930,0,Normal
INV006931,0,Normal
INV006932,0,Normal
INV006933,0,Normal
INV006934,0,Normal
INV006935,0,Normal
INV006936,0,Normal
INV006937,0,Normal
INV006938,0,Normal
INV006939,0,Normal
INV006940,0,Normal
INV006941,0,Normal
INV006942,0,Normal
INV006943,0,Normal
INV006944,0,Normal
INV006945,0,Normal
INV006946,0,Normal
INV006947,0,Normal
INV006948,0,Normal
INV006949,0,Normal
INV006950,0,Normal
INV006951,0,Normal
INV006952,0,Normal
INV006953,0,Normal
INV006954,0,Normal
INV006955,0,Normal
INV006956,0,Normal
INV006957,0,Normal
INV006958,0,Normal
INV006959,0,Normal
INV006960,0,Normal
INV006961,0,Normal
INV006963,0,Normal
INV006964,0,Normal
INV006965,0,Normal
INV006966,0,Normal
INV006967,0,Normal
INV006968,0,Normal
INV006969,0,Normal
INV006970,0,Normal
INV006971,0,Normal
INV006972,0,Normal
INV006973,0,Normal
INV006974,0,Normal
INV006975,0,Normal
INV006976,0,Normal
INV006977,0,Normal
INV006978,0,Normal
INV006979,0,Normal
INV006980,0,Normal
INV006981,0,Normal
INV006982,0,Normal
INV006983,0,Normal
INV006984,0,Normal
INV006985,0,Normal
INV006986,0,Normal
INV006987,0,Normal
INV006988,0,Normal
INV006990,0,Normal
INV006991,0,Normal
INV006992,0,Normal
INV006993,0,Normal
INV006994,0,Normal
INV006995,0,Normal
INV006996,0,Normal
INV006997,0,Normal
INV006998,0,Normal
INV006999,0,Normal
INV007000,0,Normal
INV007002,0,Normal
INV007003,0,Normal
INV007004,0,Normal
INV007005,0,Normal
INV007006,0,Normal
INV007007,0,Normal
INV007008,0,Normal
INV007009,0,Normal
INV007010,0,Normal
INV007012,0,Normal
INV007013,0,Normal
INV007014,0,Normal
INV007015,0,Normal
INV007016,0,Normal
INV007018,0,Normal
INV007019,0,Normal
INV007020,0,Normal
INV007021,0,Normal
INV007022,0,Normal
INV007023,0,Normal
INV007024,0,Normal
INV007025,0,Normal
INV007026,0,Normal
INV007027,0,Normal
INV007028,0,Normal
INV007029,0,Normal
INV007030,0,Normal
INV007031,0,Normal
INV007032,0,Normal
INV007033,0,Normal
INV007034,0,Normal
INV007035,0,Normal
INV007036,0,Normal
INV007037,0,Normal
INV007038,0,Normal
INV007039,0,Normal
INV007040,0,Normal
INV007041,0,Normal
INV007043,0,Normal
INV007044,0,Normal
INV007045,0,Normal
INV007046,0,Normal
INV007047,0,Normal
INV007048,0,Normal
INV007049,0,Normal
INV007050,0,Normal
INV007051,0,Normal
INV007052,0,Normal
INV007053,0,Normal
INV007055,0,Normal
INV007056,0,Normal
INV007057,0,Normal
INV007058,0,Normal
INV007059,0,Normal
INV007060,0,Normal
INV007061,0,Normal
INV007062,0,Normal
INV007063,0,Normal
INV007064,0,Normal
INV007065,0,Normal
INV007066,0,Normal
INV007067,0,Normal
INV007068,0,Normal
INV007069,0,Normal
INV007070,0,Normal
INV007071,0,Normal
INV007072,0,Normal
INV007073,0,Normal
INV007074,0,Normal
INV007075,0,Normal
INV007076,0,Normal
INV007077,0,Normal
INV007078,0,Normal
INV007079,0,Normal
INV007080,0,Normal
INV007081,0,Normal
INV007082,0,Normal
INV007083,0,Normal
INV007084,0,Normal
INV007085,0,Normal
INV007086,0,Normal
INV007087,0,Normal
INV007088,0,Normal
INV007089,0,Normal
INV007090,0,Normal
INV007091,0,Normal
INV007092,0,Normal
INV007093,0,Normal
INV007094,0,Normal
INV007095,0,Normal
INV007096,0,Normal
INV007097,0,Normal
INV007098,0,Normal
INV007100,0,Normal
INV007101,0,Normal
INV007102,0,Normal
INV007103,0,Normal
INV007104,0,Normal
INV007105,0,Normal
INV007106,0,Normal
INV007107,0,Normal
INV007108,0,Normal
INV007109,0,Normal
INV007110,0,Normal
INV007111,0,Normal
INV007112,0,Normal
INV007113,0,Normal
INV007114,0,Normal
INV007115,0,Normal
INV007116,0,Normal
INV007117,0,Normal
INV007118,0,Normal
INV007119,0,Normal
INV007120,0,Normal
INV007121,0,Normal
INV007123,0,Normal
INV007124,0,Normal
INV007125,0,Normal
INV007126,0,Normal
INV007127,0,Normal
INV007128,0,Normal
INV007129,0,Normal
INV007130,0,Normal
INV007131,0,Normal
INV007132,0,Normal
INV007133,0,Normal
INV007134,0,Normal
INV007136,0,Normal
INV007137,0,Normal
INV007138,0,Normal
INV007139,0,Normal
INV007140,0,Normal
INV007141,0,Normal
INV007143,0,Normal
INV007144,0,Normal
INV007145,0,Normal
INV007146,0,Normal
INV007147,0,Normal
INV007148,0,Normal
INV007149,0,Normal
INV007150,0,Normal
INV007151,0,Normal
INV007152,0,Normal
INV007153,0,Normal
INV007154,0,Normal
INV007155,0,Normal
INV007156,0,Normal
INV007157,0,Normal
INV007158,0,Normal
INV007159,0,Normal
INV007161,0,Normal
INV007162,0,Normal
INV007163,0,Normal
INV007164,0,Normal
INV007165,0,Normal
INV007166,0,Normal
INV007167,0,Normal
INV007168,0,Normal
INV007169,0,Normal
INV007170,0,Normal
INV007171,0,Normal
INV007172,0,Normal
INV007173,0,Normal
INV007174,0,Normal
INV007175,0,Normal
INV007176,0,Normal
INV007177,0,Normal
INV007178,0,Normal
INV007179,0,Normal
INV007180,0,Normal
INV007181,0,Normal
INV007182,0,Normal
INV007183,0,Normal
INV007184,0,Normal
INV007185,0,Normal
INV007186,0,Normal
INV007187,0,Normal
INV007189,0,Normal
INV007191,0,Normal
INV007193,0,Normal
INV007194,0,Normal
INV007195,0,Normal
INV007196,0,Normal
INV007197,0,Normal
INV007198,0,Normal
INV007199,0,Normal
INV007200,0,Normal
INV007201,0,Normal
INV007202,0,Normal
INV007203,0,Normal
INV007204,0,Normal
INV007205,0,Normal
INV007206,0,Normal
INV007207,0,Normal
INV007208,0,Normal
INV007209,0,Normal
INV007210,0,Normal
INV007211,0,Normal
INV007212,0,Normal
INV007213,0,Normal
INV007214,0,Normal
INV007215,0,Normal
INV007216,0,Normal
INV007217,0,Normal
INV007218,0,Normal
INV007219,0,Normal
INV007220,0,Normal
INV007222,0,Normal
INV007223,0,Normal
INV007224,0,Normal
INV007225,0,Normal
INV007226,0,Normal
INV007227,0,Normal
INV007228,0,Normal
INV007229,0,Normal
INV007231,0,Normal
INV007232,0,Normal
INV007233,0,Normal
INV007234,0,Normal
INV007235,0,Normal
INV007237,0,Normal
INV007238,0,Normal
INV007239,0,Normal
INV007240,0,Normal
INV007241,0,Normal
INV007242,0,Normal
INV007243,0,Normal
INV007244,0,Normal
INV007245,0,Normal
INV007246,0,Normal
INV007247,0,Normal
INV007248,0,Normal
INV007249,0,Normal
INV007250,0,Normal
INV007251,0,Normal
INV007252,0,Normal
INV007253,0,Normal
INV007254,0,Normal
INV007255,0,Normal
INV007256,0,Normal
INV007257,0,Normal
INV007258,0,Normal
INV007259,0,Normal
INV007260,0,Normal
INV007262,0,Normal
INV007263,0,Normal
INV007264,0,Normal
INV007266,0,Normal
INV007267,0,Normal
INV007268,0,Normal
INV007269,0,Normal
INV007271,0,Normal
INV007272,0,Normal
INV007273,0,Normal
INV007274,0,Normal
INV007275,0,Normal
INV007276,0,Normal
INV007277,0,Normal
INV007278,0,Normal
INV007279,0,Normal
INV007280,0,Normal
INV007281,0,Normal
INV007282,0,Normal
INV007283,0,Normal
INV007284,0,Normal
INV007285,0,Normal
INV007286,0,Normal
INV007287,0,Normal
INV007288,0,Normal
INV007289,0,Normal
INV007290,0,Normal
INV007292,0,Normal
INV007294,0,Normal
INV007295,0,Normal
INV007296,0,Normal
INV007297,0,Normal
INV007298,0,Normal
INV007299,0,Normal
INV007300,0,Normal
INV007301,0,Normal
INV007303,0,Normal
INV007305,0,Normal
INV007306,0,Normal
INV007307,0,Normal
INV007308,0,Normal
INV007309,0,Normal
INV007310,0,Normal
INV007311,0,Normal
INV007312,0,Normal
INV007313,0,Normal
INV007314,0,Normal
INV007315,0,Normal
INV007316,0,Normal
INV007317,0,Normal
INV007318,0,Normal
INV007319,0,Normal
INV007320,0,Normal
INV007321,0,Normal
INV007322,0,Normal
INV007323,0,Normal
INV007324,0,Normal
INV007325,0,Normal
INV007326,0,Normal
INV007327,0,Normal
INV007328,0,Normal
INV007329,0,Normal
INV007330,0,Normal
INV007331,0,Normal
INV007332,0,Normal
INV007333,0,Normal
INV007334,0,Normal
INV007335,0,Normal
INV007336,0,Normal
INV007337,0,Normal
INV007338,0,Normal
INV007339,0,Normal
INV007340,0,Normal
INV007341,0,Normal
INV007342,0,Normal
INV007343,0,Normal
INV007344,0,Normal
INV007345,0,Normal
INV007346,0,Normal
INV007347,0,Normal
INV007348,0,Normal
INV007349,0,Normal
INV007350,0,Normal
INV007351,0,Normal
INV007352,0,Normal
INV007353,0,Normal
INV007354,0,Normal
INV007355,0,Normal
INV007356,0,Normal
INV007357,0,Normal
INV007358,0,Normal
INV007359,0,Normal
INV007360,0,Normal
INV007361,0,Normal
INV007362,0,Normal
INV007363,0,Normal
INV007364,0,Normal
INV007365,0,Normal
INV007367,0,Normal
INV007368,0,Normal
INV007371,0,Normal
INV007373,0,Normal
INV007374,0,Normal
INV007375,0,Normal
INV007376,0,Normal
INV007377,0,Normal
INV007378,0,Normal
INV007379,0,Normal
INV007380,0,Normal
INV007381,0,Normal
INV007382,0,Normal
INV007383,0,Normal
INV007384,0,Normal
INV007385,0,Normal
INV007386,0,Normal
INV007387,0,Normal
INV007388,0,Normal
INV007389,0,Normal
INV007390,0,Normal
INV007391,0,Normal
INV007392,0,Normal
INV007393,0,Normal
INV007394,0,Normal
INV007395,0,Normal
INV007396,0,Normal
INV007397,0,Normal
INV007398,0,Normal
INV007399,0,Normal
INV007400,0,Normal
INV007402,0,Normal
INV007403,0,Normal
INV007404,0,Normal
INV007405,0,Normal
INV007406,0,Normal
INV007407,0,Normal
INV007408,0,Normal
INV007409,0,Normal
INV007410,0,Normal
INV007412,0,Normal
INV007413,0,Normal
INV007414,0,Normal
INV007415,0,Normal
INV007416,0,Normal
INV007417,0,Normal
INV007418,0,Normal
INV007419,0,Normal
INV007420,0,Normal
INV007422,0,Normal
INV007423,0,Normal
INV007424,0,Normal
INV007425,0,Normal
INV007426,0,Normal
INV007427,0,Normal
INV007428,0,Normal
INV007430,0,Normal
INV007431,0,Normal
INV007432,0,Normal
INV007433,0,Normal
INV007434,0,Normal
INV007435,0,Normal
INV007436,0,Normal
INV007437,0,Normal
INV007438,0,Normal
INV007439,0,Normal
INV007440,0,Normal
INV007441,0,Normal
INV007442,0,Normal
INV007443,0,Normal
INV007444,0,Normal
INV007445,0,Normal
INV007446,0,Normal
INV007447,0,Normal
INV007448,0,Normal
INV007449,0,Normal
INV007450,0,Normal
INV007451,0,Normal
INV007452,0,Normal
INV007453,0,Normal
INV007454,0,Normal
INV007455,0,Normal
INV007456,0,Normal
INV007457,0,Normal
INV007458,0,Normal
INV007459,0,Normal
INV007460,0,Normal
INV007461,0,Normal
INV007462,0,Normal
INV007463,0,Normal
INV007464,0,Normal
INV007465,0,Normal
INV007466,0,Normal
INV007467,0,Normal
INV007468,0,Normal
INV007469,0,Normal
INV007470,0,Normal
INV007471,0,Normal
INV007472,0,Normal
INV007474,0,Normal
INV007475,0,Normal
INV007476,0,Normal
INV007477,0,Normal
INV007479,0,Normal
INV007480,0,Normal
INV007481,0,Normal
INV007482,0,Normal
INV007483,0,Normal
INV007484,0,Normal
INV007485,0,Normal
INV007486,0,Normal
INV007487,0,Normal
INV007488,0,Normal
INV007489,0,Normal
INV007491,0,Normal
INV007492,0,Normal
INV007493,0,Normal
INV007494,0,Normal
INV007495,0,Normal
INV007496,0,Normal
INV007497,0,Normal
INV007498,0,Normal
INV007501,0,Normal
INV007502,0,Normal
INV007503,0,Normal
INV007504,0,Normal
INV007505,0,Normal
INV007506,0,Normal
INV007507,0,Normal
INV007508,0,Normal
INV007509,0,Normal
INV007511,0,Normal
INV007512,0,Normal
INV007513,0,Normal
INV007514,0,Normal
INV007515,0,Normal
INV007516,0,Normal
INV007517,0,Normal
INV007518,0,Normal
INV007519,0,Normal
INV007520,0,Normal
INV007521,0,Normal
INV007522,0,Normal
INV007523,0,Normal
INV007524,0,Normal
INV007525,0,Normal
INV007526,0,Normal
INV007527,0,Normal
INV007528,0,Normal
INV007529,0,Normal
INV007530,0,Normal
INV007532,0,Normal
INV007534,0,Normal
INV007535,0,Normal
INV007536,0,Normal
INV007537,0,Normal
INV007538,0,Normal
INV007539,0,Normal
INV007541,0,Normal
INV007542,0,Normal
INV007543,0,Normal
INV007544,0,Normal
INV007545,0,Normal
INV007546,0,Normal
INV007547,0,Normal
INV007548,0,Normal
INV007549,0,Normal
INV007550,0,Normal
INV007551,0,Normal
INV007552,0,Normal
INV007553,0,Normal
INV007554,0,Normal
INV007555,0,Normal
INV007556,0,Normal
INV007557,0,Normal
INV007558,0,Normal
INV007559,0,Normal
INV007560,0,Normal
INV007561,0,Normal
INV007562,0,Normal
INV007563,0,Normal
INV007564,0,Normal
INV007565,0,Normal
INV007566,0,Normal
INV007567,0,Normal
INV007568,0,Normal
INV007569,0,Normal
INV007570,0,Normal
INV007571,0,Normal
INV007572,0,Normal
INV007573,0,Normal
INV007574,0,Normal
INV007575,0,Normal
INV007576,0,Normal
INV007577,0,Normal
INV007578,0,Normal
INV007579,0,Normal
INV007580,0,Normal
INV007581,0,Normal
INV007582,0,Normal
INV007583,0,Normal
INV007584,0,Normal
INV007585,0,Normal
INV007586,0,Normal
INV007589,0,Normal
INV007590,0,Normal
INV007591,0,Normal
INV007592,0,Normal
INV007593,0,Normal
INV007594,0,Normal
INV007595,0,Normal
INV007596,0,Normal
INV007597,0,Normal
INV007598,0,Normal
INV007600,0,Normal
INV007601,0,Normal
INV007602,0,Normal
INV007603,0,Normal
INV007604,0,Normal
INV007605,0,Normal
INV007606,0,Normal
INV007607,0,Normal
INV007608,0,Normal
INV007609,0,Normal
INV007610,0,Normal
INV007611,0,Normal
INV007612,0,Normal
INV007613,0,Normal
INV007614,0,Normal
INV007615,0,Normal
INV007616,0,Normal
INV007617,0,Normal
INV007618,0,Normal
INV007619,0,Normal
INV007620,0,Normal
INV007621,0,Normal
INV007622,0,Normal
INV007623,0,Normal
INV007624,0,Normal
INV007625,0,Normal
INV007627,0,Normal
INV007628,0,Normal
INV007629,0,Normal
INV007630,0,Normal
INV007631,0,Normal
INV007632,0,Normal
INV007633,0,Normal
INV007634,0,Normal
INV007635,0,Normal
INV007636,0,Normal
INV007637,0,Normal
INV007638,0,Normal
INV007639,0,Normal
INV007640,0,Normal
INV007641,0,Normal
INV007642,0,Normal
INV007643,0,Normal
INV007644,0,Normal
INV007645,0,Normal
INV007646,0,Normal
INV007648,0,Normal
INV007649,0,Normal
INV007650,0,Normal
INV007651,0,Normal
INV007652,0,Normal
INV007653,0,Normal
INV007655,0,Normal
INV007656,0,Normal
INV007657,0,Normal
INV007658,0,Normal
INV007659,0,Normal
INV007660,0,Normal
INV007661,0,Normal
INV007662,0,Normal
INV007663,0,Normal
INV007664,0,Normal
INV007665,0,Normal
INV007666,0,Normal
INV007668,0,Normal
INV007669,0,Normal
INV007670,0,Normal
INV007671,0,Normal
INV007672,0,Normal
INV007673,0,Normal
INV007674,0,Normal
INV007675,0,Normal
INV007677,0,Normal
INV007678,0,Normal
INV007679,0,Normal
INV007681,0,Normal
INV007682,0,Normal
INV007683,0,Normal
INV007684,0,Normal
INV007685,0,Normal
INV007686,0,Normal
INV007687,0,Normal
INV007688,0,Normal
INV007689,0,Normal
INV007690,0,Normal
INV007691,0,Normal
INV007692,0,Normal
INV007693,0,Normal
INV007694,0,Normal
INV007695,0,Normal
INV007696,0,Normal
INV007699,0,Normal
INV007700,0,Normal
INV007701,0,Normal
INV007702,0,Normal
INV007703,0,Normal
INV007704,0,Normal
INV007705,0,Normal
INV007707,0,Normal
INV007708,0,Normal
INV007709,0,Normal
INV007710,0,Normal
INV007711,0,Normal
INV007712,0,Normal
INV007713,0,Normal
INV007714,0,Normal
INV007715,0,Normal
INV007716,0,Normal
INV007717,0,Normal
INV007718,0,Normal
INV007719,0,Normal
INV007720,0,Normal
INV007721,0,Normal
INV007722,0,Normal
INV007723,0,Normal
INV007724,0,Normal
INV007725,0,Normal
INV007726,0,Normal
INV007727,0,Normal
INV007728,0,Normal
INV007729,0,Normal
INV007730,0,Normal
INV007731,0,Normal
INV007732,0,Normal
INV007733,0,Normal
INV007734,0,Normal
INV007735,0,Normal
INV007736,0,Normal
INV007737,0,Normal
INV007738,0,Normal
INV007739,0,Normal
INV007740,0,Normal
INV007741,0,Normal
INV007742,0,Normal
INV007743,0,Normal
INV007744,0,Normal
INV007745,0,Normal
INV007746,0,Normal
INV007747,0,Normal
INV007748,0,Normal
INV007749,0,Normal
INV007750,0,Normal
INV007751,0,Normal
INV007752,0,Normal
INV007753,0,Normal
INV007754,0,Normal
INV007756,0,Normal
INV007757,0,Normal
INV007758,0,Normal
INV007759,0,Normal
INV007760,0,Normal
INV007761,0,Normal
INV007762,0,Normal
INV007763,0,Normal
INV007764,0,Normal
INV007765,0,Normal
INV007766,0,Normal
INV007767,0,Normal
INV007768,0,Normal
INV007769,0,Normal
INV007770,0,Normal
INV007771,0,Normal
INV007772,0,Normal
INV007773,0,Normal
INV007774,0,Normal
INV007775,0,Normal
INV007776,0,Normal
INV007777,0,Normal
INV007778,0,Normal
INV007779,0,Normal
INV007780,0,Normal
INV007781,0,Normal
INV007782,0,Normal
INV007783,0,Normal
INV007784,0,Normal
INV007785,0,Normal
INV007786,0,Normal
INV007787,0,Normal
INV007788,0,Normal
INV007789,0,Normal
INV007790,0,Normal
INV007791,0,Normal
INV007792,0,Normal
INV007793,0,Normal
INV007794,0,Normal
INV007795,0,Normal
INV007796,0,Normal
INV007797,0,Normal
INV007798,0,Normal
INV007799,0,Normal
INV007800,0,Normal
INV007801,0,Normal
INV007802,0,Normal
INV007803,0,Normal
INV007804,0,Normal
INV007805,0,Normal
INV007807,0,Normal
INV007808,0,Normal
INV007809,0,Normal
INV007810,0,Normal
INV007811,0,Normal
INV007813,0,Normal
INV007814,0,Normal
INV007815,0,Normal
INV007817,0,Normal
INV007818,0,Normal
INV007819,0,Normal
INV007820,0,Normal
INV007821,0,Normal
INV007822,0,Normal
INV007823,0,Normal
INV007824,0,Normal
INV007825,0,Normal
INV007826,0,Normal
INV007827,0,Normal
INV007828,0,Normal
INV007829,0,Normal
INV007830,0,Normal
INV007831,0,Normal
INV007832,0,Normal
INV007833,0,Normal
INV007834,0,Normal
INV007835,0,Normal
INV007836,0,Normal
INV007837,0,Normal
INV007839,0,Normal
INV007840,0,Normal
INV007841,0,Normal
INV007842,0,Normal
INV007843,0,Normal
INV007844,0,Normal
INV007845,0,Normal
INV007846,0,Normal
INV007847,0,Normal
INV007848,0,Normal
INV007849,0,Normal
INV007850,0,Normal
INV007851,0,Normal
INV007852,0,Normal
INV007853,0,Normal
INV007854,0,Normal
INV007855,0,Normal
INV007856,0,Normal
INV007857,0,Normal
INV007858,0,Normal
INV007859,0,Normal
INV007860,0,Normal
INV007861,0,Normal
INV007862,0,Normal
INV007863,0,Normal
INV007864,0,Normal
INV007865,0,Normal
INV007866,0,Normal
INV007867,0,Normal
INV007868,0,Normal
INV007869,0,Normal
INV007870,0,Normal
INV007871,0,Normal
INV007872,0,Normal
INV007873,0,Normal
INV007874,0,Normal
INV007875,0,Normal
INV007876,0,Normal
INV007877,0,Normal
INV007878,0,Normal
INV007879,0,Normal
INV007880,0,Normal
INV007881,0,Normal
INV007882,0,Normal
INV007883,0,Normal
INV007884,0,Normal
INV007885,0,Normal
INV007886,0,Normal
INV007887,0,Normal
INV007888,0,Normal
INV007889,0,Normal
INV007890,0,Normal
INV007892,0,Normal
INV007893,0,Normal
INV007894,0,Normal
INV007895,0,Normal
INV007896,0,Normal
INV007897,0,Normal
INV007898,0,Normal
INV007899,0,Normal
INV007900,0,Normal
INV007901,0,Normal
INV007902,0,Normal
INV007903,0,Normal
INV007904,0,Normal
INV007905,0,Normal
INV007906,0,Normal
INV007907,0,Normal
INV007908,0,Normal
INV007909,0,Normal
INV007910,0,Normal
INV007911,0,Normal
INV007912,0,Normal
INV007913,0,Normal
INV007914,0,Normal
INV007915,0,Normal
INV007916,0,Normal
INV007917,0,Normal
INV007918,0,Normal
INV007919,0,Normal
INV007920,0,Normal
INV007921,0,Normal
INV007922,0,Normal
INV007923,0,Normal
INV007924,0,Normal
INV007925,0,Normal
INV007927,0,Normal
INV007928,0,Normal
INV007929,0,Normal
INV007930,0,Normal
INV007931,0,Normal
INV007932,0,Normal
INV007934,0,Normal
INV007935,0,Normal
INV007936,0,Normal
INV007937,0,Normal
INV007938,0,Normal
INV007939,0,Normal
INV007940,0,Normal
INV007941,0,Normal
INV007942,0,Normal
INV007943,0,Normal
INV007944,0,Normal
INV007945,0,Normal
INV007946,0,Normal
INV007947,0,Normal
INV007948,0,Normal
INV007949,0,Normal
INV007950,0,Normal
INV007951,0,Normal
INV007952,0,Normal
INV007953,0,Normal
INV007954,0,Normal
INV007955,0,Normal
INV007956,0,Normal
INV007957,0,Normal
INV007958,0,Normal
INV007959,0,Normal
INV007960,0,Normal
INV007961,0,Normal
INV007962,0,Normal
INV007963,0,Normal
INV007964,0,Normal
INV007965,0,Normal
INV007966,0,Normal
INV007967,0,Normal
INV007968,0,Normal
INV007969,0,Normal
INV007970,0,Normal
INV007971,0,Normal
INV007972,0,Normal
INV007973,0,Normal
INV007974,0,Normal
INV007975,0,Normal
INV007976,0,Normal
INV007977,0,Normal
INV007978,0,Normal
INV007979,0,Normal
INV007980,0,Normal
INV007981,0,Normal
INV007982,0,Normal
INV007983,0,Normal
INV007984,0,Normal
INV007985,0,Normal
INV007986,0,Normal
INV007987,0,Normal
INV007988,0,Normal
INV007989,0,Normal
INV007990,0,Normal
INV007991,0,Normal
INV007992,0,Normal
INV007993,0,Normal
INV007994,0,Normal
INV007995,0,Normal
INV007996,0,Normal
INV007997,0,Normal
INV007998,0,Normal
INV007999,0,Normal
INV008000,0,Normal
INV008001,0,Normal
INV008005,0,Normal
INV008006,0,Normal
INV008007,0,Normal
INV008008,0,Normal
INV008009,0,Normal
INV008011,0,Normal
INV008012,0,Normal
INV008013,0,Normal
INV008014,0,Normal
INV008015,0,Normal
INV008016,0,Normal
INV008017,0,Normal
INV008018,0,Normal
INV008019,0,Normal
INV008020,0,Normal
INV008021,0,Normal
INV008022,0,Normal
INV008023,0,Normal
INV008024,0,Normal
INV008025,0,Normal
INV008026,0,Normal
INV008027,0,Normal
INV008028,0,Normal
INV008029,0,Normal
INV008030,0,Normal
INV008031,0,Normal
INV008032,0,Normal
INV008033,0,Normal
INV008034,0,Normal
INV008035,0,Normal
INV008036,0,Normal
INV008037,0,Normal
INV008038,0,Normal
INV008039,0,Normal
INV008040,0,Normal
INV008041,0,Normal
INV008043,0,Normal
INV008044,0,Normal
INV008045,0,Normal
INV008046,0,Normal
INV008047,0,Normal
INV008048,0,Normal
INV008049,0,Normal
INV008050,0,Normal
INV008051,0,Normal
INV008052,0,Normal
INV008053,0,Normal
INV008054,0,Normal
INV008055,0,Normal
INV008056,0,Normal
INV008057,0,Normal
INV008058,0,Normal
INV008059,0,Normal
INV008060,0,Normal
INV008061,0,Normal
INV008062,0,Normal
INV008063,0,Normal
INV008064,0,Normal
INV008065,0,Normal
INV008067,0,Normal
INV008069,0,Normal
INV008070,0,Normal
INV008071,0,Normal
INV008072,0,Normal
INV008073,0,Normal
INV008074,0,Normal
INV008075,0,Normal
INV008076,0,Normal
INV008077,0,Normal
INV008078,0,Normal
INV008079,0,Normal
INV008080,0,Normal
INV008081,0,Normal
INV008082,0,Normal
INV008083,0,Normal
INV008084,0,Normal
INV008085,0,Normal
INV008086,0,Normal
INV008087,0,Normal
INV008088,0,Normal
INV008089,0,Normal
INV008090,0,Normal
INV008091,0,Normal
INV008092,0,Normal
INV008093,0,Normal
INV008095,0,Normal
INV008096,0,Normal
INV008097,0,Normal
INV008098,0,Normal
INV008099,0,Normal
INV008101,0,Normal
INV008102,0,Normal
INV008103,0,Normal
INV008104,0,Normal
INV008105,0,Normal
INV008106,0,Normal
INV008107,0,Normal
INV008109,0,Normal
INV008110,0,Normal
INV008111,0,Normal
INV008112,0,Normal
INV008113,0,Normal
INV008114,0,Normal
INV008115,0,Normal
INV008116,0,Normal
INV008117,0,Normal
INV008118,0,Normal
INV008119,0,Normal
INV008120,0,Normal
INV008121,0,Normal
INV008122,0,Normal
INV008123,0,Normal
INV008124,0,Normal
INV008125,0,Normal
INV008126,0,Normal
INV008127,0,Normal
INV008128,0,Normal
INV008129,0,Normal
INV008130,0,Normal
INV008131,0,Normal
INV008132,0,Normal
INV008133,0,Normal
INV008134,0,Normal
INV008136,0,Normal
INV008137,0,Normal
INV008138,0,Normal
INV008139,0,Normal
INV008140,0,Normal
INV008141,0,Normal
INV008142,0,Normal
INV008143,0,Normal
INV008144,0,Normal
INV008145,0,Normal
INV008146,0,Normal
INV008147,0,Normal
INV008148,0,Normal
INV008149,0,Normal
INV008150,0,Normal
INV008151,0,Normal
INV008152,0,Normal
INV008153,0,Normal
INV008154,0,Normal
INV008155,0,Normal
INV008156,0,Normal
INV008157,0,Normal
INV008158,0,Normal
INV008159,0,Normal
INV008160,0,Normal
INV008161,0,Normal
INV008162,0,Normal
INV008163,0,Normal
INV008164,0,Normal
INV008166,0,Normal
INV008167,0,Normal
INV008168,0,Normal
INV008169,0,Normal
INV008170,0,Normal
INV008171,0,Normal
INV008172,0,Normal
INV008173,0,Normal
INV008174,0,Normal
INV008175,0,Normal
INV008176,0,Normal
INV008177,0,Normal
INV008178,0,Normal
INV008179,0,Normal
INV008180,0,Normal
INV008181,0,Normal
INV008182,0,Normal
INV008183,0,Normal
INV008184,0,Normal
INV008185,0,Normal
INV008186,0,Normal
INV008187,0,Normal
INV008188,0,Normal
INV008189,0,Normal
INV008190,0,Normal
INV008191,0,Normal
INV008192,0,Normal
INV008193,0,Normal
INV008194,0,Normal
INV008195,0,Normal
INV008196,0,Normal
INV008197,0,Normal
INV008198,0,Normal
INV008199,0,Normal
INV008200,0,Normal
INV008201,0,Normal
INV008202,0,Normal
INV008203,0,Normal
INV008204,0,Normal
INV008207,0,Normal
INV008208,0,Normal
INV008209,0,Normal
INV008210,0,Normal
INV008211,0,Normal
INV008212,0,Normal
INV008213,0,Normal
INV008215,0,Normal
INV008216,0,Normal
INV008217,0,Normal
INV008218,0,Normal
INV008219,0,Normal
INV008220,0,Normal
INV008221,0,Normal
INV008223,0,Normal
INV008224,0,Normal
INV008226,0,Normal
INV008227,0,Normal
INV008228,0,Normal
INV008229,0,Normal
INV008230,0,Normal
INV008231,0,Normal
INV008232,0,Normal
INV008233,0,Normal
INV008234,0,Normal
INV008236,0,Normal
INV008237,0,Normal
INV008238,0,Normal
INV008239,0,Normal
INV008240,0,Normal
INV008241,0,Normal
INV008242,0,Normal
INV008243,0,Normal
INV008245,0,Normal
INV008246,0,Normal
INV008247,0,Normal
INV008248,0,Normal
INV008249,0,Normal
INV008250,0,Normal
INV008251,0,Normal
INV008252,0,Normal
INV008253,0,Normal
INV008254,0,Normal
INV008255,0,Normal
INV008256,0,Normal
INV008257,0,Normal
INV008258,0,Normal
INV008259,0,Normal
INV008260,0,Normal
INV008261,0,Normal
INV008262,0,Normal
INV008263,0,Normal
INV008264,0,Normal
INV008265,0,Normal
INV008266,0,Normal
INV008267,0,Normal
INV008268,0,Normal
INV008269,0,Normal
INV008270,0,Normal
INV008271,0,Normal
INV008272,0,Normal
INV008273,0,Normal
INV008274,0,Normal
INV008275,0,Normal
INV008276,0,Normal
INV008277,0,Normal
INV008278,0,Normal
INV008279,0,Normal
INV008280,0,Normal
INV008281,0,Normal
INV008282,0,Normal
INV008283,0,Normal
INV008284,0,Normal
INV008285,0,Normal
INV008286,0,Normal
INV008287,0,Normal
INV008288,0,Normal
INV008289,0,Normal
INV008290,0,Normal
INV008291,0,Normal
INV008292,0,Normal
INV008293,0,Normal
INV008294,0,Normal
INV008295,0,Normal
INV008296,0,Normal
INV008297,0,Normal
INV008298,0,Normal
INV008299,0,Normal
INV008300,0,Normal
INV008301,0,Normal
INV008302,0,Normal
INV008303,0,Normal
INV008304,0,Normal
INV008305,0,Normal
INV008306,0,Normal
INV008307,0,Normal
INV008308,0,Normal
INV008309,0,Normal
INV008310,0,Normal
INV008311,0,Normal
INV008312,0,Normal
INV008313,0,Normal
INV008314,0,Normal
INV008315,0,Normal
INV008316,0,Normal
INV008318,0,Normal
INV008319,0,Normal
INV008320,0,Normal
INV008321,0,Normal
INV008322,0,Normal
INV008323,0,Normal
INV008324,0,Normal
INV008325,0,Normal
INV008326,0,Normal
INV008327,0,Normal
INV008328,0,Normal
INV008329,0,Normal
INV008330,0,Normal
INV008331,0,Normal
INV008332,0,Normal
INV008333,0,Normal
INV008334,0,Normal
INV008335,0,Normal
INV008336,0,Normal
INV008338,0,Normal
INV008339,0,Normal
INV008340,0,Normal
INV008341,0,Normal
INV008343,0,Normal
INV008344,0,Normal
INV008345,0,Normal
INV008346,0,Normal
INV008347,0,Normal
INV008348,0,Normal
INV008349,0,Normal
INV008350,0,Normal
INV008352,0,Normal
INV008353,0,Normal
INV008354,0,Normal
INV008355,0,Normal
INV008356,0,Normal
INV008357,0,Normal
INV008358,0,Normal
INV008359,0,Normal
INV008360,0,Normal
INV008361,0,Normal
INV008362,0,Normal
INV008363,0,Normal
INV008364,0,Normal
INV008365,0,Normal
INV008366,0,Normal
INV008367,0,Normal
INV008368,0,Normal
INV008369,0,Normal
INV008370,0,Normal
INV008371,0,Normal
INV008372,0,Normal
INV008373,0,Normal
INV008374,0,Normal
INV008375,0,Normal
INV008376,0,Normal
INV008377,0,Normal
INV008378,0,Normal
INV008379,0,Normal
INV008380,0,Normal
INV008381,0,Normal
INV008382,0,Normal
INV008383,0,Normal
INV008384,0,Normal
INV008385,0,Normal
INV008386,0,Normal
INV008387,0,Normal
INV008388,0,Normal
INV008389,0,Normal
INV008390,0,Normal
INV008391,0,Normal
INV008392,0,Normal
INV008393,0,Normal
INV008394,0,Normal
INV008395,0,Normal
INV008396,0,Normal
INV008397,0,Normal
INV008398,0,Normal
INV008399,0,Normal
INV008400,0,Normal
INV008401,0,Normal
INV008402,0,Normal
INV008403,0,Normal
INV008404,0,Normal
INV008405,0,Normal
INV008406,0,Normal
INV008407,0,Normal
INV008408,0,Normal
INV008409,0,Normal
INV008410,0,Normal
INV008411,0,Normal
INV008412,0,Normal
INV008413,0,Normal
INV008414,0,Normal
INV008416,0,Normal
INV008417,0,Normal
INV008418,0,Normal
INV008419,0,Normal
INV008420,0,Normal
INV008421,0,Normal
INV008422,0,Normal
INV008423,0,Normal
INV008424,0,Normal
INV008425,0,Normal
INV008426,0,Normal
INV008427,0,Normal
INV008428,0,Normal
INV008429,0,Normal
INV008430,0,Normal
INV008431,0,Normal
INV008432,0,Normal
INV008433,0,Normal
INV008434,0,Normal
INV008436,0,Normal
INV008437,0,Normal
INV008438,0,Normal
INV008439,0,Normal
INV008440,0,Normal
INV008441,0,Normal
INV008442,0,Normal
INV008443,0,Normal
INV008444,0,Normal
INV008445,0,Normal
INV008446,0,Normal
INV008447,0,Normal
INV008448,0,Normal
INV008449,0,Normal
INV008450,0,Normal
INV008451,0,Normal
INV008452,0,Normal
INV008454,0,Normal
INV008455,0,Normal
INV008456,0,Normal
INV008457,0,Normal
INV008458,0,Normal
INV008459,0,Normal
INV008460,0,Normal
INV008461,0,Normal
INV008462,0,Normal
INV008463,0,Normal
INV008464,0,Normal
INV008465,0,Normal
INV008466,0,Normal
INV008467,0,Normal
INV008468,0,Normal
INV008469,0,Normal
INV008470,0,Normal
INV008471,0,Normal
INV008472,0,Normal
INV008473,0,Normal
INV008475,0,Normal
INV008476,0,Normal
INV008477,0,Normal
INV008478,0,Normal
INV008479,0,Normal
INV008480,0,Normal
INV008481,0,Normal
INV008482,0,Normal
INV008483,0,Normal
INV008484,0,Normal
INV008485,0,Normal
INV008486,0,Normal
INV008487,0,Normal
INV008488,0,Normal
INV008490,0,Normal
INV008491,0,Normal
INV008492,0,Normal
INV008493,0,Normal
INV008494,0,Normal
INV008495,0,Normal
INV008496,0,Normal
INV008497,0,Normal
INV008498,0,Normal
INV008499,0,Normal
INV008500,0,Normal
INV008502,0,Normal
INV008503,0,Normal
INV008504,0,Normal
INV008505,0,Normal
INV008506,0,Normal
INV008508,0,Normal
INV008509,0,Normal
INV008510,0,Normal
INV008511,0,Normal
INV008512,0,Normal
INV008513,0,Normal
INV008514,0,Normal
INV008515,0,Normal
INV008516,0,Normal
INV008517,0,Normal
INV008518,0,Normal
INV008519,0,Normal
INV008520,0,Normal
INV008521,0,Normal
INV008522,0,Normal
INV008523,0,Normal
INV008524,0,Normal
INV008525,0,Normal
INV008527,0,Normal
INV008528,0,Normal
INV008529,0,Normal
INV008530,0,Normal
INV008531,0,Normal
INV008532,0,Normal
INV008533,0,Normal
INV008534,0,Normal
INV008535,0,Normal
INV008536,0,Normal
INV008537,0,Normal
INV008538,0,Normal
INV008539,0,Normal
INV008540,0,Normal
INV008541,0,Normal
INV008542,0,Normal
INV008543,0,Normal
INV008544,0,Normal
INV008545,0,Normal
INV008547,0,Normal
INV008548,0,Normal
INV008549,0,Normal
INV008550,0,Normal
INV008552,0,Normal
INV008553,0,Normal
INV008554,0,Normal
INV008555,0,Normal
INV008556,0,Normal
INV008557,0,Normal
INV008558,0,Normal
INV008559,0,Normal
INV008560,0,Normal
INV008561,0,Normal
INV008562,0,Normal
INV008563,0,Normal
INV008564,0,Normal
INV008565,0,Normal
INV008566,0,Normal
INV008567,0,Normal
INV008568,0,Normal
INV008569,0,Normal
INV008570,0,Normal
INV008571,0,Normal
INV008572,0,Normal
INV008573,0,Normal
INV008574,0,Normal
INV008575,0,Normal
INV008577,0,Normal
INV008578,0,Normal
INV008579,0,Normal
INV008580,0,Normal
INV008581,0,Normal
INV008583,0,Normal
INV008584,0,Normal
INV008585,0,Normal
INV008586,0,Normal
INV008587,0,Normal
INV008588,0,Normal
INV008589,0,Normal
INV008590,0,Normal
INV008591,0,Normal
INV008592,0,Normal
INV008593,0,Normal
INV008594,0,Normal
INV008596,0,Normal
INV008597,0,Normal
INV008598,0,Normal
INV008599,0,Normal
INV008600,0,Normal
INV008601,0,Normal
INV008602,0,Normal
INV008603,0,Normal
INV008604,0,Normal
INV008605,0,Normal
INV008606,0,Normal
INV008607,0,Normal
INV008608,0,Normal
INV008609,0,Normal
INV008610,0,Normal
INV008611,0,Normal
INV008612,0,Normal
INV008613,0,Normal
INV008614,0,Normal
INV008615,0,Normal
INV008617,0,Normal
INV008618,0,Normal
INV008619,0,Normal
INV008620,0,Normal
INV008621,0,Normal
INV008622,0,Normal
INV008623,0,Normal
INV008624,0,Normal
INV008625,0,Normal
INV008626,0,Normal
INV008627,0,Normal
INV008628,0,Normal
INV008629,0,Normal
INV008630,0,Normal
INV008631,0,Normal
INV008632,0,Normal
INV008633,0,Normal
INV008634,0,Normal
INV008635,0,Normal
INV008636,0,Normal
INV008637,0,Normal
INV008638,0,Normal
INV008639,0,Normal
INV008640,0,Normal
INV008641,0,Normal
INV008642,0,Normal
INV008643,0,Normal
INV008644,0,Normal
INV008645,0,Normal
INV008646,0,Normal
INV008647,0,Normal
INV008648,0,Normal
INV008649,0,Normal
INV008650,0,Normal
INV008651,0,Normal
INV008652,0,Normal
INV008653,0,Normal
INV008654,0,Normal
INV008655,0,Normal
INV008656,0,Normal
INV008657,0,Normal
INV008658,0,Normal
INV008659,0,Normal
INV008660,0,Normal
INV008661,0,Normal
INV008662,0,Normal
INV008663,0,Normal
INV008664,0,Normal
INV008665,0,Normal
INV008667,0,Normal
INV008668,0,Normal
INV008669,0,Normal
INV008671,0,Normal
INV008672,0,Normal
INV008673,0,Normal
INV008674,0,Normal
INV008675,0,Normal
INV008676,0,Normal
INV008677,0,Normal
INV008678,0,Normal
INV008679,0,Normal
INV008680,0,Normal
INV008681,0,Normal
INV008682,0,Normal
INV008683,0,Normal
INV008684,0,Normal
INV008685,0,Normal
INV008686,0,Normal
INV008687,0,Normal
INV008688,0,Normal
INV008689,0,Normal
INV008690,0,Normal
INV008691,0,Normal
INV008692,0,Normal
INV008693,0,Normal
INV008694,0,Normal
INV008695,0,Normal
INV008697,0,Normal
INV008698,0,Normal
INV008699,0,Normal
INV008700,0,Normal
INV008701,0,Normal
INV008702,0,Normal
INV008703,0,Normal
INV008704,0,Normal
INV008705,0,Normal
INV008706,0,Normal
INV008707,0,Normal
INV008708,0,Normal
INV008709,0,Normal
INV008710,0,Normal
INV008711,0,Normal
INV008712,0,Normal
INV008713,0,Normal
INV008714,0,Normal
INV008715,0,Normal
INV008716,0,Normal
INV008717,0,Normal
INV008718,0,Normal
INV008719,0,Normal
INV008720,0,Normal
INV008721,0,Normal
INV008722,0,Normal
INV008723,0,Normal
INV008724,0,Normal
INV008725,0,Normal
INV008726,0,Normal
INV008727,0,Normal
INV008729,0,Normal
INV008730,0,Normal
INV008731,0,Normal
INV008733,0,Normal
INV008734,0,Normal
INV008735,0,Normal
INV008736,0,Normal
INV008737,0,Normal
INV008738,0,Normal
INV008739,0,Normal
INV008740,0,Normal
INV008741,0,Normal
INV008742,0,Normal
INV008743,0,Normal
INV008744,0,Normal
INV008745,0,Normal
INV008746,0,Normal
INV008747,0,Normal
INV008748,0,Normal
INV008749,0,Normal
INV008752,0,Normal
INV008753,0,Normal
INV008754,0,Normal
INV008755,0,Normal
INV008756,0,Normal
INV008758,0,Normal
INV008759,0,Normal
INV008760,0,Normal
INV008761,0,Normal
INV008762,0,Normal
INV008763,0,Normal
INV008764,0,Normal
INV008765,0,Normal
INV008766,0,Normal
INV008767,0,Normal
INV008768,0,Normal
INV008769,0,Normal
INV008770,0,Normal
INV008771,0,Normal
INV008772,0,Normal
INV008773,0,Normal
INV008774,0,Normal
INV008775,0,Normal
INV008776,0,Normal
INV008777,0,Normal
INV008778,0,Normal
INV008779,0,Normal
INV008780,0,Normal
INV008781,0,Normal
INV008782,0,Normal
INV008783,0,Normal
INV008784,0,Normal
INV008785,0,Normal
INV008786,0,Normal
INV008787,0,Normal
INV008788,0,Normal
INV008789,0,Normal
INV008790,0,Normal
INV008791,0,Normal
INV008792,0,Normal
INV008793,0,Normal
INV008794,0,Normal
INV008795,0,Normal
INV008796,0,Normal
INV008797,0,Normal
INV008798,0,Normal
INV008799,0,Normal
INV008800,0,Normal
INV008801,0,Normal
INV008802,0,Normal
INV008803,0,Normal
INV008804,0,Normal
INV008805,0,Normal
INV008806,0,Normal
INV008807,0,Normal
INV008808,0,Normal
INV008810,0,Normal
INV008811,0,Normal
INV008812,0,Normal
INV008813,0,Normal
INV008814,0,Normal
INV008815,0,Normal
INV008817,0,Normal
INV008818,0,Normal
INV008819,0,Normal
INV008820,0,Normal
INV008821,0,Normal
INV008822,0,Normal
INV008823,0,Normal
INV008824,0,Normal
INV008825,0,Normal
INV008827,0,Normal
INV008828,0,Normal
INV008829,0,Normal
INV008830,0,Normal
INV008831,0,Normal
INV008832,0,Normal
INV008833,0,Normal
INV008834,0,Normal
INV008835,0,Normal
INV008836,0,Normal
INV008837,0,Normal
INV008838,0,Normal
INV008839,0,Normal
INV008840,0,Normal
INV008841,0,Normal
INV008842,0,Normal
INV008844,0,Normal
INV008845,0,Normal
INV008846,0,Normal
INV008847,0,Normal
INV008848,0,Normal
INV008849,0,Normal
INV008850,0,Normal
INV008851,0,Normal
INV008852,0,Normal
INV008853,0,Normal
INV008854,0,Normal
INV008855,0,Normal
INV008856,0,Normal
INV008859,0,Normal
INV008860,0,Normal
INV008861,0,Normal
INV008862,0,Normal
INV008863,0,Normal
INV008864,0,Normal
INV008865,0,Normal
INV008866,0,Normal
INV008867,0,Normal
INV008868,0,Normal
INV008869,0,Normal
INV008870,0,Normal
INV008871,0,Normal
INV008872,0,Normal
INV008873,0,Normal
INV008874,0,Normal
INV008875,0,Normal
INV008876,0,Normal
INV008877,0,Normal
INV008878,0,Normal
INV008879,0,Normal
INV008880,0,Normal
INV008881,0,Normal
INV008882,0,Normal
INV008883,0,Normal
INV008884,0,Normal
INV008885,0,Normal
INV008886,0,Normal
INV008887,0,Normal
INV008888,0,Normal
INV008889,0,Normal
INV008890,0,Normal
INV008891,0,Normal
INV008892,0,Normal
INV008893,0,Normal
INV008894,0,Normal
INV008895,0,Normal
INV008896,0,Normal
INV008897,0,Normal
INV008898,0,Normal
INV008899,0,Normal
INV008900,0,Normal
INV008901,0,Normal
INV008903,0,Normal
INV008904,0,Normal
INV008905,0,Normal
INV008906,0,Normal
INV008907,0,Normal
INV008908,0,Normal
INV008909,0,Normal
INV008910,0,Normal
INV008911,0,Normal
INV008912,0,Normal
INV008913,0,Normal
INV008914,0,Normal
INV008915,0,Normal
INV008916,0,Normal
INV008917,0,Normal
INV008918,0,Normal
INV008919,0,Normal
INV008920,0,Normal
INV008921,0,Normal
INV008924,0,Normal
INV008925,0,Normal
INV008926,0,Normal
INV008927,0,Normal
INV008928,0,Normal
INV008929,0,Normal
INV008930,0,Normal
INV008931,0,Normal
INV008932,0,Normal
INV008933,0,Normal
INV008934,0,Normal
INV008935,0,Normal
INV008936,0,Normal
INV008937,0,Normal
INV008938,0,Normal
INV008939,0,Normal
INV008940,0,Normal
INV008942,0,Normal
INV008943,0,Normal
INV008944,0,Normal
INV008945,0,Normal
INV008946,0,Normal
INV008947,0,Normal
INV008949,0,Normal
INV008950,0,Normal
INV008951,0,Normal
INV008952,0,Normal
INV008954,0,Normal
INV008955,0,Normal
INV008956,0,Normal
INV008957,0,Normal
INV008958,0,Normal
INV008959,0,Normal
INV008960,0,Normal
INV008961,0,Normal
INV008962,0,Normal
INV008963,0,Normal
INV008964,0,Normal
INV008965,0,Normal
INV008966,0,Normal
INV008967,0,Normal
INV008968,0,Normal
INV008969,0,Normal
INV008970,0,Normal
INV008971,0,Normal
INV008972,0,Normal
INV008973,0,Normal
INV008974,0,Normal
INV008975,0,Normal
INV008976,0,Normal
INV008977,0,Normal
INV008978,0,Normal
INV008979,0,Normal
INV008980,0,Normal
INV008981,0,Normal
INV008982,0,Normal
INV008983,0,Normal
INV008984,0,Normal
INV008985,0,Normal
INV008986,0,Normal
INV008987,0,Normal
INV008988,0,Normal
INV008989,0,Normal
INV008990,0,Normal
INV008991,0,Normal
INV008992,0,Normal
INV008993,0,Normal
INV008994,0,Normal
INV008995,0,Normal
INV008996,0,Normal
INV008997,0,Normal
INV008998,0,Normal
INV008999,0,Normal
INV009000,0,Normal
INV009001,0,Normal
INV009003,0,Normal
INV009004,0,Normal
INV009005,0,Normal
INV009006,0,Normal
INV009007,0,Normal
INV009008,0,Normal
INV009009,0,Normal
INV009010,0,Normal
INV009011,0,Normal
INV009012,0,Normal
INV009013,0,Normal
INV009014,0,Normal
INV009015,0,Normal
INV009016,0,Normal
INV009017,0,Normal
INV009018,0,Normal
INV009019,0,Normal
INV009020,0,Normal
INV009021,0,Normal
INV009022,0,Normal
INV009023,0,Normal
INV009024,0,Normal
INV009025,0,Normal
INV009026,0,Normal
INV009027,0,Normal
INV009028,0,Normal
INV009029,0,Normal
INV009030,0,Normal
INV009031,0,Normal
INV009032,0,Normal
INV009033,0,Normal
INV009034,0,Normal
INV009035,0,Normal
INV009036,0,Normal
INV009037,0,Normal
INV009038,0,Normal
INV009039,0,Normal
INV009040,0,Normal
INV009041,0,Normal
INV009042,0,Normal
INV009043,0,Normal
INV009045,0,Normal
INV009047,0,Normal
INV009048,0,Normal
INV009049,0,Normal
INV009050,0,Normal
INV009051,0,Normal
INV009052,0,Normal
INV009053,0,Normal
INV009054,0,Normal
INV009055,0,Normal
INV009056,0,Normal
INV009057,0,Normal
INV009058,0,Normal
INV009059,0,Normal
INV009060,0,Normal
INV009061,0,Normal
INV009062,0,Normal
INV009063,0,Normal
INV009064,0,Normal
INV009065,0,Normal
INV009066,0,Normal
INV009067,0,Normal
INV009068,0,Normal
INV009069,0,Normal
INV009070,0,Normal
INV009071,0,Normal
INV009072,0,Normal
INV009073,0,Normal
INV009074,0,Normal
INV009075,0,Normal
INV009076,0,Normal
INV009077,0,Normal
INV009078,0,Normal
INV009080,0,Normal
INV009081,0,Normal
INV009082,0,Normal
INV009083,0,Normal
INV009084,0,Normal
INV009085,0,Normal
INV009086,0,Normal
INV009087,0,Normal
INV009088,0,Normal
INV009089,0,Normal
INV009090,0,Normal
INV009091,0,Normal
INV009092,0,Normal
INV009093,0,Normal
INV009094,0,Normal
INV009095,0,Normal
INV009096,0,Normal
INV009098,0,Normal
INV009099,0,Normal
INV009100,0,Normal
INV009101,0,Normal
INV009102,0,Normal
INV009103,0,Normal
INV009104,0,Normal
INV009105,0,Normal
INV009106,0,Normal
INV009107,0,Normal
INV009108,0,Normal
INV009109,0,Normal
INV009110,0,Normal
INV009111,0,Normal
INV009112,0,Normal
INV009113,0,Normal
INV009114,0,Normal
INV009115,0,Normal
INV009116,0,Normal
INV009117,0,Normal
INV009118,0,Normal
INV009119,0,Normal
INV009120,0,Normal
INV009121,0,Normal
INV009122,0,Normal
INV009123,0,Normal
INV009124,0,Normal
INV009125,0,Normal
INV009126,0,Normal
INV009127,0,Normal
INV009128,0,Normal
INV009129,0,Normal
INV009131,0,Normal
INV009133,0,Normal
INV009134,0,Normal
INV009135,0,Normal
INV009137,0,Normal
INV009138,0,Normal
INV009140,0,Normal
INV009141,0,Normal
INV009142,0,Normal
INV009143,0,Normal
INV009144,0,Normal
INV009145,0,Normal
INV009147,0,Normal
INV009148,0,Normal
INV009149,0,Normal
INV009150,0,Normal
INV009151,0,Normal
INV009152,0,Normal
INV009153,0,Normal
INV009154,0,Normal
INV009155,0,Normal
INV009156,0,Normal
INV009157,0,Normal
INV009158,0,Normal
INV009159,0,Normal
INV009160,0,Normal
INV009161,0,Normal
INV009162,0,Normal
INV009163,0,Normal
INV009164,0,Normal
INV009165,0,Normal
INV009166,0,Normal
INV009167,0,Normal
INV009168,0,Normal
INV009169,0,Normal
INV009170,0,Normal
INV009171,0,Normal
INV009172,0,Normal
INV009173,0,Normal
INV009174,0,Normal
INV009175,0,Normal
INV009176,0,Normal
INV009177,0,Normal
INV009178,0,Normal
INV009179,0,Normal
INV009180,0,Normal
INV009181,0,Normal
INV009182,0,Normal
INV009183,0,Normal
INV009184,0,Normal
INV009185,0,Normal
INV009186,0,Normal
INV009187,0,Normal
INV009188,0,Normal
INV009189,0,Normal
INV009190,0,Normal
INV009191,0,Normal
INV009194,0,Normal
INV009195,0,Normal
INV009196,0,Normal
INV009197,0,Normal
INV009198,0,Normal
INV009199,0,Normal
INV009200,0,Normal
INV009201,0,Normal
INV009202,0,Normal
INV009203,0,Normal
INV009204,0,Normal
INV009205,0,Normal
INV009206,0,Normal
INV009207,0,Normal
INV009208,0,Normal
INV009209,0,Normal
INV009211,0,Normal
INV009212,0,Normal
INV009213,0,Normal
INV009214,0,Normal
INV009215,0,Normal
INV009216,0,Normal
INV009217,0,Normal
INV009218,0,Normal
INV009219,0,Normal
INV009220,0,Normal
INV009221,0,Normal
INV009222,0,Normal
INV009223,0,Normal
INV009224,0,Normal
INV009225,0,Normal
INV009226,0,Normal
INV009227,0,Normal
INV009228,0,Normal
INV009229,0,Normal
INV009230,0,Normal
INV009231,0,Normal
INV009232,0,Normal
INV009233,0,Normal
INV009234,0,Normal
INV009235,0,Normal
INV009236,0,Normal
INV009237,0,Normal
INV009238,0,Normal
INV009239,0,Normal
INV009241,0,Normal
INV009242,0,Normal
INV009243,0,Normal
INV009244,0,Normal
INV009245,0,Normal
INV009246,0,Normal
INV009247,0,Normal
INV009248,0,Normal
INV009249,0,Normal
INV009250,0,Normal
INV009251,0,Normal
INV009252,0,Normal
INV009253,0,Normal
INV009254,0,Normal
INV009255,0,Normal
INV009256,0,Normal
INV009257,0,Normal
INV009258,0,Normal
INV009259,0,Normal
INV009260,0,Normal
INV009261,0,Normal
INV009262,0,Normal
INV009263,0,Normal
INV009265,0,Normal
INV009266,0,Normal
INV009267,0,Normal
INV009268,0,Normal
INV009269,0,Normal
INV009270,0,Normal
INV009271,0,Normal
INV009272,0,Normal
INV009273,0,Normal
INV009274,0,Normal
INV009275,0,Normal
INV009276,0,Normal
INV009277,0,Normal
INV009278,0,Normal
INV009280,0,Normal
INV009281,0,Normal
INV009282,0,Normal
INV009283,0,Normal
INV009284,0,Normal
INV009285,0,Normal
INV009286,0,Normal
INV009287,0,Normal
INV009288,0,Normal
INV009289,0,Normal
INV009290,0,Normal
INV009291,0,Normal
INV009292,0,Normal
INV009293,0,Normal
INV009294,0,Normal
INV009295,0,Normal
INV009296,0,Normal
INV009297,0,Normal
INV009298,0,Normal
INV009299,0,Normal
INV009300,0,Normal
INV009301,0,Normal
INV009302,0,Normal
INV009303,0,Normal
INV009304,0,Normal
INV009305,0,Normal
INV009306,0,Normal
INV009307,0,Normal
INV009308,0,Normal
INV009309,0,Normal
INV009310,0,Normal
INV009311,0,Normal
INV009313,0,Normal
INV009314,0,Normal
INV009315,0,Normal
INV009316,0,Normal
INV009317,0,Normal
INV009318,0,Normal
INV009319,0,Normal
INV009320,0,Normal
INV009321,0,Normal
INV009322,0,Normal
INV009323,0,Normal
INV009324,0,Normal
INV009325,0,Normal
INV009327,0,Normal
INV009328,0,Normal
INV009329,0,Normal
INV009330,0,Normal
INV009331,0,Normal
INV009332,0,Normal
INV009333,0,Normal
INV009334,0,Normal
INV009335,0,Normal
INV009337,0,Normal
INV009338,0,Normal
INV009339,0,Normal
INV009340,0,Normal
INV009341,0,Normal
INV009342,0,Normal
INV009343,0,Normal
INV009344,0,Normal
INV009345,0,Normal
INV009346,0,Normal
INV009347,0,Normal
INV009348,0,Normal
INV009349,0,Normal
INV009350,0,Normal
INV009351,0,Normal
INV009352,0,Normal
INV009353,0,Normal
INV009354,0,Normal
INV009355,0,Normal
INV009356,0,Normal
INV009357,0,Normal
INV009358,0,Normal
INV009359,0,Normal
INV009360,0,Normal
INV009361,0,Normal
INV009362,0,Normal
INV009363,0,Normal
INV009364,0,Normal
INV009365,0,Normal
INV009366,0,Normal
INV009367,0,Normal
INV009368,0,Normal
INV009369,0,Normal
INV009370,0,Normal
INV009371,0,Normal
INV009372,0,Normal
INV009373,0,Normal
INV009374,0,Normal
INV009375,0,Normal
INV009376,0,Normal
INV009377,0,Normal
INV009378,0,Normal
INV009379,0,Normal
INV009380,0,Normal
INV009381,0,Normal
INV009382,0,Normal
INV009383,0,Normal
INV009384,0,Normal
INV009385,0,Normal
INV009386,0,Normal
INV009387,0,Normal
INV009388,0,Normal
INV009389,0,Normal
INV009391,0,Normal
INV009392,0,Normal
INV009393,0,Normal
INV009394,0,Normal
INV009395,0,Normal
INV009396,0,Normal
INV009397,0,Normal
INV009398,0,Normal
INV009399,0,Normal
INV009400,0,Normal
INV009401,0,Normal
INV009402,0,Normal
INV009403,0,Normal
INV009404,0,Normal
INV009405,0,Normal
INV009406,0,Normal
INV009407,0,Normal
INV009408,0,Normal
INV009409,0,Normal
INV009410,0,Normal
INV009411,0,Normal
INV009412,0,Normal
INV009413,0,Normal
INV009414,0,Normal
INV009415,0,Normal
INV009416,0,Normal
INV009417,0,Normal
INV009418,0,Normal
INV009419,0,Normal
INV009420,0,Normal
INV009421,0,Normal
INV009422,0,Normal
INV009423,0,Normal
INV009424,0,Normal
INV009425,0,Normal
INV009426,0,Normal
INV009427,0,Normal
INV009428,0,Normal
INV009429,0,Normal
INV009430,0,Normal
INV009431,0,Normal
INV009432,0,Normal
INV009433,0,Normal
INV009434,0,Normal
INV009435,0,Normal
INV009436,0,Normal
INV009437,0,Normal
INV009438,0,Normal
INV009439,0,Normal
INV009440,0,Normal
INV009441,0,Normal
INV009442,0,Normal
INV009443,0,Normal
INV009444,0,Normal
INV009445,0,Normal
INV009446,0,Normal
INV009447,0,Normal
INV009448,0,Normal
INV009449,0,Normal
INV009451,0,Normal
INV009453,0,Normal
INV009454,0,Normal
INV009455,0,Normal
INV009456,0,Normal
INV009457,0,Normal
INV009458,0,Normal
INV009459,0,Normal
INV009460,0,Normal
INV009461,0,Normal
INV009462,0,Normal
INV009463,0,Normal
INV009464,0,Normal
INV009465,0,Normal
INV009466,0,Normal
INV009468,0,Normal
INV009469,0,Normal
INV009470,0,Normal
INV009471,0,Normal
INV009472,0,Normal
INV009473,0,Normal
INV009474,0,Normal
INV009476,0,Normal
INV009477,0,Normal
INV009478,0,Normal
INV009479,0,Normal
INV009480,0,Normal
INV009481,0,Normal
INV009482,0,Normal
INV009484,0,Normal
INV009485,0,Normal
INV009486,0,Normal
INV009487,0,Normal
INV009488,0,Normal
INV009489,0,Normal
INV009490,0,Normal
INV009491,0,Normal
INV009492,0,Normal
INV009494,0,Normal
INV009495,0,Normal
INV009496,0,Normal
INV009497,0,Normal
INV009498,0,Normal
INV009499,0,Normal
INV009500,0,Normal
INV009501,0,Normal
INV009502,0,Normal
INV009503,0,Normal
INV009504,0,Normal
INV009505,0,Normal
INV009506,0,Normal
INV009507,0,Normal
INV009508,0,Normal
INV009509,0,Normal
INV009510,0,Normal
INV009511,0,Normal
INV009512,0,Normal
INV009513,0,Normal
INV009514,0,Normal
INV009515,0,Normal
INV009516,0,Normal
INV009517,0,Normal
INV009518,0,Normal
INV009519,0,Normal
INV009521,0,Normal
INV009522,0,Normal
INV009523,0,Normal
INV009524,0,Normal
INV009525,0,Normal
INV009526,0,Normal
INV009527,0,Normal
INV009528,0,Normal
INV009529,0,Normal
INV009530,0,Normal
INV009531,0,Normal
INV009532,0,Normal
INV009533,0,Normal
INV009534,0,Normal
INV009535,0,Normal
INV009536,0,Normal
INV009537,0,Normal
INV009538,0,Normal
INV009539,0,Normal
INV009540,0,Normal
INV009541,0,Normal
INV009542,0,Normal
INV009543,0,Normal
INV009544,0,Normal
INV009545,0,Normal
INV009546,0,Normal
INV009547,0,Normal
INV009548,0,Normal
INV009549,0,Normal
INV009550,0,Normal
INV009551,0,Normal
INV009553,0,Normal
INV009554,0,Normal
INV009555,0,Normal
INV009556,0,Normal
INV009557,0,Normal
INV009560,0,Normal
INV009561,0,Normal
INV009562,0,Normal
INV009563,0,Normal
INV009564,0,Normal
INV009565,0,Normal
INV009566,0,Normal
INV009567,0,Normal
INV009568,0,Normal
INV009569,0,Normal
INV009571,0,Normal
INV009573,0,Normal
INV009574,0,Normal
INV009575,0,Normal
INV009577,0,Normal
INV009578,0,Normal
INV009579,0,Normal
INV009580,0,Normal
INV009581,0,Normal
INV009582,0,Normal
INV009583,0,Normal
INV009584,0,Normal
INV009585,0,Normal
INV009586,0,Normal
INV009587,0,Normal
INV009588,0,Normal
INV009589,0,Normal
INV009590,0,Normal
INV009591,0,Normal
INV009592,0,Normal
INV009593,0,Normal
INV009594,0,Normal
INV009595,0,Normal
INV009596,0,Normal
INV009597,0,Normal
INV009598,0,Normal
INV009599,0,Normal
INV009600,0,Normal
INV009601,0,Normal
INV009602,0,Normal
INV009603,0,Normal
INV009604,0,Normal
INV009605,0,Normal
INV009606,0,Normal
INV009607,0,Normal
INV009608,0,Normal
INV009609,0,Normal
INV009610,0,Normal
INV009612,0,Normal
INV009613,0,Normal
INV009614,0,Normal
INV009615,0,Normal
INV009616,0,Normal
INV009617,0,Normal
INV009619,0,Normal
INV009620,0,Normal
INV009621,0,Normal
INV009622,0,Normal
INV009623,0,Normal
INV009624,0,Normal
INV009625,0,Normal
INV009626,0,Normal
INV009627,0,Normal
INV009628,0,Normal
INV009629,0,Normal
INV009630,0,Normal
INV009631,0,Normal
INV009632,0,Normal
INV009633,0,Normal
INV009634,0,Normal
INV009635,0,Normal
INV009636,0,Normal
INV009637,0,Normal
INV009638,0,Normal
INV009639,0,Normal
INV009640,0,Normal
INV009641,0,Normal
INV009642,0,Normal
INV009643,0,Normal
INV009644,0,Normal
INV009645,0,Normal
INV009647,0,Normal
INV009648,0,Normal
INV009649,0,Normal
INV009650,0,Normal
INV009651,0,Normal
INV009652,0,Normal
INV009653,0,Normal
INV009654,0,Normal
INV009655,0,Normal
INV009656,0,Normal
INV009657,0,Normal
INV009658,0,Normal
INV009659,0,Normal
INV009660,0,Normal
INV009661,0,Normal
INV009662,0,Normal
INV009663,0,Normal
INV009664,0,Normal
INV009665,0,Normal
INV009666,0,Normal
INV009667,0,Normal
INV009668,0,Normal
INV009669,0,Normal
INV009670,0,Normal
INV009671,0,Normal
INV009672,0,Normal
INV009673,0,Normal
INV009674,0,Normal
INV009675,0,Normal
INV009676,0,Normal
INV009677,0,Normal
INV009678,0,Normal
INV009679,0,Normal
INV009680,0,Normal
INV009681,0,Normal
INV009682,0,Normal
INV009684,0,Normal
INV009685,0,Normal
INV009686,0,Normal
INV009687,0,Normal
INV009688,0,Normal
INV009689,0,Normal
INV009690,0,Normal
INV009691,0,Normal
INV009692,0,Normal
INV009693,0,Normal
INV009694,0,Normal
INV009695,0,Normal
INV009696,0,Normal
INV009697,0,Normal
INV009698,0,Normal
INV009699,0,Normal
INV009701,0,Normal
INV009702,0,Normal
INV009703,0,Normal
INV009704,0,Normal
INV009705,0,Normal
INV009706,0,Normal
INV009707,0,Normal
INV009708,0,Normal
INV009709,0,Normal
INV009710,0,Normal
INV009711,0,Normal
INV009712,0,Normal
INV009713,0,Normal
INV009714,0,Normal
INV009715,0,Normal
INV009716,0,Normal
INV009717,0,Normal
INV009718,0,Normal
INV009719,0,Normal
INV009720,0,Normal
INV009721,0,Normal
INV009722,0,Normal
INV009723,0,Normal
INV009724,0,Normal
INV009725,0,Normal
INV009726,0,Normal
INV009727,0,Normal
INV009728,0,Normal
INV009729,0,Normal
INV009730,0,Normal
INV009731,0,Normal
INV009732,0,Normal
INV009734,0,Normal
INV009735,0,Normal
INV009736,0,Normal
INV009737,0,Normal
INV009738,0,Normal
INV009739,0,Normal
INV009740,0,Normal
INV009742,0,Normal
INV009743,0,Normal
INV009745,0,Normal
INV009746,0,Normal
INV009747,0,Normal
INV009748,0,Normal
INV009749,0,Normal
INV009750,0,Normal
INV009751,0,Normal
INV009752,0,Normal
INV009753,0,Normal
INV009754,0,Normal
INV009755,0,Normal
INV009756,0,Normal
INV009757,0,Normal
INV009758,0,Normal
INV009759,0,Normal
INV009760,0,Normal
INV009761,0,Normal
INV009762,0,Normal
INV009763,0,Normal
INV009764,0,Normal
INV009765,0,Normal
INV009766,0,Normal
INV009767,0,Normal
INV009768,0,Normal
INV009769,0,Normal
INV009770,0,Normal
INV009771,0,Normal
INV009772,0,Normal
INV009773,0,Normal
INV009774,0,Normal
INV009775,0,Normal
INV009776,0,Normal
INV009777,0,Normal
INV009778,0,Normal
INV009779,0,Normal
INV009780,0,Normal
INV009781,0,Normal
INV009782,0,Normal
INV009783,0,Normal
INV009784,0,Normal
INV009785,0,Normal
INV009786,0,Normal
INV009787,0,Normal
INV009788,0,Normal
INV009789,0,Normal
INV009790,0,Normal
INV009791,0,Normal
INV009792,0,Normal
INV009793,0,Normal
INV009794,0,Normal
INV009795,0,Normal
INV009796,0,Normal
INV009797,0,Normal
INV009798,0,Normal
INV009799,0,Normal
INV009800,0,Normal
INV009801,0,Normal
INV009802,0,Normal
INV009803,0,Normal
INV009804,0,Normal
INV009805,0,Normal
INV009806,0,Normal
INV009807,0,Normal
INV009808,0,Normal
INV009809,0,Normal
INV009810,0,Normal
INV009811,0,Normal
INV009812,0,Normal
INV009814,0,Normal
INV009815,0,Normal
INV009816,0,Normal
INV009817,0,Normal
INV009818,0,Normal
INV009819,0,Normal
INV009820,0,Normal
INV009822,0,Normal
INV009823,0,Normal
INV009824,0,Normal
INV009825,0,Normal
INV009826,0,Normal
INV009827,0,Normal
INV009828,0,Normal
INV009829,0,Normal
INV009830,0,Normal
INV009831,0,Normal
INV009832,0,Normal
INV009833,0,Normal
INV009834,0,Normal
INV009835,0,Normal
INV009836,0,Normal
INV009837,0,Normal
INV009838,0,Normal
INV009840,0,Normal
INV009841,0,Normal
INV009842,0,Normal
INV009843,0,Normal
INV009844,0,Normal
INV009845,0,Normal
INV009846,0,Normal
INV009847,0,Normal
INV009848,0,Normal
INV009849,0,Normal
INV009850,0,Normal
INV009851,0,Normal
INV009852,0,Normal
INV009853,0,Normal
INV009854,0,Normal
INV009855,0,Normal
INV009856,0,Normal
INV009857,0,Normal
INV009858,0,Normal
INV009859,0,Normal
INV009860,0,Normal
INV009862,0,Normal
INV009863,0,Normal
INV009864,0,Normal
INV009865,0,Normal
INV009866,0,Normal
INV009867,0,Normal
INV009868,0,Normal
INV009869,0,Normal
INV009870,0,Normal
INV009871,0,Normal
INV009872,0,Normal
INV009873,0,Normal
INV009875,0,Normal
INV009876,0,Normal
INV009877,0,Normal
INV009878,0,Normal
INV009879,0,Normal
INV009880,0,Normal
INV009881,0,Normal
INV009882,0,Normal
INV009883,0,Normal
INV009884,0,Normal
INV009885,0,Normal
INV009886,0,Normal
INV009887,0,Normal
INV009888,0,Normal
INV009889,0,Normal
INV009890,0,Normal
INV009891,0,Normal
INV009893,0,Normal
INV009894,0,Normal
INV009895,0,Normal
INV009896,0,Normal
INV009897,0,Normal
INV009898,0,Normal
INV009899,0,Normal
INV009900,0,Normal
INV009901,0,Normal
INV009902,0,Normal
INV009903,0,Normal
INV009904,0,Normal
INV009906,0,Normal
INV009907,0,Normal
INV009909,0,Normal
INV009910,0,Normal
INV009911,0,Normal
INV009912,0,Normal
INV009913,0,Normal
INV009914,0,Normal
INV009915,0,Normal
INV009916,0,Normal
INV009917,0,Normal
INV009918,0,Normal
INV009919,0,Normal
INV009920,0,Normal
INV009921,0,Normal
INV009923,0,Normal
INV009924,0,Normal
INV009925,0,Normal
INV009926,0,Normal
INV009927,0,Normal
INV009928,0,Normal
INV009929,0,Normal
INV009930,0,Normal
INV009932,0,Normal
INV009933,0,Normal
INV009934,0,Normal
INV009935,0,Normal
INV009936,0,Normal
INV009937,0,Normal
INV009938,0,Normal
INV009939,0,Normal
INV009940,0,Normal
INV009941,0,Normal
INV009942,0,Normal
INV009943,0,Normal
INV009944,0,Normal
INV009946,0,Normal
INV009947,0,Normal
INV009948,0,Normal
INV009949,0,Normal
INV009950,0,Normal
INV009951,0,Normal
INV009952,0,Normal
INV009953,0,Normal
INV009954,0,Normal
INV009955,0,Normal
INV009956,0,Normal
INV009957,0,Normal
INV009958,0,Normal
INV009959,0,Normal
INV009960,0,Normal
INV009961,0,Normal
INV009962,0,Normal
INV009963,0,Normal
INV009964,0,Normal
INV009966,0,Normal
INV009967,0,Normal
INV009968,0,Normal
INV009969,0,Normal
INV009970,0,Normal
INV009972,0,Normal
INV009973,0,Normal
INV009974,0,Normal
INV009975,0,Normal
INV009976,0,Normal
INV009977,0,Normal
INV009978,0,Normal
INV009979,0,Normal
INV009980,0,Normal
INV009981,0,Normal
INV009982,0,Normal
INV009983,0,Normal
INV009984,0,Normal
INV009985,0,Normal
INV009986,0,Normal
INV009987,0,Normal
INV009988,0,Normal
INV009989,0,Normal
INV009990,0,Normal
INV009991,0,Normal
INV009992,0,Normal
INV009993,0,Normal
INV009994,0,Normal
INV009995,0,Normal
INV009996,0,Normal
INV009997,0,Normal
INV009998,0,Normal
INV009999,0,Normal
INV010000,0,Normal
INV010001,0,Normal
INV010002,0,Normal
INV010003,0,Normal
INV010004,0,Normal
INV010005,0,Normal
INV010006,0,Normal
INV010007,0,Normal
INV010008,0,Normal
INV010010,0,Normal
INV010011,0,Normal
INV010013,0,Normal
INV010014,0,Normal
INV010015,0,Normal
INV010016,0,Normal
INV010017,0,Normal
INV010018,0,Normal
INV010019,0,Normal
INV010020,0,Normal
INV010021,0,Normal
INV010022,0,Normal
INV010023,0,Normal
INV010024,0,Normal
INV010025,0,Normal
INV010026,0,Normal
INV010027,0,Normal
INV010028,0,Normal
INV010029,0,Normal
INV010030,0,Normal
INV010031,0,Normal
INV010032,0,Normal
INV010033,0,Normal
INV010034,0,Normal
INV010035,0,Normal
INV010036,0,Normal
INV010037,0,Normal
INV010038,0,Normal
INV010039,0,Normal
INV010040,0,Normal
INV010041,0,Normal
INV010042,0,Normal
INV010043,0,Normal
INV010044,0,Normal
INV010045,0,Normal
INV010046,0,Normal
INV010047,0,Normal
INV010048,0,Normal
INV010049,0,Normal
INV010050,0,Normal
INV010051,0,Normal
INV010052,0,Normal
INV010053,0,Normal
INV010054,0,Normal
INV010055,0,Normal
INV010056,0,Normal
INV010057,0,Normal
INV010058,0,Normal
INV010059,0,Normal
INV010060,0,Normal
INV010061,0,Normal
INV010062,0,Normal
INV010063,0,Normal
INV010064,0,Normal
INV010065,0,Normal
INV010066,0,Normal
INV010067,0,Normal
INV010068,0,Normal
INV010069,0,Normal
INV010070,0,Normal
INV010071,0,Normal
INV010072,0,Normal
INV010073,0,Normal
INV010074,0,Normal
INV010075,0,Normal
INV010076,0,Normal
INV010077,0,Normal
INV010078,0,Normal
INV010079,0,Normal
INV010080,0,Normal
INV010082,0,Normal
INV010083,0,Normal
INV010084,0,Normal
INV010085,0,Normal
INV010087,0,Normal
INV010088,0,Normal
INV010089,0,Normal
INV010091,0,Normal
INV010092,0,Normal
INV010093,0,Normal
INV010094,0,Normal
INV010096,0,Normal
INV010097,0,Normal
INV010098,0,Normal
INV010099,0,Normal
INV010100,0,Normal
INV010101,0,Normal
INV010102,0,Normal
INV010103,0,Normal
INV010104,0,Normal
INV010106,0,Normal
INV010107,0,Normal
INV010108,0,Normal
INV010110,0,Normal
INV010111,0,Normal
INV010112,0,Normal
INV010113,0,Normal
INV010114,0,Normal
INV010115,0,Normal
INV010117,0,Normal
INV010118,0,Normal
INV010119,0,Normal
INV010120,0,Normal
INV010121,0,Normal
INV010122,0,Normal
INV010123,0,Normal
INV010124,0,Normal
INV010125,0,Normal
INV010126,0,Normal
INV010127,0,Normal
INV010128,0,Normal
INV010129,0,Normal
INV010130,0,Normal
INV010131,0,Normal
INV010133,0,Normal
INV010136,0,Normal
INV010137,0,Normal
INV010138,0,Normal
INV010139,0,Normal
INV010140,0,Normal
INV010141,0,Normal
INV010142,0,Normal
INV010143,0,Normal
INV010144,0,Normal
INV010145,0,Normal
INV010146,0,Normal
INV010147,0,Normal
INV010148,0,Normal
INV010149,0,Normal
INV010150,0,Normal
INV010151,0,Normal
INV010152,0,Normal
INV010153,0,Normal
INV010154,0,Normal
INV010155,0,Normal
INV010156,0,Normal
INV010157,0,Normal
INV010158,0,Normal
INV010159,0,Normal
INV010160,0,Normal
INV010161,0,Normal
INV010162,0,Normal
INV010163,0,Normal
INV010164,0,Normal
INV010165,0,Normal
INV010166,0,Normal
INV010167,0,Normal
INV010168,0,Normal
INV010169,0,Normal
INV010170,0,Normal
INV010171,0,Normal
INV010173,0,Normal
INV010174,0,Normal
INV010175,0,Normal
INV010176,0,Normal
INV010177,0,Normal
INV010178,0,Normal
INV010179,0,Normal
INV010180,0,Normal
INV010181,0,Normal
INV010182,0,Normal
INV010183,0,Normal
INV010185,0,Normal
INV010186,0,Normal
INV010187,0,Normal
INV010188,0,Normal
INV010189,0,Normal
INV010190,0,Normal
INV010191,0,Normal
INV010192,0,Normal
INV010193,0,Normal
INV010194,0,Normal
INV010195,0,Normal
INV010196,0,Normal
INV010197,0,Normal
INV010198,0,Normal
INV010199,0,Normal
INV010200,0,Normal
INV010201,0,Normal
INV010202,0,Normal
INV010203,0,Normal
INV010204,0,Normal
INV010205,0,Normal
INV010206,0,Normal
INV010207,0,Normal
INV010208,0,Normal
INV010211,0,Normal
INV010212,0,Normal
INV010213,0,Normal
INV010214,0,Normal
INV010215,0,Normal
INV010216,0,Normal
INV010217,0,Normal
INV010218,0,Normal
INV010219,0,Normal
INV010220,0,Normal
INV010221,0,Normal
INV010222,0,Normal
INV010223,0,Normal
INV010224,0,Normal
INV010225,0,Normal
INV010226,0,Normal
INV010227,0,Normal
INV010228,0,Normal
INV010229,0,Normal
INV010230,0,Normal
INV010231,0,Normal
INV010232,0,Normal
INV010233,0,Normal
INV010234,0,Normal
INV010235,0,Normal
INV010236,0,Normal
INV010237,0,Normal
INV010238,0,Normal
INV010239,0,Normal
INV010240,0,Normal
INV010242,0,Normal
INV010243,0,Normal
INV010244,0,Normal
INV010245,0,Normal
INV010246,0,Normal
INV010247,0,Normal
INV010248,0,Normal
INV010249,0,Normal
INV010250,0,Normal
INV010251,0,Normal
INV010252,0,Normal
INV010253,0,Normal
INV010254,0,Normal
INV010255,0,Normal
INV010256,0,Normal
INV010257,0,Normal
INV010258,0,Normal
INV010259,0,Normal
INV010260,0,Normal
INV010261,0,Normal
INV010262,0,Normal
INV010263,0,Normal
INV010264,0,Normal
INV010265,0,Normal
INV010266,0,Normal
INV010267,0,Normal
INV010268,0,Normal
INV010269,0,Normal
INV010270,0,Normal
INV010271,0,Normal
INV010272,0,Normal
INV010273,0,Normal
INV010274,0,Normal
INV010275,0,Normal
INV010276,0,Normal
INV010277,0,Normal
INV010278,0,Normal
INV010279,0,Normal
INV010282,0,Normal
INV010283,0,Normal
INV010284,0,Normal
INV010285,0,Normal
INV010286,0,Normal
INV010287,0,Normal
INV010289,0,Normal
INV010290,0,Normal
INV010291,0,Normal
INV010293,0,Normal
INV010294,0,Normal
INV010295,0,Normal
INV010296,0,Normal
INV010298,0,Normal
INV010299,0,Normal
INV010300,0,Normal
INV010301,0,Normal
INV010302,0,Normal
INV010304,0,Normal
INV010305,0,Normal
INV010307,0,Normal
INV010308,0,Normal
INV010309,0,Normal
INV010310,0,Normal
INV010311,0,Normal
INV010312,0,Normal
INV010313,0,Normal
INV010314,0,Normal
INV010315,0,Normal
INV010316,0,Normal
INV010317,0,Normal
INV010318,0,Normal
INV010319,0,Normal
INV010320,0,Normal
INV010321,0,Normal
INV010322,0,Normal
INV010323,0,Normal
INV010324,0,Normal
INV010325,0,Normal
INV010326,0,Normal
INV010327,0,Normal
INV010328,0,Normal
INV010329,0,Normal
INV010330,0,Normal
INV010331,0,Normal
INV010332,0,Normal
INV010333,0,Normal
INV010335,0,Normal
INV010336,0,Normal
INV010337,0,Normal
INV010338,0,Normal
INV010339,0,Normal
INV010340,0,Normal
INV010341,0,Normal
INV010342,0,Normal
INV010343,0,Normal
INV010344,0,Normal
INV010345,0,Normal
INV010346,0,Normal
INV010347,0,Normal
INV010348,0,Normal
INV010349,0,Normal
INV010350,0,Normal
INV010351,0,Normal
INV010352,0,Normal
INV010353,0,Normal
INV010354,0,Normal
INV010355,0,Normal
INV010356,0,Normal
INV010357,0,Normal
INV010358,0,Normal
INV010359,0,Normal
INV010360,0,Normal
INV010361,0,Normal
INV010362,0,Normal
INV010363,0,Normal
INV010364,0,Normal
INV010365,0,Normal
INV010366,0,Normal
INV010367,0,Normal
INV010368,0,Normal
INV010369,0,Normal
INV010370,0,Normal
INV010371,0,Normal
INV010372,0,Normal
INV010373,0,Normal
INV010374,0,Normal
INV010375,0,Normal
INV010376,0,Normal
INV010377,0,Normal
INV010378,0,Normal
INV010379,0,Normal
INV010380,0,Normal
INV010381,0,Normal
INV010382,0,Normal
INV010383,0,Normal
INV010384,0,Normal
INV010385,0,Normal
INV010386,0,Normal
INV010387,0,Normal
INV010388,0,Normal
INV010389,0,Normal
INV010390,0,Normal
INV010391,0,Normal
INV010392,0,Normal
INV010393,0,Normal
INV010394,0,Normal
INV010395,0,Normal
INV010396,0,Normal
INV010397,0,Normal
INV010398,0,Normal
INV010399,0,Normal
INV010400,0,Normal
INV010401,0,Normal
INV010402,0,Normal
INV010403,0,Normal
INV010404,0,Normal
INV010405,0,Normal
INV010406,0,Normal
INV010407,0,Normal
INV010408,0,Normal
INV010409,0,Normal
INV010410,0,Normal
INV010411,0,Normal
INV010412,0,Normal
INV010413,0,Normal
INV010414,0,Normal
INV010415,0,Normal
INV010416,0,Normal
INV010417,0,Normal
INV010418,0,Normal
INV010419,0,Normal
INV010420,0,Normal
INV010421,0,Normal
INV010422,0,Normal
INV010423,0,Normal
INV010424,0,Normal
INV010425,0,Normal
INV010426,0,Normal
INV010427,0,Normal
INV010428,0,Normal
INV010429,0,Normal
INV010430,0,Normal
INV010431,0,Normal
INV010432,0,Normal
INV010433,0,Normal
INV010434,0,Normal
INV010435,0,Normal
INV010436,0,Normal
INV010437,0,Normal
INV010438,0,Normal
INV010439,0,Normal
INV010440,0,Normal
INV010441,0,Normal
INV010442,0,Normal
INV010443,0,Normal
INV010444,0,Normal
INV010445,0,Normal
INV010446,0,Normal
INV010447,0,Normal
INV010448,0,Normal
INV010449,0,Normal
INV010450,0,Normal
INV010451,0,Normal
INV010453,0,Normal
INV010454,0,Normal
INV010455,0,Normal
INV010456,0,Normal
INV010457,0,Normal
INV010458,0,Normal
INV010459,0,Normal
INV010460,0,Normal
INV010461,0,Normal
INV010462,0,Normal
INV010463,0,Normal
INV010464,0,Normal
INV010465,0,Normal
INV010466,0,Normal
INV010467,0,Normal
INV010468,0,Normal
INV010469,0,Normal
INV010470,0,Normal
INV010471,0,Normal
INV010472,0,Normal
INV010473,0,Normal
INV010474,0,Normal
INV010475,0,Normal
INV010476,0,Normal
INV010477,0,Normal
INV010478,0,Normal
INV010479,0,Normal
INV010480,0,Normal
INV010482,0,Normal
INV010483,0,Normal
INV010484,0,Normal
INV010485,0,Normal
INV010486,0,Normal
INV010487,0,Normal
INV010489,0,Normal
INV010490,0,Normal
INV010491,0,Normal
INV010492,0,Normal
INV010493,0,Normal
INV010494,0,Normal
INV010495,0,Normal
INV010496,0,Normal
INV010497,0,Normal
INV010498,0,Normal
INV010499,0,Normal
INV010500,0,Normal
INV010501,0,Normal
INV010502,0,Normal
INV010503,0,Normal
INV010504,0,Normal
INV010505,0,Normal
INV010506,0,Normal
INV010507,0,Normal
INV010508,0,Normal
INV010509,0,Normal
INV010510,0,Normal
INV010511,0,Normal
INV010512,0,Normal
INV010513,0,Normal
INV010514,0,Normal
INV010515,0,Normal
INV010516,0,Normal
INV010517,0,Normal
INV010518,0,Normal
INV010519,0,Normal
INV010520,0,Normal
INV010521,0,Normal
INV010522,0,Normal
INV010523,0,Normal
INV010524,0,Normal
INV010525,0,Normal
INV010526,0,Normal
INV010527,0,Normal
INV010528,0,Normal
INV010530,0,Normal
INV010532,0,Normal
INV010534,0,Normal
INV010535,0,Normal
INV010536,0,Normal
INV010537,0,Normal
INV010538,0,Normal
INV010539,0,Normal
INV010540,0,Normal
INV010541,0,Normal
INV010542,0,Normal
INV010543,0,Normal
INV010544,0,Normal
INV010545,0,Normal
INV010547,0,Normal
INV010548,0,Normal
INV010549,0,Normal
INV010550,0,Normal
INV010551,0,Normal
INV010552,0,Normal
INV010553,0,Normal
INV010555,0,Normal
INV010556,0,Normal
INV010557,0,Normal
INV010558,0,Normal
INV010559,0,Normal
INV010560,0,Normal
INV010561,0,Normal
INV010562,0,Normal
INV010563,0,Normal
INV010564,0,Normal
INV010565,0,Normal
INV010566,0,Normal
INV010567,0,Normal
INV010568,0,Normal
INV010569,0,Normal
INV010570,0,Normal
INV010571,0,Normal
INV010572,0,Normal
INV010573,0,Normal
INV010574,0,Normal
INV010575,0,Normal
INV010576,0,Normal
INV010577,0,Normal
INV010578,0,Normal
INV010580,0,Normal
INV010582,0,Normal
INV010583,0,Normal
INV010584,0,Normal
INV010585,0,Normal
INV010586,0,Normal
INV010587,0,Normal
INV010588,0,Normal
INV010589,0,Normal
INV010591,0,Normal
INV010592,0,Normal
INV010593,0,Normal
INV010595,0,Normal
INV010596,0,Normal
INV010597,0,Normal
INV010598,0,Normal
INV010599,0,Normal
INV010600,0,Normal
INV010601,0,Normal
INV010602,0,Normal
INV010603,0,Normal
INV010604,0,Normal
INV010605,0,Normal
INV010606,0,Normal
INV010607,0,Normal
INV010608,0,Normal
INV010609,0,Normal
INV010611,0,Normal
INV010612,0,Normal
INV010613,0,Normal
INV010614,0,Normal
INV010615,0,Normal
INV010616,0,Normal
INV010617,0,Normal
INV010618,0,Normal
INV010619,0,Normal
INV010620,0,Normal
INV010621,0,Normal
INV010622,0,Normal
INV010623,0,Normal
INV010624,0,Normal
INV010625,0,Normal
INV010626,0,Normal
INV010627,0,Normal
INV010629,0,Normal
INV010630,0,Normal
INV010631,0,Normal
INV010633,0,Normal
INV010634,0,Normal
INV010635,0,Normal
INV010636,0,Normal
INV010637,0,Normal
INV010638,0,Normal
INV010639,0,Normal
INV010640,0,Normal
INV010641,0,Normal
INV010642,0,Normal
INV010644,0,Normal
INV010645,0,Normal
INV010646,0,Normal
INV010647,0,Normal
INV010648,0,Normal
INV010649,0,Normal
INV010651,0,Normal
INV010652,0,Normal
INV010653,0,Normal
INV010654,0,Normal
INV010655,0,Normal
INV010656,0,Normal
INV010657,0,Normal
INV010658,0,Normal
INV010659,0,Normal
INV010660,0,Normal
INV010661,0,Normal
INV010662,0,Normal
INV010663,0,Normal
INV010664,0,Normal
INV010665,0,Normal
INV010666,0,Normal
INV010667,0,Normal
INV010668,0,Normal
INV010669,0,Normal
INV010670,0,Normal
INV010671,0,Normal
INV010672,0,Normal
INV010673,0,Normal
INV010674,0,Normal
INV010675,0,Normal
INV010676,0,Normal
INV010677,0,Normal
INV010678,0,Normal
INV010679,0,Normal
INV010680,0,Normal
INV010681,0,Normal
INV010682,0,Normal
INV010683,0,Normal
INV010684,0,Normal
INV010685,0,Normal
INV010686,0,Normal
INV010687,0,Normal
INV010688,0,Normal
INV010689,0,Normal
INV010690,0,Normal
INV010691,0,Normal
INV010692,0,Normal
INV010693,0,Normal
INV010694,0,Normal
INV010695,0,Normal
INV010697,0,Normal
INV010698,0,Normal
INV010699,0,Normal
INV010700,0,Normal
INV010701,0,Normal
INV010702,0,Normal
INV010703,0,Normal
INV010704,0,Normal
INV010705,0,Normal
INV010706,0,Normal
INV010707,0,Normal
INV010708,0,Normal
INV010709,0,Normal
INV010710,0,Normal
INV010711,0,Normal
INV010712,0,Normal
INV010713,0,Normal
INV010714,0,Normal
INV010715,0,Normal
INV010716,0,Normal
INV010717,0,Normal
INV010718,0,Normal
INV010719,0,Normal
INV010720,0,Normal
INV010721,0,Normal
INV010722,0,Normal
INV010723,0,Normal
INV010724,0,Normal
INV010725,0,Normal
INV010726,0,Normal
INV010727,0,Normal
INV010728,0,Normal
INV010729,0,Normal
INV010730,0,Normal
INV010731,0,Normal
INV010732,0,Normal
INV010733,0,Normal
INV010735,0,Normal
INV010736,0,Normal
INV010737,0,Normal
INV010738,0,Normal
INV010741,0,Normal
INV010742,0,Normal
INV010743,0,Normal
INV010744,0,Normal
INV010745,0,Normal
INV010746,0,Normal
INV010747,0,Normal
INV010748,0,Normal
INV010749,0,Normal
INV010750,0,Normal
INV010751,0,Normal
INV010753,0,Normal
INV010754,0,Normal
INV010755,0,Normal
INV010756,0,Normal
INV010757,0,Normal
INV010758,0,Normal
INV010759,0,Normal
INV010760,0,Normal
INV010761,0,Normal
INV010762,0,Normal
INV010763,0,Normal
INV010764,0,Normal
INV010765,0,Normal
INV010766,0,Normal
INV010767,0,Normal
INV010768,0,Normal
INV010769,0,Normal
INV010770,0,Normal
INV010771,0,Normal
INV010772,0,Normal
INV010774,0,Normal
INV010775,0,Normal
INV010776,0,Normal
INV010777,0,Normal
INV010778,0,Normal
INV010779,0,Normal
INV010780,0,Normal
INV010782,0,Normal
INV010783,0,Normal
INV010784,0,Normal
INV010785,0,Normal
INV010786,0,Normal
INV010787,0,Normal
INV010788,0,Normal
INV010789,0,Normal
INV010790,0,Normal
INV010791,0,Normal
INV010792,0,Normal
INV010793,0,Normal
INV010794,0,Normal
INV010796,0,Normal
INV010797,0,Normal
INV010798,0,Normal
INV010799,0,Normal
INV010800,0,Normal
INV010801,0,Normal
INV010804,0,Normal
INV010805,0,Normal
INV010806,0,Normal
INV010807,0,Normal
INV010808,0,Normal
INV010809,0,Normal
INV010810,0,Normal
INV010811,0,Normal
INV010812,0,Normal
INV010813,0,Normal
INV010814,0,Normal
INV010815,0,Normal
INV010816,0,Normal
INV010817,0,Normal
INV010818,0,Normal
INV010819,0,Normal
INV010820,0,Normal
INV010821,0,Normal
INV010822,0,Normal
INV010823,0,Normal
INV010824,0,Normal
INV010825,0,Normal
INV010826,0,Normal
INV010827,0,Normal
INV010828,0,Normal
INV010829,0,Normal
INV010830,0,Normal
INV010831,0,Normal
INV010832,0,Normal
INV010833,0,Normal
INV010834,0,Normal
INV010835,0,Normal
INV010836,0,Normal
INV010837,0,Normal
INV010838,0,Normal
INV010839,0,Normal
INV010840,0,Normal
INV010841,0,Normal
INV010842,0,Normal
INV010843,0,Normal
INV010844,0,Normal
INV010845,0,Normal
INV010846,0,Normal
INV010847,0,Normal
INV010849,0,Normal
INV010850,0,Normal
INV010851,0,Normal
INV010852,0,Normal
INV010854,0,Normal
INV010855,0,Normal
INV010856,0,Normal
INV010857,0,Normal
INV010858,0,Normal
INV010859,0,Normal
INV010860,0,Normal
INV010861,0,Normal
INV010862,0,Normal
INV010863,0,Normal
INV010864,0,Normal
INV010865,0,Normal
INV010866,0,Normal
INV010868,0,Normal
INV010869,0,Normal
INV010870,0,Normal
INV010871,0,Normal
INV010872,0,Normal
INV010873,0,Normal
INV010874,0,Normal
INV010875,0,Normal
INV010876,0,Normal
INV010877,0,Normal
INV010878,0,Normal
INV010879,0,Normal
INV010880,0,Normal
INV010881,0,Normal
INV010882,0,Normal
INV010883,0,Normal
INV010884,0,Normal
INV010885,0,Normal
INV010886,0,Normal
INV010887,0,Normal
INV010888,0,Normal
INV010889,0,Normal
INV010890,0,Normal
INV010891,0,Normal
INV010892,0,Normal
INV010893,0,Normal
INV010894,0,Normal
INV010895,0,Normal
INV010896,0,Normal
INV010897,0,Normal
INV010898,0,Normal
INV010899,0,Normal
INV010900,0,Normal
INV010901,0,Normal
INV010902,0,Normal
INV010903,0,Normal
INV010904,0,Normal
INV010905,0,Normal
INV010906,0,Normal
INV010907,0,Normal
INV010908,0,Normal
INV010909,0,Normal
INV010910,0,Normal
INV010911,0,Normal
INV010912,0,Normal
INV010914,0,Normal
INV010915,0,Normal
INV010917,0,Normal
INV010918,0,Normal
INV010919,0,Normal
INV010920,0,Normal
INV010921,0,Normal
INV010922,0,Normal
INV010923,0,Normal
INV010924,0,Normal
INV010925,0,Normal
INV010927,0,Normal
INV010928,0,Normal
INV010929,0,Normal
INV010930,0,Normal
INV010931,0,Normal
INV010932,0,Normal
INV010933,0,Normal
INV010934,0,Normal
INV010935,0,Normal
INV010936,0,Normal
INV010938,0,Normal
INV010939,0,Normal
INV010940,0,Normal
INV010941,0,Normal
INV010942,0,Normal
INV010943,0,Normal
INV010944,0,Normal
INV010945,0,Normal
INV010946,0,Normal
INV010947,0,Normal
INV010949,0,Normal
INV010950,0,Normal
INV010951,0,Normal
INV010952,0,Normal
INV010953,0,Normal
INV010954,0,Normal
INV010955,0,Normal
INV010956,0,Normal
INV010957,0,Normal
INV010958,0,Normal
INV010959,0,Normal
INV010960,0,Normal
INV010961,0,Normal
INV010962,0,Normal
INV010963,0,Normal
INV010964,0,Normal
INV010965,0,Normal
INV010966,0,Normal
INV010967,0,Normal
INV010968,0,Normal
INV010969,0,Normal
INV010970,0,Normal
INV010971,0,Normal
INV010972,0,Normal
INV010973,0,Normal
INV010974,0,Normal
INV010975,0,Normal
INV010976,0,Normal
INV010978,0,Normal
INV010979,0,Normal
INV010980,0,Normal
INV010981,0,Normal
INV010982,0,Normal
INV010983,0,Normal
INV010984,0,Normal
INV010985,0,Normal
INV010986,0,Normal
INV010987,0,Normal
INV010988,0,Normal
INV010989,0,Normal
INV010990,0,Normal
INV010992,0,Normal
INV010993,0,Normal
INV010994,0,Normal
INV010995,0,Normal
INV010996,0,Normal
INV010997,0,Normal
INV010998,0,Normal
INV010999,0,Normal
INV011000,0,Normal
INV011001,0,Normal
INV011003,0,Normal
INV011004,0,Normal
INV011005,0,Normal
INV011006,0,Normal
INV011007,0,Normal
INV011008,0,Normal
INV011009,0,Normal
INV011010,0,Normal
INV011011,0,Normal
INV011012,0,Normal
INV011013,0,Normal
INV011014,0,Normal
INV011015,0,Normal
INV011016,0,Normal
INV011017,0,Normal
INV011018,0,Normal
INV011019,0,Normal
INV011020,0,Normal
INV011021,0,Normal
INV011022,0,Normal
INV011023,0,Normal
INV011024,0,Normal
INV011025,0,Normal
INV011026,0,Normal
INV011027,0,Normal
INV011028,0,Normal
INV011029,0,Normal
INV011030,0,Normal
INV011031,0,Normal
INV011032,0,Normal
INV011034,0,Normal
INV011035,0,Normal
INV011036,0,Normal
INV011037,0,Normal
INV011038,0,Normal
INV011039,0,Normal
INV011040,0,Normal
INV011041,0,Normal
INV011042,0,Normal
INV011043,0,Normal
INV011044,0,Normal
INV011045,0,Normal
INV011046,0,Normal
INV011047,0,Normal
INV011048,0,Normal
INV011049,0,Normal
INV011050,0,Normal
INV011051,0,Normal
INV011052,0,Normal
INV011053,0,Normal
INV011054,0,Normal
INV011055,0,Normal
INV011056,0,Normal
INV011058,0,Normal
INV011059,0,Normal
INV011060,0,Normal
INV011061,0,Normal
INV011062,0,Normal
INV011063,0,Normal
INV011064,0,Normal
INV011065,0,Normal
INV011066,0,Normal
INV011067,0,Normal
INV011069,0,Normal
INV011070,0,Normal
INV011071,0,Normal
INV011072,0,Normal
INV011074,0,Normal
INV011075,0,Normal
INV011076,0,Normal
INV011077,0,Normal
INV011078,0,Normal
INV011079,0,Normal
INV011080,0,Normal
INV011081,0,Normal
INV011082,0,Normal
INV011083,0,Normal
INV011084,0,Normal
INV011085,0,Normal
INV011086,0,Normal
INV011087,0,Normal
INV011089,0,Normal
INV011090,0,Normal
INV011091,0,Normal
INV011092,0,Normal
INV011093,0,Normal
INV011094,0,Normal
INV011096,0,Normal
INV011097,0,Normal
INV011098,0,Normal
INV011099,0,Normal
INV011100,0,Normal
INV011102,0,Normal
INV011103,0,Normal
INV011104,0,Normal
INV011105,0,Normal
INV011106,0,Normal
INV011107,0,Normal
INV011108,0,Normal
INV011109,0,Normal
INV011110,0,Normal
INV011111,0,Normal
INV011112,0,Normal
INV011113,0,Normal
INV011114,0,Normal
INV011115,0,Normal
INV011116,0,Normal
INV011117,0,Normal
INV011118,0,Normal
INV011119,0,Normal
INV011120,0,Normal
INV011121,0,Normal
INV011122,0,Normal
INV011123,0,Normal
INV011124,0,Normal
INV011125,0,Normal
INV011126,0,Normal
INV011127,0,Normal
INV011128,0,Normal
INV011129,0,Normal
INV011130,0,Normal
INV011131,0,Normal
INV011132,0,Normal
INV011133,0,Normal
INV011134,0,Normal
INV011135,0,Normal
INV011136,0,Normal
INV011137,0,Normal
INV011138,0,Normal
INV011139,0,Normal
INV011140,0,Normal
INV011141,0,Normal
INV011143,0,Normal
INV011144,0,Normal
INV011145,0,Normal
INV011146,0,Normal
INV011147,0,Normal
INV011148,0,Normal
INV011149,0,Normal
INV011150,0,Normal
INV011151,0,Normal
INV011152,0,Normal
INV011153,0,Normal
INV011154,0,Normal
INV011155,0,Normal
INV011156,0,Normal
INV011157,0,Normal
INV011158,0,Normal
INV011159,0,Normal
INV011160,0,Normal
INV011162,0,Normal
INV011163,0,Normal
INV011164,0,Normal
INV011165,0,Normal
INV011166,0,Normal
INV011167,0,Normal
INV011168,0,Normal
INV011169,0,Normal
INV011170,0,Normal
INV011171,0,Normal
INV011172,0,Normal
INV011173,0,Normal
INV011174,0,Normal
INV011175,0,Normal
INV011176,0,Normal
INV011177,0,Normal
INV011178,0,Normal
INV011179,0,Normal
INV011180,0,Normal
INV011181,0,Normal
INV011182,0,Normal
INV011183,0,Normal
INV011184,0,Normal
INV011186,0,Normal
INV011188,0,Normal
INV011189,0,Normal
INV011190,0,Normal
INV011191,0,Normal
INV011192,0,Normal
INV011193,0,Normal
INV011194,0,Normal
INV011195,0,Normal
INV011196,0,Normal
INV011197,0,Normal
INV011199,0,Normal
INV011200,0,Normal
INV011201,0,Normal
INV011202,0,Normal
INV011203,0,Normal
INV011204,0,Normal
INV011205,0,Normal
INV011206,0,Normal
INV011207,0,Normal
INV011208,0,Normal
INV011209,0,Normal
INV011210,0,Normal
INV011211,0,Normal
INV011212,0,Normal
INV011213,0,Normal
INV011215,0,Normal
INV011216,0,Normal
INV011217,0,Normal
INV011218,0,Normal
INV011219,0,Normal
INV011220,0,Normal
INV011221,0,Normal
INV011222,0,Normal
INV011223,0,Normal
INV011224,0,Normal
INV011225,0,Normal
INV011226,0,Normal
INV011227,0,Normal
INV011228,0,Normal
INV011229,0,Normal
INV011230,0,Normal
INV011231,0,Normal
INV011232,0,Normal
INV011233,0,Normal
INV011234,0,Normal
INV011235,0,Normal
INV011236,0,Normal
INV011237,0,Normal
INV011238,0,Normal
INV011239,0,Normal
INV011240,0,Normal
INV011241,0,Normal
INV011242,0,Normal
INV011243,0,Normal
INV011245,0,Normal
INV011246,0,Normal
INV011247,0,Normal
INV011249,0,Normal
INV011250,0,Normal
INV011251,0,Normal
INV011252,0,Normal
INV011253,0,Normal
INV011254,0,Normal
INV011255,0,Normal
INV011256,0,Normal
INV011257,0,Normal
INV011258,0,Normal
INV011259,0,Normal
INV011260,0,Normal
INV011261,0,Normal
INV011263,0,Normal
INV011264,0,Normal
INV011265,0,Normal
INV011266,0,Normal
INV011267,0,Normal
INV011268,0,Normal
INV011269,0,Normal
INV011271,0,Normal
INV011272,0,Normal
INV011273,0,Normal
INV011274,0,Normal
INV011275,0,Normal
INV011276,0,Normal
INV011277,0,Normal
INV011278,0,Normal
INV011279,0,Normal
INV011280,0,Normal
INV011281,0,Normal
INV011282,0,Normal
INV011283,0,Normal
INV011284,0,Normal
INV011285,0,Normal
INV011286,0,Normal
INV011287,0,Normal
INV011288,0,Normal
INV011289,0,Normal
INV011290,0,Normal
INV011291,0,Normal
INV011292,0,Normal
INV011293,0,Normal
INV011295,0,Normal
INV011296,0,Normal
INV011297,0,Normal
INV011298,0,Normal
INV011299,0,Normal
INV011300,0,Normal
INV011301,0,Normal
INV011302,0,Normal
INV011304,0,Normal
INV011305,0,Normal
INV011306,0,Normal
INV011307,0,Normal
INV011308,0,Normal
INV011309,0,Normal
INV011310,0,Normal
INV011311,0,Normal
INV011312,0,Normal
INV011313,0,Normal
INV011314,0,Normal
INV011315,0,Normal
INV011316,0,Normal
INV011317,0,Normal
INV011318,0,Normal
INV011320,0,Normal
INV011321,0,Normal
INV011322,0,Normal
INV011323,0,Normal
INV011324,0,Normal
INV011325,0,Normal
INV011326,0,Normal
INV011327,0,Normal
INV011328,0,Normal
INV011329,0,Normal
INV011330,0,Normal
INV011331,0,Normal
INV011333,0,Normal
INV011334,0,Normal
INV011335,0,Normal
INV011336,0,Normal
INV011337,0,Normal
INV011338,0,Normal
INV011339,0,Normal
INV011340,0,Normal
INV011341,0,Normal
INV011342,0,Normal
INV011343,0,Normal
INV011344,0,Normal
INV011345,0,Normal
INV011346,0,Normal
INV011347,0,Normal
INV011348,0,Normal
INV011349,0,Normal
INV011350,0,Normal
INV011351,0,Normal
INV011352,0,Normal
INV011353,0,Normal
INV011354,0,Normal
INV011355,0,Normal
INV011356,0,Normal
INV011357,0,Normal
INV011358,0,Normal
INV011359,0,Normal
INV011360,0,Normal
INV011361,0,Normal
INV011362,0,Normal
INV011364,0,Normal
INV011366,0,Normal
INV011367,0,Normal
INV011368,0,Normal
INV011369,0,Normal
INV011370,0,Normal
INV011371,0,Normal
INV011372,0,Normal
INV011373,0,Normal
INV011374,0,Normal
INV011375,0,Normal
INV011376,0,Normal
INV011377,0,Normal
INV011378,0,Normal
INV011379,0,Normal
INV011380,0,Normal
INV011381,0,Normal
INV011382,0,Normal
INV011383,0,Normal
INV011384,0,Normal
INV011385,0,Normal
INV011386,0,Normal
INV011387,0,Normal
INV011388,0,Normal
INV011389,0,Normal
INV011390,0,Normal
INV011391,0,Normal
INV011392,0,Normal
INV011393,0,Normal
INV011394,0,Normal
INV011395,0,Normal
INV011396,0,Normal
INV011397,0,Normal
INV011398,0,Normal
INV011399,0,Normal
INV011400,0,Normal
INV011401,0,Normal
INV011402,0,Normal
INV011403,0,Normal
INV011404,0,Normal
INV011406,0,Normal
INV011407,0,Normal
INV011408,0,Normal
INV011409,0,Normal
INV011410,0,Normal
INV011411,0,Normal
INV011412,0,Normal
INV011413,0,Normal
INV011414,0,Normal
INV011415,0,Normal
INV011416,0,Normal
INV011417,0,Normal
INV011418,0,Normal
INV011419,0,Normal
INV011421,0,Normal
INV011422,0,Normal
INV011423,0,Normal
INV011424,0,Normal
INV011425,0,Normal
INV011427,0,Normal
INV011428,0,Normal
INV011429,0,Normal
INV011430,0,Normal
INV011431,0,Normal
INV011433,0,Normal
INV011434,0,Normal
INV011435,0,Normal
INV011436,0,Normal
INV011437,0,Normal
INV011438,0,Normal
INV011439,0,Normal
INV011440,0,Normal
INV011441,0,Normal
INV011442,0,Normal
INV011443,0,Normal
INV011444,0,Normal
INV011445,0,Normal
INV011446,0,Normal
INV011447,0,Normal
INV011448,0,Normal
INV011449,0,Normal
INV011450,0,Normal
INV011452,0,Normal
INV011454,0,Normal
INV011455,0,Normal
INV011456,0,Normal
INV011457,0,Normal
INV011458,0,Normal
INV011459,0,Normal
INV011460,0,Normal
INV011461,0,Normal
INV011462,0,Normal
INV011463,0,Normal
INV011464,0,Normal
INV011465,0,Normal
INV011466,0,Normal
INV011467,0,Normal
INV011468,0,Normal
INV011469,0,Normal
INV011470,0,Normal
INV011472,0,Normal
INV011473,0,Normal
INV011474,0,Normal
INV011475,0,Normal
INV011476,0,Normal
INV011477,0,Normal
INV011478,0,Normal
INV011479,0,Normal
INV011480,0,Normal
INV011481,0,Normal
INV011482,0,Normal
INV011483,0,Normal
INV011484,0,Normal
INV011485,0,Normal
INV011486,0,Normal
INV011487,0,Normal
INV011489,0,Normal
INV011490,0,Normal
INV011491,0,Normal
INV011492,0,Normal
INV011493,0,Normal
INV011494,0,Normal
INV011495,0,Normal
INV011496,0,Normal
INV011497,0,Normal
INV011498,0,Normal
INV011499,0,Normal
INV011500,0,Normal
INV011501,0,Normal
INV011502,0,Normal
INV011503,0,Normal
INV011504,0,Normal
INV011505,0,Normal
INV011506,0,Normal
INV011507,0,Normal
INV011508,0,Normal
INV011509,0,Normal
INV011510,0,Normal
INV011511,0,Normal
INV011512,0,Normal
INV011513,0,Normal
INV011515,0,Normal
INV011516,0,Normal
INV011517,0,Normal
INV011518,0,Normal
INV011519,0,Normal
INV011520,0,Normal
INV011521,0,Normal
INV011522,0,Normal
INV011523,0,Normal
INV011524,0,Normal
INV011525,0,Normal
INV011526,0,Normal
INV011527,0,Normal
INV011528,0,Normal
INV011529,0,Normal
INV011530,0,Normal
INV011531,0,Normal
INV011532,0,Normal
INV011533,0,Normal
INV011534,0,Normal
INV011535,0,Normal
INV011536,0,Normal
INV011537,0,Normal
INV011538,0,Normal
INV011539,0,Normal
INV011540,0,Normal
INV011541,0,Normal
INV011543,0,Normal
INV011544,0,Normal
INV011546,0,Normal
INV011547,0,Normal
INV011549,0,Normal
INV011550,0,Normal
INV011551,0,Normal
INV011552,0,Normal
INV011553,0,Normal
INV011554,0,Normal
INV011555,0,Normal
INV011556,0,Normal
INV011557,0,Normal
INV011558,0,Normal
INV011559,0,Normal
INV011560,0,Normal
INV011561,0,Normal
INV011562,0,Normal
INV011563,0,Normal
INV011564,0,Normal
INV011565,0,Normal
INV011566,0,Normal
INV011567,0,Normal
INV011568,0,Normal
INV011569,0,Normal
INV011570,0,Normal
INV011571,0,Normal
INV011572,0,Normal
INV011573,0,Normal
INV011574,0,Normal
INV011575,0,Normal
INV011576,0,Normal
INV011577,0,Normal
INV011578,0,Normal
INV011579,0,Normal
INV011580,0,Normal
INV011581,0,Normal
INV011582,0,Normal
INV011583,0,Normal
INV011584,0,Normal
INV011585,0,Normal
INV011586,0,Normal
INV011587,0,Normal
INV011588,0,Normal
INV011589,0,Normal
INV011590,0,Normal
INV011591,0,Normal
INV011592,0,Normal
INV011593,0,Normal
INV011594,0,Normal
INV011595,0,Normal
INV011596,0,Normal
INV011597,0,Normal
INV011598,0,Normal
INV011599,0,Normal
INV011600,0,Normal
INV011601,0,Normal
INV011602,0,Normal
INV011603,0,Normal
INV011604,0,Normal
INV011605,0,Normal
INV011606,0,Normal
INV011607,0,Normal
INV011608,0,Normal
INV011609,0,Normal
INV011610,0,Normal
INV011611,0,Normal
INV011612,0,Normal
INV011613,0,Normal
INV011614,0,Normal
INV011615,0,Normal
INV011616,0,Normal
INV011617,0,Normal
INV011618,0,Normal
INV011619,0,Normal
INV011620,0,Normal
INV011621,0,Normal
INV011622,0,Normal
INV011623,0,Normal
INV011624,0,Normal
INV011625,0,Normal
INV011626,0,Normal
INV011627,0,Normal
INV011628,0,Normal
INV011629,0,Normal
INV011630,0,Normal
INV011631,0,Normal
INV011632,0,Normal
INV011633,0,Normal
INV011634,0,Normal
INV011635,0,Normal
INV011638,0,Normal
INV011639,0,Normal
INV011640,0,Normal
INV011641,0,Normal
INV011642,0,Normal
INV011643,0,Normal
INV011644,0,Normal
INV011645,0,Normal
INV011647,0,Normal
INV011648,0,Normal
INV011649,0,Normal
INV011650,0,Normal
INV011651,0,Normal
INV011652,0,Normal
INV011653,0,Normal
INV011654,0,Normal
INV011655,0,Normal
INV011656,0,Normal
INV011657,0,Normal
INV011658,0,Normal
INV011659,0,Normal
INV011660,0,Normal
INV011661,0,Normal
INV011662,0,Normal
INV011663,0,Normal
INV011664,0,Normal
INV011666,0,Normal
INV011667,0,Normal
INV011668,0,Normal
INV011669,0,Normal
INV011670,0,Normal
INV011671,0,Normal
INV011672,0,Normal
INV011673,0,Normal
INV011674,0,Normal
INV011675,0,Normal
INV011676,0,Normal
INV011677,0,Normal
INV011678,0,Normal
INV011679,0,Normal
INV011680,0,Normal
INV011681,0,Normal
INV011682,0,Normal
INV011683,0,Normal
INV011684,0,Normal
INV011685,0,Normal
INV011686,0,Normal
INV011688,0,Normal
INV011689,0,Normal
INV011690,0,Normal
INV011691,0,Normal
INV011693,0,Normal
INV011694,0,Normal
INV011696,0,Normal
INV011697,0,Normal
INV011698,0,Normal
INV011699,0,Normal
INV011700,0,Normal
INV011701,0,Normal
INV011702,0,Normal
INV011703,0,Normal
INV011705,0,Normal
INV011706,0,Normal
INV011707,0,Normal
INV011708,0,Normal
INV011709,0,Normal
INV011710,0,Normal
INV011711,0,Normal
INV011712,0,Normal
INV011713,0,Normal
INV011714,0,Normal
INV011715,0,Normal
INV011716,0,Normal
INV011717,0,Normal
INV011718,0,Normal
INV011719,0,Normal
INV011720,0,Normal
INV011721,0,Normal
INV011722,0,Normal
INV011723,0,Normal
INV011724,0,Normal
INV011725,0,Normal
INV011726,0,Normal
INV011727,0,Normal
INV011728,0,Normal
INV011729,0,Normal
INV011730,0,Normal
INV011731,0,Normal
INV011732,0,Normal
INV011733,0,Normal
INV011734,0,Normal
INV011735,0,Normal
INV011736,0,Normal
INV011737,0,Normal
INV011738,0,Normal
INV011740,0,Normal
INV011741,0,Normal
INV011742,0,Normal
INV011743,0,Normal
INV011744,0,Normal
INV011745,0,Normal
INV011746,0,Normal
INV011747,0,Normal
INV011748,0,Normal
INV011749,0,Normal
INV011750,0,Normal
INV011751,0,Normal
INV011752,0,Normal
INV011753,0,Normal
INV011754,0,Normal
INV011755,0,Normal
INV011756,0,Normal
INV011757,0,Normal
INV011758,0,Normal
INV011759,0,Normal
INV011760,0,Normal
INV011761,0,Normal
INV011762,0,Normal
INV011763,0,Normal
INV011764,0,Normal
INV011765,0,Normal
INV011766,0,Normal
INV011767,0,Normal
INV011768,0,Normal
INV011769,0,Normal
INV011770,0,Normal
INV011771,0,Normal
INV011772,0,Normal
INV011773,0,Normal
INV011774,0,Normal
INV011775,0,Normal
INV011776,0,Normal
INV011777,0,Normal
INV011778,0,Normal
INV011779,0,Normal
INV011780,0,Normal
INV011781,0,Normal
INV011782,0,Normal
INV011783,0,Normal
INV011784,0,Normal
INV011785,0,Normal
INV011786,0,Normal
INV011787,0,Normal
INV011788,0,Normal
INV011789,0,Normal
INV011790,0,Normal
INV011791,0,Normal
INV011792,0,Normal
INV011793,0,Normal
INV011794,0,Normal
INV011795,0,Normal
INV011796,0,Normal
INV011797,0,Normal
INV011798,0,Normal
INV011799,0,Normal
INV011800,0,Normal
INV011801,0,Normal
INV011802,0,Normal
INV011803,0,Normal
INV011804,0,Normal
INV011805,0,Normal
INV011806,0,Normal
INV011807,0,Normal
INV011809,0,Normal
INV011810,0,Normal
INV011811,0,Normal
INV011812,0,Normal
INV011813,0,Normal
INV011814,0,Normal
INV011815,0,Normal
INV011816,0,Normal
INV011817,0,Normal
INV011818,0,Normal
INV011819,0,Normal
INV011820,0,Normal
INV011821,0,Normal
INV011822,0,Normal
INV011823,0,Normal
INV011824,0,Normal
INV011825,0,Normal
INV011826,0,Normal
INV011827,0,Normal
INV011828,0,Normal
INV011829,0,Normal
INV011830,0,Normal
INV011831,0,Normal
INV011832,0,Normal
INV011833,0,Normal
INV011834,0,Normal
INV011835,0,Normal
INV011836,0,Normal
INV011837,0,Normal
INV011838,0,Normal
INV011839,0,Normal
INV011840,0,Normal
INV011841,0,Normal
INV011842,0,Normal
INV011843,0,Normal
INV011844,0,Normal
INV011845,0,Normal
INV011846,0,Normal
INV011847,0,Normal
INV011849,0,Normal
INV011850,0,Normal
INV011851,0,Normal
INV011852,0,Normal
INV011853,0,Normal
INV011854,0,Normal
INV011855,0,Normal
INV011856,0,Normal
INV011857,0,Normal
INV011858,0,Normal
INV011859,0,Normal
INV011860,0,Normal
INV011861,0,Normal
INV011862,0,Normal
INV011863,0,Normal
INV011865,0,Normal
INV011866,0,Normal
INV011867,0,Normal
INV011868,0,Normal
INV011869,0,Normal
INV011870,0,Normal
INV011872,0,Normal
INV011873,0,Normal
INV011874,0,Normal
INV011875,0,Normal
INV011876,0,Normal
INV011877,0,Normal
INV011878,0,Normal
INV011879,0,Normal
INV011880,0,Normal
INV011881,0,Normal
INV011882,0,Normal
INV011883,0,Normal
INV011884,0,Normal
INV011885,0,Normal
INV011886,0,Normal
INV011887,0,Normal
INV011889,0,Normal
INV011890,0,Normal
INV011891,0,Normal
INV011892,0,Normal
INV011893,0,Normal
INV011894,0,Normal
INV011895,0,Normal
INV011896,0,Normal
INV011897,0,Normal
INV011898,0,Normal
INV011899,0,Normal
INV011900,0,Normal
INV011901,0,Normal
INV011902,0,Normal
INV011903,0,Normal
INV011904,0,Normal
INV011905,0,Normal
INV011906,0,Normal
INV011907,0,Normal
INV011908,0,Normal
INV011909,0,Normal
INV011910,0,Normal
INV011911,0,Normal
INV011912,0,Normal
INV011913,0,Normal
INV011914,0,Normal
INV011915,0,Normal
INV011916,0,Normal
INV011917,0,Normal
INV011918,0,Normal
INV011919,0,Normal
INV011920,0,Normal
INV011921,0,Normal
INV011922,0,Normal
INV011923,0,Normal
INV011924,0,Normal
INV011925,0,Normal
INV011927,0,Normal
INV011928,0,Normal
INV011929,0,Normal
INV011930,0,Normal
INV011931,0,Normal
INV011932,0,Normal
INV011933,0,Normal
INV011934,0,Normal
INV011936,0,Normal
INV011937,0,Normal
INV011938,0,Normal
INV011939,0,Normal
INV011940,0,Normal
INV011941,0,Normal
INV011942,0,Normal
INV011943,0,Normal
INV011944,0,Normal
INV011945,0,Normal
INV011946,0,Normal
INV011947,0,Normal
INV011948,0,Normal
INV011949,0,Normal
INV011950,0,Normal
INV011951,0,Normal
INV011952,0,Normal
INV011953,0,Normal
INV011954,0,Normal
INV011955,0,Normal
INV011956,0,Normal
INV011957,0,Normal
INV011958,0,Normal
INV011959,0,Normal
INV011960,0,Normal
INV011961,0,Normal
INV011962,0,Normal
INV011963,0,Normal
INV011964,0,Normal
INV011965,0,Normal
INV011966,0,Normal
INV011967,0,Normal
INV011968,0,Normal
INV011969,0,Normal
INV011970,0,Normal
INV011971,0,Normal
INV011972,0,Normal
INV011973,0,Normal
INV011974,0,Normal
INV011975,0,Normal
INV011976,0,Normal
INV011977,0,Normal
INV011978,0,Normal
INV011979,0,Normal
INV011980,0,Normal
INV011981,0,Normal
INV011982,0,Normal
INV011983,0,Normal
INV011984,0,Normal
INV011985,0,Normal
INV011986,0,Normal
INV011987,0,Normal
INV011988,0,Normal
INV011989,0,Normal
INV011990,0,Normal
INV011992,0,Normal
INV011993,0,Normal
INV011994,0,Normal
INV011995,0,Normal
INV011996,0,Normal
INV011997,0,Normal
INV011998,0,Normal
INV011999,0,Normal
INV012000,0,Normal
INV012001,0,Normal
INV012002,0,Normal
INV012003,0,Normal
INV012004,0,Normal
INV012005,0,Normal
INV012006,0,Normal
INV012007,0,Normal
INV012008,0,Normal
INV012009,0,Normal
INV012010,0,Normal
INV012011,0,Normal
INV012012,0,Normal
INV012013,0,Normal
INV012014,0,Normal
INV012016,0,Normal
INV012017,0,Normal
INV012018,0,Normal
INV012019,0,Normal
INV012020,0,Normal
INV012021,0,Normal
INV012022,0,Normal
INV012023,0,Normal
INV012024,0,Normal
INV012025,0,Normal
INV012026,0,Normal
INV012027,0,Normal
INV012028,0,Normal
INV012029,0,Normal
INV012031,0,Normal
INV012032,0,Normal
INV012033,0,Normal
INV012035,0,Normal
INV012036,0,Normal
INV012038,0,Normal
INV012039,0,Normal
INV012040,0,Normal
INV012041,0,Normal
INV012042,0,Normal
INV012043,0,Normal
INV012044,0,Normal
INV012045,0,Normal
INV012046,0,Normal
INV012047,0,Normal
INV012048,0,Normal
INV012049,0,Normal
INV012050,0,Normal
INV012051,0,Normal
INV012052,0,Normal
INV012053,0,Normal
INV012054,0,Normal
INV012055,0,Normal
INV012056,0,Normal
INV012057,0,Normal
INV012058,0,Normal
INV012059,0,Normal
INV012060,0,Normal
INV012061,0,Normal
INV012062,0,Normal
INV012063,0,Normal
INV012064,0,Normal
INV012065,0,Normal
INV012066,0,Normal
INV012067,0,Normal
INV012069,0,Normal
INV012070,0,Normal
INV012071,0,Normal
INV012072,0,Normal
INV012073,0,Normal
INV012074,0,Normal
INV012075,0,Normal
INV012076,0,Normal
INV012077,0,Normal
INV012078,0,Normal
INV012079,0,Normal
INV012080,0,Normal
INV012081,0,Normal
INV012082,0,Normal
INV012083,0,Normal
INV012084,0,Normal
INV012085,0,Normal
INV012086,0,Normal
INV012087,0,Normal
INV012088,0,Normal
INV012089,0,Normal
INV012090,0,Normal
INV012091,0,Normal
INV012092,0,Normal
INV012093,0,Normal
INV012094,0,Normal
INV012095,0,Normal
INV012096,0,Normal
INV012097,0,Normal
INV012098,0,Normal
INV012099,0,Normal
INV012100,0,Normal
INV012101,0,Normal
INV012102,0,Normal
INV012103,0,Normal
INV012104,0,Normal
INV012105,0,Normal
INV012106,0,Normal
INV012107,0,Normal
INV012108,0,Normal
INV012109,0,Normal
INV012110,0,Normal
INV012112,0,Normal
INV012113,0,Normal
INV012115,0,Normal
INV012116,0,Normal
INV012117,0,Normal
INV012118,0,Normal
INV012119,0,Normal
INV012120,0,Normal
INV012121,0,Normal
INV012122,0,Normal
INV012123,0,Normal
INV012124,0,Normal
INV012125,0,Normal
INV012126,0,Normal
INV012127,0,Normal
INV012128,0,Normal
INV012129,0,Normal
INV012130,0,Normal
INV012131,0,Normal
INV012132,0,Normal
INV012133,0,Normal
INV012134,0,Normal
INV012135,0,Normal
INV012136,0,Normal
INV012137,0,Normal
INV012138,0,Normal
INV012139,0,Normal
INV012140,0,Normal
INV012141,0,Normal
INV012142,0,Normal
INV012143,0,Normal
INV012144,0,Normal
INV012145,0,Normal
INV012146,0,Normal
INV012147,0,Normal
INV012148,0,Normal
INV012149,0,Normal
INV012150,0,Normal
INV012151,0,Normal
INV012152,0,Normal
INV012153,0,Normal
INV012154,0,Normal
INV012155,0,Normal
INV012156,0,Normal
INV012157,0,Normal
INV012158,0,Normal
INV012159,0,Normal
INV012160,0,Normal
INV012161,0,Normal
INV012162,0,Normal
INV012163,0,Normal
INV012164,0,Normal
INV012165,0,Normal
INV012166,0,Normal
INV012167,0,Normal
INV012168,0,Normal
INV012169,0,Normal
INV012170,0,Normal
INV012171,0,Normal
INV012172,0,Normal
INV012173,0,Normal
INV012174,0,Normal
INV012175,0,Normal
INV012176,0,Normal
INV012177,0,Normal
INV012179,0,Normal
INV012180,0,Normal
INV012181,0,Normal
INV012182,0,Normal
INV012183,0,Normal
INV012184,0,Normal
INV012185,0,Normal
INV012187,0,Normal
INV012189,0,Normal
INV012190,0,Normal
INV012191,0,Normal
INV012192,0,Normal
INV012193,0,Normal
INV012194,0,Normal
INV012195,0,Normal
INV012196,0,Normal
INV012197,0,Normal
INV012198,0,Normal
INV012199,0,Normal
INV012200,0,Normal
INV012201,0,Normal
INV012202,0,Normal
INV012203,0,Normal
INV012204,0,Normal
INV012205,0,Normal
INV012206,0,Normal
INV012207,0,Normal
INV012208,0,Normal
INV012209,0,Normal
INV012210,0,Normal
INV012211,0,Normal
INV012213,0,Normal
INV012214,0,Normal
INV012215,0,Normal
INV012216,0,Normal
INV012217,0,Normal
INV012218,0,Normal
INV012219,0,Normal
INV012220,0,Normal
INV012221,0,Normal
INV012222,0,Normal
INV012223,0,Normal
INV012224,0,Normal
INV012225,0,Normal
INV012227,0,Normal
INV012228,0,Normal
INV012229,0,Normal
INV012230,0,Normal
INV012231,0,Normal
INV012232,0,Normal
INV012233,0,Normal
INV012234,0,Normal
INV012235,0,Normal
INV012236,0,Normal
INV012237,0,Normal
INV012238,0,Normal
INV012239,0,Normal
INV012240,0,Normal
INV012241,0,Normal
INV012242,0,Normal
INV012243,0,Normal
INV012244,0,Normal
INV012245,0,Normal
INV012246,0,Normal
INV012247,0,Normal
INV012248,0,Normal
INV012249,0,Normal
INV012250,0,Normal
INV012251,0,Normal
INV012252,0,Normal
INV012253,0,Normal
INV012254,0,Normal
INV012255,0,Normal
INV012256,0,Normal
INV012257,0,Normal
INV012258,0,Normal
INV012259,0,Normal
INV012260,0,Normal
INV012261,0,Normal
INV012262,0,Normal
INV012263,0,Normal
INV012264,0,Normal
INV012265,0,Normal
INV012266,0,Normal
INV012267,0,Normal
INV012268,0,Normal
INV012269,0,Normal
INV012270,0,Normal
INV012271,0,Normal
INV012272,0,Normal
INV012273,0,Normal
INV012274,0,Normal
INV012275,0,Normal
INV012277,0,Normal
INV012278,0,Normal
INV012279,0,Normal
INV012281,0,Normal
INV012282,0,Normal
INV012283,0,Normal
INV012284,0,Normal
INV012285,0,Normal
INV012286,0,Normal
INV012287,0,Normal
INV012288,0,Normal
INV012289,0,Normal
INV012290,0,Normal
INV012291,0,Normal
INV012292,0,Normal
INV012293,0,Normal
INV012294,0,Normal
INV012295,0,Normal
INV012296,0,Normal
INV012297,0,Normal
INV012298,0,Normal
INV012299,0,Normal
INV012300,0,Normal
INV012301,0,Normal
INV012302,0,Normal
INV012303,0,Normal
INV012304,0,Normal
INV012305,0,Normal
INV012306,0,Normal
INV012307,0,Normal
INV012308,0,Normal
INV012309,0,Normal
INV012310,0,Normal
INV012311,0,Normal
INV012312,0,Normal
INV012313,0,Normal
INV012314,0,Normal
INV012315,0,Normal
INV012316,0,Normal
INV012317,0,Normal
INV012318,0,Normal
INV012319,0,Normal
INV012320,0,Normal
INV012321,0,Normal
INV012322,0,Normal
INV012323,0,Normal
INV012324,0,Normal
INV012325,0,Normal
INV012326,0,Normal
INV012327,0,Normal
INV012328,0,Normal
INV012329,0,Normal
INV012330,0,Normal
INV012331,0,Normal
INV012332,0,Normal
INV012333,0,Normal
INV012334,0,Normal
INV012335,0,Normal
INV012336,0,Normal
INV012337,0,Normal
INV012338,0,Normal
INV012339,0,Normal
INV012340,0,Normal
INV012341,0,Normal
INV012342,0,Normal
INV012343,0,Normal
INV012344,0,Normal
INV012345,0,Normal
INV012346,0,Normal
INV012347,0,Normal
INV012348,0,Normal
INV012349,0,Normal
INV012350,0,Normal
INV012351,0,Normal
INV012352,0,Normal
INV012353,0,Normal
INV012354,0,Normal
INV012355,0,Normal
INV012356,0,Normal
INV012357,0,Normal
INV012358,0,Normal
INV012359,0,Normal
INV012360,0,Normal
INV012361,0,Normal
INV012362,0,Normal
INV012363,0,Normal
INV012364,0,Normal
INV012365,0,Normal
INV012366,0,Normal
INV012367,0,Normal
INV012368,0,Normal
INV012369,0,Normal
INV012370,0,Normal
INV012371,0,Normal
INV012372,0,Normal
INV012373,0,Normal
INV012374,0,Normal
INV012375,0,Normal
INV012376,0,Normal
INV012377,0,Normal
INV012378,0,Normal
INV012379,0,Normal
INV012380,0,Normal
INV012381,0,Normal
INV012382,0,Normal
INV012383,0,Normal
INV012384,0,Normal
INV012385,0,Normal
INV012386,0,Normal
INV012387,0,Normal
INV012388,0,Normal
INV012389,0,Normal
INV012390,0,Normal
INV012391,0,Normal
INV012392,0,Normal
INV012393,0,Normal
INV012394,0,Normal
INV012395,0,Normal
INV012396,0,Normal
INV012397,0,Normal
INV012398,0,Normal
INV012400,0,Normal
INV012401,0,Normal
INV012402,0,Normal
INV012403,0,Normal
INV012404,0,Normal
INV012406,0,Normal
INV012407,0,Normal
INV012408,0,Normal
INV012409,0,Normal
INV012410,0,Normal
INV012411,0,Normal
INV012412,0,Normal
INV012414,0,Normal
INV012415,0,Normal
INV012416,0,Normal
INV012417,0,Normal
INV012418,0,Normal
INV012419,0,Normal
INV012420,0,Normal
INV012421,0,Normal
INV012422,0,Normal
INV012423,0,Normal
INV012424,0,Normal
INV012425,0,Normal
INV012426,0,Normal
INV012427,0,Normal
INV012428,0,Normal
INV012429,0,Normal
INV012430,0,Normal
INV012431,0,Normal
INV012432,0,Normal
INV012434,0,Normal
INV012435,0,Normal
INV012436,0,Normal
INV012437,0,Normal
INV012438,0,Normal
INV012439,0,Normal
INV012440,0,Normal
INV012441,0,Normal
INV012442,0,Normal
INV012443,0,Normal
INV012444,0,Normal
INV012445,0,Normal
INV012446,0,Normal
INV012447,0,Normal
INV012448,0,Normal
INV012449,0,Normal
INV012450,0,Normal
INV012451,0,Normal
INV012452,0,Normal
INV012453,0,Normal
INV012455,0,Normal
INV012456,0,Normal
INV012457,0,Normal
INV012458,0,Normal
INV012459,0,Normal
INV012460,0,Normal
INV012461,0,Normal
INV012462,0,Normal
INV012463,0,Normal
INV012464,0,Normal
INV012465,0,Normal
INV012466,0,Normal
INV012467,0,Normal
INV012468,0,Normal
INV012469,0,Normal
INV012470,0,Normal
INV012471,0,Normal
INV012472,0,Normal
INV012473,0,Normal
INV012474,0,Normal
INV012475,0,Normal
INV012476,0,Normal
INV012477,0,Normal
INV012479,0,Normal
INV012480,0,Normal
INV012481,0,Normal
INV012482,0,Normal
INV012484,0,Normal
INV012485,0,Normal
INV012486,0,Normal
INV012487,0,Normal
INV012488,0,Normal
INV012489,0,Normal
INV012490,0,Normal
INV012492,0,Normal
INV012493,0,Normal
INV012494,0,Normal
INV012495,0,Normal
INV012496,0,Normal
INV012497,0,Normal
INV012498,0,Normal
INV012499,0,Normal
INV012500,0,Normal
INV012501,0,Normal
INV012502,0,Normal
INV012503,0,Normal
INV012504,0,Normal
INV012505,0,Normal
INV012506,0,Normal
INV012507,0,Normal
INV012508,0,Normal
INV012509,0,Normal
INV012510,0,Normal
INV012511,0,Normal
INV012512,0,Normal
INV012513,0,Normal
INV012514,0,Normal
INV012515,0,Normal
INV012516,0,Normal
INV012517,0,Normal
INV012518,0,Normal
INV012519,0,Normal
INV012520,0,Normal
INV012521,0,Normal
INV012523,0,Normal
INV012524,0,Normal
INV012525,0,Normal
INV012526,0,Normal
INV012527,0,Normal
INV012528,0,Normal
INV012529,0,Normal
INV012530,0,Normal
INV012531,0,Normal
INV012532,0,Normal
INV012533,0,Normal
INV012534,0,Normal
INV012535,0,Normal
INV012536,0,Normal
INV012537,0,Normal
INV012538,0,Normal
INV012539,0,Normal
INV012540,0,Normal
INV012541,0,Normal
INV012542,0,Normal
INV012543,0,Normal
INV012544,0,Normal
INV012546,0,Normal
INV012547,0,Normal
INV012548,0,Normal
INV012551,0,Normal
INV012552,0,Normal
INV012553,0,Normal
INV012554,0,Normal
INV012555,0,Normal
INV012556,0,Normal
INV012557,0,Normal
INV012558,0,Normal
INV012559,0,Normal
INV012560,0,Normal
INV012561,0,Normal
INV012562,0,Normal
INV012563,0,Normal
INV012564,0,Normal
INV012565,0,Normal
INV012566,0,Normal
INV012567,0,Normal
INV012568,0,Normal
INV012569,0,Normal
INV012570,0,Normal
INV012571,0,Normal
INV012573,0,Normal
INV012574,0,Normal
INV012575,0,Normal
INV012576,0,Normal
INV012577,0,Normal
INV012578,0,Normal
INV012579,0,Normal
INV012580,0,Normal
INV012581,0,Normal
INV012582,0,Normal
INV012584,0,Normal
INV012586,0,Normal
INV012587,0,Normal
INV012589,0,Normal
INV012590,0,Normal
INV012591,0,Normal
INV012592,0,Normal
INV012593,0,Normal
INV012594,0,Normal
INV012596,0,Normal
INV012597,0,Normal
INV012598,0,Normal
INV012599,0,Normal
INV012600,0,Normal
INV012601,0,Normal
INV012602,0,Normal
INV012603,0,Normal
INV012604,0,Normal
INV012605,0,Normal
INV012606,0,Normal
INV012607,0,Normal
INV012608,0,Normal
INV012609,0,Normal
INV012610,0,Normal
INV012611,0,Normal
INV012612,0,Normal
INV012613,0,Normal
INV012614,0,Normal
INV012615,0,Normal
INV012616,0,Normal
INV012617,0,Normal
INV012618,0,Normal
INV012619,0,Normal
INV012620,0,Normal
INV012621,0,Normal
INV012622,0,Normal
INV012623,0,Normal
INV012624,0,Normal
INV012625,0,Normal
INV012626,0,Normal
INV012627,0,Normal
INV012628,0,Normal
INV012629,0,Normal
INV012630,0,Normal
INV012631,0,Normal
INV012632,0,Normal
INV012633,0,Normal
INV012634,0,Normal
INV012635,0,Normal
INV012636,0,Normal
INV012637,0,Normal
INV012638,0,Normal
INV012639,0,Normal
INV012640,0,Normal
INV012641,0,Normal
INV012642,0,Normal
INV012643,0,Normal
INV012644,0,Normal
INV012645,0,Normal
INV012646,0,Normal
INV012647,0,Normal
INV012648,0,Normal
INV012649,0,Normal
INV012650,0,Normal
INV012651,0,Normal
INV012652,0,Normal
INV012653,0,Normal
INV012654,0,Normal
INV012655,0,Normal
INV012656,0,Normal
INV012657,0,Normal
INV012658,0,Normal
INV012659,0,Normal
INV012660,0,Normal
INV012662,0,Normal
INV012663,0,Normal
INV012664,0,Normal
INV012665,0,Normal
INV012666,0,Normal
INV012667,0,Normal
INV012668,0,Normal
INV012669,0,Normal
INV012670,0,Normal
INV012671,0,Normal
INV012672,0,Normal
INV012673,0,Normal
INV012674,0,Normal
INV012675,0,Normal
INV012676,0,Normal
INV012677,0,Normal
INV012678,0,Normal
INV012679,0,Normal
INV012680,0,Normal
INV012681,0,Normal
INV012683,0,Normal
INV012684,0,Normal
INV012685,0,Normal
INV012687,0,Normal
INV012688,0,Normal
INV012690,0,Normal
INV012691,0,Normal
INV012692,0,Normal
INV012693,0,Normal
INV012694,0,Normal
INV012695,0,Normal
INV012696,0,Normal
INV012697,0,Normal
INV012700,0,Normal
INV012701,0,Normal
INV012702,0,Normal
INV012703,0,Normal
INV012704,0,Normal
INV012705,0,Normal
INV012706,0,Normal
INV012707,0,Normal
INV012708,0,Normal
INV012709,0,Normal
INV012710,0,Normal
INV012711,0,Normal
INV012712,0,Normal
INV012713,0,Normal
INV012714,0,Normal
INV012715,0,Normal
INV012716,0,Normal
INV012717,0,Normal
INV012719,0,Normal
INV012720,0,Normal
INV012721,0,Normal
INV012722,0,Normal
INV012723,0,Normal
INV012724,0,Normal
INV012725,0,Normal
INV012726,0,Normal
INV012727,0,Normal
INV012728,0,Normal
INV012729,0,Normal
INV012730,0,Normal
INV012731,0,Normal
INV012732,0,Normal
INV012733,0,Normal
INV012734,0,Normal
INV012735,0,Normal
INV012737,0,Normal
INV012738,0,Normal
INV012739,0,Normal
INV012740,0,Normal
INV012741,0,Normal
INV012742,0,Normal
INV012743,0,Normal
INV012744,0,Normal
INV012745,0,Normal
INV012746,0,Normal
INV012747,0,Normal
INV012748,0,Normal
INV012749,0,Normal
INV012750,0,Normal
INV012751,0,Normal
INV012752,0,Normal
INV012753,0,Normal
INV012754,0,Normal
INV012755,0,Normal
INV012756,0,Normal
INV012757,0,Normal
INV012758,0,Normal
INV012759,0,Normal
INV012760,0,Normal
INV012761,0,Normal
INV012762,0,Normal
INV012763,0,Normal
INV012764,0,Normal
INV012765,0,Normal
INV012766,0,Normal
INV012767,0,Normal
INV012768,0,Normal
INV012769,0,Normal
INV012770,0,Normal
INV012771,0,Normal
INV012772,0,Normal
INV012773,0,Normal
INV012774,0,Normal
INV012775,0,Normal
INV012776,0,Normal
INV012778,0,Normal
INV012779,0,Normal
INV012780,0,Normal
INV012781,0,Normal
INV012782,0,Normal
INV012783,0,Normal
INV012784,0,Normal
INV012785,0,Normal
INV012786,0,Normal
INV012787,0,Normal
INV012788,0,Normal
INV012789,0,Normal
INV012790,0,Normal
INV012791,0,Normal
INV012792,0,Normal
INV012793,0,Normal
INV012794,0,Normal
INV012795,0,Normal
INV012796,0,Normal
INV012797,0,Normal
INV012798,0,Normal
INV012799,0,Normal
INV012800,0,Normal
INV012801,0,Normal
INV012802,0,Normal
INV012803,0,Normal
INV012804,0,Normal
INV012805,0,Normal
INV012806,0,Normal
INV012807,0,Normal
INV012808,0,Normal
INV012809,0,Normal
INV012810,0,Normal
INV012811,0,Normal
INV012812,0,Normal
INV012813,0,Normal
INV012814,0,Normal
INV012815,0,Normal
INV012816,0,Normal
INV012817,0,Normal
INV012818,0,Normal
INV012819,0,Normal
INV012820,0,Normal
INV012821,0,Normal
INV012822,0,Normal
INV012823,0,Normal
INV012824,0,Normal
INV012825,0,Normal
INV012826,0,Normal
INV012827,0,Normal
INV012828,0,Normal
INV012829,0,Normal
INV012830,0,Normal
INV012831,0,Normal
INV012832,0,Normal
INV012833,0,Normal
INV012834,0,Normal
INV012836,0,Normal
INV012837,0,Normal
INV012838,0,Normal
INV012839,0,Normal
INV012840,0,Normal
INV012841,0,Normal
INV012842,0,Normal
INV012843,0,Normal
INV012844,0,Normal
INV012845,0,Normal
INV012846,0,Normal
INV012847,0,Normal
INV012848,0,Normal
INV012849,0,Normal
INV012850,0,Normal
INV012851,0,Normal
INV012852,0,Normal
INV012853,0,Normal
INV012855,0,Normal
INV012856,0,Normal
INV012857,0,Normal
INV012858,0,Normal
INV012859,0,Normal
INV012860,0,Normal
INV012861,0,Normal
INV012862,0,Normal
INV012863,0,Normal
INV012864,0,Normal
INV012865,0,Normal
INV012866,0,Normal
INV012867,0,Normal
INV012868,0,Normal
INV012869,0,Normal
INV012871,0,Normal
INV012872,0,Normal
INV012873,0,Normal
INV012874,0,Normal
INV012875,0,Normal
INV012876,0,Normal
INV012877,0,Normal
INV012878,0,Normal
INV012879,0,Normal
INV012880,0,Normal
INV012881,0,Normal
INV012882,0,Normal
INV012883,0,Normal
INV012884,0,Normal
INV012885,0,Normal
INV012886,0,Normal
INV012887,0,Normal
INV012888,0,Normal
INV012889,0,Normal
INV012890,0,Normal
INV012891,0,Normal
INV012892,0,Normal
INV012893,0,Normal
INV012895,0,Normal
INV012896,0,Normal
INV012897,0,Normal
INV012898,0,Normal
INV012899,0,Normal
INV012900,0,Normal
INV012901,0,Normal
INV012902,0,Normal
INV012903,0,Normal
INV012904,0,Normal
INV012905,0,Normal
INV012906,0,Normal
INV012907,0,Normal
INV012908,0,Normal
INV012909,0,Normal
INV012910,0,Normal
INV012911,0,Normal
INV012912,0,Normal
INV012913,0,Normal
INV012914,0,Normal
INV012915,0,Normal
INV012916,0,Normal
INV012917,0,Normal
INV012918,0,Normal
INV012919,0,Normal
INV012920,0,Normal
INV012921,0,Normal
INV012922,0,Normal
INV012923,0,Normal
INV012924,0,Normal
INV012925,0,Normal
INV012926,0,Normal
INV012927,0,Normal
INV012929,0,Normal
INV012930,0,Normal
INV012931,0,Normal
INV012932,0,Normal
INV012933,0,Normal
INV012934,0,Normal
INV012935,0,Normal
INV012936,0,Normal
INV012937,0,Normal
INV012938,0,Normal
INV012939,0,Normal
INV012940,0,Normal
INV012941,0,Normal
INV012942,0,Normal
INV012944,0,Normal
INV012945,0,Normal
INV012946,0,Normal
INV012947,0,Normal
INV012948,0,Normal
INV012949,0,Normal
INV012950,0,Normal
INV012951,0,Normal
INV012953,0,Normal
INV012954,0,Normal
INV012955,0,Normal
INV012956,0,Normal
INV012957,0,Normal
INV012958,0,Normal
INV012959,0,Normal
INV012960,0,Normal
INV012961,0,Normal
INV012962,0,Normal
INV012963,0,Normal
INV012964,0,Normal
INV012965,0,Normal
INV012966,0,Normal
INV012967,0,Normal
INV012968,0,Normal
INV012969,0,Normal
INV012970,0,Normal
INV012971,0,Normal
INV012972,0,Normal
INV012973,0,Normal
INV012974,0,Normal
INV012975,0,Normal
INV012976,0,Normal
INV012977,0,Normal
INV012978,0,Normal
INV012980,0,Normal
INV012981,0,Normal
INV012982,0,Normal
INV012983,0,Normal
INV012984,0,Normal
INV012985,0,Normal
INV012986,0,Normal
INV012987,0,Normal
INV012988,0,Normal
INV012989,0,Normal
INV012990,0,Normal
INV012991,0,Normal
INV012992,0,Normal
INV012993,0,Normal
INV012994,0,Normal
INV012995,0,Normal
INV012996,0,Normal
INV012997,0,Normal
INV012998,0,Normal
INV012999,0,Normal
INV013000,0,Normal
INV013001,0,Normal
INV013002,0,Normal
INV013003,0,Normal
INV013004,0,Normal
INV013005,0,Normal
INV013006,0,Normal
INV013007,0,Normal
INV013008,0,Normal
INV013009,0,Normal
INV013010,0,Normal
INV013012,0,Normal
INV013013,0,Normal
INV013014,0,Normal
INV013017,0,Normal
INV013018,0,Normal
INV013019,0,Normal
INV013020,0,Normal
INV013021,0,Normal
INV013022,0,Normal
INV013023,0,Normal
INV013024,0,Normal
INV013025,0,Normal
INV013026,0,Normal
INV013027,0,Normal
INV013028,0,Normal
INV013029,0,Normal
INV013030,0,Normal
INV013031,0,Normal
INV013032,0,Normal
INV013033,0,Normal
INV013034,0,Normal
INV013035,0,Normal
INV013036,0,Normal
INV013037,0,Normal
INV013038,0,Normal
INV013039,0,Normal
INV013040,0,Normal
INV013041,0,Normal
INV013042,0,Normal
INV013043,0,Normal
INV013044,0,Normal
INV013045,0,Normal
INV013046,0,Normal
INV013047,0,Normal
INV013048,0,Normal
INV013049,0,Normal
INV013050,0,Normal
INV013051,0,Normal
INV013052,0,Normal
INV013053,0,Normal
INV013054,0,Normal
INV013055,0,Normal
INV013056,0,Normal
INV013057,0,Normal
INV013058,0,Normal
INV013059,0,Normal
INV013060,0,Normal
INV013061,0,Normal
INV013062,0,Normal
INV013063,0,Normal
INV013064,0,Normal
INV013065,0,Normal
INV013066,0,Normal
INV013067,0,Normal
INV013068,0,Normal
INV013069,0,Normal
INV013070,0,Normal
INV013071,0,Normal
INV013072,0,Normal
INV013073,0,Normal
INV013074,0,Normal
INV013075,0,Normal
INV013076,0,Normal
INV013077,0,Normal
INV013078,0,Normal
INV013079,0,Normal
INV013080,0,Normal
INV013081,0,Normal
INV013082,0,Normal
INV013083,0,Normal
INV013084,0,Normal
INV013085,0,Normal
INV013086,0,Normal
INV013087,0,Normal
INV013088,0,Normal
INV013089,0,Normal
INV013090,0,Normal
INV013091,0,Normal
INV013092,0,Normal
INV013093,0,Normal
INV013094,0,Normal
INV013095,0,Normal
INV013096,0,Normal
INV013097,0,Normal
INV013098,0,Normal
INV013099,0,Normal
INV013100,0,Normal
INV013101,0,Normal
INV013102,0,Normal
INV013103,0,Normal
INV013104,0,Normal
INV013105,0,Normal
INV013106,0,Normal
INV013108,0,Normal
INV013109,0,Normal
INV013111,0,Normal
INV013112,0,Normal
INV013113,0,Normal
INV013114,0,Normal
INV013115,0,Normal
INV013116,0,Normal
INV013117,0,Normal
INV013118,0,Normal
INV013119,0,Normal
INV013120,0,Normal
INV013121,0,Normal
INV013122,0,Normal
INV013123,0,Normal
INV013124,0,Normal
INV013125,0,Normal
INV013126,0,Normal
INV013127,0,Normal
INV013128,0,Normal
INV013129,0,Normal
INV013130,0,Normal
INV013131,0,Normal
INV013132,0,Normal
INV013133,0,Normal
INV013134,0,Normal
INV013135,0,Normal
INV013136,0,Normal
INV013137,0,Normal
INV013138,0,Normal
INV013139,0,Normal
INV013140,0,Normal
INV013141,0,Normal
INV013142,0,Normal
INV013143,0,Normal
INV013144,0,Normal
INV013145,0,Normal
INV013146,0,Normal
INV013147,0,Normal
INV013148,0,Normal
INV013149,0,Normal
INV013151,0,Normal
INV013152,0,Normal
INV013153,0,Normal
INV013154,0,Normal
INV013156,0,Normal
INV013157,0,Normal
INV013158,0,Normal
INV013159,0,Normal
INV013160,0,Normal
INV013161,0,Normal
INV013162,0,Normal
INV013163,0,Normal
INV013164,0,Normal
INV013165,0,Normal
INV013166,0,Normal
INV013168,0,Normal
INV013169,0,Normal
INV013170,0,Normal
INV013171,0,Normal
INV013172,0,Normal
INV013173,0,Normal
INV013174,0,Normal
INV013175,0,Normal
INV013176,0,Normal
INV013177,0,Normal
INV013178,0,Normal
INV013179,0,Normal
INV013181,0,Normal
INV013182,0,Normal
INV013183,0,Normal
INV013184,0,Normal
INV013185,0,Normal
INV013186,0,Normal
INV013187,0,Normal
INV013188,0,Normal
INV013189,0,Normal
INV013190,0,Normal
INV013191,0,Normal
INV013192,0,Normal
INV013193,0,Normal
INV013194,0,Normal
INV013195,0,Normal
INV013196,0,Normal
INV013197,0,Normal
INV013198,0,Normal
INV013199,0,Normal
INV013200,0,Normal
INV013201,0,Normal
INV013202,0,Normal
INV013203,0,Normal
INV013204,0,Normal
INV013205,0,Normal
INV013206,0,Normal
INV013207,0,Normal
INV013208,0,Normal
INV013209,0,Normal
INV013210,0,Normal
INV013211,0,Normal
INV013212,0,Normal
INV013213,0,Normal
INV013214,0,Normal
INV013216,0,Normal
INV013217,0,Normal
INV013218,0,Normal
INV013219,0,Normal
INV013220,0,Normal
INV013221,0,Normal
INV013222,0,Normal
INV013223,0,Normal
INV013224,0,Normal
INV013225,0,Normal
INV013226,0,Normal
INV013227,0,Normal
INV013228,0,Normal
INV013229,0,Normal
INV013230,0,Normal
INV013231,0,Normal
INV013232,0,Normal
INV013233,0,Normal
INV013234,0,Normal
INV013235,0,Normal
INV013236,0,Normal
INV013237,0,Normal
INV013240,0,Normal
INV013241,0,Normal
INV013242,0,Normal
INV013243,0,Normal
INV013244,0,Normal
INV013245,0,Normal
INV013246,0,Normal
INV013247,0,Normal
INV013248,0,Normal
INV013249,0,Normal
INV013251,0,Normal
INV013252,0,Normal
INV013253,0,Normal
INV013254,0,Normal
INV013255,0,Normal
INV013256,0,Normal
INV013257,0,Normal
INV013258,0,Normal
INV013259,0,Normal
INV013260,0,Normal
INV013261,0,Normal
INV013262,0,Normal
INV013263,0,Normal
INV013264,0,Normal
INV013265,0,Normal
INV013266,0,Normal
INV013267,0,Normal
INV013268,0,Normal
INV013269,0,Normal
INV013270,0,Normal
INV013271,0,Normal
INV013272,0,Normal
INV013273,0,Normal
INV013274,0,Normal
INV013275,0,Normal
INV013276,0,Normal
INV013277,0,Normal
INV013278,0,Normal
INV013280,0,Normal
INV013281,0,Normal
INV013282,0,Normal
INV013283,0,Normal
INV013284,0,Normal
INV013285,0,Normal
INV013286,0,Normal
INV013287,0,Normal
INV013288,0,Normal
INV013289,0,Normal
INV013291,0,Normal
INV013292,0,Normal
INV013293,0,Normal
INV013294,0,Normal
INV013297,0,Normal
INV013298,0,Normal
INV013299,0,Normal
INV013300,0,Normal
INV013301,0,Normal
INV013302,0,Normal
INV013303,0,Normal
INV013304,0,Normal
INV013305,0,Normal
INV013307,0,Normal
INV013308,0,Normal
INV013309,0,Normal
INV013310,0,Normal
INV013312,0,Normal
INV013313,0,Normal
INV013314,0,Normal
INV013315,0,Normal
INV013316,0,Normal
INV013317,0,Normal
INV013318,0,Normal
INV013319,0,Normal
INV013320,0,Normal
INV013321,0,Normal
INV013322,0,Normal
INV013323,0,Normal
INV013324,0,Normal
INV013325,0,Normal
INV013326,0,Normal
INV013327,0,Normal
INV013330,0,Normal
INV013331,0,Normal
INV013332,0,Normal
INV013333,0,Normal
INV013334,0,Normal
INV013335,0,Normal
INV013336,0,Normal
INV013337,0,Normal
INV013338,0,Normal
INV013339,0,Normal
INV013340,0,Normal
INV013342,0,Normal
INV013343,0,Normal
INV013345,0,Normal
INV013346,0,Normal
INV013347,0,Normal
INV013348,0,Normal
INV013349,0,Normal
INV013350,0,Normal
INV013351,0,Normal
INV013352,0,Normal
INV013353,0,Normal
INV013354,0,Normal
INV013355,0,Normal
INV013357,0,Normal
INV013358,0,Normal
INV013359,0,Normal
INV013360,0,Normal
INV013361,0,Normal
INV013362,0,Normal
INV013363,0,Normal
INV013364,0,Normal
INV013365,0,Normal
INV013366,0,Normal
INV013367,0,Normal
INV013368,0,Normal
INV013369,0,Normal
INV013370,0,Normal
INV013371,0,Normal
INV013372,0,Normal
INV013373,0,Normal
INV013374,0,Normal
INV013375,0,Normal
INV013377,0,Normal
INV013378,0,Normal
INV013379,0,Normal
INV013380,0,Normal
INV013381,0,Normal
INV013382,0,Normal
INV013383,0,Normal
INV013385,0,Normal
INV013386,0,Normal
INV013387,0,Normal
INV013388,0,Normal
INV013389,0,Normal
INV013390,0,Normal
INV013391,0,Normal
INV013392,0,Normal
INV013393,0,Normal
INV013395,0,Normal
INV013396,0,Normal
INV013397,0,Normal
INV013398,0,Normal
INV013399,0,Normal
INV013400,0,Normal
INV013401,0,Normal
INV013402,0,Normal
INV013403,0,Normal
INV013404,0,Normal
INV013405,0,Normal
INV013406,0,Normal
INV013407,0,Normal
INV013408,0,Normal
INV013409,0,Normal
INV013410,0,Normal
INV013411,0,Normal
INV013412,0,Normal
INV013413,0,Normal
INV013414,0,Normal
INV013415,0,Normal
INV013416,0,Normal
INV013417,0,Normal
INV013418,0,Normal
INV013419,0,Normal
INV013421,0,Normal
INV013422,0,Normal
INV013423,0,Normal
INV013424,0,Normal
INV013425,0,Normal
INV013426,0,Normal
INV013427,0,Normal
INV013428,0,Normal
INV013429,0,Normal
INV013430,0,Normal
INV013431,0,Normal
INV013432,0,Normal
INV013433,0,Normal
INV013434,0,Normal
INV013436,0,Normal
INV013437,0,Normal
INV013438,0,Normal
INV013439,0,Normal
INV013440,0,Normal
INV013443,0,Normal
INV013444,0,Normal
INV013445,0,Normal
INV013446,0,Normal
INV013447,0,Normal
INV013449,0,Normal
INV013450,0,Normal
INV013451,0,Normal
INV013452,0,Normal
INV013453,0,Normal
INV013454,0,Normal
INV013455,0,Normal
INV013456,0,Normal
INV013457,0,Normal
INV013458,0,Normal
INV013459,0,Normal
INV013460,0,Normal
INV013461,0,Normal
INV013462,0,Normal
INV013463,0,Normal
INV013464,0,Normal
INV013465,0,Normal
INV013466,0,Normal
INV013467,0,Normal
INV013468,0,Normal
INV013469,0,Normal
INV013470,0,Normal
INV013471,0,Normal
INV013472,0,Normal
INV013473,0,Normal
INV013474,0,Normal
INV013475,0,Normal
INV013476,0,Normal
INV013477,0,Normal
INV013479,0,Normal
INV013480,0,Normal
INV013481,0,Normal
INV013482,0,Normal
INV013483,0,Normal
INV013484,0,Normal
INV013485,0,Normal
INV013486,0,Normal
INV013487,0,Normal
INV013488,0,Normal
INV013489,0,Normal
INV013490,0,Normal
INV013491,0,Normal
INV013492,0,Normal
INV013493,0,Normal
INV013494,0,Normal
INV013495,0,Normal
INV013496,0,Normal
INV013497,0,Normal
INV013498,0,Normal
INV013499,0,Normal
INV013500,0,Normal
INV013502,0,Normal
INV013503,0,Normal
INV013504,0,Normal
INV013505,0,Normal
INV013506,0,Normal
INV013507,0,Normal
INV013508,0,Normal
INV013510,0,Normal
INV013511,0,Normal
INV013512,0,Normal
INV013514,0,Normal
INV013515,0,Normal
INV013516,0,Normal
INV013517,0,Normal
INV013518,0,Normal
INV013519,0,Normal
INV013520,0,Normal
INV013521,0,Normal
INV013523,0,Normal
INV013524,0,Normal
INV013525,0,Normal
INV013526,0,Normal
INV013527,0,Normal
INV013528,0,Normal
INV013529,0,Normal
INV013530,0,Normal
INV013531,0,Normal
INV013532,0,Normal
INV013533,0,Normal
INV013535,0,Normal
INV013536,0,Normal
INV013537,0,Normal
INV013539,0,Normal
INV013540,0,Normal
INV013541,0,Normal
INV013542,0,Normal
INV013543,0,Normal
INV013544,0,Normal
INV013545,0,Normal
INV013546,0,Normal
INV013547,0,Normal
INV013548,0,Normal
INV013549,0,Normal
INV013550,0,Normal
INV013551,0,Normal
INV013552,0,Normal
INV013553,0,Normal
INV013554,0,Normal
INV013556,0,Normal
INV013557,0,Normal
INV013558,0,Normal
INV013559,0,Normal
INV013560,0,Normal
INV013561,0,Normal
INV013562,0,Normal
INV013564,0,Normal
INV013565,0,Normal
INV013566,0,Normal
INV013567,0,Normal
INV013569,0,Normal
INV013570,0,Normal
INV013571,0,Normal
INV013572,0,Normal
INV013573,0,Normal
INV013574,0,Normal
INV013575,0,Normal
INV013576,0,Normal
INV013577,0,Normal
INV013578,0,Normal
INV013579,0,Normal
INV013580,0,Normal
INV013581,0,Normal
INV013584,0,Normal
INV013585,0,Normal
INV013586,0,Normal
INV013587,0,Normal
INV013588,0,Normal
INV013589,0,Normal
INV013590,0,Normal
INV013591,0,Normal
INV013592,0,Normal
INV013593,0,Normal
INV013594,0,Normal
INV013595,0,Normal
INV013596,0,Normal
INV013597,0,Normal
INV013599,0,Normal
INV013600,0,Normal
INV013601,0,Normal
INV013602,0,Normal
INV013603,0,Normal
INV013604,0,Normal
INV013605,0,Normal
INV013606,0,Normal
INV013607,0,Normal
INV013608,0,Normal
INV013609,0,Normal
INV013610,0,Normal
INV013611,0,Normal
INV013612,0,Normal
INV013613,0,Normal
INV013614,0,Normal
INV013615,0,Normal
INV013616,0,Normal
INV013617,0,Normal
INV013618,0,Normal
INV013619,0,Normal
INV013620,0,Normal
INV013621,0,Normal
INV013622,0,Normal
INV013623,0,Normal
INV013624,0,Normal
INV013625,0,Normal
INV013626,0,Normal
INV013627,0,Normal
INV013628,0,Normal
INV013630,0,Normal
INV013631,0,Normal
INV013633,0,Normal
INV013634,0,Normal
INV013635,0,Normal
INV013636,0,Normal
INV013637,0,Normal
INV013638,0,Normal
INV013639,0,Normal
INV013640,0,Normal
INV013641,0,Normal
INV013642,0,Normal
INV013643,0,Normal
INV013644,0,Normal
INV013645,0,Normal
INV013646,0,Normal
INV013647,0,Normal
INV013648,0,Normal
INV013649,0,Normal
INV013650,0,Normal
INV013651,0,Normal
INV013652,0,Normal
INV013653,0,Normal
INV013654,0,Normal
INV013655,0,Normal
INV013656,0,Normal
INV013657,0,Normal
INV013658,0,Normal
INV013659,0,Normal
INV013660,0,Normal
INV013661,0,Normal
INV013662,0,Normal
INV013664,0,Normal
INV013665,0,Normal
INV013666,0,Normal
INV013667,0,Normal
INV013668,0,Normal
INV013669,0,Normal
INV013670,0,Normal
INV013671,0,Normal
INV013672,0,Normal
INV013673,0,Normal
INV013674,0,Normal
INV013675,0,Normal
INV013676,0,Normal
INV013677,0,Normal
INV013678,0,Normal
INV013679,0,Normal
INV013680,0,Normal
INV013681,0,Normal
INV013682,0,Normal
INV013683,0,Normal
INV013684,0,Normal
INV013685,0,Normal
INV013686,0,Normal
INV013687,0,Normal
INV013688,0,Normal
INV013689,0,Normal
INV013690,0,Normal
INV013692,0,Normal
INV013693,0,Normal
INV013694,0,Normal
INV013695,0,Normal
INV013696,0,Normal
INV013697,0,Normal
INV013698,0,Normal
INV013699,0,Normal
INV013700,0,Normal
INV013701,0,Normal
INV013702,0,Normal
INV013703,0,Normal
INV013704,0,Normal
INV013705,0,Normal
INV013706,0,Normal
INV013707,0,Normal
INV013708,0,Normal
INV013709,0,Normal
INV013710,0,Normal
INV013711,0,Normal
INV013712,0,Normal
INV013713,0,Normal
INV013714,0,Normal
INV013715,0,Normal
INV013716,0,Normal
INV013717,0,Normal
INV013718,0,Normal
INV013719,0,Normal
INV013720,0,Normal
INV013721,0,Normal
INV013722,0,Normal
INV013723,0,Normal
INV013724,0,Normal
INV013725,0,Normal
INV013726,0,Normal
INV013727,0,Normal
INV013728,0,Normal
INV013729,0,Normal
INV013730,0,Normal
INV013731,0,Normal
INV013732,0,Normal
INV013733,0,Normal
INV013734,0,Normal
INV013735,0,Normal
INV013736,0,Normal
INV013737,0,Normal
INV013738,0,Normal
INV013739,0,Normal
INV013740,0,Normal
INV013741,0,Normal
INV013742,0,Normal
INV013743,0,Normal
INV013744,0,Normal
INV013745,0,Normal
INV013746,0,Normal
INV013747,0,Normal
INV013748,0,Normal
INV013749,0,Normal
INV013750,0,Normal
INV013751,0,Normal
INV013752,0,Normal
INV013753,0,Normal
INV013754,0,Normal
INV013755,0,Normal
INV013756,0,Normal
INV013757,0,Normal
INV013758,0,Normal
INV013759,0,Normal
INV013760,0,Normal
INV013761,0,Normal
INV013762,0,Normal
INV013763,0,Normal
INV013764,0,Normal
INV013765,0,Normal
INV013766,0,Normal
INV013767,0,Normal
INV013768,0,Normal
INV013769,0,Normal
INV013770,0,Normal
INV013771,0,Normal
INV013772,0,Normal
INV013773,0,Normal
INV013774,0,Normal
INV013775,0,Normal
INV013776,0,Normal
INV013777,0,Normal
INV013778,0,Normal
INV013779,0,Normal
INV013780,0,Normal
INV013781,0,Normal
INV013782,0,Normal
INV013783,0,Normal
INV013784,0,Normal
INV013785,0,Normal
INV013786,0,Normal
INV013787,0,Normal
INV013788,0,Normal
INV013789,0,Normal
INV013790,0,Normal
INV013791,0,Normal
INV013792,0,Normal
INV013793,0,Normal
INV013794,0,Normal
INV013795,0,Normal
INV013796,0,Normal
INV013797,0,Normal
INV013798,0,Normal
INV013799,0,Normal
INV013800,0,Normal
INV013801,0,Normal
INV013802,0,Normal
INV013803,0,Normal
INV013804,0,Normal
INV013805,0,Normal
INV013806,0,Normal
INV013807,0,Normal
INV013808,0,Normal
INV013809,0,Normal
INV013810,0,Normal
INV013811,0,Normal
INV013812,0,Normal
INV013814,0,Normal
INV013815,0,Normal
INV013817,0,Normal
INV013818,0,Normal
INV013819,0,Normal
INV013820,0,Normal
INV013821,0,Normal
INV013822,0,Normal
INV013823,0,Normal
INV013824,0,Normal
INV013825,0,Normal
INV013826,0,Normal
INV013827,0,Normal
INV013828,0,Normal
INV013829,0,Normal
INV013830,0,Normal
INV013831,0,Normal
INV013832,0,Normal
INV013833,0,Normal
INV013834,0,Normal
INV013835,0,Normal
INV013836,0,Normal
INV013837,0,Normal
INV013838,0,Normal
INV013839,0,Normal
INV013840,0,Normal
INV013841,0,Normal
INV013842,0,Normal
INV013843,0,Normal
INV013844,0,Normal
INV013845,0,Normal
INV013846,0,Normal
INV013847,0,Normal
INV013848,0,Normal
INV013849,0,Normal
INV013850,0,Normal
INV013851,0,Normal
INV013852,0,Normal
INV013853,0,Normal
INV013854,0,Normal
INV013855,0,Normal
INV013856,0,Normal
INV013857,0,Normal
INV013858,0,Normal
INV013859,0,Normal
INV013860,0,Normal
INV013861,0,Normal
INV013862,0,Normal
INV013863,0,Normal
INV013864,0,Normal
INV013865,0,Normal
INV013866,0,Normal
INV013867,0,Normal
INV013868,0,Normal
INV013869,0,Normal
INV013870,0,Normal
INV013872,0,Normal
INV013873,0,Normal
INV013874,0,Normal
INV013875,0,Normal
INV013876,0,Normal
INV013877,0,Normal
INV013878,0,Normal
INV013879,0,Normal
INV013880,0,Normal
INV013881,0,Normal
INV013882,0,Normal
INV013883,0,Normal
INV013884,0,Normal
INV013885,0,Normal
INV013886,0,Normal
INV013887,0,Normal
INV013888,0,Normal
INV013889,0,Normal
INV013890,0,Normal
INV013892,0,Normal
INV013893,0,Normal
INV013894,0,Normal
INV013895,0,Normal
INV013896,0,Normal
INV013897,0,Normal
INV013898,0,Normal
INV013899,0,Normal
INV013900,0,Normal
INV013901,0,Normal
INV013902,0,Normal
INV013903,0,Normal
INV013904,0,Normal
INV013905,0,Normal
INV013906,0,Normal
INV013907,0,Normal
INV013908,0,Normal
INV013909,0,Normal
INV013910,0,Normal
INV013911,0,Normal
INV013912,0,Normal
INV013913,0,Normal
INV013914,0,Normal
INV013915,0,Normal
INV013916,0,Normal
INV013917,0,Normal
INV013918,0,Normal
INV013919,0,Normal
INV013920,0,Normal
INV013921,0,Normal
INV013922,0,Normal
INV013923,0,Normal
INV013924,0,Normal
INV013925,0,Normal
INV013926,0,Normal
INV013927,0,Normal
INV013928,0,Normal
INV013929,0,Normal
INV013930,0,Normal
INV013931,0,Normal
INV013932,0,Normal
INV013933,0,Normal
INV013934,0,Normal
INV013935,0,Normal
INV013936,0,Normal
INV013937,0,Normal
INV013938,0,Normal
INV013939,0,Normal
INV013940,0,Normal
INV013941,0,Normal
INV013942,0,Normal
INV013943,0,Normal
INV013944,0,Normal
INV013946,0,Normal
INV013947,0,Normal
INV013948,0,Normal
INV013949,0,Normal
INV013950,0,Normal
INV013951,0,Normal
INV013952,0,Normal
INV013953,0,Normal
INV013954,0,Normal
INV013955,0,Normal
INV013956,0,Normal
INV013957,0,Normal
INV013958,0,Normal
INV013959,0,Normal
INV013961,0,Normal
INV013962,0,Normal
INV013963,0,Normal
INV013964,0,Normal
INV013965,0,Normal
INV013966,0,Normal
INV013967,0,Normal
INV013968,0,Normal
INV013970,0,Normal
INV013971,0,Normal
INV013972,0,Normal
INV013973,0,Normal
INV013974,0,Normal
INV013975,0,Normal
INV013976,0,Normal
INV013977,0,Normal
INV013978,0,Normal
INV013979,0,Normal
INV013980,0,Normal
INV013981,0,Normal
INV013982,0,Normal
INV013983,0,Normal
INV013984,0,Normal
INV013985,0,Normal
INV013986,0,Normal
INV013987,0,Normal
INV013988,0,Normal
INV013989,0,Normal
INV013990,0,Normal
INV013991,0,Normal
INV013992,0,Normal
INV013993,0,Normal
INV013995,0,Normal
INV013996,0,Normal
INV013997,0,Normal
INV013998,0,Normal
INV013999,0,Normal
INV014000,0,Normal
INV014001,0,Normal
INV014002,0,Normal
INV014003,0,Normal
INV014004,0,Normal
INV014005,0,Normal
INV014006,0,Normal
INV014008,0,Normal
INV014009,0,Normal
INV014010,0,Normal
INV014011,0,Normal
INV014012,0,Normal
INV014013,0,Normal
INV014014,0,Normal
INV014015,0,Normal
INV014016,0,Normal
INV014017,0,Normal
INV014018,0,Normal
INV014019,0,Normal
INV014020,0,Normal
INV014021,0,Normal
INV014022,0,Normal
INV014024,0,Normal
INV014025,0,Normal
INV014026,0,Normal
INV014027,0,Normal
INV014028,0,Normal
INV014029,0,Normal
INV014031,0,Normal
INV014032,0,Normal
INV014033,0,Normal
INV014034,0,Normal
INV014035,0,Normal
INV014036,0,Normal
INV014037,0,Normal
INV014038,0,Normal
INV014039,0,Normal
INV014040,0,Normal
INV014041,0,Normal
INV014042,0,Normal
INV014043,0,Normal
INV014044,0,Normal
INV014045,0,Normal
INV014046,0,Normal
INV014047,0,Normal
INV014048,0,Normal
INV014050,0,Normal
INV014051,0,Normal
INV014052,0,Normal
INV014053,0,Normal
INV014054,0,Normal
INV014055,0,Normal
INV014057,0,Normal
INV014058,0,Normal
INV014059,0,Normal
INV014060,0,Normal
INV014061,0,Normal
INV014062,0,Normal
INV014063,0,Normal
INV014064,0,Normal
INV014065,0,Normal
INV014066,0,Normal
INV014067,0,Normal
INV014068,0,Normal
INV014069,0,Normal
INV014070,0,Normal
INV014071,0,Normal
INV014072,0,Normal
INV014073,0,Normal
INV014074,0,Normal
INV014075,0,Normal
INV014076,0,Normal
INV014077,0,Normal
INV014078,0,Normal
INV014079,0,Normal
INV014080,0,Normal
INV014081,0,Normal
INV014082,0,Normal
INV014083,0,Normal
INV014085,0,Normal
INV014086,0,Normal
INV014087,0,Normal
INV014088,0,Normal
INV014089,0,Normal
INV014090,0,Normal
INV014091,0,Normal
INV014092,0,Normal
INV014093,0,Normal
INV014094,0,Normal
INV014095,0,Normal
INV014096,0,Normal
INV014097,0,Normal
INV014098,0,Normal
INV014099,0,Normal
INV014100,0,Normal
INV014101,0,Normal
INV014102,0,Normal
INV014103,0,Normal
INV014104,0,Normal
INV014105,0,Normal
INV014106,0,Normal
INV014107,0,Normal
INV014109,0,Normal
INV014110,0,Normal
INV014111,0,Normal
INV014112,0,Normal
INV014114,0,Normal
INV014115,0,Normal
INV014116,0,Normal
INV014117,0,Normal
INV014118,0,Normal
INV014119,0,Normal
INV014120,0,Normal
INV014121,0,Normal
INV014122,0,Normal
INV014123,0,Normal
INV014124,0,Normal
INV014125,0,Normal
INV014126,0,Normal
INV014127,0,Normal
INV014128,0,Normal
INV014129,0,Normal
INV014130,0,Normal
INV014131,0,Normal
INV014132,0,Normal
INV014133,0,Normal
INV014134,0,Normal
INV014135,0,Normal
INV014136,0,Normal
INV014137,0,Normal
INV014139,0,Normal
INV014140,0,Normal
INV014141,0,Normal
INV014143,0,Normal
INV014144,0,Normal
INV014145,0,Normal
INV014146,0,Normal
INV014147,0,Normal
INV014148,0,Normal
INV014149,0,Normal
INV014150,0,Normal
INV014151,0,Normal
INV014152,0,Normal
INV014153,0,Normal
INV014154,0,Normal
INV014155,0,Normal
INV014156,0,Normal
INV014157,0,Normal
INV014158,0,Normal
INV014159,0,Normal
INV014160,0,Normal
INV014161,0,Normal
INV014162,0,Normal
INV014163,0,Normal
INV014164,0,Normal
INV014165,0,Normal
INV014166,0,Normal
INV014167,0,Normal
INV014168,0,Normal
INV014169,0,Normal
INV014170,0,Normal
INV014171,0,Normal
INV014173,0,Normal
INV014174,0,Normal
INV014175,0,Normal
INV014176,0,Normal
INV014177,0,Normal
INV014178,0,Normal
INV014179,0,Normal
INV014180,0,Normal
INV014181,0,Normal
INV014182,0,Normal
INV014183,0,Normal
INV014184,0,Normal
INV014185,0,Normal
INV014186,0,Normal
INV014187,0,Normal
INV014188,0,Normal
INV014189,0,Normal
INV014190,0,Normal
INV014191,0,Normal
INV014192,0,Normal
INV014193,0,Normal
INV014194,0,Normal
INV014195,0,Normal
INV014196,0,Normal
INV014197,0,Normal
INV014198,0,Normal
INV014199,0,Normal
INV014200,0,Normal
INV014201,0,Normal
INV014202,0,Normal
INV014203,0,Normal
INV014204,0,Normal
INV014205,0,Normal
INV014206,0,Normal
INV014207,0,Normal
INV014208,0,Normal
INV014209,0,Normal
INV014210,0,Normal
INV014211,0,Normal
INV014212,0,Normal
INV014213,0,Normal
INV014214,0,Normal
INV014215,0,Normal
INV014216,0,Normal
INV014217,0,Normal
INV014218,0,Normal
INV014219,0,Normal
INV014220,0,Normal
INV014221,0,Normal
INV014222,0,Normal
INV014223,0,Normal
INV014224,0,Normal
INV014225,0,Normal
INV014226,0,Normal
INV014227,0,Normal
INV014228,0,Normal
INV014229,0,Normal
INV014230,0,Normal
INV014231,0,Normal
INV014232,0,Normal
INV014233,0,Normal
INV014234,0,Normal
INV014235,0,Normal
INV014236,0,Normal
INV014237,0,Normal
INV014238,0,Normal
INV014239,0,Normal
INV014240,0,Normal
INV014241,0,Normal
INV014242,0,Normal
INV014243,0,Normal
INV014244,0,Normal
INV014245,0,Normal
INV014246,0,Normal
INV014247,0,Normal
INV014249,0,Normal
INV014250,0,Normal
INV014251,0,Normal
INV014252,0,Normal
INV014253,0,Normal
INV014254,0,Normal
INV014255,0,Normal
INV014256,0,Normal
INV014257,0,Normal
INV014258,0,Normal
INV014259,0,Normal
INV014260,0,Normal
INV014261,0,Normal
INV014262,0,Normal
INV014263,0,Normal
INV014264,0,Normal
INV014265,0,Normal
INV014266,0,Normal
INV014267,0,Normal
INV014268,0,Normal
INV014269,0,Normal
INV014270,0,Normal
INV014271,0,Normal
INV014272,0,Normal
INV014273,0,Normal
INV014274,0,Normal
INV014275,0,Normal
INV014276,0,Normal
INV014277,0,Normal
INV014278,0,Normal
INV014279,0,Normal
INV014280,0,Normal
INV014281,0,Normal
INV014282,0,Normal
INV014283,0,Normal
INV014284,0,Normal
INV014285,0,Normal
INV014286,0,Normal
INV014287,0,Normal
INV014288,0,Normal
INV014289,0,Normal
INV014290,0,Normal
INV014291,0,Normal
INV014292,0,Normal
INV014293,0,Normal
INV014294,0,Normal
INV014296,0,Normal
INV014297,0,Normal
INV014298,0,Normal
INV014299,0,Normal
INV014300,0,Normal
INV014301,0,Normal
INV014302,0,Normal
INV014303,0,Normal
INV014304,0,Normal
INV014305,0,Normal
INV014306,0,Normal
INV014307,0,Normal
INV014308,0,Normal
INV014309,0,Normal
INV014310,0,Normal
INV014311,0,Normal
INV014312,0,Normal
INV014313,0,Normal
INV014314,0,Normal
INV014315,0,Normal
INV014316,0,Normal
INV014317,0,Normal
INV014318,0,Normal
INV014319,0,Normal
INV014320,0,Normal
INV014321,0,Normal
INV014322,0,Normal
INV014323,0,Normal
INV014324,0,Normal
INV014325,0,Normal
INV014326,0,Normal
INV014327,0,Normal
INV014328,0,Normal
INV014329,0,Normal
INV014330,0,Normal
INV014331,0,Normal
INV014332,0,Normal
INV014333,0,Normal
INV014334,0,Normal
INV014335,0,Normal
INV014336,0,Normal
INV014337,0,Normal
INV014338,0,Normal
INV014339,0,Normal
INV014340,0,Normal
INV014341,0,Normal
INV014342,0,Normal
INV014343,0,Normal
INV014344,0,Normal
INV014345,0,Normal
INV014346,0,Normal
INV014347,0,Normal
INV014348,0,Normal
INV014350,0,Normal
INV014351,0,Normal
INV014352,0,Normal
INV014353,0,Normal
INV014354,0,Normal
INV014355,0,Normal
INV014356,0,Normal
INV014357,0,Normal
INV014358,0,Normal
INV014359,0,Normal
INV014360,0,Normal
INV014361,0,Normal
INV014362,0,Normal
INV014363,0,Normal
INV014364,0,Normal
INV014365,0,Normal
INV014366,0,Normal
INV014367,0,Normal
INV014368,0,Normal
INV014369,0,Normal
INV014370,0,Normal
INV014371,0,Normal
INV014372,0,Normal
INV014373,0,Normal
INV014374,0,Normal
INV014375,0,Normal
INV014376,0,Normal
INV014377,0,Normal
INV014378,0,Normal
INV014379,0,Normal
INV014380,0,Normal
INV014381,0,Normal
INV014382,0,Normal
INV014383,0,Normal
INV014384,0,Normal
INV014385,0,Normal
INV014386,0,Normal
INV014387,0,Normal
INV014389,0,Normal
INV014390,0,Normal
INV014391,0,Normal
INV014392,0,Normal
INV014393,0,Normal
INV014394,0,Normal
INV014395,0,Normal
INV014396,0,Normal
INV014397,0,Normal
INV014398,0,Normal
INV014399,0,Normal
INV014400,0,Normal
INV014401,0,Normal
INV014402,0,Normal
INV014403,0,Normal
INV014404,0,Normal
INV014405,0,Normal
INV014406,0,Normal
INV014407,0,Normal
INV014408,0,Normal
INV014409,0,Normal
INV014410,0,Normal
INV014411,0,Normal
INV014412,0,Normal
INV014413,0,Normal
INV014414,0,Normal
INV014415,0,Normal
INV014416,0,Normal
INV014417,0,Normal
INV014418,0,Normal
INV014419,0,Normal
INV014420,0,Normal
INV014421,0,Normal
INV014422,0,Normal
INV014423,0,Normal
INV014424,0,Normal
INV014425,0,Normal
INV014426,0,Normal
INV014427,0,Normal
INV014428,0,Normal
INV014429,0,Normal
INV014430,0,Normal
INV014431,0,Normal
INV014432,0,Normal
INV014434,0,Normal
INV014435,0,Normal
INV014436,0,Normal
INV014437,0,Normal
INV014438,0,Normal
INV014439,0,Normal
INV014440,0,Normal
INV014441,0,Normal
INV014442,0,Normal
INV014443,0,Normal
INV014444,0,Normal
INV014445,0,Normal
INV014446,0,Normal
INV014447,0,Normal
INV014448,0,Normal
INV014449,0,Normal
INV014450,0,Normal
INV014451,0,Normal
INV014452,0,Normal
INV014453,0,Normal
INV014454,0,Normal
INV014455,0,Normal
INV014456,0,Normal
INV014457,0,Normal
INV014458,0,Normal
INV014459,0,Normal
INV014460,0,Normal
INV014461,0,Normal
INV014462,0,Normal
INV014463,0,Normal
INV014464,0,Normal
INV014465,0,Normal
INV014466,0,Normal
INV014467,0,Normal
INV014468,0,Normal
INV014469,0,Normal
INV014470,0,Normal
INV014471,0,Normal
INV014472,0,Normal
INV014473,0,Normal
INV014474,0,Normal
INV014475,0,Normal
INV014476,0,Normal
INV014477,0,Normal
INV014478,0,Normal
INV014479,0,Normal
INV014480,0,Normal
INV014481,0,Normal
INV014482,0,Normal
INV014483,0,Normal
INV014484,0,Normal
INV014485,0,Normal
INV014486,0,Normal
INV014487,0,Normal
INV014488,0,Normal
INV014489,0,Normal
INV014490,0,Normal
INV014492,0,Normal
INV014493,0,Normal
INV014495,0,Normal
INV014496,0,Normal
INV014497,0,Normal
INV014498,0,Normal
INV014499,0,Normal
INV014500,0,Normal
INV014501,0,Normal
INV014502,0,Normal
INV014503,0,Normal
INV014504,0,Normal
INV014505,0,Normal
INV014506,0,Normal
INV014507,0,Normal
INV014508,0,Normal
INV014509,0,Normal
INV014510,0,Normal
INV014511,0,Normal
INV014512,0,Normal
INV014513,0,Normal
INV014514,0,Normal
INV014516,0,Normal
INV014517,0,Normal
INV014518,0,Normal
INV014519,0,Normal
INV014520,0,Normal
INV014521,0,Normal
INV014522,0,Normal
INV014523,0,Normal
INV014524,0,Normal
INV014525,0,Normal
INV014526,0,Normal
INV014527,0,Normal
INV014528,0,Normal
INV014529,0,Normal
INV014530,0,Normal
INV014531,0,Normal
INV014532,0,Normal
INV014533,0,Normal
INV014534,0,Normal
INV014535,0,Normal
INV014536,0,Normal
INV014537,0,Normal
INV014538,0,Normal
INV014539,0,Normal
INV014540,0,Normal
INV014541,0,Normal
INV014542,0,Normal
INV014543,0,Normal
INV014544,0,Normal
INV014545,0,Normal
INV014546,0,Normal
INV014547,0,Normal
INV014548,0,Normal
INV014549,0,Normal
INV014550,0,Normal
INV014551,0,Normal
INV014552,0,Normal
INV014553,0,Normal
INV014554,0,Normal
INV014555,0,Normal
INV014556,0,Normal
INV014557,0,Normal
INV014558,0,Normal
INV014559,0,Normal
INV014560,0,Normal
INV014561,0,Normal
INV014562,0,Normal
INV014563,0,Normal
INV014564,0,Normal
INV014565,0,Normal
INV014566,0,Normal
INV014567,0,Normal
INV014568,0,Normal
INV014569,0,Normal
INV014570,0,Normal
INV014571,0,Normal
INV014572,0,Normal
INV014573,0,Normal
INV014574,0,Normal
INV014575,0,Normal
INV014576,0,Normal
INV014577,0,Normal
INV014578,0,Normal
INV014580,0,Normal
INV014581,0,Normal
INV014582,0,Normal
INV014583,0,Normal
INV014584,0,Normal
INV014586,0,Normal
INV014587,0,Normal
INV014588,0,Normal
INV014589,0,Normal
INV014590,0,Normal
INV014591,0,Normal
INV014592,0,Normal
INV014593,0,Normal
INV014594,0,Normal
INV014595,0,Normal
INV014596,0,Normal
INV014597,0,Normal
INV014598,0,Normal
INV014599,0,Normal
INV014600,0,Normal
INV014601,0,Normal
INV014602,0,Normal
INV014603,0,Normal
INV014604,0,Normal
INV014605,0,Normal
INV014606,0,Normal
INV014607,0,Normal
INV014608,0,Normal
INV014609,0,Normal
INV014610,0,Normal
INV014611,0,Normal
INV014612,0,Normal
INV014613,0,Normal
INV014614,0,Normal
INV014615,0,Normal
INV014616,0,Normal
INV014618,0,Normal
INV014619,0,Normal
INV014620,0,Normal
INV014621,0,Normal
INV014622,0,Normal
INV014623,0,Normal
INV014624,0,Normal
INV014625,0,Normal
INV014626,0,Normal
INV014627,0,Normal
INV014628,0,Normal
INV014629,0,Normal
INV014630,0,Normal
INV014631,0,Normal
INV014632,0,Normal
INV014633,0,Normal
INV014634,0,Normal
INV014635,0,Normal
INV014637,0,Normal
INV014638,0,Normal
INV014639,0,Normal
INV014641,0,Normal
INV014642,0,Normal
INV014643,0,Normal
INV014644,0,Normal
INV014645,0,Normal
INV014646,0,Normal
INV014647,0,Normal
INV014648,0,Normal
INV014649,0,Normal
INV014650,0,Normal
INV014651,0,Normal
INV014652,0,Normal
INV014653,0,Normal
INV014654,0,Normal
INV014655,0,Normal
INV014656,0,Normal
INV014657,0,Normal
INV014658,0,Normal
INV014659,0,Normal
INV014660,0,Normal
INV014661,0,Normal
INV014662,0,Normal
INV014663,0,Normal
INV014664,0,Normal
INV014665,0,Normal
INV014666,0,Normal
INV014667,0,Normal
INV014668,0,Normal
INV014670,0,Normal
INV014671,0,Normal
INV014672,0,Normal
INV014673,0,Normal
INV014674,0,Normal
INV014675,0,Normal
INV014676,0,Normal
INV014677,0,Normal
INV014678,0,Normal
INV014679,0,Normal
INV014680,0,Normal
INV014681,0,Normal
INV014682,0,Normal
INV014683,0,Normal
INV014684,0,Normal
INV014685,0,Normal
INV014686,0,Normal
INV014687,0,Normal
INV014688,0,Normal
INV014689,0,Normal
INV014692,0,Normal
INV014693,0,Normal
INV014694,0,Normal
INV014695,0,Normal
INV014696,0,Normal
INV014697,0,Normal
INV014698,0,Normal
INV014699,0,Normal
INV014700,0,Normal
INV014701,0,Normal
INV014702,0,Normal
INV014703,0,Normal
INV014704,0,Normal
INV014705,0,Normal
INV014706,0,Normal
INV014707,0,Normal
INV014709,0,Normal
INV014710,0,Normal
INV014711,0,Normal
INV014712,0,Normal
INV014713,0,Normal
INV014714,0,Normal
INV014715,0,Normal
INV014716,0,Normal
INV014717,0,Normal
INV014719,0,Normal
INV014720,0,Normal
INV014721,0,Normal
INV014722,0,Normal
INV014723,0,Normal
INV014724,0,Normal
INV014725,0,Normal
INV014726,0,Normal
INV014727,0,Normal
INV014728,0,Normal
INV014729,0,Normal
INV014730,0,Normal
INV014731,0,Normal
INV014732,0,Normal
INV014733,0,Normal
INV014734,0,Normal
INV014735,0,Normal
INV014736,0,Normal
INV014737,0,Normal
INV014738,0,Normal
INV014739,0,Normal
INV014740,0,Normal
INV014741,0,Normal
INV014742,0,Normal
INV014743,0,Normal
INV014744,0,Normal
INV014745,0,Normal
INV014746,0,Normal
INV014747,0,Normal
INV014748,0,Normal
INV014749,0,Normal
INV014750,0,Normal
INV014751,0,Normal
INV014752,0,Normal
INV014753,0,Normal
INV014754,0,Normal
INV014755,0,Normal
INV014756,0,Normal
INV014757,0,Normal
INV014758,0,Normal
INV014759,0,Normal
INV014760,0,Normal
INV014761,0,Normal
INV014762,0,Normal
INV014763,0,Normal
INV014764,0,Normal
INV014765,0,Normal
INV014766,0,Normal
INV014767,0,Normal
INV014768,0,Normal
INV014769,0,Normal
INV014770,0,Normal
INV014771,0,Normal
INV014772,0,Normal
INV014773,0,Normal
INV014774,0,Normal
INV014775,0,Normal
INV014776,0,Normal
INV014778,0,Normal
INV014779,0,Normal
INV014781,0,Normal
INV014782,0,Normal
INV014783,0,Normal
INV014784,0,Normal
INV014785,0,Normal
INV014786,0,Normal
INV014787,0,Normal
INV014788,0,Normal
INV014789,0,Normal
INV014790,0,Normal
INV014791,0,Normal
INV014792,0,Normal
INV014793,0,Normal
INV014794,0,Normal
INV014795,0,Normal
INV014796,0,Normal
INV014797,0,Normal
INV014798,0,Normal
INV014799,0,Normal
INV014800,0,Normal
INV014801,0,Normal
INV014802,0,Normal
INV014803,0,Normal
INV014804,0,Normal
INV014805,0,Normal
INV014806,0,Normal
INV014807,0,Normal
INV014808,0,Normal
INV014809,0,Normal
INV014810,0,Normal
INV014811,0,Normal
INV014812,0,Normal
INV014813,0,Normal
INV014814,0,Normal
INV014815,0,Normal
INV014816,0,Normal
INV014817,0,Normal
INV014818,0,Normal
INV014819,0,Normal
INV014820,0,Normal
INV014821,0,Normal
INV014822,0,Normal
INV014824,0,Normal
INV014825,0,Normal
INV014826,0,Normal
INV014827,0,Normal
INV014828,0,Normal
INV014829,0,Normal
INV014830,0,Normal
INV014831,0,Normal
INV014832,0,Normal
INV014833,0,Normal
INV014834,0,Normal
INV014835,0,Normal
INV014836,0,Normal
INV014837,0,Normal
INV014838,0,Normal
INV014839,0,Normal
INV014840,0,Normal
INV014841,0,Normal
INV014842,0,Normal
INV014843,0,Normal
INV014844,0,Normal
INV014845,0,Normal
INV014846,0,Normal
INV014847,0,Normal
INV014848,0,Normal
INV014849,0,Normal
INV014850,0,Normal
INV014851,0,Normal
INV014852,0,Normal
INV014853,0,Normal
INV014854,0,Normal
INV014855,0,Normal
INV014856,0,Normal
INV014857,0,Normal
INV014858,0,Normal
INV014860,0,Normal
INV014861,0,Normal
INV014862,0,Normal
INV014863,0,Normal
INV014864,0,Normal
INV014865,0,Normal
INV014866,0,Normal
INV014867,0,Normal
INV014868,0,Normal
INV014869,0,Normal
INV014870,0,Normal
INV014871,0,Normal
INV014872,0,Normal
INV014873,0,Normal
INV014874,0,Normal
INV014875,0,Normal
INV014876,0,Normal
INV014877,0,Normal
INV014878,0,Normal
INV014879,0,Normal
INV014880,0,Normal
INV014881,0,Normal
INV014882,0,Normal
INV014883,0,Normal
INV014884,0,Normal
INV014885,0,Normal
INV014886,0,Normal
INV014887,0,Normal
INV014888,0,Normal
INV014889,0,Normal
INV014890,0,Normal
INV014891,0,Normal
INV014892,0,Normal
INV014894,0,Normal
INV014895,0,Normal
INV014896,0,Normal
INV014897,0,Normal
INV014898,0,Normal
INV014899,0,Normal
INV014900,0,Normal
INV014901,0,Normal
INV014902,0,Normal
INV014903,0,Normal
INV014904,0,Normal
INV014905,0,Normal
INV014906,0,Normal
INV014907,0,Normal
INV014908,0,Normal
INV014909,0,Normal
INV014910,0,Normal
INV014911,0,Normal
INV014912,0,Normal
INV014913,0,Normal
INV014914,0,Normal
INV014915,0,Normal
INV014916,0,Normal
INV014917,0,Normal
INV014918,0,Normal
INV014919,0,Normal
INV014920,0,Normal
INV014921,0,Normal
INV014922,0,Normal
INV014923,0,Normal
INV014924,0,Normal
INV014925,0,Normal
INV014926,0,Normal
INV014927,0,Normal
INV014928,0,Normal
INV014929,0,Normal
INV014930,0,Normal
INV014931,0,Normal
INV014932,0,Normal
INV014933,0,Normal
INV014934,0,Normal
INV014935,0,Normal
INV014936,0,Normal
INV014937,0,Normal
INV014938,0,Normal
INV014939,0,Normal
INV014940,0,Normal
INV014942,0,Normal
INV014943,0,Normal
INV014944,0,Normal
INV014945,0,Normal
INV014946,0,Normal
INV014947,0,Normal
INV014948,0,Normal
INV014949,0,Normal
INV014950,0,Normal
INV014951,0,Normal
INV014952,0,Normal
INV014953,0,Normal
INV014954,0,Normal
INV014955,0,Normal
INV014956,0,Normal
INV014957,0,Normal
INV014958,0,Normal
INV014959,0,Normal
INV014960,0,Normal
INV014961,0,Normal
INV014962,0,Normal
INV014963,0,Normal
INV014964,0,Normal
INV014965,0,Normal
INV014966,0,Normal
INV014967,0,Normal
INV014968,0,Normal
INV014971,0,Normal
INV014972,0,Normal
INV014973,0,Normal
INV014974,0,Normal
INV014975,0,Normal
INV014976,0,Normal
INV014977,0,Normal
INV014978,0,Normal
INV014979,0,Normal
INV014980,0,Normal
INV014981,0,Normal
INV014982,0,Normal
INV014983,0,Normal
INV014984,0,Normal
INV014985,0,Normal
INV014986,0,Normal
INV014987,0,Normal
INV014988,0,Normal
INV014989,0,Normal
INV014990,0,Normal
INV014991,0,Normal
INV014992,0,Normal
INV014993,0,Normal
INV014994,0,Normal
INV014995,0,Normal
INV014996,0,Normal
INV014997,0,Normal
INV014998,0,Normal
INV014999,0,Normal
INV015000,0,Normal
INV015001,0,Normal
INV015002,0,Normal
INV015003,0,Normal
INV015004,0,Normal
INV015005,0,Normal
INV015006,0,Normal
INV015007,0,Normal
INV015008,0,Normal
INV015009,0,Normal
INV015010,0,Normal
INV015011,0,Normal
INV015012,0,Normal
INV015014,0,Normal
INV015015,0,Normal
INV015016,0,Normal
INV015017,0,Normal
INV015018,0,Normal
INV015019,0,Normal
INV015020,0,Normal
INV015021,0,Normal
INV015022,0,Normal
INV015023,0,Normal
INV015024,0,Normal
INV015025,0,Normal
INV015026,0,Normal
INV015027,0,Normal
INV015028,0,Normal
INV015029,0,Normal
INV015030,0,Normal
INV015031,0,Normal
INV015032,0,Normal
INV015033,0,Normal
INV015034,0,Normal
INV015035,0,Normal
INV015036,0,Normal
INV015037,0,Normal
INV015038,0,Normal
INV015039,0,Normal
INV015040,0,Normal
INV015041,0,Normal
INV015042,0,Normal
INV015043,0,Normal
INV015045,0,Normal
INV015046,0,Normal
INV015047,0,Normal
INV015048,0,Normal
INV015049,0,Normal
INV015050,0,Normal
INV015051,0,Normal
INV015052,0,Normal
INV015053,0,Normal
INV015054,0,Normal
INV015055,0,Normal
INV015056,0,Normal
INV015057,0,Normal
INV015058,0,Normal
INV015059,0,Normal
INV015060,0,Normal
INV015061,0,Normal
INV015062,0,Normal
INV015063,0,Normal
INV015064,0,Normal
INV015065,0,Normal
INV015067,0,Normal
INV015068,0,Normal
INV015069,0,Normal
INV015071,0,Normal
INV015072,0,Normal
INV015073,0,Normal
INV015074,0,Normal
INV015075,0,Normal
INV015076,0,Normal
INV015077,0,Normal
INV015078,0,Normal
INV015079,0,Normal
INV015080,0,Normal
INV015082,0,Normal
INV015083,0,Normal
INV015084,0,Normal
INV015085,0,Normal
INV015086,0,Normal
INV015087,0,Normal
INV015088,0,Normal
INV015089,0,Normal
INV015090,0,Normal
INV015091,0,Normal
INV015092,0,Normal
INV015093,0,Normal
INV015094,0,Normal
INV015095,0,Normal
INV015097,0,Normal
INV015098,0,Normal
INV015099,0,Normal
INV015100,0,Normal
INV015101,0,Normal
INV015102,0,Normal
INV015103,0,Normal
INV015104,0,Normal
INV015105,0,Normal
INV015106,0,Normal
INV015107,0,Normal
INV015108,0,Normal
INV015109,0,Normal
INV015110,0,Normal
INV015111,0,Normal
INV015112,0,Normal
INV015113,0,Normal
INV015114,0,Normal
INV015115,0,Normal
INV015116,0,Normal
INV015117,0,Normal
INV015118,0,Normal
INV015119,0,Normal
INV015120,0,Normal
INV015121,0,Normal
INV015122,0,Normal
INV015123,0,Normal
INV015124,0,Normal
INV015125,0,Normal
INV015126,0,Normal
INV015127,0,Normal
INV015128,0,Normal
INV015129,0,Normal
INV015130,0,Normal
INV015131,0,Normal
INV015132,0,Normal
INV015133,0,Normal
INV015134,0,Normal
INV015135,0,Normal
INV015136,0,Normal
INV015137,0,Normal
INV015138,0,Normal
INV015139,0,Normal
INV015140,0,Normal
INV015141,0,Normal
INV015142,0,Normal
INV015143,0,Normal
INV015144,0,Normal
INV015145,0,Normal
INV015146,0,Normal
INV015147,0,Normal
INV015148,0,Normal
INV015149,0,Normal
INV015150,0,Normal
INV015151,0,Normal
INV015152,0,Normal
INV015153,0,Normal
INV015154,0,Normal
INV015155,0,Normal
INV015156,0,Normal
INV015157,0,Normal
INV015158,0,Normal
INV015159,0,Normal
INV015160,0,Normal
INV015161,0,Normal
INV015162,0,Normal
INV015163,0,Normal
INV015164,0,Normal
INV015166,0,Normal
INV015167,0,Normal
INV015168,0,Normal
INV015169,0,Normal
INV015170,0,Normal
INV015172,0,Normal
INV015173,0,Normal
INV015174,0,Normal
INV015175,0,Normal
INV015176,0,Normal
INV015177,0,Normal
INV015178,0,Normal
INV015179,0,Normal
INV015180,0,Normal
INV015181,0,Normal
INV015182,0,Normal
INV015183,0,Normal
INV015184,0,Normal
INV015185,0,Normal
INV015186,0,Normal
INV015187,0,Normal
INV015188,0,Normal
INV015189,0,Normal
INV015190,0,Normal
INV015191,0,Normal
INV015192,0,Normal
INV015193,0,Normal
INV015195,0,Normal
INV015196,0,Normal
INV015197,0,Normal
INV015198,0,Normal
INV015199,0,Normal
INV015200,0,Normal
INV015201,0,Normal
INV015202,0,Normal
INV015203,0,Normal
INV015204,0,Normal
INV015205,0,Normal
INV015206,0,Normal
INV015207,0,Normal
INV015208,0,Normal
INV015209,0,Normal
INV015210,0,Normal
INV015211,0,Normal
INV015212,0,Normal
INV015213,0,Normal
INV015214,0,Normal
INV015215,0,Normal
INV015216,0,Normal
INV015217,0,Normal
INV015218,0,Normal
INV015219,0,Normal
INV015220,0,Normal
INV015221,0,Normal
INV015222,0,Normal
INV015223,0,Normal
INV015224,0,Normal
INV015225,0,Normal
INV015226,0,Normal
INV015227,0,Normal
INV015228,0,Normal
INV015229,0,Normal
INV015230,0,Normal
INV015232,0,Normal
INV015233,0,Normal
INV015234,0,Normal
INV015235,0,Normal
INV015236,0,Normal
INV015237,0,Normal
INV015238,0,Normal
INV015239,0,Normal
INV015240,0,Normal
INV015241,0,Normal
INV015242,0,Normal
INV015244,0,Normal
INV015245,0,Normal
INV015246,0,Normal
INV015247,0,Normal
INV015248,0,Normal
INV015249,0,Normal
INV015250,0,Normal
INV015251,0,Normal
INV015252,0,Normal
INV015253,0,Normal
INV015254,0,Normal
INV015255,0,Normal
INV015257,0,Normal
INV015258,0,Normal
INV015259,0,Normal
INV015260,0,Normal
INV015261,0,Normal
INV015262,0,Normal
INV015263,0,Normal
INV015264,0,Normal
INV015265,0,Normal
INV015266,0,Normal
INV015267,0,Normal
INV015268,0,Normal
INV015269,0,Normal
INV015270,0,Normal
INV015271,0,Normal
INV015272,0,Normal
INV015273,0,Normal
INV015274,0,Normal
INV015275,0,Normal
INV015276,0,Normal
INV015277,0,Normal
INV015278,0,Normal
INV015279,0,Normal
INV015281,0,Normal
INV015282,0,Normal
INV015283,0,Normal
INV015284,0,Normal
INV015285,0,Normal
INV015286,0,Normal
INV015288,0,Normal
INV015289,0,Normal
INV015290,0,Normal
INV015291,0,Normal
INV015292,0,Normal
INV015293,0,Normal
INV015294,0,Normal
INV015296,0,Normal
INV015297,0,Normal
INV015298,0,Normal
INV015299,0,Normal
INV015300,0,Normal
INV015301,0,Normal
INV015302,0,Normal
INV015303,0,Normal
INV015304,0,Normal
INV015305,0,Normal
INV015306,0,Normal
INV015307,0,Normal
INV015308,0,Normal
INV015309,0,Normal
INV015310,0,Normal
INV015311,0,Normal
INV015312,0,Normal
INV015313,0,Normal
INV015314,0,Normal
INV015315,0,Normal
INV015317,0,Normal
INV015318,0,Normal
INV015319,0,Normal
INV015320,0,Normal
INV015321,0,Normal
INV015322,0,Normal
INV015323,0,Normal
INV015324,0,Normal
INV015325,0,Normal
INV015326,0,Normal
INV015327,0,Normal
INV015328,0,Normal
INV015329,0,Normal
INV015330,0,Normal
INV015331,0,Normal
INV015332,0,Normal
INV015333,0,Normal
INV015334,0,Normal
INV015335,0,Normal
INV015336,0,Normal
INV015337,0,Normal
INV015338,0,Normal
INV015339,0,Normal
INV015340,0,Normal
INV015341,0,Normal
INV015342,0,Normal
INV015343,0,Normal
INV015344,0,Normal
INV015345,0,Normal
INV015346,0,Normal
INV015347,0,Normal
INV015348,0,Normal
INV015349,0,Normal
INV015350,0,Normal
INV015351,0,Normal
INV015352,0,Normal
INV015353,0,Normal
INV015354,0,Normal
INV015355,0,Normal
INV015356,0,Normal
INV015357,0,Normal
INV015358,0,Normal
INV015359,0,Normal
INV015360,0,Normal
INV015361,0,Normal
INV015362,0,Normal
INV015363,0,Normal
INV015364,0,Normal
INV015365,0,Normal
INV015366,0,Normal
INV015367,0,Normal
INV015368,0,Normal
INV015369,0,Normal
INV015371,0,Normal
INV015372,0,Normal
INV015373,0,Normal
INV015374,0,Normal
INV015375,0,Normal
INV015376,0,Normal
INV015377,0,Normal
INV015378,0,Normal
INV015379,0,Normal
INV015380,0,Normal
INV015381,0,Normal
INV015382,0,Normal
INV015383,0,Normal
INV015384,0,Normal
INV015385,0,Normal
INV015386,0,Normal
INV015387,0,Normal
INV015388,0,Normal
INV015389,0,Normal
INV015390,0,Normal
INV015391,0,Normal
INV015392,0,Normal
INV015393,0,Normal
INV015394,0,Normal
INV015395,0,Normal
INV015396,0,Normal
INV015397,0,Normal
INV015398,0,Normal
INV015399,0,Normal
INV015400,0,Normal
INV015401,0,Normal
INV015402,0,Normal
INV015403,0,Normal
INV015404,0,Normal
INV015405,0,Normal
INV015406,0,Normal
INV015407,0,Normal
INV015408,0,Normal
INV015409,0,Normal
INV015410,0,Normal
INV015411,0,Normal
INV015412,0,Normal
INV015413,0,Normal
INV015415,0,Normal
INV015416,0,Normal
INV015417,0,Normal
INV015418,0,Normal
INV015419,0,Normal
INV015420,0,Normal
INV015421,0,Normal
INV015422,0,Normal
INV015423,0,Normal
INV015424,0,Normal
INV015425,0,Normal
INV015426,0,Normal
INV015427,0,Normal
INV015429,0,Normal
INV015430,0,Normal
INV015431,0,Normal
INV015432,0,Normal
INV015433,0,Normal
INV015434,0,Normal
INV015435,0,Normal
INV015436,0,Normal
INV015437,0,Normal
INV015438,0,Normal
INV015440,0,Normal
INV015441,0,Normal
INV015442,0,Normal
INV015444,0,Normal
INV015445,0,Normal
INV015446,0,Normal
INV015447,0,Normal
INV015448,0,Normal
INV015449,0,Normal
INV015450,0,Normal
INV015451,0,Normal
INV015452,0,Normal
INV015453,0,Normal
INV015454,0,Normal
INV015455,0,Normal
INV015456,0,Normal
INV015457,0,Normal
INV015458,0,Normal
INV015459,0,Normal
INV015460,0,Normal
INV015462,0,Normal
INV015463,0,Normal
INV015464,0,Normal
INV015465,0,Normal
INV015466,0,Normal
INV015467,0,Normal
INV015468,0,Normal
INV015469,0,Normal
INV015470,0,Normal
INV015471,0,Normal
INV015472,0,Normal
INV015473,0,Normal
INV015474,0,Normal
INV015475,0,Normal
INV015476,0,Normal
INV015477,0,Normal
INV015478,0,Normal
INV015479,0,Normal
INV015480,0,Normal
INV015481,0,Normal
INV015482,0,Normal
INV015483,0,Normal
INV015484,0,Normal
INV015485,0,Normal
INV015486,0,Normal
INV015487,0,Normal
INV015488,0,Normal
INV015489,0,Normal
INV015490,0,Normal
INV015491,0,Normal
INV015493,0,Normal
INV015494,0,Normal
INV015495,0,Normal
INV015496,0,Normal
INV015497,0,Normal
INV015498,0,Normal
INV015499,0,Normal
INV015500,0,Normal
INV015501,0,Normal
INV015502,0,Normal
INV015504,0,Normal
INV015505,0,Normal
INV015506,0,Normal
INV015507,0,Normal
INV015508,0,Normal
INV015509,0,Normal
INV015510,0,Normal
INV015511,0,Normal
INV015512,0,Normal
INV015514,0,Normal
INV015515,0,Normal
INV015516,0,Normal
INV015517,0,Normal
INV015518,0,Normal
INV015519,0,Normal
INV015520,0,Normal
INV015521,0,Normal
INV015522,0,Normal
INV015523,0,Normal
INV015524,0,Normal
INV015525,0,Normal
INV015526,0,Normal
INV015527,0,Normal
INV015528,0,Normal
INV015529,0,Normal
INV015530,0,Normal
INV015531,0,Normal
INV015532,0,Normal
INV015533,0,Normal
INV015534,0,Normal
INV015535,0,Normal
INV015536,0,Normal
INV015538,0,Normal
INV015539,0,Normal
INV015540,0,Normal
INV015541,0,Normal
INV015542,0,Normal
INV015543,0,Normal
INV015544,0,Normal
INV015545,0,Normal
INV015546,0,Normal
INV015547,0,Normal
INV015548,0,Normal
INV015549,0,Normal
INV015550,0,Normal
INV015551,0,Normal
INV015552,0,Normal
INV015553,0,Normal
INV015554,0,Normal
INV015555,0,Normal
INV015556,0,Normal
INV015557,0,Normal
INV015558,0,Normal
INV015559,0,Normal
INV015560,0,Normal
INV015561,0,Normal
INV015562,0,Normal
INV015563,0,Normal
INV015564,0,Normal
INV015565,0,Normal
INV015566,0,Normal
INV015567,0,Normal
INV015568,0,Normal
INV015569,0,Normal
INV015570,0,Normal
INV015571,0,Normal
INV015572,0,Normal
INV015573,0,Normal
INV015574,0,Normal
INV015575,0,Normal
INV015576,0,Normal
INV015577,0,Normal
INV015578,0,Normal
INV015579,0,Normal
INV015580,0,Normal
INV015581,0,Normal
INV015582,0,Normal
INV015583,0,Normal
INV015585,0,Normal
INV015586,0,Normal
INV015587,0,Normal
INV015588,0,Normal
INV015589,0,Normal
INV015590,0,Normal
INV015592,0,Normal
INV015593,0,Normal
INV015594,0,Normal
INV015595,0,Normal
INV015596,0,Normal
INV015597,0,Normal
INV015598,0,Normal
INV015599,0,Normal
INV015600,0,Normal
INV015601,0,Normal
INV015602,0,Normal
INV015603,0,Normal
INV015604,0,Normal
INV015605,0,Normal
INV015606,0,Normal
INV015607,0,Normal
INV015608,0,Normal
INV015609,0,Normal
INV015610,0,Normal
INV015611,0,Normal
INV015612,0,Normal
INV015613,0,Normal
INV015614,0,Normal
INV015615,0,Normal
INV015616,0,Normal
INV015617,0,Normal
INV015618,0,Normal
INV015619,0,Normal
INV015620,0,Normal
INV015621,0,Normal
INV015622,0,Normal
INV015624,0,Normal
INV015625,0,Normal
INV015626,0,Normal
INV015627,0,Normal
INV015628,0,Normal
INV015629,0,Normal
INV015630,0,Normal
INV015631,0,Normal
INV015632,0,Normal
INV015633,0,Normal
INV015634,0,Normal
INV015635,0,Normal
INV015636,0,Normal
INV015637,0,Normal
INV015638,0,Normal
INV015639,0,Normal
INV015640,0,Normal
INV015641,0,Normal
INV015643,0,Normal
INV015644,0,Normal
INV015645,0,Normal
INV015646,0,Normal
INV015647,0,Normal
INV015648,0,Normal
INV015649,0,Normal
INV015650,0,Normal
INV015651,0,Normal
INV015652,0,Normal
INV015653,0,Normal
INV015654,0,Normal
INV015655,0,Normal
INV015657,0,Normal
INV015658,0,Normal
INV015659,0,Normal
INV015660,0,Normal
INV015661,0,Normal
INV015662,0,Normal
INV015663,0,Normal
INV015664,0,Normal
INV015665,0,Normal
INV015666,0,Normal
INV015667,0,Normal
INV015668,0,Normal
INV015669,0,Normal
INV015670,0,Normal
INV015671,0,Normal
INV015672,0,Normal
INV015673,0,Normal
INV015674,0,Normal
INV015675,0,Normal
INV015676,0,Normal
INV015677,0,Normal
INV015678,0,Normal
INV015679,0,Normal
INV015680,0,Normal
INV015681,0,Normal
INV015682,0,Normal
INV015683,0,Normal
INV015684,0,Normal
INV015686,0,Normal
INV015687,0,Normal
INV015688,0,Normal
INV015689,0,Normal
INV015690,0,Normal
INV015691,0,Normal
INV015692,0,Normal
INV015693,0,Normal
INV015694,0,Normal
INV015695,0,Normal
INV015696,0,Normal
INV015697,0,Normal
INV015698,0,Normal
INV015699,0,Normal
INV015700,0,Normal
INV015701,0,Normal
INV015702,0,Normal
INV015703,0,Normal
INV015704,0,Normal
INV015705,0,Normal
INV015706,0,Normal
INV015707,0,Normal
INV015708,0,Normal
INV015709,0,Normal
INV015710,0,Normal
INV015712,0,Normal
INV015713,0,Normal
INV015714,0,Normal
INV015715,0,Normal
INV015716,0,Normal
INV015717,0,Normal
INV015718,0,Normal
INV015719,0,Normal
INV015720,0,Normal
INV015721,0,Normal
INV015722,0,Normal
INV015723,0,Normal
INV015724,0,Normal
INV015725,0,Normal
INV015726,0,Normal
INV015727,0,Normal
INV015728,0,Normal
INV015729,0,Normal
INV015730,0,Normal
INV015731,0,Normal
INV015732,0,Normal
INV015733,0,Normal
INV015734,0,Normal
INV015735,0,Normal
INV015736,0,Normal
INV015737,0,Normal
INV015738,0,Normal
INV015739,0,Normal
INV015740,0,Normal
INV015741,0,Normal
INV015742,0,Normal
INV015743,0,Normal
INV015744,0,Normal
INV015745,0,Normal
INV015746,0,Normal
INV015747,0,Normal
INV015748,0,Normal
INV015749,0,Normal
INV015750,0,Normal
INV015751,0,Normal
INV015752,0,Normal
INV015754,0,Normal
INV015755,0,Normal
INV015756,0,Normal
INV015757,0,Normal
INV015758,0,Normal
INV015759,0,Normal
INV015760,0,Normal
INV015761,0,Normal
INV015762,0,Normal
INV015763,0,Normal
INV015765,0,Normal
INV015766,0,Normal
INV015767,0,Normal
INV015768,0,Normal
INV015769,0,Normal
INV015770,0,Normal
INV015772,0,Normal
INV015773,0,Normal
INV015774,0,Normal
INV015775,0,Normal
INV015776,0,Normal
INV015777,0,Normal
INV015778,0,Normal
INV015779,0,Normal
INV015780,0,Normal
INV015781,0,Normal
INV015783,0,Normal
INV015784,0,Normal
INV015785,0,Normal
INV015786,0,Normal
INV015787,0,Normal
INV015788,0,Normal
INV015789,0,Normal
INV015790,0,Normal
INV015791,0,Normal
INV015792,0,Normal
INV015793,0,Normal
INV015794,0,Normal
INV015795,0,Normal
INV015796,0,Normal
INV015797,0,Normal
INV015798,0,Normal
INV015799,0,Normal
INV015800,0,Normal
INV015801,0,Normal
INV015802,0,Normal
INV015803,0,Normal
INV015804,0,Normal
INV015805,0,Normal
INV015806,0,Normal
INV015807,0,Normal
INV015808,0,Normal
INV015810,0,Normal
INV015811,0,Normal
INV015812,0,Normal
INV015813,0,Normal
INV015814,0,Normal
INV015815,0,Normal
INV015817,0,Normal
INV015818,0,Normal
INV015819,0,Normal
INV015820,0,Normal
INV015822,0,Normal
INV015823,0,Normal
INV015824,0,Normal
INV015825,0,Normal
INV015826,0,Normal
INV015827,0,Normal
INV015828,0,Normal
INV015829,0,Normal
INV015830,0,Normal
INV015831,0,Normal
INV015832,0,Normal
INV015833,0,Normal
INV015834,0,Normal
INV015835,0,Normal
INV015836,0,Normal
INV015837,0,Normal
INV015838,0,Normal
INV015839,0,Normal
INV015840,0,Normal
INV015841,0,Normal
INV015843,0,Normal
INV015844,0,Normal
INV015846,0,Normal
INV015848,0,Normal
INV015849,0,Normal
INV015850,0,Normal
INV015851,0,Normal
INV015852,0,Normal
INV015854,0,Normal
INV015855,0,Normal
INV015856,0,Normal
INV015857,0,Normal
INV015859,0,Normal
INV015860,0,Normal
INV015861,0,Normal
INV015862,0,Normal
INV015863,0,Normal
INV015864,0,Normal
INV015865,0,Normal
INV015866,0,Normal
INV015867,0,Normal
INV015868,0,Normal
INV015869,0,Normal
INV015870,0,Normal
INV015871,0,Normal
INV015872,0,Normal
INV015873,0,Normal
INV015874,0,Normal
INV015875,0,Normal
INV015876,0,Normal
INV015877,0,Normal
INV015878,0,Normal
INV015879,0,Normal
INV015880,0,Normal
INV015881,0,Normal
INV015882,0,Normal
INV015883,0,Normal
INV015884,0,Normal
INV015885,0,Normal
INV015886,0,Normal
INV015887,0,Normal
INV015888,0,Normal
INV015889,0,Normal
INV015890,0,Normal
INV015891,0,Normal
INV015892,0,Normal
INV015893,0,Normal
INV015894,0,Normal
INV015895,0,Normal
INV015896,0,Normal
INV015897,0,Normal
INV015898,0,Normal
INV015899,0,Normal
INV015900,0,Normal
INV015901,0,Normal
INV015902,0,Normal
INV015903,0,Normal
INV015904,0,Normal
INV015905,0,Normal
INV015906,0,Normal
INV015907,0,Normal
INV015908,0,Normal
INV015909,0,Normal
INV015910,0,Normal
INV015911,0,Normal
INV015912,0,Normal
INV015913,0,Normal
INV015914,0,Normal
INV015916,0,Normal
INV015917,0,Normal
INV015918,0,Normal
INV015919,0,Normal
INV015920,0,Normal
INV015921,0,Normal
INV015922,0,Normal
INV015923,0,Normal
INV015924,0,Normal
INV015925,0,Normal
INV015926,0,Normal
INV015927,0,Normal
INV015928,0,Normal
INV015929,0,Normal
INV015931,0,Normal
INV015932,0,Normal
INV015933,0,Normal
INV015934,0,Normal
INV015935,0,Normal
INV015936,0,Normal
INV015937,0,Normal
INV015939,0,Normal
INV015940,0,Normal
INV015942,0,Normal
INV015943,0,Normal
INV015944,0,Normal
INV015945,0,Normal
INV015946,0,Normal
INV015947,0,Normal
INV015948,0,Normal
INV015949,0,Normal
INV015950,0,Normal
INV015951,0,Normal
INV015952,0,Normal
INV015953,0,Normal
INV015954,0,Normal
INV015955,0,Normal
INV015956,0,Normal
INV015957,0,Normal
INV015958,0,Normal
INV015959,0,Normal
INV015960,0,Normal
INV015961,0,Normal
INV015962,0,Normal
INV015963,0,Normal
INV015964,0,Normal
INV015965,0,Normal
INV015966,0,Normal
INV015967,0,Normal
INV015968,0,Normal
INV015970,0,Normal
INV015971,0,Normal
INV015972,0,Normal
INV015973,0,Normal
INV015974,0,Normal
INV015975,0,Normal
INV015976,0,Normal
INV015977,0,Normal
INV015978,0,Normal
INV015979,0,Normal
INV015980,0,Normal
INV015981,0,Normal
INV015982,0,Normal
INV015983,0,Normal
INV015985,0,Normal
INV015986,0,Normal
INV015987,0,Normal
INV015988,0,Normal
INV015989,0,Normal
INV015990,0,Normal
INV015991,0,Normal
INV015992,0,Normal
INV015993,0,Normal
INV015994,0,Normal
INV015995,0,Normal
INV015996,0,Normal
INV015997,0,Normal
INV015998,0,Normal
INV015999,0,Normal
INV016000,0,Normal
INV016002,0,Normal
INV016003,0,Normal
INV016004,0,Normal
INV016005,0,Normal
INV016006,0,Normal
INV016007,0,Normal
INV016008,0,Normal
INV016009,0,Normal
INV016010,0,Normal
INV016011,0,Normal
INV016012,0,Normal
INV016013,0,Normal
INV016014,0,Normal
INV016015,0,Normal
INV016016,0,Normal
INV016017,0,Normal
INV016018,0,Normal
INV016019,0,Normal
INV016020,0,Normal
INV016021,0,Normal
INV016022,0,Normal
INV016023,0,Normal
INV016024,0,Normal
INV016025,0,Normal
INV016026,0,Normal
INV016027,0,Normal
INV016028,0,Normal
INV016029,0,Normal
INV016030,0,Normal
INV016031,0,Normal
INV016032,0,Normal
INV016033,0,Normal
INV016034,0,Normal
INV016035,0,Normal
INV016036,0,Normal
INV016037,0,Normal
INV016038,0,Normal
INV016039,0,Normal
INV016040,0,Normal
INV016041,0,Normal
INV016042,0,Normal
INV016043,0,Normal
INV016044,0,Normal
INV016045,0,Normal
INV016046,0,Normal
INV016047,0,Normal
INV016048,0,Normal
INV016049,0,Normal
INV016050,0,Normal
INV016051,0,Normal
INV016052,0,Normal
INV016053,0,Normal
INV016054,0,Normal
INV016055,0,Normal
INV016056,0,Normal
INV016057,0,Normal
INV016058,0,Normal
INV016059,0,Normal
INV016060,0,Normal
INV016061,0,Normal
INV016062,0,Normal
INV016063,0,Normal
INV016064,0,Normal
INV016065,0,Normal
INV016066,0,Normal
INV016067,0,Normal
INV016068,0,Normal
INV016069,0,Normal
INV016070,0,Normal
INV016071,0,Normal
INV016072,0,Normal
INV016073,0,Normal
INV016075,0,Normal
INV016076,0,Normal
INV016077,0,Normal
INV016078,0,Normal
INV016079,0,Normal
INV016080,0,Normal
INV016081,0,Normal
INV016082,0,Normal
INV016083,0,Normal
INV016084,0,Normal
INV016085,0,Normal
INV016086,0,Normal
INV016087,0,Normal
INV016088,0,Normal
INV016089,0,Normal
INV016090,0,Normal
INV016091,0,Normal
INV016092,0,Normal
INV016093,0,Normal
INV016094,0,Normal
INV016095,0,Normal
INV016096,0,Normal
INV016097,0,Normal
INV016098,0,Normal
INV016099,0,Normal
INV016100,0,Normal
INV016101,0,Normal
INV016102,0,Normal
INV016103,0,Normal
INV016104,0,Normal
INV016105,0,Normal
INV016106,0,Normal
INV016107,0,Normal
INV016108,0,Normal
INV016109,0,Normal
INV016110,0,Normal
INV016111,0,Normal
INV016112,0,Normal
INV016113,0,Normal
INV016114,0,Normal
INV016115,0,Normal
INV016116,0,Normal
INV016117,0,Normal
INV016118,0,Normal
INV016119,0,Normal
INV016120,0,Normal
INV016121,0,Normal
INV016122,0,Normal
INV016123,0,Normal
INV016124,0,Normal
INV016125,0,Normal
INV016126,0,Normal
INV016127,0,Normal
INV016128,0,Normal
INV016130,0,Normal
INV016131,0,Normal
INV016132,0,Normal
INV016133,0,Normal
INV016134,0,Normal
INV016135,0,Normal
INV016136,0,Normal
INV016138,0,Normal
INV016139,0,Normal
INV016140,0,Normal
INV016141,0,Normal
INV016142,0,Normal
INV016143,0,Normal
INV016144,0,Normal
INV016145,0,Normal
INV016146,0,Normal
INV016147,0,Normal
INV016148,0,Normal
INV016149,0,Normal
INV016150,0,Normal
INV016151,0,Normal
INV016152,0,Normal
INV016153,0,Normal
INV016154,0,Normal
INV016155,0,Normal
INV016156,0,Normal
INV016157,0,Normal
INV016158,0,Normal
INV016159,0,Normal
INV016160,0,Normal
INV016161,0,Normal
INV016162,0,Normal
INV016163,0,Normal
INV016164,0,Normal
INV016165,0,Normal
INV016166,0,Normal
INV016167,0,Normal
INV016168,0,Normal
INV016169,0,Normal
INV016170,0,Normal
INV016171,0,Normal
INV016172,0,Normal
INV016173,0,Normal
INV016174,0,Normal
INV016175,0,Normal
INV016176,0,Normal
INV016178,0,Normal
INV016179,0,Normal
INV016180,0,Normal
INV016181,0,Normal
INV016182,0,Normal
INV016183,0,Normal
INV016184,0,Normal
INV016185,0,Normal
INV016186,0,Normal
INV016187,0,Normal
INV016188,0,Normal
INV016189,0,Normal
INV016190,0,Normal
INV016191,0,Normal
INV016192,0,Normal
INV016194,0,Normal
INV016195,0,Normal
INV016196,0,Normal
INV016198,0,Normal
INV016199,0,Normal
INV016200,0,Normal
INV016201,0,Normal
INV016202,0,Normal
INV016204,0,Normal
INV016205,0,Normal
INV016206,0,Normal
INV016207,0,Normal
INV016208,0,Normal
INV016209,0,Normal
INV016210,0,Normal
INV016211,0,Normal
INV016212,0,Normal
INV016213,0,Normal
INV016214,0,Normal
INV016215,0,Normal
INV016216,0,Normal
INV016217,0,Normal
INV016218,0,Normal
INV016219,0,Normal
INV016220,0,Normal
INV016221,0,Normal
INV016222,0,Normal
INV016223,0,Normal
INV016224,0,Normal
INV016225,0,Normal
INV016226,0,Normal
INV016227,0,Normal
INV016228,0,Normal
INV016229,0,Normal
INV016230,0,Normal
INV016231,0,Normal
INV016232,0,Normal
INV016233,0,Normal
INV016234,0,Normal
INV016235,0,Normal
INV016236,0,Normal
INV016237,0,Normal
INV016238,0,Normal
INV016239,0,Normal
INV016240,0,Normal
INV016241,0,Normal
INV016242,0,Normal
INV016243,0,Normal
INV016244,0,Normal
INV016245,0,Normal
INV016246,0,Normal
INV016247,0,Normal
INV016248,0,Normal
INV016249,0,Normal
INV016250,0,Normal
INV016251,0,Normal
INV016252,0,Normal
INV016253,0,Normal
INV016254,0,Normal
INV016255,0,Normal
INV016256,0,Normal
INV016257,0,Normal
INV016258,0,Normal
INV016259,0,Normal
INV016260,0,Normal
INV016261,0,Normal
INV016262,0,Normal
INV016263,0,Normal
INV016264,0,Normal
INV016265,0,Normal
INV016266,0,Normal
INV016267,0,Normal
INV016268,0,Normal
INV016269,0,Normal
INV016270,0,Normal
INV016271,0,Normal
INV016272,0,Normal
INV016273,0,Normal
INV016274,0,Normal
INV016275,0,Normal
INV016276,0,Normal
INV016277,0,Normal
INV016278,0,Normal
INV016279,0,Normal
INV016280,0,Normal
INV016281,0,Normal
INV016282,0,Normal
INV016283,0,Normal
INV016284,0,Normal
INV016285,0,Normal
INV016286,0,Normal
INV016287,0,Normal
INV016288,0,Normal
INV016289,0,Normal
INV016291,0,Normal
INV016292,0,Normal
INV016293,0,Normal
INV016294,0,Normal
INV016295,0,Normal
INV016296,0,Normal
INV016297,0,Normal
INV016298,0,Normal
INV016299,0,Normal
INV016300,0,Normal
INV016301,0,Normal
INV016302,0,Normal
INV016303,0,Normal
INV016304,0,Normal
INV016305,0,Normal
INV016306,0,Normal
INV016307,0,Normal
INV016308,0,Normal
INV016309,0,Normal
INV016310,0,Normal
INV016311,0,Normal
INV016312,0,Normal
INV016313,0,Normal
INV016314,0,Normal
INV016315,0,Normal
INV016316,0,Normal
INV016317,0,Normal
INV016318,0,Normal
INV016319,0,Normal
INV016320,0,Normal
INV016321,0,Normal
INV016322,0,Normal
INV016323,0,Normal
INV016324,0,Normal
INV016325,0,Normal
INV016326,0,Normal
INV016327,0,Normal
INV016329,0,Normal
INV016330,0,Normal
INV016331,0,Normal
INV016332,0,Normal
INV016333,0,Normal
INV016334,0,Normal
INV016335,0,Normal
INV016336,0,Normal
INV016337,0,Normal
INV016339,0,Normal
INV016340,0,Normal
INV016341,0,Normal
INV016342,0,Normal
INV016344,0,Normal
INV016345,0,Normal
INV016346,0,Normal
INV016347,0,Normal
INV016348,0,Normal
INV016349,0,Normal
INV016350,0,Normal
INV016351,0,Normal
INV016352,0,Normal
INV016353,0,Normal
INV016354,0,Normal
INV016355,0,Normal
INV016356,0,Normal
INV016357,0,Normal
INV016358,0,Normal
INV016359,0,Normal
INV016360,0,Normal
INV016361,0,Normal
INV016362,0,Normal
INV016363,0,Normal
INV016364,0,Normal
INV016365,0,Normal
INV016366,0,Normal
INV016367,0,Normal
INV016368,0,Normal
INV016369,0,Normal
INV016370,0,Normal
INV016371,0,Normal
INV016372,0,Normal
INV016373,0,Normal
INV016374,0,Normal
INV016375,0,Normal
INV016376,0,Normal
INV016377,0,Normal
INV016378,0,Normal
INV016379,0,Normal
INV016380,0,Normal
INV016381,0,Normal
INV016382,0,Normal
INV016383,0,Normal
INV016384,0,Normal
INV016385,0,Normal
INV016386,0,Normal
INV016387,0,Normal
INV016388,0,Normal
INV016389,0,Normal
INV016390,0,Normal
INV016391,0,Normal
INV016392,0,Normal
INV016394,0,Normal
INV016395,0,Normal
INV016396,0,Normal
INV016397,0,Normal
INV016398,0,Normal
INV016399,0,Normal
INV016400,0,Normal
INV016401,0,Normal
INV016402,0,Normal
INV016403,0,Normal
INV016404,0,Normal
INV016405,0,Normal
INV016406,0,Normal
INV016407,0,Normal
INV016408,0,Normal
INV016409,0,Normal
INV016410,0,Normal
INV016411,0,Normal
INV016412,0,Normal
INV016413,0,Normal
INV016414,0,Normal
INV016415,0,Normal
INV016416,0,Normal
INV016417,0,Normal
INV016418,0,Normal
INV016419,0,Normal
INV016420,0,Normal
INV016421,0,Normal
INV016422,0,Normal
INV016423,0,Normal
INV016424,0,Normal
INV016425,0,Normal
INV016426,0,Normal
INV016427,0,Normal
INV016428,0,Normal
INV016429,0,Normal
INV016430,0,Normal
INV016431,0,Normal
INV016432,0,Normal
INV016433,0,Normal
INV016434,0,Normal
INV016435,0,Normal
INV016436,0,Normal
INV016437,0,Normal
INV016438,0,Normal
INV016439,0,Normal
INV016440,0,Normal
INV016441,0,Normal
INV016442,0,Normal
INV016443,0,Normal
INV016444,0,Normal
INV016445,0,Normal
INV016446,0,Normal
INV016447,0,Normal
INV016448,0,Normal
INV016449,0,Normal
INV016450,0,Normal
INV016451,0,Normal
INV016452,0,Normal
INV016453,0,Normal
INV016454,0,Normal
INV016455,0,Normal
INV016456,0,Normal
INV016457,0,Normal
INV016458,0,Normal
INV016459,0,Normal
INV016460,0,Normal
INV016461,0,Normal
INV016462,0,Normal
INV016463,0,Normal
INV016464,0,Normal
INV016465,0,Normal
INV016466,0,Normal
INV016467,0,Normal
INV016468,0,Normal
INV016469,0,Normal
INV016470,0,Normal
INV016471,0,Normal
INV016472,0,Normal
INV016474,0,Normal
INV016475,0,Normal
INV016476,0,Normal
INV016477,0,Normal
INV016478,0,Normal
INV016479,0,Normal
INV016480,0,Normal
INV016481,0,Normal
INV016482,0,Normal
INV016483,0,Normal
INV016484,0,Normal
INV016485,0,Normal
INV016486,0,Normal
INV016487,0,Normal
INV016488,0,Normal
INV016489,0,Normal
INV016490,0,Normal
INV016491,0,Normal
INV016492,0,Normal
INV016493,0,Normal
INV016494,0,Normal
INV016495,0,Normal
INV016496,0,Normal
INV016497,0,Normal
INV016498,0,Normal
INV016499,0,Normal
INV016500,0,Normal
INV016501,0,Normal
INV016502,0,Normal
INV016503,0,Normal
INV016504,0,Normal
INV016505,0,Normal
INV016506,0,Normal
INV016507,0,Normal
INV016508,0,Normal
INV016509,0,Normal
INV016510,0,Normal
INV016511,0,Normal
INV016513,0,Normal
INV016514,0,Normal
INV016515,0,Normal
INV016516,0,Normal
INV016518,0,Normal
INV016519,0,Normal
INV016520,0,Normal
INV016521,0,Normal
INV016523,0,Normal
INV016524,0,Normal
INV016525,0,Normal
INV016526,0,Normal
INV016527,0,Normal
INV016528,0,Normal
INV016529,0,Normal
INV016530,0,Normal
INV016531,0,Normal
INV016532,0,Normal
INV016533,0,Normal
INV016535,0,Normal
INV016536,0,Normal
INV016537,0,Normal
INV016538,0,Normal
INV016539,0,Normal
INV016540,0,Normal
INV016541,0,Normal
INV016542,0,Normal
INV016543,0,Normal
INV016544,0,Normal
INV016545,0,Normal
INV016546,0,Normal
INV016547,0,Normal
INV016548,0,Normal
INV016549,0,Normal
INV016550,0,Normal
INV016551,0,Normal
INV016552,0,Normal
INV016553,0,Normal
INV016554,0,Normal
INV016555,0,Normal
INV016556,0,Normal
INV016557,0,Normal
INV016558,0,Normal
INV016559,0,Normal
INV016560,0,Normal
INV016561,0,Normal
INV016562,0,Normal
INV016563,0,Normal
INV016564,0,Normal
INV016566,0,Normal
INV016568,0,Normal
INV016569,0,Normal
INV016570,0,Normal
INV016571,0,Normal
INV016572,0,Normal
INV016573,0,Normal
INV016574,0,Normal
INV016575,0,Normal
INV016576,0,Normal
INV016577,0,Normal
INV016578,0,Normal
INV016579,0,Normal
INV016580,0,Normal
INV016581,0,Normal
INV016582,0,Normal
INV016583,0,Normal
INV016584,0,Normal
INV016585,0,Normal
INV016586,0,Normal
INV016587,0,Normal
INV016588,0,Normal
INV016589,0,Normal
INV016590,0,Normal
INV016592,0,Normal
INV016593,0,Normal
INV016594,0,Normal
INV016595,0,Normal
INV016596,0,Normal
INV016597,0,Normal
INV016598,0,Normal
INV016600,0,Normal
INV016601,0,Normal
INV016602,0,Normal
INV016603,0,Normal
INV016604,0,Normal
INV016605,0,Normal
INV016606,0,Normal
INV016607,0,Normal
INV016608,0,Normal
INV016609,0,Normal
INV016611,0,Normal
INV016612,0,Normal
INV016613,0,Normal
INV016614,0,Normal
INV016615,0,Normal
INV016616,0,Normal
INV016617,0,Normal
INV016618,0,Normal
INV016619,0,Normal
INV016620,0,Normal
INV016621,0,Normal
INV016622,0,Normal
INV016623,0,Normal
INV016624,0,Normal
INV016625,0,Normal
INV016626,0,Normal
INV016627,0,Normal
INV016628,0,Normal
INV016629,0,Normal
INV016630,0,Normal
INV016631,0,Normal
INV016632,0,Normal
INV016633,0,Normal
INV016634,0,Normal
INV016635,0,Normal
INV016636,0,Normal
INV016637,0,Normal
INV016639,0,Normal
INV016640,0,Normal
INV016641,0,Normal
INV016642,0,Normal
INV016643,0,Normal
INV016644,0,Normal
INV016645,0,Normal
INV016646,0,Normal
INV016648,0,Normal
INV016649,0,Normal
INV016650,0,Normal
INV016651,0,Normal
INV016652,0,Normal
INV016653,0,Normal
INV016654,0,Normal
INV016655,0,Normal
INV016656,0,Normal
INV016657,0,Normal
INV016658,0,Normal
INV016659,0,Normal
INV016660,0,Normal
INV016661,0,Normal
INV016662,0,Normal
INV016663,0,Normal
INV016664,0,Normal
INV016665,0,Normal
INV016666,0,Normal
INV016667,0,Normal
INV016668,0,Normal
INV016669,0,Normal
INV016670,0,Normal
INV016671,0,Normal
INV016672,0,Normal
INV016673,0,Normal
INV016674,0,Normal
INV016675,0,Normal
INV016676,0,Normal
INV016678,0,Normal
INV016679,0,Normal
INV016680,0,Normal
INV016681,0,Normal
INV016682,0,Normal
INV016683,0,Normal
INV016684,0,Normal
INV016685,0,Normal
INV016686,0,Normal
INV016687,0,Normal
INV016688,0,Normal
INV016689,0,Normal
INV016690,0,Normal
INV016691,0,Normal
INV016693,0,Normal
INV016694,0,Normal
INV016695,0,Normal
INV016696,0,Normal
INV016697,0,Normal
INV016698,0,Normal
INV016699,0,Normal
INV016700,0,Normal
INV016701,0,Normal
INV016702,0,Normal
INV016703,0,Normal
INV016704,0,Normal
INV016705,0,Normal
INV016706,0,Normal
INV016707,0,Normal
INV016708,0,Normal
INV016709,0,Normal
INV016710,0,Normal
INV016711,0,Normal
INV016712,0,Normal
INV016713,0,Normal
INV016714,0,Normal
INV016715,0,Normal
INV016716,0,Normal
INV016717,0,Normal
INV016718,0,Normal
INV016720,0,Normal
INV016721,0,Normal
INV016722,0,Normal
INV016723,0,Normal
INV016724,0,Normal
INV016725,0,Normal
INV016726,0,Normal
INV016727,0,Normal
INV016729,0,Normal
INV016730,0,Normal
INV016731,0,Normal
INV016732,0,Normal
INV016733,0,Normal
INV016734,0,Normal
INV016735,0,Normal
INV016736,0,Normal
INV016737,0,Normal
INV016738,0,Normal
INV016739,0,Normal
INV016740,0,Normal
INV016741,0,Normal
INV016742,0,Normal
INV016743,0,Normal
INV016744,0,Normal
INV016745,0,Normal
INV016746,0,Normal
INV016747,0,Normal
INV016748,0,Normal
INV016749,0,Normal
INV016750,0,Normal
INV016751,0,Normal
INV016752,0,Normal
INV016753,0,Normal
INV016754,0,Normal
INV016755,0,Normal
INV016756,0,Normal
INV016757,0,Normal
INV016758,0,Normal
INV016759,0,Normal
INV016760,0,Normal
INV016761,0,Normal
INV016762,0,Normal
INV016764,0,Normal
INV016765,0,Normal
INV016766,0,Normal
INV016768,0,Normal
INV016769,0,Normal
INV016770,0,Normal
INV016771,0,Normal
INV016772,0,Normal
INV016773,0,Normal
INV016774,0,Normal
INV016775,0,Normal
INV016776,0,Normal
INV016777,0,Normal
INV016778,0,Normal
INV016779,0,Normal
INV016780,0,Normal
INV016781,0,Normal
INV016782,0,Normal
INV016783,0,Normal
INV016784,0,Normal
INV016785,0,Normal
INV016786,0,Normal
INV016787,0,Normal
INV016788,0,Normal
INV016789,0,Normal
INV016790,0,Normal
INV016791,0,Normal
INV016792,0,Normal
INV016793,0,Normal
INV016794,0,Normal
INV016795,0,Normal
INV016796,0,Normal
INV016797,0,Normal
INV016798,0,Normal
INV016799,0,Normal
INV016800,0,Normal
INV016801,0,Normal
INV016802,0,Normal
INV016803,0,Normal
INV016804,0,Normal
INV016805,0,Normal
INV016806,0,Normal
INV016807,0,Normal
INV016808,0,Normal
INV016809,0,Normal
INV016810,0,Normal
INV016811,0,Normal
INV016812,0,Normal
INV016813,0,Normal
INV016814,0,Normal
INV016815,0,Normal
INV016816,0,Normal
INV016817,0,Normal
INV016818,0,Normal
INV016819,0,Normal
INV016820,0,Normal
INV016822,0,Normal
INV016823,0,Normal
INV016824,0,Normal
INV016825,0,Normal
INV016826,0,Normal
INV016827,0,Normal
INV016828,0,Normal
INV016830,0,Normal
INV016831,0,Normal
INV016832,0,Normal
INV016833,0,Normal
INV016835,0,Normal
INV016836,0,Normal
INV016837,0,Normal
INV016838,0,Normal
INV016839,0,Normal
INV016840,0,Normal
INV016841,0,Normal
INV016842,0,Normal
INV016843,0,Normal
INV016844,0,Normal
INV016845,0,Normal
INV016846,0,Normal
INV016849,0,Normal
INV016850,0,Normal
INV016851,0,Normal
INV016852,0,Normal
INV016853,0,Normal
INV016854,0,Normal
INV016856,0,Normal
INV016857,0,Normal
INV016858,0,Normal
INV016859,0,Normal
INV016861,0,Normal
INV016863,0,Normal
INV016864,0,Normal
INV016865,0,Normal
INV016866,0,Normal
INV016867,0,Normal
INV016868,0,Normal
INV016869,0,Normal
INV016870,0,Normal
INV016871,0,Normal
INV016872,0,Normal
INV016873,0,Normal
INV016874,0,Normal
INV016875,0,Normal
INV016876,0,Normal
INV016877,0,Normal
INV016878,0,Normal
INV016879,0,Normal
INV016880,0,Normal
INV016881,0,Normal
INV016883,0,Normal
INV016884,0,Normal
INV016885,0,Normal
INV016886,0,Normal
INV016887,0,Normal
INV016888,0,Normal
INV016889,0,Normal
INV016890,0,Normal
INV016891,0,Normal
INV016892,0,Normal
INV016893,0,Normal
INV016894,0,Normal
INV016896,0,Normal
INV016897,0,Normal
INV016898,0,Normal
INV016899,0,Normal
INV016901,0,Normal
INV016902,0,Normal
INV016903,0,Normal
INV016904,0,Normal
INV016905,0,Normal
INV016906,0,Normal
INV016907,0,Normal
INV016908,0,Normal
INV016909,0,Normal
INV016910,0,Normal
INV016911,0,Normal
INV016912,0,Normal
INV016913,0,Normal
INV016914,0,Normal
INV016915,0,Normal
INV016916,0,Normal
INV016917,0,Normal
INV016918,0,Normal
INV016919,0,Normal
INV016920,0,Normal
INV016921,0,Normal
INV016922,0,Normal
INV016923,0,Normal
INV016924,0,Normal
INV016925,0,Normal
INV016926,0,Normal
INV016927,0,Normal
INV016928,0,Normal
INV016929,0,Normal
INV016930,0,Normal
INV016931,0,Normal
INV016932,0,Normal
INV016933,0,Normal
INV016934,0,Normal
INV016935,0,Normal
INV016936,0,Normal
INV016937,0,Normal
INV016938,0,Normal
INV016939,0,Normal
INV016940,0,Normal
INV016941,0,Normal
INV016942,0,Normal
INV016943,0,Normal
INV016944,0,Normal
INV016945,0,Normal
INV016946,0,Normal
INV016947,0,Normal
INV016948,0,Normal
INV016949,0,Normal
INV016950,0,Normal
INV016951,0,Normal
INV016952,0,Normal
INV016953,0,Normal
INV016954,0,Normal
INV016955,0,Normal
INV016956,0,Normal
INV016957,0,Normal
INV016958,0,Normal
INV016959,0,Normal
INV016960,0,Normal
INV016961,0,Normal
INV016962,0,Normal
INV016963,0,Normal
INV016964,0,Normal
INV016966,0,Normal
INV016967,0,Normal
INV016968,0,Normal
INV016969,0,Normal
INV016971,0,Normal
INV016972,0,Normal
INV016973,0,Normal
INV016974,0,Normal
INV016975,0,Normal
INV016976,0,Normal
INV016977,0,Normal
INV016978,0,Normal
INV016979,0,Normal
INV016980,0,Normal
INV016981,0,Normal
INV016982,0,Normal
INV016983,0,Normal
INV016984,0,Normal
INV016985,0,Normal
INV016986,0,Normal
INV016987,0,Normal
INV016988,0,Normal
INV016989,0,Normal
INV016990,0,Normal
INV016991,0,Normal
INV016992,0,Normal
INV016993,0,Normal
INV016994,0,Normal
INV016995,0,Normal
INV016996,0,Normal
INV016997,0,Normal
INV016998,0,Normal
INV016999,0,Normal
INV017000,0,Normal
INV017001,0,Normal
INV017002,0,Normal
INV017003,0,Normal
INV017004,0,Normal
INV017005,0,Normal
INV017006,0,Normal
INV017007,0,Normal
INV017008,0,Normal
INV017009,0,Normal
INV017010,0,Normal
INV017011,0,Normal
INV017012,0,Normal
INV017013,0,Normal
INV017014,0,Normal
INV017015,0,Normal
INV017016,0,Normal
INV017017,0,Normal
INV017018,0,Normal
INV017019,0,Normal
INV017020,0,Normal
INV017021,0,Normal
INV017022,0,Normal
INV017023,0,Normal
INV017024,0,Normal
INV017025,0,Normal
INV017026,0,Normal
INV017027,0,Normal
INV017028,0,Normal
INV017029,0,Normal
INV017030,0,Normal
INV017031,0,Normal
INV017032,0,Normal
INV017033,0,Normal
INV017034,0,Normal
INV017035,0,Normal
INV017036,0,Normal
INV017037,0,Normal
INV017038,0,Normal
INV017039,0,Normal
INV017040,0,Normal
INV017041,0,Normal
INV017042,0,Normal
INV017043,0,Normal
INV017044,0,Normal
INV017045,0,Normal
INV017046,0,Normal
INV017047,0,Normal
INV017048,0,Normal
INV017049,0,Normal
INV017050,0,Normal
INV017051,0,Normal
INV017052,0,Normal
INV017053,0,Normal
INV017054,0,Normal
INV017055,0,Normal
INV017056,0,Normal
INV017057,0,Normal
INV017058,0,Normal
INV017059,0,Normal
INV017060,0,Normal
INV017061,0,Normal
INV017062,0,Normal
INV017063,0,Normal
INV017064,0,Normal
INV017065,0,Normal
INV017066,0,Normal
INV017067,0,Normal
INV017068,0,Normal
INV017069,0,Normal
INV017070,0,Normal
INV017071,0,Normal
INV017072,0,Normal
INV017073,0,Normal
INV017074,0,Normal
INV017075,0,Normal
INV017076,0,Normal
INV017077,0,Normal
INV017078,0,Normal
INV017079,0,Normal
INV017080,0,Normal
INV017081,0,Normal
INV017082,0,Normal
INV017083,0,Normal
INV017084,0,Normal
INV017085,0,Normal
INV017086,0,Normal
INV017087,0,Normal
INV017088,0,Normal
INV017089,0,Normal
INV017090,0,Normal
INV017091,0,Normal
INV017093,0,Normal
INV017094,0,Normal
INV017095,0,Normal
INV017096,0,Normal
INV017097,0,Normal
INV017098,0,Normal
INV017099,0,Normal
INV017100,0,Normal
INV017101,0,Normal
INV017102,0,Normal
INV017103,0,Normal
INV017104,0,Normal
INV017105,0,Normal
INV017106,0,Normal
INV017107,0,Normal
INV017109,0,Normal
INV017110,0,Normal
INV017111,0,Normal
INV017112,0,Normal
INV017113,0,Normal
INV017114,0,Normal
INV017115,0,Normal
INV017116,0,Normal
INV017117,0,Normal
INV017118,0,Normal
INV017119,0,Normal
INV017120,0,Normal
INV017121,0,Normal
INV017122,0,Normal
INV017123,0,Normal
INV017124,0,Normal
INV017126,0,Normal
INV017127,0,Normal
INV017128,0,Normal
INV017129,0,Normal
INV017130,0,Normal
INV017131,0,Normal
INV017132,0,Normal
INV017133,0,Normal
INV017134,0,Normal
INV017135,0,Normal
INV017136,0,Normal
INV017137,0,Normal
INV017138,0,Normal
INV017139,0,Normal
INV017140,0,Normal
INV017141,0,Normal
INV017142,0,Normal
INV017143,0,Normal
INV017144,0,Normal
INV017145,0,Normal
INV017146,0,Normal
INV017147,0,Normal
INV017148,0,Normal
INV017149,0,Normal
INV017150,0,Normal
INV017151,0,Normal
INV017152,0,Normal
INV017153,0,Normal
INV017154,0,Normal
INV017155,0,Normal
INV017156,0,Normal
INV017157,0,Normal
INV017158,0,Normal
INV017159,0,Normal
INV017160,0,Normal
INV017161,0,Normal
INV017162,0,Normal
INV017163,0,Normal
INV017164,0,Normal
INV017165,0,Normal
INV017166,0,Normal
INV017167,0,Normal
INV017168,0,Normal
INV017169,0,Normal
INV017170,0,Normal
INV017171,0,Normal
INV017172,0,Normal
INV017173,0,Normal
INV017174,0,Normal
INV017175,0,Normal
INV017176,0,Normal
INV017177,0,Normal
INV017178,0,Normal
INV017179,0,Normal
INV017180,0,Normal
INV017181,0,Normal
INV017182,0,Normal
INV017183,0,Normal
INV017185,0,Normal
INV017186,0,Normal
INV017187,0,Normal
INV017188,0,Normal
INV017190,0,Normal
INV017191,0,Normal
INV017192,0,Normal
INV017193,0,Normal
INV017194,0,Normal
INV017195,0,Normal
INV017196,0,Normal
INV017197,0,Normal
INV017198,0,Normal
INV017199,0,Normal
INV017200,0,Normal
INV017201,0,Normal
INV017202,0,Normal
INV017203,0,Normal
INV017204,0,Normal
INV017205,0,Normal
INV017206,0,Normal
INV017207,0,Normal
INV017208,0,Normal
INV017209,0,Normal
INV017210,0,Normal
INV017211,0,Normal
INV017212,0,Normal
INV017213,0,Normal
INV017214,0,Normal
INV017215,0,Normal
INV017216,0,Normal
INV017217,0,Normal
INV017218,0,Normal
INV017219,0,Normal
INV017220,0,Normal
INV017221,0,Normal
INV017222,0,Normal
INV017223,0,Normal
INV017224,0,Normal
INV017225,0,Normal
INV017226,0,Normal
INV017227,0,Normal
INV017228,0,Normal
INV017229,0,Normal
INV017231,0,Normal
INV017232,0,Normal
INV017235,0,Normal
INV017236,0,Normal
INV017237,0,Normal
INV017238,0,Normal
INV017239,0,Normal
INV017240,0,Normal
INV017241,0,Normal
INV017242,0,Normal
INV017243,0,Normal
INV017244,0,Normal
INV017245,0,Normal
INV017246,0,Normal
INV017247,0,Normal
INV017248,0,Normal
INV017249,0,Normal
INV017250,0,Normal
INV017251,0,Normal
INV017252,0,Normal
INV017253,0,Normal
INV017254,0,Normal
INV017255,0,Normal
INV017256,0,Normal
INV017257,0,Normal
INV017258,0,Normal
INV017259,0,Normal
INV017260,0,Normal
INV017261,0,Normal
INV017262,0,Normal
INV017263,0,Normal
INV017264,0,Normal
INV017265,0,Normal
INV017266,0,Normal
INV017267,0,Normal
INV017268,0,Normal
INV017269,0,Normal
INV017270,0,Normal
INV017271,0,Normal
INV017272,0,Normal
INV017273,0,Normal
INV017274,0,Normal
INV017275,0,Normal
INV017276,0,Normal
INV017277,0,Normal
INV017278,0,Normal
INV017279,0,Normal
INV017280,0,Normal
INV017281,0,Normal
INV017282,0,Normal
INV017283,0,Normal
INV017284,0,Normal
INV017285,0,Normal
INV017286,0,Normal
INV017287,0,Normal
INV017288,0,Normal
INV017289,0,Normal
INV017290,0,Normal
INV017291,0,Normal
INV017292,0,Normal
INV017293,0,Normal
INV017294,0,Normal
INV017295,0,Normal
INV017296,0,Normal
INV017297,0,Normal
INV017298,0,Normal
INV017299,0,Normal
INV017300,0,Normal
INV017301,0,Normal
INV017302,0,Normal
INV017303,0,Normal
INV017304,0,Normal
INV017305,0,Normal
INV017306,0,Normal
INV017307,0,Normal
INV017308,0,Normal
INV017309,0,Normal
INV017310,0,Normal
INV017311,0,Normal
INV017312,0,Normal
INV017314,0,Normal
INV017316,0,Normal
INV017317,0,Normal
INV017319,0,Normal
INV017320,0,Normal
INV017321,0,Normal
INV017322,0,Normal
INV017323,0,Normal
INV017324,0,Normal
INV017325,0,Normal
INV017326,0,Normal
INV017327,0,Normal
INV017329,0,Normal
INV017330,0,Normal
INV017331,0,Normal
INV017332,0,Normal
INV017333,0,Normal
INV017334,0,Normal
INV017336,0,Normal
INV017337,0,Normal
INV017338,0,Normal
INV017339,0,Normal
INV017340,0,Normal
INV017341,0,Normal
INV017342,0,Normal
INV017343,0,Normal
INV017344,0,Normal
INV017345,0,Normal
INV017346,0,Normal
INV017348,0,Normal
INV017349,0,Normal
INV017350,0,Normal
INV017351,0,Normal
INV017352,0,Normal
INV017353,0,Normal
INV017354,0,Normal
INV017355,0,Normal
INV017356,0,Normal
INV017357,0,Normal
INV017358,0,Normal
INV017359,0,Normal
INV017360,0,Normal
INV017361,0,Normal
INV017362,0,Normal
INV017363,0,Normal
INV017364,0,Normal
INV017365,0,Normal
INV017366,0,Normal
INV017367,0,Normal
INV017368,0,Normal
INV017369,0,Normal
INV017370,0,Normal
INV017371,0,Normal
INV017372,0,Normal
INV017373,0,Normal
INV017374,0,Normal
INV017375,0,Normal
INV017376,0,Normal
INV017377,0,Normal
INV017378,0,Normal
INV017379,0,Normal
INV017380,0,Normal
INV017381,0,Normal
INV017382,0,Normal
INV017383,0,Normal
INV017384,0,Normal
INV017385,0,Normal
INV017386,0,Normal
INV017387,0,Normal
INV017389,0,Normal
INV017390,0,Normal
INV017391,0,Normal
INV017392,0,Normal
INV017393,0,Normal
INV017394,0,Normal
INV017395,0,Normal
INV017396,0,Normal
INV017397,0,Normal
INV017398,0,Normal
INV017399,0,Normal
INV017400,0,Normal
INV017401,0,Normal
INV017403,0,Normal
INV017404,0,Normal
INV017405,0,Normal
INV017406,0,Normal
INV017407,0,Normal
INV017408,0,Normal
INV017409,0,Normal
INV017410,0,Normal
INV017411,0,Normal
INV017412,0,Normal
INV017413,0,Normal
INV017414,0,Normal
INV017415,0,Normal
INV017416,0,Normal
INV017417,0,Normal
INV017418,0,Normal
INV017419,0,Normal
INV017420,0,Normal
INV017421,0,Normal
INV017422,0,Normal
INV017423,0,Normal
INV017424,0,Normal
INV017425,0,Normal
INV017427,0,Normal
INV017429,0,Normal
INV017430,0,Normal
INV017431,0,Normal
INV017432,0,Normal
INV017433,0,Normal
INV017434,0,Normal
INV017435,0,Normal
INV017436,0,Normal
INV017437,0,Normal
INV017438,0,Normal
INV017439,0,Normal
INV017440,0,Normal
INV017441,0,Normal
INV017442,0,Normal
INV017443,0,Normal
INV017444,0,Normal
INV017445,0,Normal
INV017446,0,Normal
INV017447,0,Normal
INV017448,0,Normal
INV017449,0,Normal
INV017450,0,Normal
INV017451,0,Normal
INV017452,0,Normal
INV017453,0,Normal
INV017455,0,Normal
INV017456,0,Normal
INV017457,0,Normal
INV017458,0,Normal
INV017459,0,Normal
INV017460,0,Normal
INV017461,0,Normal
INV017462,0,Normal
INV017463,0,Normal
INV017464,0,Normal
INV017465,0,Normal
INV017466,0,Normal
INV017467,0,Normal
INV017468,0,Normal
INV017469,0,Normal
INV017470,0,Normal
INV017471,0,Normal
INV017472,0,Normal
INV017473,0,Normal
INV017474,0,Normal
INV017475,0,Normal
INV017476,0,Normal
INV017477,0,Normal
INV017478,0,Normal
INV017479,0,Normal
INV017480,0,Normal
INV017481,0,Normal
INV017482,0,Normal
INV017483,0,Normal
INV017484,0,Normal
INV017485,0,Normal
INV017486,0,Normal
INV017488,0,Normal
INV017489,0,Normal
INV017490,0,Normal
INV017491,0,Normal
INV017492,0,Normal
INV017493,0,Normal
INV017494,0,Normal
INV017495,0,Normal
INV017496,0,Normal
INV017497,0,Normal
INV017498,0,Normal
INV017499,0,Normal
INV017500,0,Normal
INV017501,0,Normal
INV017502,0,Normal
INV017503,0,Normal
INV017504,0,Normal
INV017506,0,Normal
INV017507,0,Normal
INV017508,0,Normal
INV017509,0,Normal
INV017511,0,Normal
INV017512,0,Normal
INV017513,0,Normal
INV017514,0,Normal
INV017515,0,Normal
INV017516,0,Normal
INV017517,0,Normal
INV017518,0,Normal
INV017519,0,Normal
INV017520,0,Normal
INV017521,0,Normal
INV017522,0,Normal
INV017523,0,Normal
INV017525,0,Normal
INV017526,0,Normal
INV017528,0,Normal
INV017529,0,Normal
INV017530,0,Normal
INV017531,0,Normal
INV017532,0,Normal
INV017533,0,Normal
INV017534,0,Normal
INV017535,0,Normal
INV017536,0,Normal
INV017537,0,Normal
INV017538,0,Normal
INV017539,0,Normal
INV017541,0,Normal
INV017542,0,Normal
INV017543,0,Normal
INV017544,0,Normal
INV017545,0,Normal
INV017546,0,Normal
INV017547,0,Normal
INV017548,0,Normal
INV017549,0,Normal
INV017550,0,Normal
INV017551,0,Normal
INV017552,0,Normal
INV017553,0,Normal
INV017554,0,Normal
INV017555,0,Normal
INV017556,0,Normal
INV017557,0,Normal
INV017558,0,Normal
INV017559,0,Normal
INV017561,0,Normal
INV017563,0,Normal
INV017564,0,Normal
INV017565,0,Normal
INV017566,0,Normal
INV017567,0,Normal
INV017568,0,Normal
INV017569,0,Normal
INV017570,0,Normal
INV017571,0,Normal
INV017572,0,Normal
INV017573,0,Normal
INV017574,0,Normal
INV017575,0,Normal
INV017576,0,Normal
INV017577,0,Normal
INV017578,0,Normal
INV017579,0,Normal
INV017580,0,Normal
INV017581,0,Normal
INV017582,0,Normal
INV017583,0,Normal
INV017584,0,Normal
INV017585,0,Normal
INV017587,0,Normal
INV017588,0,Normal
INV017589,0,Normal
INV017590,0,Normal
INV017591,0,Normal
INV017592,0,Normal
INV017593,0,Normal
INV017594,0,Normal
INV017595,0,Normal
INV017596,0,Normal
INV017598,0,Normal
INV017599,0,Normal
INV017600,0,Normal
INV017601,0,Normal
INV017602,0,Normal
INV017603,0,Normal
INV017604,0,Normal
INV017605,0,Normal
INV017606,0,Normal
INV017607,0,Normal
INV017608,0,Normal
INV017609,0,Normal
INV017610,0,Normal
INV017612,0,Normal
INV017613,0,Normal
INV017615,0,Normal
INV017616,0,Normal
INV017617,0,Normal
INV017618,0,Normal
INV017620,0,Normal
INV017621,0,Normal
INV017622,0,Normal
INV017623,0,Normal
INV017624,0,Normal
INV017625,0,Normal
INV017627,0,Normal
INV017628,0,Normal
INV017629,0,Normal
INV017630,0,Normal
INV017632,0,Normal
INV017633,0,Normal
INV017634,0,Normal
INV017635,0,Normal
INV017636,0,Normal
INV017637,0,Normal
INV017638,0,Normal
INV017639,0,Normal
INV017640,0,Normal
INV017641,0,Normal
INV017642,0,Normal
INV017643,0,Normal
INV017644,0,Normal
INV017645,0,Normal
INV017646,0,Normal
INV017647,0,Normal
INV017649,0,Normal
INV017650,0,Normal
INV017651,0,Normal
INV017652,0,Normal
INV017653,0,Normal
INV017654,0,Normal
INV017655,0,Normal
INV017656,0,Normal
INV017657,0,Normal
INV017658,0,Normal
INV017659,0,Normal
INV017660,0,Normal
INV017661,0,Normal
INV017662,0,Normal
INV017663,0,Normal
INV017664,0,Normal
INV017665,0,Normal
INV017666,0,Normal
INV017667,0,Normal
INV017668,0,Normal
INV017669,0,Normal
INV017670,0,Normal
INV017671,0,Normal
INV017672,0,Normal
INV017673,0,Normal
INV017674,0,Normal
INV017675,0,Normal
INV017676,0,Normal
INV017677,0,Normal
INV017678,0,Normal
INV017679,0,Normal
INV017680,0,Normal
INV017681,0,Normal
INV017682,0,Normal
INV017683,0,Normal
INV017685,0,Normal
INV017686,0,Normal
INV017687,0,Normal
INV017688,0,Normal
INV017689,0,Normal
INV017690,0,Normal
INV017691,0,Normal
INV017692,0,Normal
INV017693,0,Normal
INV017694,0,Normal
INV017695,0,Normal
INV017696,0,Normal
INV017697,0,Normal
INV017698,0,Normal
INV017699,0,Normal
INV017700,0,Normal
INV017701,0,Normal
INV017704,0,Normal
INV017705,0,Normal
INV017706,0,Normal
INV017707,0,Normal
INV017708,0,Normal
INV017709,0,Normal
INV017710,0,Normal
INV017711,0,Normal
INV017712,0,Normal
INV017713,0,Normal
INV017714,0,Normal
INV017715,0,Normal
INV017716,0,Normal
INV017717,0,Normal
INV017718,0,Normal
INV017719,0,Normal
INV017720,0,Normal
INV017721,0,Normal
INV017722,0,Normal
INV017724,0,Normal
INV017725,0,Normal
INV017726,0,Normal
INV017727,0,Normal
INV017728,0,Normal
INV017729,0,Normal
INV017730,0,Normal
INV017731,0,Normal
INV017732,0,Normal
INV017733,0,Normal
INV017734,0,Normal
INV017735,0,Normal
INV017736,0,Normal
INV017737,0,Normal
INV017738,0,Normal
INV017739,0,Normal
INV017740,0,Normal
INV017742,0,Normal
INV017743,0,Normal
INV017744,0,Normal
INV017745,0,Normal
INV017746,0,Normal
INV017747,0,Normal
INV017748,0,Normal
INV017749,0,Normal
INV017750,0,Normal
INV017751,0,Normal
INV017752,0,Normal
INV017753,0,Normal
INV017754,0,Normal
INV017756,0,Normal
INV017757,0,Normal
INV017759,0,Normal
INV017760,0,Normal
INV017761,0,Normal
INV017762,0,Normal
INV017763,0,Normal
INV017764,0,Normal
INV017765,0,Normal
INV017766,0,Normal
INV017767,0,Normal
INV017768,0,Normal
INV017769,0,Normal
INV017770,0,Normal
INV017771,0,Normal
INV017772,0,Normal
INV017773,0,Normal
INV017774,0,Normal
INV017775,0,Normal
INV017776,0,Normal
INV017777,0,Normal
INV017778,0,Normal
INV017779,0,Normal
INV017780,0,Normal
INV017781,0,Normal
INV017782,0,Normal
INV017783,0,Normal
INV017784,0,Normal
INV017785,0,Normal
INV017786,0,Normal
INV017787,0,Normal
INV017788,0,Normal
INV017789,0,Normal
INV017790,0,Normal
INV017791,0,Normal
INV017792,0,Normal
INV017793,0,Normal
INV017794,0,Normal
INV017795,0,Normal
INV017796,0,Normal
INV017797,0,Normal
INV017798,0,Normal
INV017799,0,Normal
INV017800,0,Normal
INV017801,0,Normal
INV017802,0,Normal
INV017803,0,Normal
INV017804,0,Normal
INV017805,0,Normal
INV017806,0,Normal
INV017807,0,Normal
INV017808,0,Normal
INV017809,0,Normal
INV017810,0,Normal
INV017811,0,Normal
INV017812,0,Normal
INV017813,0,Normal
INV017814,0,Normal
INV017815,0,Normal
INV017816,0,Normal
INV017817,0,Normal
INV017818,0,Normal
INV017819,0,Normal
INV017820,0,Normal
INV017821,0,Normal
INV017822,0,Normal
INV017823,0,Normal
INV017824,0,Normal
INV017825,0,Normal
INV017826,0,Normal
INV017827,0,Normal
INV017828,0,Normal
INV017829,0,Normal
INV017830,0,Normal
INV017831,0,Normal
INV017832,0,Normal
INV017833,0,Normal
INV017834,0,Normal
INV017835,0,Normal
INV017836,0,Normal
INV017837,0,Normal
INV017838,0,Normal
INV017839,0,Normal
INV017840,0,Normal
INV017841,0,Normal
INV017842,0,Normal
INV017843,0,Normal
INV017844,0,Normal
INV017845,0,Normal
INV017846,0,Normal
INV017847,0,Normal
INV017848,0,Normal
INV017849,0,Normal
INV017850,0,Normal
INV017851,0,Normal
INV017853,0,Normal
INV017854,0,Normal
INV017855,0,Normal
INV017856,0,Normal
INV017857,0,Normal
INV017858,0,Normal
INV017859,0,Normal
INV017860,0,Normal
INV017861,0,Normal
INV017862,0,Normal
INV017863,0,Normal
INV017864,0,Normal
INV017865,0,Normal
INV017866,0,Normal
INV017867,0,Normal
INV017868,0,Normal
INV017869,0,Normal
INV017870,0,Normal
INV017871,0,Normal
INV017872,0,Normal
INV017873,0,Normal
INV017874,0,Normal
INV017875,0,Normal
INV017876,0,Normal
INV017877,0,Normal
INV017878,0,Normal
INV017879,0,Normal
INV017880,0,Normal
INV017881,0,Normal
INV017882,0,Normal
INV017883,0,Normal
INV017884,0,Normal
INV017885,0,Normal
INV017886,0,Normal
INV017887,0,Normal
INV017888,0,Normal
INV017889,0,Normal
INV017890,0,Normal
INV017891,0,Normal
INV017892,0,Normal
INV017893,0,Normal
INV017895,0,Normal
INV017896,0,Normal
INV017897,0,Normal
INV017898,0,Normal
INV017899,0,Normal
INV017900,0,Normal
INV017901,0,Normal
INV017902,0,Normal
INV017903,0,Normal
INV017905,0,Normal
INV017906,0,Normal
INV017907,0,Normal
INV017908,0,Normal
INV017909,0,Normal
INV017910,0,Normal
INV017911,0,Normal
INV017912,0,Normal
INV017913,0,Normal
INV017914,0,Normal
INV017915,0,Normal
INV017916,0,Normal
INV017917,0,Normal
INV017918,0,Normal
INV017919,0,Normal
INV017920,0,Normal
INV017921,0,Normal
INV017923,0,Normal
INV017924,0,Normal
INV017925,0,Normal
INV017926,0,Normal
INV017927,0,Normal
INV017928,0,Normal
INV017929,0,Normal
INV017930,0,Normal
INV017931,0,Normal
INV017932,0,Normal
INV017933,0,Normal
INV017935,0,Normal
INV017936,0,Normal
INV017937,0,Normal
INV017938,0,Normal
INV017939,0,Normal
INV017940,0,Normal
INV017941,0,Normal
INV017942,0,Normal
INV017943,0,Normal
INV017944,0,Normal
INV017945,0,Normal
INV017946,0,Normal
INV017947,0,Normal
INV017948,0,Normal
INV017949,0,Normal
INV017950,0,Normal
INV017951,0,Normal
INV017952,0,Normal
INV017953,0,Normal
INV017954,0,Normal
INV017955,0,Normal
INV017956,0,Normal
INV017957,0,Normal
INV017958,0,Normal
INV017960,0,Normal
INV017961,0,Normal
INV017962,0,Normal
INV017963,0,Normal
INV017965,0,Normal
INV017966,0,Normal
INV017967,0,Normal
INV017968,0,Normal
INV017969,0,Normal
INV017970,0,Normal
INV017971,0,Normal
INV017972,0,Normal
INV017973,0,Normal
INV017974,0,Normal
INV017975,0,Normal
INV017976,0,Normal
INV017977,0,Normal
INV017978,0,Normal
INV017979,0,Normal
INV017980,0,Normal
INV017981,0,Normal
INV017982,0,Normal
INV017983,0,Normal
INV017984,0,Normal
INV017985,0,Normal
INV017986,0,Normal
INV017987,0,Normal
INV017988,0,Normal
INV017989,0,Normal
INV017990,0,Normal
INV017991,0,Normal
INV017992,0,Normal
INV017993,0,Normal
INV017995,0,Normal
INV017996,0,Normal
INV017997,0,Normal
INV017998,0,Normal
INV017999,0,Normal
INV018000,0,Normal
INV018001,0,Normal
INV018002,0,Normal
INV018003,0,Normal
INV018004,0,Normal
INV018006,0,Normal
INV018007,0,Normal
INV018008,0,Normal
INV018009,0,Normal
INV018010,0,Normal
INV018012,0,Normal
INV018013,0,Normal
INV018014,0,Normal
INV018015,0,Normal
INV018016,0,Normal
INV018017,0,Normal
INV018018,0,Normal
INV018019,0,Normal
INV018020,0,Normal
INV018021,0,Normal
INV018022,0,Normal
INV018023,0,Normal
INV018025,0,Normal
INV018026,0,Normal
INV018027,0,Normal
INV018028,0,Normal
INV018029,0,Normal
INV018030,0,Normal
INV018031,0,Normal
INV018032,0,Normal
INV018033,0,Normal
INV018034,0,Normal
INV018035,0,Normal
INV018036,0,Normal
INV018037,0,Normal
INV018038,0,Normal
INV018039,0,Normal
INV018040,0,Normal
INV018041,0,Normal
INV018042,0,Normal
INV018043,0,Normal
INV018044,0,Normal
INV018045,0,Normal
INV018046,0,Normal
INV018048,0,Normal
INV018049,0,Normal
INV018050,0,Normal
INV018053,0,Normal
INV018054,0,Normal
INV018055,0,Normal
INV018056,0,Normal
INV018057,0,Normal
INV018058,0,Normal
INV018059,0,Normal
INV018060,0,Normal
INV018061,0,Normal
INV018062,0,Normal
INV018063,0,Normal
INV018064,0,Normal
INV018065,0,Normal
INV018066,0,Normal
INV018067,0,Normal
INV018068,0,Normal
INV018069,0,Normal
INV018070,0,Normal
INV018071,0,Normal
INV018072,0,Normal
INV018074,0,Normal
INV018075,0,Normal
INV018076,0,Normal
INV018077,0,Normal
INV018078,0,Normal
INV018079,0,Normal
INV018081,0,Normal
INV018082,0,Normal
INV018083,0,Normal
INV018084,0,Normal
INV018085,0,Normal
INV018086,0,Normal
INV018087,0,Normal
INV018088,0,Normal
INV018089,0,Normal
INV018090,0,Normal
INV018091,0,Normal
INV018092,0,Normal
INV018093,0,Normal
INV018094,0,Normal
INV018095,0,Normal
INV018096,0,Normal
INV018097,0,Normal
INV018098,0,Normal
INV018099,0,Normal
INV018100,0,Normal
INV018101,0,Normal
INV018102,0,Normal
INV018103,0,Normal
INV018104,0,Normal
INV018105,0,Normal
INV018106,0,Normal
INV018107,0,Normal
INV018108,0,Normal
INV018109,0,Normal
INV018110,0,Normal
INV018112,0,Normal
INV018113,0,Normal
INV018114,0,Normal
INV018115,0,Normal
INV018116,0,Normal
INV018117,0,Normal
INV018118,0,Normal
INV018119,0,Normal
INV018120,0,Normal
INV018121,0,Normal
INV018122,0,Normal
INV018123,0,Normal
INV018124,0,Normal
INV018125,0,Normal
INV018126,0,Normal
INV018127,0,Normal
INV018128,0,Normal
INV018129,0,Normal
INV018130,0,Normal
INV018131,0,Normal
INV018132,0,Normal
INV018133,0,Normal
INV018134,0,Normal
INV018135,0,Normal
INV018136,0,Normal
INV018137,0,Normal
INV018139,0,Normal
INV018140,0,Normal
INV018141,0,Normal
INV018142,0,Normal
INV018143,0,Normal
INV018144,0,Normal
INV018145,0,Normal
INV018146,0,Normal
INV018147,0,Normal
INV018148,0,Normal
INV018149,0,Normal
INV018150,0,Normal
INV018151,0,Normal
INV018152,0,Normal
INV018153,0,Normal
INV018154,0,Normal
INV018155,0,Normal
INV018156,0,Normal
INV018157,0,Normal
INV018158,0,Normal
INV018159,0,Normal
INV018160,0,Normal
INV018161,0,Normal
INV018162,0,Normal
INV018163,0,Normal
INV018164,0,Normal
INV018165,0,Normal
INV018166,0,Normal
INV018167,0,Normal
INV018168,0,Normal
INV018169,0,Normal
INV018170,0,Normal
INV018171,0,Normal
INV018172,0,Normal
INV018173,0,Normal
INV018174,0,Normal
INV018176,0,Normal
INV018177,0,Normal
INV018178,0,Normal
INV018179,0,Normal
INV018180,0,Normal
INV018181,0,Normal
INV018182,0,Normal
INV018184,0,Normal
INV018185,0,Normal
INV018186,0,Normal
INV018187,0,Normal
INV018188,0,Normal
INV018189,0,Normal
INV018190,0,Normal
INV018192,0,Normal
INV018193,0,Normal
INV018195,0,Normal
INV018197,0,Normal
INV018198,0,Normal
INV018199,0,Normal
INV018200,0,Normal
INV018201,0,Normal
INV018202,0,Normal
INV018203,0,Normal
INV018204,0,Normal
INV018206,0,Normal
INV018208,0,Normal
INV018209,0,Normal
INV018210,0,Normal
INV018211,0,Normal
INV018212,0,Normal
INV018214,0,Normal
INV018215,0,Normal
INV018216,0,Normal
INV018217,0,Normal
INV018218,0,Normal
INV018219,0,Normal
INV018220,0,Normal
INV018221,0,Normal
INV018222,0,Normal
INV018223,0,Normal
INV018224,0,Normal
INV018225,0,Normal
INV018226,0,Normal
INV018227,0,Normal
INV018228,0,Normal
INV018229,0,Normal
INV018230,0,Normal
INV018231,0,Normal
INV018232,0,Normal
INV018233,0,Normal
INV018234,0,Normal
INV018235,0,Normal
INV018236,0,Normal
INV018237,0,Normal
INV018238,0,Normal
INV018239,0,Normal
INV018240,0,Normal
INV018241,0,Normal
INV018242,0,Normal
INV018243,0,Normal
INV018244,0,Normal
INV018245,0,Normal
INV018246,0,Normal
INV018247,0,Normal
INV018248,0,Normal
INV018249,0,Normal
INV018250,0,Normal
INV018251,0,Normal
INV018252,0,Normal
INV018253,0,Normal
INV018254,0,Normal
INV018255,0,Normal
INV018256,0,Normal
INV018257,0,Normal
INV018258,0,Normal
INV018259,0,Normal
INV018260,0,Normal
INV018261,0,Normal
INV018262,0,Normal
INV018263,0,Normal
INV018264,0,Normal
INV018265,0,Normal
INV018266,0,Normal
INV018267,0,Normal
INV018268,0,Normal
INV018269,0,Normal
INV018271,0,Normal
INV018272,0,Normal
INV018273,0,Normal
INV018274,0,Normal
INV018276,0,Normal
INV018277,0,Normal
INV018278,0,Normal
INV018279,0,Normal
INV018280,0,Normal
INV018281,0,Normal
INV018282,0,Normal
INV018283,0,Normal
INV018284,0,Normal
INV018285,0,Normal
INV018286,0,Normal
INV018287,0,Normal
INV018288,0,Normal
INV018289,0,Normal
INV018290,0,Normal
INV018291,0,Normal
INV018292,0,Normal
INV018293,0,Normal
INV018294,0,Normal
INV018295,0,Normal
INV018296,0,Normal
INV018297,0,Normal
INV018298,0,Normal
INV018300,0,Normal
INV018301,0,Normal
INV018302,0,Normal
INV018303,0,Normal
INV018304,0,Normal
INV018305,0,Normal
INV018306,0,Normal
INV018307,0,Normal
INV018308,0,Normal
INV018310,0,Normal
INV018311,0,Normal
INV018312,0,Normal
INV018313,0,Normal
INV018314,0,Normal
INV018316,0,Normal
INV018318,0,Normal
INV018319,0,Normal
INV018320,0,Normal
INV018321,0,Normal
INV018322,0,Normal
INV018323,0,Normal
INV018324,0,Normal
INV018325,0,Normal
INV018326,0,Normal
INV018327,0,Normal
INV018328,0,Normal
INV018329,0,Normal
INV018330,0,Normal
INV018331,0,Normal
INV018332,0,Normal
INV018334,0,Normal
INV018335,0,Normal
INV018336,0,Normal
INV018337,0,Normal
INV018338,0,Normal
INV018339,0,Normal
INV018340,0,Normal
INV018341,0,Normal
INV018342,0,Normal
INV018343,0,Normal
INV018344,0,Normal
INV018345,0,Normal
INV018346,0,Normal
INV018347,0,Normal
INV018348,0,Normal
INV018349,0,Normal
INV018350,0,Normal
INV018351,0,Normal
INV018352,0,Normal
INV018353,0,Normal
INV018354,0,Normal
INV018355,0,Normal
INV018356,0,Normal
INV018357,0,Normal
INV018358,0,Normal
INV018359,0,Normal
INV018360,0,Normal
INV018361,0,Normal
INV018362,0,Normal
INV018363,0,Normal
INV018364,0,Normal
INV018365,0,Normal
INV018366,0,Normal
INV018367,0,Normal
INV018368,0,Normal
INV018369,0,Normal
INV018370,0,Normal
INV018371,0,Normal
INV018372,0,Normal
INV018373,0,Normal
INV018374,0,Normal
INV018375,0,Normal
INV018376,0,Normal
INV018377,0,Normal
INV018378,0,Normal
INV018379,0,Normal
INV018380,0,Normal
INV018381,0,Normal
INV018383,0,Normal
INV018384,0,Normal
INV018385,0,Normal
INV018386,0,Normal
INV018387,0,Normal
INV018388,0,Normal
INV018389,0,Normal
INV018390,0,Normal
INV018391,0,Normal
INV018392,0,Normal
INV018393,0,Normal
INV018394,0,Normal
INV018395,0,Normal
INV018396,0,Normal
INV018397,0,Normal
INV018398,0,Normal
INV018399,0,Normal
INV018400,0,Normal
INV018403,0,Normal
INV018404,0,Normal
INV018405,0,Normal
INV018406,0,Normal
INV018407,0,Normal
INV018408,0,Normal
INV018409,0,Normal
INV018410,0,Normal
INV018411,0,Normal
INV018412,0,Normal
INV018413,0,Normal
INV018414,0,Normal
INV018415,0,Normal
INV018416,0,Normal
INV018417,0,Normal
INV018419,0,Normal
INV018420,0,Normal
INV018421,0,Normal
INV018422,0,Normal
INV018423,0,Normal
INV018424,0,Normal
INV018425,0,Normal
INV018426,0,Normal
INV018427,0,Normal
INV018428,0,Normal
INV018429,0,Normal
INV018430,0,Normal
INV018431,0,Normal
INV018432,0,Normal
INV018433,0,Normal
INV018434,0,Normal
INV018435,0,Normal
INV018436,0,Normal
INV018437,0,Normal
INV018438,0,Normal
INV018439,0,Normal
INV018440,0,Normal
INV018441,0,Normal
INV018442,0,Normal
INV018443,0,Normal
INV018444,0,Normal
INV018445,0,Normal
INV018446,0,Normal
INV018447,0,Normal
INV018448,0,Normal
INV018449,0,Normal
INV018450,0,Normal
INV018451,0,Normal
INV018452,0,Normal
INV018453,0,Normal
INV018455,0,Normal
INV018456,0,Normal
INV018457,0,Normal
INV018458,0,Normal
INV018460,0,Normal
INV018461,0,Normal
INV018462,0,Normal
INV018464,0,Normal
INV018465,0,Normal
INV018466,0,Normal
INV018467,0,Normal
INV018468,0,Normal
INV018471,0,Normal
INV018472,0,Normal
INV018473,0,Normal
INV018474,0,Normal
INV018475,0,Normal
INV018476,0,Normal
INV018477,0,Normal
INV018478,0,Normal
INV018479,0,Normal
INV018480,0,Normal
INV018481,0,Normal
INV018482,0,Normal
INV018483,0,Normal
INV018484,0,Normal
INV018485,0,Normal
INV018486,0,Normal
INV018487,0,Normal
INV018488,0,Normal
INV018489,0,Normal
INV018490,0,Normal
INV018491,0,Normal
INV018492,0,Normal
INV018493,0,Normal
INV018494,0,Normal
INV018495,0,Normal
INV018496,0,Normal
INV018497,0,Normal
INV018498,0,Normal
INV018499,0,Normal
INV018500,0,Normal
INV018501,0,Normal
INV018503,0,Normal
INV018504,0,Normal
INV018505,0,Normal
INV018506,0,Normal
INV018507,0,Normal
INV018508,0,Normal
INV018509,0,Normal
INV018510,0,Normal
INV018511,0,Normal
INV018512,0,Normal
INV018513,0,Normal
INV018514,0,Normal
INV018515,0,Normal
INV018516,0,Normal
INV018517,0,Normal
INV018518,0,Normal
INV018519,0,Normal
INV018520,0,Normal
INV018521,0,Normal
INV018522,0,Normal
INV018523,0,Normal
INV018524,0,Normal
INV018525,0,Normal
INV018526,0,Normal
INV018527,0,Normal
INV018528,0,Normal
INV018529,0,Normal
INV018530,0,Normal
INV018531,0,Normal
INV018532,0,Normal
INV018533,0,Normal
INV018534,0,Normal
INV018535,0,Normal
INV018536,0,Normal
INV018537,0,Normal
INV018538,0,Normal
INV018539,0,Normal
INV018540,0,Normal
INV018541,0,Normal
INV018542,0,Normal
INV018543,0,Normal
INV018544,0,Normal
INV018545,0,Normal
INV018546,0,Normal
INV018547,0,Normal
INV018548,0,Normal
INV018549,0,Normal
INV018550,0,Normal
INV018551,0,Normal
INV018552,0,Normal
INV018553,0,Normal
INV018554,0,Normal
INV018555,0,Normal
INV018556,0,Normal
INV018557,0,Normal
INV018558,0,Normal
INV018559,0,Normal
INV018560,0,Normal
INV018561,0,Normal
INV018562,0,Normal
INV018563,0,Normal
INV018564,0,Normal
INV018565,0,Normal
INV018566,0,Normal
INV018567,0,Normal
INV018568,0,Normal
INV018569,0,Normal
INV018570,0,Normal
INV018571,0,Normal
INV018572,0,Normal
INV018573,0,Normal
INV018574,0,Normal
INV018575,0,Normal
INV018576,0,Normal
INV018577,0,Normal
INV018578,0,Normal
INV018579,0,Normal
INV018580,0,Normal
INV018581,0,Normal
INV018582,0,Normal
INV018583,0,Normal
INV018584,0,Normal
INV018585,0,Normal
INV018586,0,Normal
INV018587,0,Normal
INV018588,0,Normal
INV018589,0,Normal
INV018590,0,Normal
INV018591,0,Normal
INV018592,0,Normal
INV018594,0,Normal
INV018595,0,Normal
INV018596,0,Normal
INV018597,0,Normal
INV018598,0,Normal
INV018599,0,Normal
INV018601,0,Normal
INV018602,0,Normal
INV018603,0,Normal
INV018604,0,Normal
INV018605,0,Normal
INV018606,0,Normal
INV018607,0,Normal
INV018608,0,Normal
INV018609,0,Normal
INV018610,0,Normal
INV018611,0,Normal
INV018613,0,Normal
INV018614,0,Normal
INV018615,0,Normal
INV018617,0,Normal
INV018618,0,Normal
INV018619,0,Normal
INV018620,0,Normal
INV018621,0,Normal
INV018622,0,Normal
INV018623,0,Normal
INV018624,0,Normal
INV018625,0,Normal
INV018626,0,Normal
INV018627,0,Normal
INV018628,0,Normal
INV018629,0,Normal
INV018630,0,Normal
INV018631,0,Normal
INV018632,0,Normal
INV018633,0,Normal
INV018634,0,Normal
INV018635,0,Normal
INV018636,0,Normal
INV018637,0,Normal
INV018638,0,Normal
INV018639,0,Normal
INV018640,0,Normal
INV018641,0,Normal
INV018642,0,Normal
INV018643,0,Normal
INV018644,0,Normal
INV018645,0,Normal
INV018646,0,Normal
INV018647,0,Normal
INV018648,0,Normal
INV018649,0,Normal
INV018650,0,Normal
INV018652,0,Normal
INV018653,0,Normal
INV018654,0,Normal
INV018655,0,Normal
INV018656,0,Normal
INV018657,0,Normal
INV018658,0,Normal
INV018659,0,Normal
INV018660,0,Normal
INV018661,0,Normal
INV018662,0,Normal
INV018663,0,Normal
INV018664,0,Normal
INV018665,0,Normal
INV018666,0,Normal
INV018667,0,Normal
INV018668,0,Normal
INV018669,0,Normal
INV018670,0,Normal
INV018671,0,Normal
INV018672,0,Normal
INV018673,0,Normal
INV018674,0,Normal
INV018675,0,Normal
INV018676,0,Normal
INV018677,0,Normal
INV018678,0,Normal
INV018679,0,Normal
INV018680,0,Normal
INV018682,0,Normal
INV018683,0,Normal
INV018684,0,Normal
INV018685,0,Normal
INV018686,0,Normal
INV018687,0,Normal
INV018688,0,Normal
INV018689,0,Normal
INV018690,0,Normal
INV018691,0,Normal
INV018692,0,Normal
INV018693,0,Normal
INV018694,0,Normal
INV018695,0,Normal
INV018696,0,Normal
INV018697,0,Normal
INV018698,0,Normal
INV018699,0,Normal
INV018700,0,Normal
INV018701,0,Normal
INV018702,0,Normal
INV018703,0,Normal
INV018704,0,Normal
INV018705,0,Normal
INV018706,0,Normal
INV018707,0,Normal
INV018708,0,Normal
INV018709,0,Normal
INV018710,0,Normal
INV018711,0,Normal
INV018712,0,Normal
INV018713,0,Normal
INV018714,0,Normal
INV018715,0,Normal
INV018717,0,Normal
INV018719,0,Normal
INV018720,0,Normal
INV018721,0,Normal
INV018722,0,Normal
INV018723,0,Normal
INV018724,0,Normal
INV018725,0,Normal
INV018726,0,Normal
INV018727,0,Normal
INV018728,0,Normal
INV018729,0,Normal
INV018730,0,Normal
INV018731,0,Normal
INV018732,0,Normal
INV018733,0,Normal
INV018734,0,Normal
INV018735,0,Normal
INV018736,0,Normal
INV018737,0,Normal
INV018738,0,Normal
INV018739,0,Normal
INV018741,0,Normal
INV018742,0,Normal
INV018743,0,Normal
INV018744,0,Normal
INV018745,0,Normal
INV018746,0,Normal
INV018747,0,Normal
INV018748,0,Normal
INV018749,0,Normal
INV018750,0,Normal
INV018752,0,Normal
INV018753,0,Normal
INV018754,0,Normal
INV018755,0,Normal
INV018756,0,Normal
INV018757,0,Normal
INV018758,0,Normal
INV018760,0,Normal
INV018761,0,Normal
INV018762,0,Normal
INV018763,0,Normal
INV018764,0,Normal
INV018765,0,Normal
INV018766,0,Normal
INV018767,0,Normal
INV018768,0,Normal
INV018769,0,Normal
INV018770,0,Normal
INV018771,0,Normal
INV018772,0,Normal
INV018773,0,Normal
INV018774,0,Normal
INV018775,0,Normal
INV018776,0,Normal
INV018777,0,Normal
INV018778,0,Normal
INV018779,0,Normal
INV018780,0,Normal
INV018781,0,Normal
INV018782,0,Normal
INV018783,0,Normal
INV018784,0,Normal
INV018785,0,Normal
INV018786,0,Normal
INV018787,0,Normal
INV018788,0,Normal
INV018789,0,Normal
INV018790,0,Normal
INV018791,0,Normal
INV018792,0,Normal
INV018793,0,Normal
INV018794,0,Normal
INV018795,0,Normal
INV018796,0,Normal
INV018797,0,Normal
INV018798,0,Normal
INV018799,0,Normal
INV018800,0,Normal
INV018801,0,Normal
INV018802,0,Normal
INV018803,0,Normal
INV018804,0,Normal
INV018805,0,Normal
INV018807,0,Normal
INV018808,0,Normal
INV018809,0,Normal
INV018810,0,Normal
INV018811,0,Normal
INV018812,0,Normal
INV018813,0,Normal
INV018814,0,Normal
INV018815,0,Normal
INV018816,0,Normal
INV018817,0,Normal
INV018818,0,Normal
INV018819,0,Normal
INV018820,0,Normal
INV018821,0,Normal
INV018822,0,Normal
INV018823,0,Normal
INV018824,0,Normal
INV018825,0,Normal
INV018826,0,Normal
INV018827,0,Normal
INV018828,0,Normal
INV018829,0,Normal
INV018830,0,Normal
INV018831,0,Normal
INV018832,0,Normal
INV018833,0,Normal
INV018834,0,Normal
INV018835,0,Normal
INV018837,0,Normal
INV018838,0,Normal
INV018840,0,Normal
INV018841,0,Normal
INV018842,0,Normal
INV018843,0,Normal
INV018844,0,Normal
INV018845,0,Normal
INV018846,0,Normal
INV018847,0,Normal
INV018848,0,Normal
INV018849,0,Normal
INV018850,0,Normal
INV018851,0,Normal
INV018852,0,Normal
INV018853,0,Normal
INV018854,0,Normal
INV018855,0,Normal
INV018856,0,Normal
INV018857,0,Normal
INV018858,0,Normal
INV018859,0,Normal
INV018860,0,Normal
INV018861,0,Normal
INV018862,0,Normal
INV018863,0,Normal
INV018864,0,Normal
INV018865,0,Normal
INV018866,0,Normal
INV018867,0,Normal
INV018868,0,Normal
INV018869,0,Normal
INV018870,0,Normal
INV018872,0,Normal
INV018873,0,Normal
INV018874,0,Normal
INV018875,0,Normal
INV018876,0,Normal
INV018877,0,Normal
INV018878,0,Normal
INV018879,0,Normal
INV018880,0,Normal
INV018881,0,Normal
INV018882,0,Normal
INV018883,0,Normal
INV018884,0,Normal
INV018885,0,Normal
INV018886,0,Normal
INV018887,0,Normal
INV018888,0,Normal
INV018889,0,Normal
INV018890,0,Normal
INV018891,0,Normal
INV018892,0,Normal
INV018893,0,Normal
INV018894,0,Normal
INV018896,0,Normal
INV018897,0,Normal
INV018898,0,Normal
INV018899,0,Normal
INV018900,0,Normal
INV018901,0,Normal
INV018902,0,Normal
INV018903,0,Normal
INV018904,0,Normal
INV018905,0,Normal
INV018906,0,Normal
INV018908,0,Normal
INV018909,0,Normal
INV018910,0,Normal
INV018911,0,Normal
INV018912,0,Normal
INV018913,0,Normal
INV018914,0,Normal
INV018915,0,Normal
INV018916,0,Normal
INV018917,0,Normal
INV018918,0,Normal
INV018919,0,Normal
INV018921,0,Normal
INV018922,0,Normal
INV018923,0,Normal
INV018924,0,Normal
INV018925,0,Normal
INV018926,0,Normal
INV018927,0,Normal
INV018928,0,Normal
INV018930,0,Normal
INV018931,0,Normal
INV018932,0,Normal
INV018933,0,Normal
INV018934,0,Normal
INV018936,0,Normal
INV018937,0,Normal
INV018938,0,Normal
INV018939,0,Normal
INV018940,0,Normal
INV018941,0,Normal
INV018942,0,Normal
INV018943,0,Normal
INV018944,0,Normal
INV018945,0,Normal
INV018946,0,Normal
INV018948,0,Normal
INV018949,0,Normal
INV018950,0,Normal
INV018951,0,Normal
INV018952,0,Normal
INV018953,0,Normal
INV018955,0,Normal
INV018956,0,Normal
INV018957,0,Normal
INV018958,0,Normal
INV018959,0,Normal
INV018960,0,Normal
INV018961,0,Normal
INV018962,0,Normal
INV018963,0,Normal
INV018964,0,Normal
INV018965,0,Normal
INV018966,0,Normal
INV018967,0,Normal
INV018969,0,Normal
INV018970,0,Normal
INV018971,0,Normal
INV018972,0,Normal
INV018973,0,Normal
INV018974,0,Normal
INV018975,0,Normal
INV018976,0,Normal
INV018977,0,Normal
INV018978,0,Normal
INV018979,0,Normal
INV018980,0,Normal
INV018981,0,Normal
INV018982,0,Normal
INV018983,0,Normal
INV018984,0,Normal
INV018985,0,Normal
INV018986,0,Normal
INV018987,0,Normal
INV018988,0,Normal
INV018989,0,Normal
INV018990,0,Normal
INV018991,0,Normal
INV018992,0,Normal
INV018993,0,Normal
INV018994,0,Normal
INV018995,0,Normal
INV018996,0,Normal
INV018997,0,Normal
INV018998,0,Normal
INV018999,0,Normal
INV019000,0,Normal
INV019001,0,Normal
INV019002,0,Normal
INV019003,0,Normal
INV019004,0,Normal
INV019005,0,Normal
INV019006,0,Normal
INV019007,0,Normal
INV019008,0,Normal
INV019009,0,Normal
INV019010,0,Normal
INV019011,0,Normal
INV019012,0,Normal
INV019013,0,Normal
INV019014,0,Normal
INV019015,0,Normal
INV019016,0,Normal
INV019017,0,Normal
INV019020,0,Normal
INV019021,0,Normal
INV019022,0,Normal
INV019023,0,Normal
INV019024,0,Normal
INV019025,0,Normal
INV019026,0,Normal
INV019027,0,Normal
INV019028,0,Normal
INV019029,0,Normal
INV019030,0,Normal
INV019031,0,Normal
INV019032,0,Normal
INV019033,0,Normal
INV019034,0,Normal
INV019035,0,Normal
INV019036,0,Normal
INV019037,0,Normal
INV019038,0,Normal
INV019039,0,Normal
INV019040,0,Normal
INV019041,0,Normal
INV019042,0,Normal
INV019043,0,Normal
INV019044,0,Normal
INV019045,0,Normal
INV019046,0,Normal
INV019047,0,Normal
INV019048,0,Normal
INV019049,0,Normal
INV019050,0,Normal
INV019051,0,Normal
INV019053,0,Normal
INV019054,0,Normal
INV019055,0,Normal
INV019056,0,Normal
INV019057,0,Normal
INV019058,0,Normal
INV019059,0,Normal
INV019060,0,Normal
INV019061,0,Normal
INV019063,0,Normal
INV019064,0,Normal
INV019065,0,Normal
INV019066,0,Normal
INV019067,0,Normal
INV019068,0,Normal
INV019069,0,Normal
INV019070,0,Normal
INV019071,0,Normal
INV019072,0,Normal
INV019073,0,Normal
INV019074,0,Normal
INV019075,0,Normal
INV019076,0,Normal
INV019077,0,Normal
INV019078,0,Normal
INV019079,0,Normal
INV019080,0,Normal
INV019081,0,Normal
INV019082,0,Normal
INV019083,0,Normal
INV019084,0,Normal
INV019085,0,Normal
INV019086,0,Normal
INV019087,0,Normal
INV019088,0,Normal
INV019089,0,Normal
INV019090,0,Normal
INV019091,0,Normal
INV019092,0,Normal
INV019093,0,Normal
INV019095,0,Normal
INV019096,0,Normal
INV019097,0,Normal
INV019098,0,Normal
INV019099,0,Normal
INV019100,0,Normal
INV019101,0,Normal
INV019102,0,Normal
INV019103,0,Normal
INV019104,0,Normal
INV019105,0,Normal
INV019106,0,Normal
INV019107,0,Normal
INV019108,0,Normal
INV019109,0,Normal
INV019111,0,Normal
INV019112,0,Normal
INV019113,0,Normal
INV019114,0,Normal
INV019115,0,Normal
INV019116,0,Normal
INV019117,0,Normal
INV019118,0,Normal
INV019119,0,Normal
INV019120,0,Normal
INV019121,0,Normal
INV019122,0,Normal
INV019123,0,Normal
INV019124,0,Normal
INV019125,0,Normal
INV019126,0,Normal
INV019127,0,Normal
INV019128,0,Normal
INV019129,0,Normal
INV019130,0,Normal
INV019131,0,Normal
INV019132,0,Normal
INV019133,0,Normal
INV019134,0,Normal
INV019135,0,Normal
INV019136,0,Normal
INV019137,0,Normal
INV019138,0,Normal
INV019139,0,Normal
INV019140,0,Normal
INV019141,0,Normal
INV019142,0,Normal
INV019143,0,Normal
INV019144,0,Normal
INV019145,0,Normal
INV019146,0,Normal
INV019147,0,Normal
INV019149,0,Normal
INV019151,0,Normal
INV019152,0,Normal
INV019153,0,Normal
INV019154,0,Normal
INV019155,0,Normal
INV019156,0,Normal
INV019157,0,Normal
INV019158,0,Normal
INV019159,0,Normal
INV019160,0,Normal
INV019161,0,Normal
INV019162,0,Normal
INV019163,0,Normal
INV019164,0,Normal
INV019165,0,Normal
INV019166,0,Normal
INV019167,0,Normal
INV019168,0,Normal
INV019169,0,Normal
INV019170,0,Normal
INV019171,0,Normal
INV019173,0,Normal
INV019174,0,Normal
INV019175,0,Normal
INV019176,0,Normal
INV019177,0,Normal
INV019179,0,Normal
INV019180,0,Normal
INV019181,0,Normal
INV019182,0,Normal
INV019183,0,Normal
INV019184,0,Normal
INV019185,0,Normal
INV019186,0,Normal
INV019187,0,Normal
INV019188,0,Normal
INV019189,0,Normal
INV019191,0,Normal
INV019192,0,Normal
INV019193,0,Normal
INV019194,0,Normal
INV019195,0,Normal
INV019196,0,Normal
INV019197,0,Normal
INV019198,0,Normal
INV019199,0,Normal
INV019200,0,Normal
INV019201,0,Normal
INV019203,0,Normal
INV019204,0,Normal
INV019205,0,Normal
INV019206,0,Normal
INV019207,0,Normal
INV019208,0,Normal
INV019209,0,Normal
INV019210,0,Normal
INV019211,0,Normal
INV019212,0,Normal
INV019213,0,Normal
INV019214,0,Normal
INV019215,0,Normal
INV019216,0,Normal
INV019217,0,Normal
INV019219,0,Normal
INV019220,0,Normal
INV019221,0,Normal
INV019222,0,Normal
INV019223,0,Normal
INV019224,0,Normal
INV019225,0,Normal
INV019226,0,Normal
INV019227,0,Normal
INV019228,0,Normal
INV019230,0,Normal
INV019231,0,Normal
INV019232,0,Normal
INV019233,0,Normal
INV019235,0,Normal
INV019236,0,Normal
INV019237,0,Normal
INV019238,0,Normal
INV019239,0,Normal
INV019240,0,Normal
INV019241,0,Normal
INV019243,0,Normal
INV019244,0,Normal
INV019245,0,Normal
INV019246,0,Normal
INV019247,0,Normal
INV019248,0,Normal
INV019249,0,Normal
INV019250,0,Normal
INV019251,0,Normal
INV019252,0,Normal
INV019253,0,Normal
INV019254,0,Normal
INV019255,0,Normal
INV019256,0,Normal
INV019257,0,Normal
INV019258,0,Normal
INV019259,0,Normal
INV019260,0,Normal
INV019261,0,Normal
INV019262,0,Normal
INV019263,0,Normal
INV019265,0,Normal
INV019266,0,Normal
INV019267,0,Normal
INV019268,0,Normal
INV019269,0,Normal
INV019271,0,Normal
INV019273,0,Normal
INV019274,0,Normal
INV019275,0,Normal
INV019276,0,Normal
INV019277,0,Normal
INV019278,0,Normal
INV019279,0,Normal
INV019281,0,Normal
INV019282,0,Normal
INV019283,0,Normal
INV019284,0,Normal
INV019285,0,Normal
INV019286,0,Normal
INV019288,0,Normal
INV019289,0,Normal
INV019290,0,Normal
INV019291,0,Normal
INV019292,0,Normal
INV019293,0,Normal
INV019294,0,Normal
INV019295,0,Normal
INV019296,0,Normal
INV019297,0,Normal
INV019298,0,Normal
INV019299,0,Normal
INV019300,0,Normal
INV019301,0,Normal
INV019303,0,Normal
INV019304,0,Normal
INV019305,0,Normal
INV019306,0,Normal
INV019307,0,Normal
INV019308,0,Normal
INV019309,0,Normal
INV019310,0,Normal
INV019311,0,Normal
INV019312,0,Normal
INV019313,0,Normal
INV019314,0,Normal
INV019315,0,Normal
INV019316,0,Normal
INV019317,0,Normal
INV019318,0,Normal
INV019319,0,Normal
INV019320,0,Normal
INV019321,0,Normal
INV019322,0,Normal
INV019323,0,Normal
INV019324,0,Normal
INV019325,0,Normal
INV019326,0,Normal
INV019327,0,Normal
INV019328,0,Normal
INV019329,0,Normal
INV019330,0,Normal
INV019331,0,Normal
INV019332,0,Normal
INV019333,0,Normal
INV019334,0,Normal
INV019335,0,Normal
INV019336,0,Normal
INV019337,0,Normal
INV019339,0,Normal
INV019340,0,Normal
INV019341,0,Normal
INV019342,0,Normal
INV019343,0,Normal
INV019344,0,Normal
INV019345,0,Normal
INV019346,0,Normal
INV019347,0,Normal
INV019348,0,Normal
INV019349,0,Normal
INV019350,0,Normal
INV019351,0,Normal
INV019352,0,Normal
INV019353,0,Normal
INV019354,0,Normal
INV019355,0,Normal
INV019356,0,Normal
INV019357,0,Normal
INV019358,0,Normal
INV019359,0,Normal
INV019361,0,Normal
INV019362,0,Normal
INV019363,0,Normal
INV019364,0,Normal
INV019365,0,Normal
INV019366,0,Normal
INV019367,0,Normal
INV019368,0,Normal
INV019369,0,Normal
INV019370,0,Normal
INV019371,0,Normal
INV019372,0,Normal
INV019373,0,Normal
INV019374,0,Normal
INV019375,0,Normal
INV019376,0,Normal
INV019377,0,Normal
INV019378,0,Normal
INV019379,0,Normal
INV019380,0,Normal
INV019381,0,Normal
INV019382,0,Normal
INV019383,0,Normal
INV019384,0,Normal
INV019385,0,Normal
INV019386,0,Normal
INV019387,0,Normal
INV019388,0,Normal
INV019389,0,Normal
INV019390,0,Normal
INV019391,0,Normal
INV019393,0,Normal
INV019394,0,Normal
INV019395,0,Normal
INV019396,0,Normal
INV019397,0,Normal
INV019398,0,Normal
INV019399,0,Normal
INV019400,0,Normal
INV019401,0,Normal
INV019402,0,Normal
INV019403,0,Normal
INV019404,0,Normal
INV019405,0,Normal
INV019406,0,Normal
INV019407,0,Normal
INV019408,0,Normal
INV019409,0,Normal
INV019410,0,Normal
INV019411,0,Normal
INV019412,0,Normal
INV019413,0,Normal
INV019414,0,Normal
INV019415,0,Normal
INV019416,0,Normal
INV019417,0,Normal
INV019419,0,Normal
INV019420,0,Normal
INV019421,0,Normal
INV019422,0,Normal
INV019423,0,Normal
INV019424,0,Normal
INV019425,0,Normal
INV019426,0,Normal
INV019427,0,Normal
INV019428,0,Normal
INV019429,0,Normal
INV019430,0,Normal
INV019431,0,Normal
INV019432,0,Normal
INV019433,0,Normal
INV019434,0,Normal
INV019435,0,Normal
INV019436,0,Normal
INV019437,0,Normal
INV019438,0,Normal
INV019439,0,Normal
INV019440,0,Normal
INV019442,0,Normal
INV019443,0,Normal
INV019444,0,Normal
INV019445,0,Normal
INV019446,0,Normal
INV019447,0,Normal
INV019448,0,Normal
INV019449,0,Normal
INV019450,0,Normal
INV019451,0,Normal
INV019452,0,Normal
INV019453,0,Normal
INV019454,0,Normal
INV019455,0,Normal
INV019456,0,Normal
INV019457,0,Normal
INV019458,0,Normal
INV019459,0,Normal
INV019460,0,Normal
INV019461,0,Normal
INV019462,0,Normal
INV019463,0,Normal
INV019464,0,Normal
INV019465,0,Normal
INV019466,0,Normal
INV019467,0,Normal
INV019468,0,Normal
INV019469,0,Normal
INV019470,0,Normal
INV019471,0,Normal
INV019473,0,Normal
INV019474,0,Normal
INV019475,0,Normal
INV019476,0,Normal
INV019477,0,Normal
INV019478,0,Normal
INV019479,0,Normal
INV019480,0,Normal
INV019481,0,Normal
INV019482,0,Normal
INV019483,0,Normal
INV019484,0,Normal
INV019485,0,Normal
INV019486,0,Normal
INV019487,0,Normal
INV019488,0,Normal
INV019489,0,Normal
INV019490,0,Normal
INV019491,0,Normal
INV019492,0,Normal
INV019493,0,Normal
INV019494,0,Normal
INV019495,0,Normal
INV019496,0,Normal
INV019497,0,Normal
INV019498,0,Normal
INV019499,0,Normal
INV019500,0,Normal
INV019501,0,Normal
INV019502,0,Normal
INV019503,0,Normal
INV019504,0,Normal
INV019505,0,Normal
INV019506,0,Normal
INV019507,0,Normal
INV019508,0,Normal
INV019509,0,Normal
INV019510,0,Normal
INV019511,0,Normal
INV019512,0,Normal
INV019513,0,Normal
INV019514,0,Normal
INV019515,0,Normal
INV019516,0,Normal
INV019517,0,Normal
INV019518,0,Normal
INV019519,0,Normal
INV019520,0,Normal
INV019522,0,Normal
INV019523,0,Normal
INV019525,0,Normal
INV019526,0,Normal
INV019527,0,Normal
INV019528,0,Normal
INV019530,0,Normal
INV019531,0,Normal
INV019532,0,Normal
INV019533,0,Normal
INV019534,0,Normal
INV019535,0,Normal
INV019536,0,Normal
INV019537,0,Normal
INV019538,0,Normal
INV019539,0,Normal
INV019540,0,Normal
INV019541,0,Normal
INV019542,0,Normal
INV019543,0,Normal
INV019544,0,Normal
INV019545,0,Normal
INV019546,0,Normal
INV019547,0,Normal
INV019548,0,Normal
INV019549,0,Normal
INV019550,0,Normal
INV019551,0,Normal
INV019552,0,Normal
INV019553,0,Normal
INV019554,0,Normal
INV019555,0,Normal
INV019556,0,Normal
INV019557,0,Normal
INV019558,0,Normal
INV019559,0,Normal
INV019560,0,Normal
INV019561,0,Normal
INV019562,0,Normal
INV019564,0,Normal
INV019565,0,Normal
INV019566,0,Normal
INV019567,0,Normal
INV019568,0,Normal
INV019569,0,Normal
INV019570,0,Normal
INV019571,0,Normal
INV019572,0,Normal
INV019573,0,Normal
INV019574,0,Normal
INV019575,0,Normal
INV019576,0,Normal
INV019577,0,Normal
INV019578,0,Normal
INV019579,0,Normal
INV019580,0,Normal
INV019581,0,Normal
INV019582,0,Normal
INV019583,0,Normal
INV019584,0,Normal
INV019585,0,Normal
INV019586,0,Normal
INV019587,0,Normal
INV019588,0,Normal
INV019589,0,Normal
INV019590,0,Normal
INV019591,0,Normal
INV019592,0,Normal
INV019593,0,Normal
INV019594,0,Normal
INV019595,0,Normal
INV019596,0,Normal
INV019597,0,Normal
INV019598,0,Normal
INV019599,0,Normal
INV019600,0,Normal
INV019601,0,Normal
INV019602,0,Normal
INV019603,0,Normal
INV019604,0,Normal
INV019605,0,Normal
INV019606,0,Normal
INV019607,0,Normal
INV019608,0,Normal
INV019609,0,Normal
INV019610,0,Normal
INV019611,0,Normal
INV019612,0,Normal
INV019613,0,Normal
INV019614,0,Normal
INV019615,0,Normal
INV019616,0,Normal
INV019618,0,Normal
INV019619,0,Normal
INV019620,0,Normal
INV019621,0,Normal
INV019622,0,Normal
INV019623,0,Normal
INV019624,0,Normal
INV019625,0,Normal
INV019626,0,Normal
INV019627,0,Normal
INV019628,0,Normal
INV019629,0,Normal
INV019630,0,Normal
INV019631,0,Normal
INV019632,0,Normal
INV019633,0,Normal
INV019634,0,Normal
INV019635,0,Normal
INV019636,0,Normal
INV019637,0,Normal
INV019638,0,Normal
INV019639,0,Normal
INV019640,0,Normal
INV019641,0,Normal
INV019642,0,Normal
INV019643,0,Normal
INV019644,0,Normal
INV019645,0,Normal
INV019646,0,Normal
INV019647,0,Normal
INV019648,0,Normal
INV019649,0,Normal
INV019650,0,Normal
INV019651,0,Normal
INV019652,0,Normal
INV019653,0,Normal
INV019654,0,Normal
INV019655,0,Normal
INV019656,0,Normal
INV019657,0,Normal
INV019658,0,Normal
INV019659,0,Normal
INV019660,0,Normal
INV019661,0,Normal
INV019662,0,Normal
INV019663,0,Normal
INV019664,0,Normal
INV019665,0,Normal
INV019666,0,Normal
INV019667,0,Normal
INV019668,0,Normal
INV019669,0,Normal
INV019670,0,Normal
INV019671,0,Normal
INV019672,0,Normal
INV019673,0,Normal
INV019674,0,Normal
INV019675,0,Normal
INV019676,0,Normal
INV019677,0,Normal
INV019678,0,Normal
INV019679,0,Normal
INV019680,0,Normal
INV019681,0,Normal
INV019682,0,Normal
INV019683,0,Normal
INV019684,0,Normal
INV019685,0,Normal
INV019686,0,Normal
INV019687,0,Normal
INV019688,0,Normal
INV019689,0,Normal
INV019690,0,Normal
INV019691,0,Normal
INV019693,0,Normal
INV019694,0,Normal
INV019695,0,Normal
INV019696,0,Normal
INV019697,0,Normal
INV019698,0,Normal
INV019699,0,Normal
INV019700,0,Normal
INV019701,0,Normal
INV019702,0,Normal
INV019703,0,Normal
INV019704,0,Normal
INV019705,0,Normal
INV019706,0,Normal
INV019707,0,Normal
INV019708,0,Normal
INV019709,0,Normal
INV019710,0,Normal
INV019711,0,Normal
INV019712,0,Normal
INV019713,0,Normal
INV019714,0,Normal
INV019715,0,Normal
INV019716,0,Normal
INV019717,0,Normal
INV019718,0,Normal
INV019719,0,Normal
INV019720,0,Normal
INV019721,0,Normal
INV019722,0,Normal
INV019723,0,Normal
INV019724,0,Normal
INV019725,0,Normal
INV019726,0,Normal
INV019727,0,Normal
INV019728,0,Normal
INV019729,0,Normal
INV019730,0,Normal
INV019731,0,Normal
INV019732,0,Normal
INV019733,0,Normal
INV019734,0,Normal
INV019735,0,Normal
INV019736,0,Normal
INV019737,0,Normal
INV019738,0,Normal
INV019739,0,Normal
INV019740,0,Normal
INV019741,0,Normal
INV019742,0,Normal
INV019743,0,Normal
INV019744,0,Normal
INV019745,0,Normal
INV019746,0,Normal
INV019747,0,Normal
INV019748,0,Normal
INV019749,0,Normal
INV019750,0,Normal
INV019751,0,Normal
INV019752,0,Normal
INV019753,0,Normal
INV019754,0,Normal
INV019755,0,Normal
INV019756,0,Normal
INV019757,0,Normal
INV019758,0,Normal
INV019759,0,Normal
INV019760,0,Normal
INV019761,0,Normal
INV019762,0,Normal
INV019763,0,Normal
INV019764,0,Normal
INV019765,0,Normal
INV019766,0,Normal
INV019767,0,Normal
INV019768,0,Normal
INV019769,0,Normal
INV019770,0,Normal
INV019771,0,Normal
INV019772,0,Normal
INV019773,0,Normal
INV019774,0,Normal
INV019775,0,Normal
INV019776,0,Normal
INV019777,0,Normal
INV019778,0,Normal
INV019779,0,Normal
INV019780,0,Normal
INV019781,0,Normal
INV019782,0,Normal
INV019783,0,Normal
INV019784,0,Normal
INV019785,0,Normal
INV019786,0,Normal
INV019787,0,Normal
INV019788,0,Normal
INV019789,0,Normal
INV019790,0,Normal
INV019791,0,Normal
INV019792,0,Normal
INV019793,0,Normal
INV019794,0,Normal
INV019795,0,Normal
INV019796,0,Normal
INV019797,0,Normal
INV019798,0,Normal
INV019799,0,Normal
INV019800,0,Normal
INV019801,0,Normal
INV019802,0,Normal
INV019803,0,Normal
INV019804,0,Normal
INV019805,0,Normal
INV019806,0,Normal
INV019807,0,Normal
INV019808,0,Normal
INV019809,0,Normal
INV019810,0,Normal
INV019811,0,Normal
INV019812,0,Normal
INV019813,0,Normal
INV019814,0,Normal
INV019815,0,Normal
INV019818,0,Normal
INV019819,0,Normal
INV019820,0,Normal
INV019821,0,Normal
INV019822,0,Normal
INV019823,0,Normal
INV019824,0,Normal
INV019825,0,Normal
INV019826,0,Normal
INV019827,0,Normal
INV019828,0,Normal
INV019829,0,Normal
INV019830,0,Normal
INV019832,0,Normal
INV019833,0,Normal
INV019834,0,Normal
INV019835,0,Normal
INV019836,0,Normal
INV019837,0,Normal
INV019838,0,Normal
INV019839,0,Normal
INV019840,0,Normal
INV019841,0,Normal
INV019842,0,Normal
INV019843,0,Normal
INV019844,0,Normal
INV019845,0,Normal
INV019846,0,Normal
INV019847,0,Normal
INV019848,0,Normal
INV019849,0,Normal
INV019850,0,Normal
INV019851,0,Normal
INV019852,0,Normal
INV019853,0,Normal
INV019854,0,Normal
INV019855,0,Normal
INV019856,0,Normal
INV019857,0,Normal
INV019858,0,Normal
INV019859,0,Normal
INV019860,0,Normal
INV019861,0,Normal
INV019862,0,Normal
INV019863,0,Normal
INV019864,0,Normal
INV019865,0,Normal
INV019866,0,Normal
INV019867,0,Normal
INV019868,0,Normal
INV019869,0,Normal
INV019870,0,Normal
INV019871,0,Normal
INV019872,0,Normal
INV019873,0,Normal
INV019874,0,Normal
INV019875,0,Normal
INV019876,0,Normal
INV019877,0,Normal
INV019878,0,Normal
INV019879,0,Normal
INV019880,0,Normal
INV019881,0,Normal
INV019882,0,Normal
INV019883,0,Normal
INV019884,0,Normal
INV019885,0,Normal
INV019886,0,Normal
INV019887,0,Normal
INV019888,0,Normal
INV019891,0,Normal
INV019892,0,Normal
INV019893,0,Normal
INV019894,0,Normal
INV019895,0,Normal
INV019896,0,Normal
INV019897,0,Normal
INV019898,0,Normal
INV019899,0,Normal
INV019900,0,Normal
INV019901,0,Normal
INV019902,0,Normal
INV019903,0,Normal
INV019904,0,Normal
INV019905,0,Normal
INV019906,0,Normal
INV019907,0,Normal
INV019908,0,Normal
INV019909,0,Normal
INV019910,0,Normal
INV019911,0,Normal
INV019912,0,Normal
INV019913,0,Normal
INV019914,0,Normal
INV019915,0,Normal
INV019916,0,Normal
INV019917,0,Normal
INV019918,0,Normal
INV019919,0,Normal
INV019920,0,Normal
INV019921,0,Normal
INV019922,0,Normal
INV019923,0,Normal
INV019924,0,Normal
INV019925,0,Normal
INV019926,0,Normal
INV019927,0,Normal
INV019928,0,Normal
INV019929,0,Normal
INV019930,0,Normal
INV019931,0,Normal
INV019932,0,Normal
INV019933,0,Normal
INV019935,0,Normal
INV019936,0,Normal
INV019937,0,Normal
INV019938,0,Normal
INV019939,0,Normal
INV019940,0,Normal
INV019941,0,Normal
INV019942,0,Normal
INV019943,0,Normal
INV019944,0,Normal
INV019945,0,Normal
INV019946,0,Normal
INV019947,0,Normal
INV019948,0,Normal
INV019949,0,Normal
INV019950,0,Normal
INV019951,0,Normal
INV019952,0,Normal
INV019953,0,Normal
INV019954,0,Normal
INV019955,0,Normal
INV019956,0,Normal
INV019957,0,Normal
INV019958,0,Normal
INV019960,0,Normal
INV019961,0,Normal
INV019963,0,Normal
INV019964,0,Normal
INV019965,0,Normal
INV019966,0,Normal
INV019967,0,Normal
INV019969,0,Normal
INV019970,0,Normal
INV019971,0,Normal
INV019972,0,Normal
INV019973,0,Normal
INV019974,0,Normal
INV019975,0,Normal
INV019976,0,Normal
INV019977,0,Normal
INV019978,0,Normal
INV019979,0,Normal
INV019981,0,Normal
INV019982,0,Normal
INV019983,0,Normal
INV019984,0,Normal
INV019985,0,Normal
INV019986,0,Normal
INV019987,0,Normal
INV019988,0,Normal
INV019989,0,Normal
INV019990,0,Normal
INV019991,0,Normal
INV019992,0,Normal
INV019993,0,Normal
INV019994,0,Normal
INV019995,0,Normal
INV019996,0,Normal
INV019997,0,Normal
INV019998,0,Normal
INV019999,0,Normal
INV020000,0,Normal
