invoice_no,isolation_prediction,isolation_anomaly,isolation_score
INV000001,1,0,0.03050581622430151
INV000002,-1,1,0.563663118344766
INV000003,1,0,0.07189031770196443
INV000004,1,0,0.03340637878107195
INV000005,1,0,0.05301255635639921
INV000006,1,0,0.16242288429557972
INV000007,1,0,0.041157644056189845
INV000008,1,0,0.1205455914588709
INV000009,1,0,0.345989165622389
INV000010,1,0,0.20369863203676664
INV000011,1,0,0.13446152412058734
INV000012,1,0,0.108747837679901
INV000013,1,0,0.12292344650938015
INV000014,1,0,0.05139585985310708
INV000015,-1,1,0.5374830632826703
INV000016,1,0,0.09146542081168237
INV000017,1,0,0.08918863687534301
INV000018,1,0,0.09059985838261685
INV000019,1,0,0.1309094073832474
INV000020,1,0,0.07172109642031668
INV000021,1,0,0.17030689583302422
INV000022,1,0,0.3593023385330457
INV000023,1,0,0.1660070909592219
INV000024,-1,1,0.5811685180077345
INV000025,1,0,0.07535095136025315
INV000026,1,0,0.14107889404074617
INV000027,1,0,0.11470463699896875
INV000028,1,0,0.04055642166451985
INV000029,1,0,0.1312491505360894
INV000030,1,0,0.24488044807075585
INV000031,1,0,0.040278823218324135
INV000032,-1,1,0.42350955951391434
INV000033,1,0,0.10040038276251398
INV000034,1,0,0.1147433740151421
INV000035,1,0,0.09616309077624322
INV000036,1,0,0.06340554088658794
INV000037,1,0,0.08334801100167305
INV000038,1,0,0.08339839712420925
INV000039,1,0,0.03030178718243667
INV000040,1,0,0.0509577274833318
INV000041,1,0,0.234479027644359
INV000042,1,0,0.04531632470991275
INV000043,1,0,0.02351434550344323
INV000044,1,0,0.13077203864919465
INV000045,1,0,0.05663731541420898
INV000046,1,0,0.06595274058639623
INV000047,-1,1,0.5081870594573284
INV000048,1,0,0.08856517576735
INV000049,1,0,0.04904274279197319
INV000050,1,0,0.0976774831938243
INV000051,1,0,0.07043744309914005
INV000052,1,0,0.1935698528992967
INV000053,-1,1,0.44895481722126845
INV000054,1,0,0.11641260594201419
INV000055,1,0,0.12833118230440127
INV000056,1,0,0.41516271522885406
INV000057,1,0,0.04783657253650592
INV000058,1,0,0.04407280769310701
INV000059,-1,1,0.490853670709241
INV000060,-1,1,0.5863069768446716
INV000061,1,0,0.05087251813757228
INV000062,1,0,0.08726220158386222
INV000063,1,0,0.06700322247519301
INV000064,1,0,0.13328463014371358
INV000065,1,0,0.04751715445765291
INV000066,1,0,0.03765853093253038
INV000067,1,0,0.027676392733987042
INV000068,1,0,0.055502483865878485
INV000069,1,0,0.11171290959471548
INV000070,1,0,0.14018720840738963
INV000071,1,0,0.08962189830299422
INV000072,1,0,0.29743735159736673
INV000073,1,0,0.040422277067817425
INV000074,1,0,0.3912356970804948
INV000075,1,0,0.033882501913503185
INV000076,1,0,0.0694703166375723
INV000077,1,0,0.03299471615419912
INV000078,1,0,0.0726618151072268
INV000079,1,0,0.05620240768927693
INV000080,1,0,0.01661077647255102
INV000081,1,0,0.042211588684997595
INV000082,1,0,0.08729553002117985
INV000083,1,0,0.003541020135908282
INV000084,1,0,0.11174080232138284
INV000085,1,0,0.033286847902972136
INV000086,1,0,0.22967050495630612
INV000087,1,0,0.06851748363615924
INV000088,1,0,0.1325158919861797
INV000089,1,0,0.23474646606879
INV000090,1,0,0.26553897704237517
INV000091,1,0,0.04404640787001787
INV000092,1,0,0.06857979597474917
INV000093,1,0,0.09987768218978109
INV000094,1,0,0.028966723078372395
INV000095,1,0,0.28823419590385624
INV000096,1,0,0.09996275638042638
INV000097,1,0,0.115020266702066
INV000098,1,0,0.10800594414049972
INV000099,1,0,0.053880150087466126
INV000100,1,0,0.14108686303074253
INV000101,1,0,0.13299759271403105
INV000102,1,0,0.07369669474279468
INV000103,1,0,0.048428290009668376
INV000104,1,0,0.10688191026881709
INV000105,1,0,0.048474282042670645
INV000106,1,0,0.06114576925506014
INV000107,1,0,0.4154291849557478
INV000108,-1,1,0.5088104552375534
INV000109,1,0,0.10224023081336905
INV000110,1,0,0.1053315483177411
INV000111,1,0,0.1039697643531111
INV000112,1,0,0.046855595877317475
INV000113,1,0,0.02067161126448483
INV000114,1,0,0.06258963549235658
INV000115,1,0,0.16308209762449427
INV000116,1,0,0.24045177160271702
INV000117,1,0,0.41143806280543455
INV000118,1,0,0.29281598955168037
INV000119,1,0,0.09671824843716402
INV000120,1,0,0.04589713568183077
INV000121,1,0,0.31811676683847456
INV000122,1,0,0.29652665304111003
INV000123,1,0,0.12278674584070302
INV000124,1,0,0.06079857502013141
INV000125,1,0,0.18177196921795988
INV000126,1,0,0.12531018608850703
INV000127,1,0,0.07788018796617609
INV000128,-1,1,0.4331790341211078
INV000129,1,0,0.10459532823545083
INV000130,1,0,0.1821391903070167
INV000131,1,0,0.09973680827501165
INV000132,1,0,0.11073809736729687
INV000133,1,0,0.03655321684270123
INV000134,-1,1,0.7065935101125879
INV000135,1,0,0.3720065155728279
INV000136,1,0,0.11551345175692672
INV000137,1,0,0.11020538950750675
INV000138,1,0,0.2291030916667866
INV000139,1,0,0.08653420186161992
INV000140,1,0,0.0797352823568658
INV000141,-1,1,0.5031531683407179
INV000142,1,0,0.08532805919744503
INV000143,1,0,0.25737253622969897
INV000144,1,0,0.06480084287885722
INV000145,1,0,0.10436287905951369
INV000146,1,0,0.12601956978547169
INV000147,1,0,0.07498404561595147
INV000148,-1,1,0.6017093039327703
INV000149,1,0,0.12386947434799095
INV000150,-1,1,0.5522688876665083
INV000151,1,0,0.08033037692609495
INV000152,1,0,0.13391604720636585
INV000153,1,0,0.056911367822975054
INV000154,1,0,0.15684891161503312
INV000155,1,0,0.10164753266707631
INV000156,1,0,0.11769695825288062
INV000157,-1,1,0.615659393074456
INV000158,1,0,0.15488665106097468
INV000159,1,0,0.07515163277897377
INV000160,1,0,0.1778959964795265
INV000161,1,0,0.030173910437791916
INV000162,1,0,0.03967816856438588
INV000163,1,0,0.05656482155113533
INV000164,1,0,0.07273176798689525
INV000165,1,0,0.03050647862027992
INV000166,1,0,0.31129375263871395
INV000167,1,0,0.11007058162651823
INV000168,1,0,0.2177003468741013
INV000169,1,0,0.05483721514229807
INV000170,1,0,0.20296872705510602
INV000171,1,0,0.047632960487422424
INV000172,1,0,0.09550659816564502
INV000173,1,0,0.1180804971395825
INV000174,1,0,0.24793663321779186
INV000175,1,0,0.22671401701213836
INV000176,1,0,0.06929334110568679
INV000177,1,0,0.06180526938864243
INV000178,1,0,0.03174832275047837
INV000179,1,0,0.0835629133918688
INV000180,1,0,0.07770460806712723
INV000181,-1,1,0.47518288900268185
INV000182,1,0,0.04407867943092346
INV000183,1,0,0.1136667363482875
INV000184,-1,1,0.5194364065915419
INV000185,1,0,0.15655753909826112
INV000186,1,0,0.07026064431445456
INV000187,1,0,0.09746202283666489
INV000188,1,0,0.05305086272188739
INV000189,1,0,0.08465815397919957
INV000190,1,0,0.2809272534476832
INV000191,-1,1,0.5480841883685741
INV000192,1,0,0.1261146322985977
INV000193,1,0,0.07117545520583113
INV000194,1,0,0.16255728836970587
INV000195,1,0,0.04582660754957819
INV000196,1,0,0.17413843117840233
INV000197,1,0,0.07076616884730004
INV000198,1,0,0.14755768770815128
INV000199,1,0,0.06474316030640777
INV000200,1,0,0.1423460324090541
INV000201,1,0,0.07201390143825896
INV000202,1,0,0.05752868995020372
INV000203,1,0,0.027409382494702712
INV000204,1,0,0.01970175413854424
INV000205,1,0,0.08002406730647793
INV000206,1,0,0.13262265901926523
INV000207,1,0,0.05986341104559259
INV000208,1,0,0.027917126985274873
INV000209,1,0,0.052951113864441755
INV000210,1,0,0.07134267612106067
INV000211,1,0,0.39123677759343384
INV000212,1,0,0.0643792161395974
INV000213,1,0,0.11234928064221124
INV000214,1,0,0.08703842888441882
INV000215,1,0,0.09036441165776427
INV000216,1,0,0.08964801268350647
INV000217,1,0,0.09426978988395392
INV000218,1,0,0.12701958390786935
INV000219,1,0,0.07916841692470825
INV000220,1,0,0.13421174495597854
INV000221,1,0,0.14074330071998117
INV000222,1,0,0.16404214229339634
INV000223,1,0,0.3194065476003192
INV000224,1,0,0.2505146711319149
INV000225,1,0,0.07612662134487555
INV000226,1,0,0.06587236755900167
INV000227,1,0,0.23799697231673791
INV000228,1,0,0.0569318300856645
INV000229,1,0,0.05996882929735798
INV000230,1,0,0.03859834224202634
INV000231,1,0,0.13545412717090072
INV000232,1,0,0.13965549812446723
INV000233,1,0,0.024700929600541065
INV000234,1,0,0.10192584474829863
INV000235,1,0,0.0998222497293934
INV000236,1,0,0.10620410292372039
INV000237,1,0,0.05866433175798888
INV000238,1,0,0.11165059470457667
INV000239,1,0,0.054771842810483605
INV000240,1,0,0.10753207990530259
INV000241,1,0,0.0290483392557065
INV000242,1,0,0.054434645366835864
INV000243,-1,1,0.5938210906390653
INV000244,1,0,0.2759905948319323
INV000245,1,0,0.03657137997178324
INV000246,1,0,0.06316448084255798
INV000247,1,0,0.0328056487383305
INV000248,1,0,0.07220305899727811
INV000249,1,0,0.13283298353250866
INV000250,1,0,0.09444818280147915
INV000251,1,0,0.0454690151286958
INV000252,1,0,0.2559098968969681
INV000253,1,0,0.06437857194058065
INV000254,1,0,0.11435542344993334
INV000255,1,0,0.15562615137733318
INV000256,1,0,0.16533577009812217
INV000257,1,0,0.12931419404646752
INV000258,1,0,0.037521984128290206
INV000259,1,0,0.05470680522397342
INV000260,1,0,0.09245574795823869
INV000261,1,0,0.2676340429633542
INV000262,1,0,0.0925880167962536
INV000263,1,0,0.23502363743391222
INV000264,1,0,0.08617198325689526
INV000265,1,0,0.21606339670867536
INV000266,1,0,0.0898735465166945
INV000267,1,0,0.04181682714221274
INV000268,1,0,0.02590558198236211
INV000269,1,0,0.11078456602876419
INV000270,1,0,0.07886157200469092
INV000271,1,0,0.15699462940527414
INV000272,1,0,0.1216950479983256
INV000273,1,0,0.06485285966378247
INV000274,1,0,0.01699594516590277
INV000275,1,0,0.07721195616450716
INV000276,1,0,0.2704716974443429
INV000277,1,0,0.0661284286738142
INV000278,1,0,0.03685437624757467
INV000279,1,0,0.08920898276325485
INV000280,1,0,0.20799608366230812
INV000281,1,0,0.11909196287130785
INV000282,1,0,0.09993171412220775
INV000283,1,0,0.07586947451574078
INV000284,1,0,0.08498869311942633
INV000285,-1,1,0.42871792439188533
INV000286,1,0,0.05856760207361623
INV000287,1,0,0.06597496794412071
INV000288,1,0,0.18553172287989547
INV000289,1,0,0.06856602294297275
INV000290,-1,1,0.6898979821945107
INV000291,1,0,0.08411936169054259
INV000292,1,0,0.028961026977966105
INV000293,1,0,0.2471244064529149
INV000294,1,0,0.19502584408193052
INV000295,1,0,0.05380271980872733
INV000296,1,0,0.055801547041013796
INV000297,-1,1,0.498769077465323
INV000298,1,0,0.3270920131322398
INV000299,1,0,0.14713975936695328
INV000300,1,0,0.04420462266794434
INV000301,1,0,0.05044479487043746
INV000302,1,0,0.08262883082101434
INV000303,1,0,0.040362080714348283
INV000304,1,0,0.10629330179011992
INV000305,1,0,0.004624328788598513
INV000306,1,0,0.18480251642508944
INV000307,-1,1,0.6862611881261753
INV000308,1,0,0.10855154459156914
INV000309,1,0,0.06584967880888293
INV000310,1,0,0.17782892024735894
INV000311,1,0,0.037242392296846186
INV000312,1,0,0.03630592956195734
INV000313,-1,1,0.48658346887779397
INV000314,1,0,0.11298128112072693
INV000315,1,0,0.07870819390917089
INV000316,1,0,0.2692241793783454
INV000317,1,0,0.18032052812239188
INV000318,1,0,0.1349780236927325
INV000319,1,0,0.052550038225708084
INV000320,1,0,0.23387008401416245
INV000321,1,0,0.051993772179765654
INV000322,1,0,0.06576124007034687
INV000323,1,0,0.19428425932039622
INV000324,1,0,0.12337552241342516
INV000325,1,0,0.09505977979747944
INV000326,1,0,0.18129182090393525
INV000327,-1,1,0.9010097332963501
INV000328,1,0,0.06723401254629235
INV000329,1,0,0.039312020714564855
INV000330,1,0,0.24149686457992614
INV000331,1,0,0.07935862508586011
INV000332,1,0,0.29980675564763326
INV000333,1,0,0.0662407106906651
INV000334,1,0,0.036864862917564495
INV000335,1,0,0.04013495669618752
INV000336,1,0,0.1511324700729047
INV000337,1,0,0.08875757126563777
INV000338,1,0,0.0808619977542826
INV000339,1,0,0.11874861633182422
INV000340,1,0,0.050050470830468805
INV000341,1,0,0.09761482312361723
INV000342,-1,1,0.7549817182846114
INV000343,1,0,0.10210472217090419
INV000344,1,0,0.21969155699135917
INV000345,1,0,0.029325067337975734
INV000346,1,0,0.09555906332043285
INV000347,1,0,0.04950828690136054
INV000348,1,0,0.06722559986659882
INV000349,1,0,0.2647143412936704
INV000350,1,0,0.244302413637905
INV000351,1,0,0.11481241490780593
INV000352,1,0,0.07557495152276691
INV000353,-1,1,0.7060648049584293
INV000354,1,0,0.02436535483212071
INV000355,1,0,0.0572987211035353
INV000356,1,0,0.12778692562111257
INV000357,1,0,0.20447946947059048
INV000358,1,0,0.11376909077762146
INV000359,1,0,0.019364147922009176
INV000360,1,0,0.18192691804171224
INV000361,1,0,0.019487555627711654
INV000362,1,0,0.06025508231667308
INV000363,1,0,0.1710705666530488
INV000364,1,0,0.02411037727607839
INV000365,1,0,0.01611378674415657
INV000366,1,0,0.11608501359902938
INV000367,1,0,0.250800370390823
INV000368,1,0,0.037485375641974183
INV000369,1,0,0.08150563935661552
INV000370,1,0,0.1536314395633386
INV000371,1,0,0.07907258193093479
INV000372,1,0,0.07878462568231549
INV000373,1,0,0.13759283369125483
INV000374,1,0,0.2884407399837464
INV000375,-1,1,0.6492476842151566
INV000376,1,0,0.253061859811209
INV000377,1,0,0.15805918814135278
INV000378,1,0,0.14205555887122692
INV000379,1,0,0.06664830423954672
INV000380,1,0,0.06646406783510987
INV000381,1,0,0.2585845993202926
INV000382,1,0,0.15723466838016775
INV000383,1,0,0.1419339637636076
INV000384,1,0,0.048766674569144484
INV000385,1,0,0.20098184330025204
INV000386,1,0,0.05742729094692473
INV000387,1,0,0.21121811518867692
INV000388,1,0,0.08652419805305037
INV000389,1,0,0.030276948031365644
INV000390,1,0,0.014888270620496219
INV000391,1,0,0.05771599645984208
INV000392,1,0,0.055020914953517804
INV000393,1,0,0.11798699621011605
INV000394,1,0,0.0716353602515885
INV000395,1,0,0.11121702996460495
INV000396,1,0,0.07720295288302313
INV000397,1,0,0.026711782730626195
INV000398,1,0,0.009239619583036032
INV000399,1,0,0.0939664816825478
INV000400,1,0,0.19309674517275516
INV000401,1,0,0.10215368108833192
INV000402,1,0,0.04183160219212265
INV000403,1,0,0.043430187542158216
INV000404,1,0,0.1737368929341502
INV000405,1,0,0.06927148770454783
INV000406,1,0,0.08681206385737866
INV000407,1,0,0.1687236981969489
INV000408,1,0,0.19934957216950117
INV000409,1,0,0.21205214392627927
INV000410,1,0,0.04701763665080917
INV000411,1,0,0.25017569093651065
INV000412,1,0,0.15338154110910432
INV000413,1,0,0.35170921366740165
INV000414,1,0,0.0779670496812784
INV000415,1,0,0.1226055940094432
INV000416,1,0,0.2072614254606567
INV000417,-1,1,0.4623614580284714
INV000418,1,0,0.01599962006314939
INV000419,1,0,0.0775983783469355
INV000420,1,0,0.021177669938006047
INV000421,1,0,0.25500694383427963
INV000422,1,0,0.06530817037715468
INV000423,-1,1,0.514376207702801
INV000424,1,0,0.14776111403538095
INV000425,1,0,0.04888185037150151
INV000426,1,0,0.18980248519626156
INV000427,1,0,0.16059225123357662
INV000428,1,0,0.0297163086774641
INV000429,1,0,0.2487329714586985
INV000430,1,0,0.18398470726923014
INV000431,1,0,0.35426338543321256
INV000432,1,0,0.16160773558023897
INV000433,-1,1,0.4730473447233167
INV000434,1,0,0.07720101028037077
INV000435,1,0,0.05132333341732971
INV000436,1,0,0.02024374721718078
INV000437,1,0,0.010322327232533441
INV000438,1,0,0.07008949450757197
INV000439,1,0,0.072565659411646
INV000440,-1,1,0.5311833577824356
INV000441,1,0,0.023364455028586636
INV000442,1,0,0.05222129238074347
INV000443,1,0,0.031952432135910466
INV000444,-1,1,0.6075742402801564
INV000445,1,0,0.3067588722046978
INV000446,1,0,0.026607263638059965
INV000447,1,0,0.05153117112520723
INV000448,1,0,0.11282118008512274
INV000449,1,0,0.07785718930631191
INV000450,1,0,0.12951429816803217
INV000451,1,0,0.0546078091251048
INV000452,1,0,0.06154066894910379
INV000453,1,0,0.19112897304266932
INV000454,1,0,0.09798699217320839
INV000455,1,0,0.17546139091510862
INV000456,1,0,0.05248500552306793
INV000457,1,0,0.04150481388499229
INV000458,1,0,0.09004798874330973
INV000459,1,0,0.09452079837933915
INV000460,1,0,0.10908210227247256
INV000461,1,0,0.03706572104046184
INV000462,1,0,0.03247774884827314
INV000463,1,0,0.13096493987090696
INV000464,1,0,0.1200318200388864
INV000465,-1,1,0.4765914735929156
INV000466,1,0,0.045295984430927236
INV000467,1,0,0.4114657363944631
INV000468,1,0,0.05560969465873327
INV000469,1,0,0.044740336491457006
INV000470,-1,1,0.4641527856012938
INV000471,1,0,0.03986783703121381
INV000472,1,0,0.08274248667925212
INV000473,1,0,0.046752815560637116
INV000474,1,0,0.11358802034358166
INV000475,1,0,0.07531982607286046
INV000476,1,0,0.11656623902103545
INV000477,-1,1,0.4616007168235045
INV000478,1,0,0.048843779242673455
INV000479,1,0,0.03984040018367939
INV000480,1,0,0.08032664391321183
INV000481,1,0,0.17775454263882834
INV000482,1,0,0.14403978834808773
INV000483,1,0,0.032873609264254436
INV000484,1,0,0.16898826162452354
INV000485,1,0,0.07796165650165679
INV000486,1,0,0.15614415828949066
INV000487,1,0,0.02559452427368497
INV000488,1,0,0.095891042731778
INV000489,1,0,0.07753031441691127
INV000490,1,0,0.08499769851323659
INV000491,1,0,0.16394129109243125
INV000492,1,0,0.052404170510695326
INV000493,1,0,0.1325873320336761
INV000494,1,0,0.0233210924798515
INV000495,1,0,0.14530185999517392
INV000496,1,0,0.06119871043046482
INV000497,1,0,0.06620180781559935
INV000498,1,0,0.13123575419694725
INV000499,1,0,0.06290723693540529
INV000500,1,0,0.0327086760791658
INV000501,1,0,0.3596157008876259
INV000502,-1,1,0.6355563484946283
INV000503,1,0,0.011710260482208407
INV000504,1,0,0.1517404482237861
INV000505,1,0,0.1093627218247124
INV000506,1,0,0.1051895148386968
INV000507,1,0,0.23249422489714872
INV000508,1,0,0.10969403738934352
INV000509,1,0,0.41450877655425233
INV000510,1,0,0.19859409932693572
INV000511,1,0,0.06362245965477521
INV000512,1,0,0.18310312529694722
INV000513,1,0,0.07506652788179062
INV000514,-1,1,0.8922391599199103
INV000515,-1,1,0.525258910886207
INV000516,1,0,0.13947303640942998
INV000517,1,0,0.09396991108550612
INV000518,1,0,0.06019111658604239
INV000519,1,0,0.05072005020192677
INV000520,1,0,0.06031818471587597
INV000521,1,0,0.1804535968357042
INV000522,1,0,0.014042109113913244
INV000523,1,0,0.16712052397451285
INV000524,1,0,0.0696633531607947
INV000525,1,0,0.10197072468425677
INV000526,-1,1,0.4664886609325133
INV000527,1,0,0.14022517472353888
INV000528,1,0,0.18975112134857267
INV000529,1,0,0.24035555545938858
INV000530,1,0,0.15951516160010598
INV000531,1,0,0.1914505842602598
INV000532,1,0,0.3964733105949565
INV000533,1,0,0.13079704327925976
INV000534,1,0,0.0365317489210582
INV000535,1,0,0.22910306848898165
INV000536,1,0,0.24883033745468933
INV000537,1,0,0.148048940814444
INV000538,1,0,0.06334826494171485
INV000539,1,0,0.21989523510692277
INV000540,1,0,0.08934845519628425
INV000541,1,0,0.11120573902528948
INV000542,1,0,0.016880483831391305
INV000543,1,0,0.07314898316611461
INV000544,1,0,0.05329174472858809
INV000545,1,0,0.03445575400449946
INV000546,1,0,0.05644884647192872
INV000547,1,0,0.0884013892781604
INV000548,1,0,0.30444686659600334
INV000549,1,0,0.04394178345426559
INV000550,1,0,0.0756569280349064
INV000551,1,0,0.05072325728415478
INV000552,1,0,0.1392160860925237
INV000553,1,0,0.14191438250987579
INV000554,1,0,0.3451527542410683
INV000555,1,0,0.06756466162538237
INV000556,1,0,0.08589689438012725
INV000557,1,0,0.1536054906746324
INV000558,1,0,0.021348775134313505
INV000559,1,0,0.03246050179832085
INV000560,1,0,0.054261828028773745
INV000561,1,0,0.21084045706509622
INV000562,1,0,0.09171034814270405
INV000563,1,0,0.11365719235352793
INV000564,1,0,0.08088320259097226
INV000565,1,0,0.11720033492211179
INV000566,1,0,0.03904280838524815
INV000567,1,0,0.023225710659401256
INV000568,1,0,0.07335129232088304
INV000569,1,0,0.03619624684809557
INV000570,1,0,0.04184934921314387
INV000571,1,0,0.3589372531280036
INV000572,1,0,0.25074683117436924
INV000573,1,0,0.16314039174852696
INV000574,1,0,0.15293201711582674
INV000575,1,0,0.010137814236172056
INV000576,1,0,0.025429905672814317
INV000577,1,0,0.10076591388148141
INV000578,1,0,0.19899940516528886
INV000579,1,0,0.09601920771100768
INV000580,1,0,0.08008430916727152
INV000581,1,0,0.2411993623946623
INV000582,1,0,0.04142222576876689
INV000583,1,0,0.06881727822401358
INV000584,1,0,0.05444532000768437
INV000585,1,0,0.3630879791719797
INV000586,1,0,0.08640061072778567
INV000587,1,0,0.05379077702734533
INV000588,1,0,0.17349832372344048
INV000589,1,0,0.05930946242732868
INV000590,1,0,0.0721087801914523
INV000591,1,0,0.05293079982187656
INV000592,1,0,0.10430453123586003
INV000593,1,0,0.3150001095661048
INV000594,1,0,0.11854603935868996
INV000595,1,0,0.030845246536748847
INV000596,1,0,0.26780248064580225
INV000597,1,0,0.3475825285528225
INV000598,1,0,0.025396772485382794
INV000599,1,0,0.03372017954688294
INV000600,1,0,0.12079814204706424
INV000601,1,0,0.030254705903234085
INV000602,1,0,0.17659423441202912
INV000603,1,0,0.025981521074086897
INV000604,1,0,0.2847177237371898
INV000605,1,0,0.11816865618794903
INV000606,1,0,0.2790652974733832
INV000607,1,0,0.11374114172320617
INV000608,1,0,0.12111775591424574
INV000609,1,0,0.020978880884028914
INV000610,1,0,0.09331985950594915
INV000611,-1,1,0.5924790961927664
INV000612,1,0,0.19243779506743022
INV000613,1,0,0.025597268742170273
INV000614,1,0,0.09990588813097785
INV000615,1,0,0.12991562066516443
INV000616,1,0,0.09606221668211577
INV000617,1,0,0.04632992844025153
INV000618,-1,1,0.7012135915934736
INV000619,1,0,0.013316874710814232
INV000620,-1,1,0.4539282590398636
INV000621,1,0,0.02990506994112239
INV000622,1,0,0.032385161463447304
INV000623,1,0,0.02501916879662526
INV000624,1,0,0.07310535849353454
INV000625,1,0,0.03390320127344719
INV000626,1,0,0.09255918106015085
INV000627,1,0,0.02887721740098213
INV000628,1,0,0.06135915384078283
INV000629,1,0,0.03522983083854118
INV000630,1,0,0.20645718683627093
INV000631,1,0,0.16842038042854773
INV000632,-1,1,0.7978952542247371
INV000633,1,0,0.0322359796957094
INV000634,1,0,0.17196470835112523
INV000635,1,0,0.4051502267551064
INV000636,1,0,0.219729618166853
INV000637,1,0,0.20037248255281379
INV000638,1,0,0.17872121170872385
INV000639,1,0,0.18395186243460118
INV000640,1,0,0.1690895705961803
INV000641,1,0,0.04148646355749277
INV000642,1,0,0.07623744273730979
INV000643,1,0,0.045978784616895856
INV000644,1,0,0.06848876206324274
INV000645,1,0,0.0412889618233537
INV000646,1,0,0.15030486744890362
INV000647,1,0,0.08454227703459637
INV000648,1,0,0.052491738949922435
INV000649,1,0,0.09466840912113536
INV000650,1,0,0.05701558899727545
INV000651,1,0,0.17660728991241248
INV000652,1,0,0.08932035257474574
INV000653,1,0,0.18083379630466173
INV000654,1,0,0.060067431594777405
INV000655,1,0,0.1687849679729037
INV000656,1,0,0.2828183789483173
INV000657,1,0,0.20309021445112693
INV000658,1,0,0.038410691326561164
INV000659,1,0,0.05033248635266322
INV000660,1,0,0.15667822827533373
INV000661,1,0,0.05339470227230529
INV000662,1,0,0.05769152477229853
INV000663,1,0,0.04407984509891496
INV000664,1,0,0.0838214617262447
INV000665,1,0,0.08864629696853055
INV000666,1,0,0.04670649294922607
INV000667,1,0,0.0671810455311764
INV000668,1,0,0.06221339655285232
INV000669,1,0,0.04716819899523301
INV000670,1,0,0.06495772972652053
INV000671,1,0,0.0695415313643932
INV000672,1,0,0.16756690770049243
INV000673,1,0,0.1499314690285103
INV000674,1,0,0.1602903891675792
INV000675,1,0,0.04411370999711168
INV000676,1,0,0.09457494779972953
INV000677,1,0,0.22036576630452367
INV000678,1,0,0.054199805453772475
INV000679,-1,1,0.5146953049858813
INV000680,1,0,0.07769544052232819
INV000681,1,0,0.08520211676224955
INV000682,1,0,0.039136004574666566
INV000683,1,0,0.021641466385002486
INV000684,1,0,0.07419198333833645
INV000685,1,0,0.16556672810447554
INV000686,1,0,0.06309019864519855
INV000687,1,0,0.11419455253732708
INV000688,1,0,0.05496116511429953
INV000689,1,0,0.024836857747097082
INV000690,1,0,0.10183686861585545
INV000691,1,0,0.2574022226312391
INV000692,1,0,0.08767215588171676
INV000693,1,0,0.1040220524676589
INV000694,1,0,0.2695823590144514
INV000695,1,0,0.03076777425790043
INV000696,1,0,0.08300574863357733
INV000697,1,0,0.0415073131834887
INV000698,1,0,0.0515774676392047
INV000699,1,0,0.24410438577598673
INV000700,1,0,0.2017553541213121
INV000701,-1,1,0.4888369201626473
INV000702,1,0,0.18931435949601572
INV000703,1,0,0.39837896036336284
INV000704,1,0,0.043685101347062716
INV000705,1,0,0.025269022899639906
INV000706,1,0,0.08230056285960673
INV000707,1,0,0.034335417633896845
INV000708,1,0,0.12853292708325514
INV000709,1,0,0.08623345209663319
INV000710,1,0,0.03559372435022028
INV000711,1,0,0.12713045997775485
INV000712,1,0,0.19032395180624218
INV000713,1,0,0.2019069077775623
INV000714,1,0,0.03152412824636334
INV000715,1,0,0.11368002508304768
INV000716,1,0,0.01767483324792797
INV000717,1,0,0.03736204877557617
INV000718,1,0,0.07261402846017465
INV000719,1,0,0.14106312279456473
INV000720,1,0,0.09073040247247179
INV000721,1,0,0.038899724813333196
INV000722,1,0,0.11645988331756489
INV000723,1,0,0.14925283438610415
INV000724,1,0,0.40952320819455584
INV000725,1,0,0.12401185290415749
INV000726,1,0,0.11033179311707111
INV000727,1,0,0.03852739228863395
INV000728,1,0,0.22298640140954668
INV000729,1,0,0.0936687860708083
INV000730,-1,1,0.7027821529277436
INV000731,1,0,0.03866414629002277
INV000732,1,0,0.02353824583505836
INV000733,1,0,0.04147597704708822
INV000734,1,0,0.15153938726627886
INV000735,1,0,0.08172182806542447
INV000736,1,0,0.28644013590249995
INV000737,1,0,0.2136750108381709
INV000738,1,0,0.05945158395227595
INV000739,1,0,0.06860075021622096
INV000740,1,0,0.06492038417438564
INV000741,1,0,0.03910622980200525
INV000742,1,0,0.19693328073791416
INV000743,1,0,0.04110411050980138
INV000744,1,0,0.21035841766476146
INV000745,1,0,0.1821510992599822
INV000746,1,0,0.038147115485178865
INV000747,1,0,0.15760423299425305
INV000748,1,0,0.02624076922584778
INV000749,1,0,0.05413301885519441
INV000750,1,0,0.06257963761104755
INV000751,1,0,0.09377478112820314
INV000752,1,0,0.07397596557690558
INV000753,1,0,0.042145931170056064
INV000754,1,0,0.04846238827080528
INV000755,1,0,0.04170323071588286
INV000756,1,0,0.14395106363503396
INV000757,1,0,0.05254357238630505
INV000758,1,0,0.02874726539755085
INV000759,1,0,0.12690562745127568
INV000760,1,0,0.09510316796341935
INV000761,1,0,0.3351662020407761
INV000762,1,0,0.06292715616937307
INV000763,1,0,0.03732283560501324
INV000764,-1,1,0.45494465798965084
INV000765,1,0,0.02724955486167652
INV000766,1,0,0.04048488675559188
INV000767,1,0,0.07793277434931462
INV000768,-1,1,0.667871721716682
INV000769,1,0,0.11304456517545033
INV000770,1,0,0.09813915245081148
INV000771,1,0,0.030250820170495723
INV000772,1,0,0.12332680256200383
INV000773,1,0,0.10311525026969676
INV000774,1,0,0.34862040287012813
INV000775,1,0,0.06111744788869583
INV000776,1,0,0.08859605136666757
INV000777,1,0,0.14213310371406418
INV000778,1,0,0.2140904068069225
INV000779,1,0,0.07988102426782896
INV000780,1,0,0.05195875324636458
INV000781,1,0,0.029359406213008355
INV000782,1,0,0.03952110344262731
INV000783,1,0,0.07814021122903614
INV000784,1,0,0.29086566047884566
INV000785,1,0,0.120542997206891
INV000786,1,0,0.0372603859069954
INV000787,-1,1,0.47281214549724326
INV000788,1,0,0.0594506035202517
INV000789,1,0,0.3681924355972593
INV000790,1,0,0.172297639957525
INV000791,1,0,0.2393169761471286
INV000792,1,0,0.10882726525920501
INV000793,1,0,0.19857629000586965
INV000794,1,0,0.04247753848725071
INV000795,1,0,0.04744540433060134
INV000796,1,0,0.074127257586284
INV000797,1,0,0.015201788407010895
INV000798,1,0,0.01593526484206808
INV000799,1,0,0.06788192641043404
INV000800,1,0,0.09167589548161709
INV000801,1,0,0.02727412626695781
INV000802,1,0,0.04683314040285124
INV000803,1,0,0.0547300324507473
INV000804,-1,1,0.4678250788899027
INV000805,1,0,0.07095347498943148
INV000806,-1,1,0.6643240068618818
INV000807,1,0,0.030360930941959696
INV000808,1,0,0.054909485396868456
INV000809,1,0,0.1591468505466636
INV000810,1,0,0.04795558093716307
INV000811,1,0,0.09823447084319333
INV000812,1,0,0.11209385717538389
INV000813,1,0,0.08584023107666156
INV000814,1,0,0.1529382617474739
INV000815,-1,1,0.6885236007890116
INV000816,1,0,0.06194414093409448
INV000817,1,0,0.18290680154881606
INV000818,1,0,0.19292849608031282
INV000819,1,0,0.40876875805287827
INV000820,1,0,0.14557774846601043
INV000821,1,0,0.4140042762502545
INV000822,1,0,0.06238444290181374
INV000823,1,0,0.11098556908208397
INV000824,1,0,0.06455776491352774
INV000825,1,0,0.14303122901811666
INV000826,1,0,0.10902449888540301
INV000827,-1,1,0.6657198014116904
INV000828,1,0,0.30358350574113796
INV000829,-1,1,0.4432299972518544
INV000830,1,0,0.10694972934864447
INV000831,-1,1,0.7963540881738118
INV000832,1,0,0.4187642775739985
INV000833,1,0,0.048442911445392665
INV000834,1,0,0.4090615825055119
INV000835,1,0,0.17659180847660624
INV000836,1,0,0.029650623610151788
INV000837,1,0,0.058519786515992926
INV000838,1,0,0.32875021431168167
INV000839,1,0,0.09324467661828534
INV000840,1,0,0.11312425337348538
INV000841,1,0,0.17201718313324016
INV000842,1,0,0.2709397339180285
INV000843,1,0,0.06213289601772901
INV000844,1,0,0.1000808166506542
INV000845,1,0,0.26960515009258096
INV000846,1,0,0.11926333809287859
INV000847,1,0,0.20543549600375802
INV000848,1,0,0.18899192309487534
INV000849,1,0,0.10941307584899543
INV000850,1,0,0.052171489090967096
INV000851,1,0,0.07557027512586044
INV000852,1,0,0.1439772929330057
INV000853,1,0,0.04749674575252554
INV000854,1,0,0.02543763731515226
INV000855,1,0,0.07312022484201901
INV000856,1,0,0.031158377022705935
INV000857,1,0,0.1749038048306128
INV000858,1,0,0.1184803633569255
INV000859,1,0,0.21526757363228738
INV000860,-1,1,0.4312045415451638
INV000861,1,0,0.143608184402106
INV000862,1,0,0.029232453039094983
INV000863,1,0,0.07722006772044458
INV000864,1,0,0.24967607746847154
INV000865,1,0,0.26226679079325754
INV000866,1,0,0.06293204603246651
INV000867,1,0,0.1327248645907931
INV000868,1,0,0.05567929258526323
INV000869,1,0,0.19691766793473822
INV000870,1,0,0.33908459037022204
INV000871,1,0,0.37532569631751156
INV000872,1,0,0.20388272343263042
INV000873,1,0,0.04504757892425087
INV000874,1,0,0.05506077362145376
INV000875,1,0,0.23801511116897855
INV000876,1,0,0.06893780205954851
INV000877,1,0,0.12615497020710484
INV000878,1,0,0.15314947916823377
INV000879,1,0,0.22082196588737224
INV000880,1,0,0.08854476233622259
INV000881,1,0,0.10306084023459476
INV000882,1,0,0.06752137358907188
INV000883,1,0,0.13120339574237505
INV000884,1,0,0.11920819311346176
INV000885,-1,1,0.4876163066000297
INV000886,1,0,0.2571677302010527
INV000887,1,0,0.17584981873577252
INV000888,1,0,0.2525221920423096
INV000889,1,0,0.03725480070195019
INV000890,1,0,0.10157975402887348
INV000891,1,0,0.20841775164123388
INV000892,1,0,0.017961529759956654
INV000893,1,0,0.10244943587962568
INV000894,1,0,0.08300443908167288
INV000895,1,0,0.09613730357446433
INV000896,1,0,0.09767213989907787
INV000897,1,0,0.025863234151855968
INV000898,1,0,0.15316690770767388
INV000899,1,0,0.10031132223689711
INV000900,1,0,0.24779234681451115
INV000901,1,0,0.19687322493508683
INV000902,1,0,0.04214325677662164
INV000903,1,0,0.07054818028559381
INV000904,1,0,0.16132941453781863
INV000905,-1,1,0.7272505173037326
INV000906,1,0,0.044220872845195935
INV000907,1,0,0.2523011671632996
INV000908,1,0,0.03002608829387396
INV000909,1,0,0.13787215842938108
INV000910,1,0,0.18850588140706218
INV000911,1,0,0.15079990592677234
INV000912,1,0,0.024637869762373924
INV000913,1,0,0.09427521165340064
INV000914,1,0,0.384415164781398
INV000915,1,0,0.11110115852219975
INV000916,1,0,0.04985844500540385
INV000917,1,0,0.056418199231458285
INV000918,1,0,0.40860707648684697
INV000919,1,0,0.28130598393642764
INV000920,1,0,0.12053385501102394
INV000921,1,0,0.013584249414794473
INV000922,1,0,0.07263703649962212
INV000923,1,0,0.04166987293411821
INV000924,1,0,0.14065164020431997
INV000925,1,0,0.0732489436760709
INV000926,-1,1,0.43909230061979954
INV000927,1,0,0.1983468393058013
INV000928,-1,1,0.5764567024101229
INV000929,1,0,0.07751950334221751
INV000930,1,0,0.05052368845203859
INV000931,1,0,0.32021523103218485
INV000932,1,0,0.059093733849314205
INV000933,1,0,0.04608945331726838
INV000934,1,0,0.1033222165373998
INV000935,1,0,0.045622156431269975
INV000936,1,0,0.21529584938334828
INV000937,1,0,0.050674012819050054
INV000938,1,0,0.03153089368531635
INV000939,1,0,0.11865413423628554
INV000940,1,0,0.23071667466519835
INV000941,1,0,0.06888972207458913
INV000942,1,0,0.07652646431734907
INV000943,-1,1,0.4471948417991134
INV000944,1,0,0.015140666971341405
INV000945,1,0,0.005158923037587446
INV000946,1,0,0.06478754504017441
INV000947,1,0,0.08933562981662392
INV000948,1,0,0.07052389081775237
INV000949,1,0,0.12663845878240004
INV000950,1,0,0.03380014205353656
INV000951,1,0,0.16914653061359444
INV000952,1,0,0.1430217502868259
INV000953,1,0,0.0784975472719512
INV000954,1,0,0.2504899205792865
INV000955,1,0,0.09274130518964085
INV000956,1,0,0.0204479511979986
INV000957,1,0,0.01805805860110304
INV000958,1,0,0.10164691871286144
INV000959,1,0,0.11987355374298547
INV000960,1,0,0.03970429101513566
INV000961,-1,1,0.7308088153600157
INV000962,1,0,0.12638670079214787
INV000963,1,0,0.04746313812678866
INV000964,1,0,0.01467314394307244
INV000965,1,0,0.0970008898476664
INV000966,-1,1,0.49888800430201846
INV000967,1,0,0.04728963124260885
INV000968,1,0,0.02784962119140018
INV000969,1,0,0.046873186142654955
INV000970,1,0,0.05655481380057523
INV000971,1,0,0.05854929593616847
INV000972,1,0,0.417195460102728
INV000973,1,0,0.10726542045377294
INV000974,1,0,0.17575640944893545
INV000975,1,0,0.0017971668657844953
INV000976,1,0,0.11375792815606608
INV000977,1,0,0.13778467558675037
INV000978,1,0,0.11321765905098084
INV000979,1,0,0.013530538775399033
INV000980,1,0,0.06355719655249925
INV000981,1,0,0.11597457631525343
INV000982,1,0,0.12299660434815803
INV000983,1,0,0.040773171408323275
INV000984,1,0,0.1286573704483781
INV000985,1,0,0.1714140010282296
INV000986,1,0,0.15758727069707754
INV000987,1,0,0.08806887247428252
INV000988,1,0,0.09029269463989349
INV000989,1,0,0.2621840705809741
INV000990,1,0,0.11421041886308604
INV000991,1,0,0.11715178946774495
INV000992,1,0,0.12135579464808363
INV000993,1,0,0.16801060397545187
INV000994,1,0,0.07327585675055312
INV000995,1,0,0.1694860910094721
INV000996,1,0,0.11388819165721405
INV000997,1,0,0.19420862460758576
INV000998,1,0,0.07879492311513422
INV000999,1,0,0.012210588158630574
INV001000,-1,1,0.46310129871839467
INV001001,1,0,0.1318575952392064
INV001002,1,0,0.1047628567895245
INV001003,1,0,0.029985963454653576
INV001004,1,0,0.319785162320939
INV001005,1,0,0.1495732791244966
INV001006,1,0,0.05641830801019759
INV001007,1,0,0.12018809331730633
INV001008,1,0,0.023274700208485505
INV001009,1,0,0.053930839937745834
INV001010,1,0,0.2667068572192234
INV001011,1,0,0.0896299314413124
INV001012,1,0,0.14327993817496162
INV001013,1,0,0.07001307803063876
INV001014,1,0,0.03382872594447271
INV001015,1,0,0.24209595125785718
INV001016,1,0,0.07019564716102113
INV001017,1,0,0.03748472847406278
INV001018,1,0,0.05482813093588194
INV001019,1,0,0.28734536094336155
INV001020,1,0,0.05791035163080365
INV001021,1,0,0.06729175847801519
INV001022,1,0,0.21589128281084052
INV001023,1,0,0.10467468184007898
INV001024,1,0,0.06276776656812935
INV001025,1,0,0.049800502760453225
INV001026,1,0,0.027883790793658134
INV001027,1,0,0.06999853961744157
INV001028,1,0,0.09399821863922955
INV001029,1,0,0.07806678067991647
INV001030,1,0,0.1512236487268129
INV001031,1,0,0.11932558293775511
INV001032,1,0,0.3073968802471156
INV001033,1,0,0.041919187404266034
INV001034,1,0,0.0562176448916585
INV001035,1,0,0.09977715530120124
INV001036,1,0,0.34259558281089253
INV001037,1,0,0.024891757970293138
INV001038,1,0,0.18438547199679173
INV001039,-1,1,0.6757759814843068
INV001040,1,0,0.06847136355689079
INV001041,1,0,0.15678693064450808
INV001042,1,0,0.07868814289187279
INV001043,-1,1,0.5576425895916869
INV001044,1,0,0.17849524086797489
INV001045,1,0,0.10987638427570744
INV001046,1,0,0.04875877088940531
INV001047,1,0,0.15898902661682124
INV001048,1,0,0.04576424381965085
INV001049,1,0,0.058120538377553245
INV001050,1,0,0.21819007354504125
INV001051,1,0,0.13899356201156376
INV001052,1,0,0.05378385065418755
INV001053,1,0,0.04042251524972923
INV001054,1,0,0.019484997352177305
INV001055,1,0,0.16883134534492014
INV001056,1,0,0.2913281222674628
INV001057,1,0,0.054248695316474395
INV001058,1,0,0.1299490080565009
INV001059,1,0,0.1636146727905895
INV001060,1,0,0.14628729071950392
INV001061,1,0,0.07617296990567245
INV001062,1,0,0.12417041511279152
INV001063,1,0,0.13348371937932038
INV001064,1,0,0.06801427282860444
INV001065,1,0,0.023669689162612317
INV001066,1,0,0.03775208428098118
INV001067,1,0,0.04473480900760848
INV001068,1,0,0.13583276567811184
INV001069,1,0,0.14484256251817837
INV001070,1,0,0.04629332598009555
INV001071,1,0,0.027225064430907362
INV001072,1,0,0.09584788692318433
INV001073,-1,1,0.6193398484759557
INV001074,1,0,0.04897785182079579
INV001075,1,0,0.06932204995545782
INV001076,1,0,0.059745236377687465
INV001077,1,0,0.03922443696460274
INV001078,1,0,0.0485513523215348
INV001079,1,0,0.33154588024450515
INV001080,1,0,0.042872207795085715
INV001081,1,0,0.10165999100329033
INV001082,1,0,0.23045924727313014
INV001083,1,0,0.03769682429558135
INV001084,1,0,0.08540006785282127
INV001085,1,0,0.17288554972875977
INV001086,1,0,0.08777288383566478
INV001087,1,0,0.12824895833419575
INV001088,1,0,0.1502002589413546
INV001089,1,0,0.04550020172683173
INV001090,1,0,0.05582217521353623
INV001091,1,0,0.04793678062790837
INV001092,1,0,0.009437454683432161
INV001093,1,0,0.05292158689567326
INV001094,1,0,0.10881163905985838
INV001095,1,0,0.23424990314561636
INV001096,1,0,0.06555272614562735
INV001097,1,0,0.14030952204587185
INV001098,1,0,0.20221212884093603
INV001099,1,0,0.06291384055723254
INV001100,1,0,0.026165783389254495
INV001101,1,0,0.10995365676553728
INV001102,1,0,0.1458560139494709
INV001103,1,0,0.05313352237605488
INV001104,1,0,0.03995775873790938
INV001105,1,0,0.17237534893144546
INV001106,1,0,0.12831834859992014
INV001107,1,0,0.01840788701593897
INV001108,1,0,0.13602574439150852
INV001109,1,0,0.06873278799679891
INV001110,1,0,0.03863795811780087
INV001111,1,0,0.10959746100891453
INV001112,1,0,0.2155326225741402
INV001113,1,0,0.24218026603585943
INV001114,1,0,0.16228563866688417
INV001115,1,0,0.0529075100960383
INV001116,1,0,0.02278543875325925
INV001117,1,0,0.10354985354577095
INV001118,1,0,0.10791143506688258
INV001119,-1,1,0.47579238388767414
INV001120,1,0,0.08925596262878162
INV001121,1,0,0.038771252321666096
INV001122,1,0,0.03211451526762097
INV001123,-1,1,0.527427158708697
INV001124,1,0,0.17403435800030398
INV001125,1,0,0.11466168353469419
INV001126,1,0,0.05288108536135153
INV001127,1,0,0.06410126944453992
INV001128,1,0,0.05354041775321164
INV001129,1,0,0.04089023935811757
INV001130,1,0,0.10235263297927877
INV001131,1,0,0.020105954508797656
INV001132,1,0,0.07461602222434145
INV001133,1,0,0.06501098438306921
INV001134,1,0,0.23738240849385062
INV001135,1,0,0.40465569288943387
INV001136,1,0,0.3108738565392406
INV001137,1,0,0.0381151632772632
INV001138,-1,1,0.5552358625958077
INV001139,1,0,0.034370211311028555
INV001140,1,0,0.11298948083102531
INV001141,1,0,0.04550559839598733
INV001142,1,0,0.0783120817969715
INV001143,1,0,0.025406594479395337
INV001144,1,0,0.0604855567050746
INV001145,1,0,0.3655187575489507
INV001146,1,0,0.09329751968154941
INV001147,1,0,0.06640003706432017
INV001148,1,0,0.3297233550165824
INV001149,1,0,0.19533617560064198
INV001150,1,0,0.01218493882557737
INV001151,1,0,0.06725097462545085
INV001152,1,0,0.02280351427736702
INV001153,1,0,0.14712765486458967
INV001154,-1,1,0.44755105723449734
INV001155,1,0,0.10283494315644136
INV001156,1,0,0.19366067129776895
INV001157,-1,1,0.48069632473527896
INV001158,1,0,0.2664574692156648
INV001159,1,0,0.1718667746957831
INV001160,1,0,0.18359276255798396
INV001161,1,0,0.05460777996054156
INV001162,1,0,0.2177654727846799
INV001163,1,0,0.19455663896143893
INV001164,1,0,0.119305474902656
INV001165,1,0,0.0772104986879399
INV001166,1,0,0.027326005233498412
INV001167,1,0,0.06013886482879539
INV001168,1,0,0.20329717454938356
INV001169,1,0,0.25934110904722324
INV001170,1,0,0.09202511246430516
INV001171,-1,1,0.4784669529936064
INV001172,1,0,0.03986884371545036
INV001173,1,0,0.1372139614930462
INV001174,1,0,0.023553951116028912
INV001175,1,0,0.1900777536305831
INV001176,1,0,0.0649102094090255
INV001177,1,0,0.2883287061697353
INV001178,-1,1,0.7209743159072622
INV001179,1,0,0.03671695329905364
INV001180,1,0,0.06723994642330407
INV001181,1,0,0.050731973648834715
INV001182,1,0,0.039499942701130795
INV001183,1,0,0.11481677476273738
INV001184,1,0,0.017343983065135474
INV001185,1,0,0.1214542474668528
INV001186,1,0,0.04013157477786713
INV001187,1,0,0.1077809104451364
INV001188,1,0,0.34546274402314586
INV001189,1,0,0.08430915152372363
INV001190,-1,1,0.6276621451895646
INV001191,1,0,0.04685411335957567
INV001192,1,0,0.05353858989730178
INV001193,1,0,0.06479664947324572
INV001194,1,0,0.07126897111059312
INV001195,1,0,0.02028741976524044
INV001196,1,0,0.048665154417688206
INV001197,1,0,0.050329509096022185
INV001198,1,0,0.11898428731504651
INV001199,1,0,0.06769674225163823
INV001200,1,0,0.2246083608541823
INV001201,1,0,0.13943802308703387
INV001202,1,0,0.321232383280084
INV001203,1,0,0.028054085868217924
INV001204,1,0,0.09922605471511547
INV001205,1,0,0.160146189755355
INV001206,1,0,0.19239576025641666
INV001207,1,0,0.1685903986834483
INV001208,1,0,0.045628420813128956
INV001209,1,0,0.07176221393979255
INV001210,1,0,0.04782852792379746
INV001211,1,0,0.07400997344648289
INV001212,1,0,0.07320714125808718
INV001213,1,0,0.19656016016686936
INV001214,1,0,0.20097108934970948
INV001215,1,0,0.1460969045625322
INV001216,1,0,0.06993069529351595
INV001217,1,0,0.07802813730983359
INV001218,1,0,0.12140983726315563
INV001219,1,0,0.07185572355008431
INV001220,1,0,0.22176715952821988
INV001221,1,0,0.00529733993071941
INV001222,1,0,0.39064659705922206
INV001223,1,0,0.06459798102196093
INV001224,1,0,0.18726942419907003
INV001225,-1,1,0.5467203248835488
INV001226,1,0,0.111102133953721
INV001227,1,0,0.08488236961995498
INV001228,1,0,0.09185765674748479
INV001229,1,0,0.06453234742259256
INV001230,1,0,0.03581137150918953
INV001231,1,0,0.05737966814277753
INV001232,1,0,0.1622298569273312
INV001233,1,0,0.02900057611017878
INV001234,1,0,0.08309499107648986
INV001235,1,0,0.12611201345325768
INV001236,1,0,0.13249794911078386
INV001237,1,0,0.021951410701318837
INV001238,1,0,0.05839915390770536
INV001239,1,0,0.04850052657221991
INV001240,1,0,0.07615980210865116
INV001241,1,0,0.30648285661620966
INV001242,1,0,0.058419049603030716
INV001243,1,0,0.35900496753487615
INV001244,1,0,0.14374825794716417
INV001245,1,0,0.2074086885381522
INV001246,1,0,0.026208466213939352
INV001247,1,0,0.0940120938622091
INV001248,1,0,0.0948738843593118
INV001249,1,0,0.3132077115235419
INV001250,1,0,0.1706629895593279
INV001251,1,0,0.07739593722558367
INV001252,1,0,0.047039433296452764
INV001253,1,0,0.12107333661433811
INV001254,1,0,0.03941730668945061
INV001255,1,0,0.024494987285923402
INV001256,1,0,0.1408891931495019
INV001257,1,0,0.05818425836625902
INV001258,1,0,0.293430720102237
INV001259,1,0,0.2684200767913315
INV001260,1,0,0.10365274363537018
INV001261,1,0,0.09295583602037673
INV001262,1,0,0.06434064807223225
INV001263,1,0,0.037053608423516966
INV001264,1,0,0.1791861013184696
INV001265,1,0,0.08474611084566551
INV001266,1,0,0.03618549572958457
INV001267,1,0,0.07035009519310535
INV001268,1,0,0.071294501936796
INV001269,1,0,0.04641687063189525
INV001270,1,0,0.09858338900680301
INV001271,1,0,0.22042026952873478
INV001272,1,0,0.02908631691871925
INV001273,1,0,0.08625367650892647
INV001274,1,0,0.08954610828887298
INV001275,1,0,0.08243942874476835
INV001276,1,0,0.062189334626873004
INV001277,1,0,0.07189848755834305
INV001278,1,0,0.03714823528719297
INV001279,1,0,0.1672451591568326
INV001280,1,0,0.12765564955620498
INV001281,1,0,0.22002155930874598
INV001282,1,0,0.23123034378966
INV001283,1,0,0.06474073748752648
INV001284,1,0,0.040680386304797145
INV001285,1,0,0.19990325618845187
INV001286,1,0,0.05447349597460467
INV001287,1,0,0.09470140243800317
INV001288,1,0,0.19500490076758487
INV001289,1,0,0.18929121971812835
INV001290,1,0,0.13376298373560777
INV001291,1,0,0.13154269860438972
INV001292,1,0,0.055127870146509404
INV001293,1,0,0.06783185173085587
INV001294,1,0,0.11816885349474328
INV001295,1,0,0.13326715044207432
INV001296,1,0,0.08198887863083326
INV001297,1,0,0.119305154298898
INV001298,-1,1,0.4412005742342165
INV001299,1,0,0.1876390111894011
INV001300,1,0,0.0891639212674843
INV001301,1,0,0.07474722149090762
INV001302,1,0,0.12258076431903392
INV001303,1,0,0.25376830069219103
INV001304,1,0,0.0236903024995513
INV001305,1,0,0.10247541347794582
INV001306,1,0,0.15509861833821495
INV001307,1,0,0.15761187025608472
INV001308,1,0,0.0478316973722407
INV001309,1,0,0.04856399197922186
INV001310,1,0,0.17710203059628962
INV001311,1,0,0.04095277371199624
INV001312,1,0,0.09198821190663319
INV001313,1,0,0.026337233059196878
INV001314,1,0,0.0006880281056137899
INV001315,1,0,0.021096620638158963
INV001316,1,0,0.3237509109318731
INV001317,1,0,0.02455932591667944
INV001318,1,0,0.0270056763480519
INV001319,-1,1,0.4234869887396666
INV001320,1,0,0.1513181710379453
INV001321,1,0,0.09683789155197466
INV001322,1,0,0.12369979051007
INV001323,1,0,0.05403133461385137
INV001324,1,0,0.19093141932866362
INV001325,1,0,0.07336964319365875
INV001326,1,0,0.06189133581949297
INV001327,1,0,0.0617771247553162
INV001328,1,0,0.058393089288871255
INV001329,1,0,0.10395798279524805
INV001330,1,0,0.22926271966740855
INV001331,1,0,0.04607382188531011
INV001332,1,0,0.09590727177069487
INV001333,1,0,0.25488531908812107
INV001334,1,0,0.08151796504962763
INV001335,1,0,0.07774524637278774
INV001336,1,0,0.08678581281663018
INV001337,1,0,0.13698111584049746
INV001338,1,0,0.06301662062267965
INV001339,1,0,0.28948970111008615
INV001340,1,0,0.03419427488236764
INV001341,-1,1,0.7828114371185138
INV001342,1,0,0.32840054942229585
INV001343,1,0,0.059562676199704005
INV001344,1,0,0.20689234437488904
INV001345,1,0,0.1610321029564202
INV001346,1,0,0.13546319350746508
INV001347,1,0,0.2407415573421339
INV001348,1,0,0.1020022770992797
INV001349,1,0,0.15795143085623814
INV001350,1,0,0.10016289648629972
INV001351,1,0,0.10453812400767996
INV001352,1,0,0.266937723303871
INV001353,1,0,0.10816380602272603
INV001354,1,0,0.052413037849575676
INV001355,1,0,0.0754008775154264
INV001356,1,0,0.08889061741353456
INV001357,1,0,0.11441312388208545
INV001358,1,0,0.30028638403794655
INV001359,1,0,0.11218864057260425
INV001360,1,0,0.16153226604865029
INV001361,1,0,0.09053747173289801
INV001362,1,0,0.07564032933059481
INV001363,1,0,0.07767586440294479
INV001364,1,0,0.34653828373006895
INV001365,1,0,0.08785636348970549
INV001366,1,0,0.012870626741691333
INV001367,1,0,0.11882212945392383
INV001368,1,0,0.1477665086780728
INV001369,1,0,0.1024766235171217
INV001370,1,0,0.06490021668168551
INV001371,1,0,0.08247558285766997
INV001372,1,0,0.09708827131825011
INV001373,1,0,0.14872010925600512
INV001374,1,0,0.015552970600198121
INV001375,1,0,0.11635076838293336
INV001376,1,0,0.027491831625846806
INV001377,1,0,0.14007157044445087
INV001378,1,0,0.06400045898262452
INV001379,1,0,0.030955044579590765
INV001380,1,0,0.08506798684234733
INV001381,1,0,0.06510672314933058
INV001382,1,0,0.0889726840589749
INV001383,1,0,0.07288779466820978
INV001384,1,0,0.04026534298745392
INV001385,1,0,0.16029133287953598
INV001386,1,0,0.22689075825513308
INV001387,1,0,0.11270430726204289
INV001388,1,0,0.055466529106542845
INV001389,1,0,0.037981271368197754
INV001390,1,0,0.13774186115482157
INV001391,1,0,0.042875612819341394
INV001392,1,0,0.04873772405613362
INV001393,1,0,0.029606525587455617
INV001394,1,0,0.15674270812617766
INV001395,1,0,0.0544658436393342
INV001396,1,0,0.03463977829083507
INV001397,1,0,0.08377787631669133
INV001398,1,0,0.014723391549578352
INV001399,1,0,0.12456931664425784
INV001400,1,0,0.10501781522050756
INV001401,1,0,0.020697535327102903
INV001402,1,0,0.08032464611140033
INV001403,1,0,0.05935870313115322
INV001404,1,0,0.17032522479447917
INV001405,1,0,0.03379944652504108
INV001406,1,0,0.029823816245449553
INV001407,1,0,0.03997022844823641
INV001408,1,0,0.044244705358108136
INV001409,1,0,0.06247420361819645
INV001410,1,0,0.06822330650505133
INV001411,1,0,0.06305151361175908
INV001412,1,0,0.13014240078885805
INV001413,1,0,0.23124471164445423
INV001414,1,0,0.07707967176542663
INV001415,1,0,0.02393826431012394
INV001416,1,0,0.06271147440277874
INV001417,1,0,0.23358337050125647
INV001418,1,0,0.092406342465126
INV001419,1,0,0.10717725153398222
INV001420,1,0,0.11360199401796672
INV001421,1,0,0.060090050011606756
INV001422,1,0,0.07638353572037998
INV001423,1,0,0.20345950037958177
INV001424,1,0,0.10585666870936224
INV001425,1,0,0.1073564451473862
INV001426,1,0,0.12057248384577766
INV001427,1,0,0.03369813492361005
INV001428,1,0,0.2342808202490923
INV001429,1,0,0.029911808415087844
INV001430,1,0,0.10265943563294348
INV001431,1,0,0.08929057739414643
INV001432,1,0,0.15253898035702515
INV001433,1,0,0.0734300431226345
INV001434,-1,1,0.48109344719029135
INV001435,1,0,0.12358225567396838
INV001436,1,0,0.135415161379148
INV001437,1,0,0.22283941973065363
INV001438,1,0,0.04854075670855689
INV001439,1,0,0.053755549134520096
INV001440,1,0,0.05594476700357764
INV001441,1,0,0.1821795277872523
INV001442,1,0,0.0362789917000591
INV001443,1,0,0.3515402189507279
INV001444,1,0,0.07721229658531659
INV001445,1,0,0.2238384703841572
INV001446,1,0,0.058767589798731514
INV001447,1,0,0.32068900625401703
INV001448,1,0,0.1351522016315662
INV001449,1,0,0.037901512303700105
INV001450,1,0,0.265152657878088
INV001451,1,0,0.06644072512349598
INV001452,1,0,0.21242254897287663
INV001453,1,0,0.20449158462421316
INV001454,1,0,0.16914823828294573
INV001455,1,0,0.12659213743455525
INV001456,1,0,0.08761022408956382
INV001457,1,0,0.13925183873772276
INV001458,1,0,0.09996894982919818
INV001459,1,0,0.17028240305601852
INV001460,1,0,0.4138896602329697
INV001461,1,0,0.05938422644428903
INV001462,1,0,0.18940737537563956
INV001463,1,0,0.06723936937040369
INV001464,1,0,0.16578828258393316
INV001465,1,0,0.19712713374215285
INV001466,1,0,0.16488421238580042
INV001467,1,0,0.09595827465078789
INV001468,-1,1,0.5165899784695658
INV001469,1,0,0.03237071902233262
INV001470,1,0,0.08329209580803286
INV001471,1,0,0.026522320309077918
INV001472,1,0,0.21973985452295167
INV001473,1,0,0.06833438128493
INV001474,1,0,0.12327545859291333
INV001475,1,0,0.03231009133817345
INV001476,1,0,0.05457209855516404
INV001477,1,0,0.3825108103074032
INV001478,1,0,0.22983541840246605
INV001479,1,0,0.05644753558381201
INV001480,1,0,0.28358607050967777
INV001481,1,0,0.21259406405071668
INV001482,1,0,0.08647978113567094
INV001483,-1,1,0.49732294623173007
INV001484,1,0,0.18344983424495365
INV001485,1,0,0.09959264224517436
INV001486,1,0,0.04851819628426425
INV001487,1,0,0.1698223811456048
INV001488,1,0,0.11467456296821124
INV001489,1,0,0.1616118371754657
INV001490,1,0,0.032462392129893665
INV001491,1,0,0.05621365697751295
INV001492,1,0,0.09532932385080914
INV001493,1,0,0.21550379872239325
INV001494,1,0,0.04174338473079777
INV001495,-1,1,0.5017020913403917
INV001496,1,0,0.17000599139807374
INV001497,1,0,0.10846481050056034
INV001498,1,0,0.26860428120585317
INV001499,1,0,0.15586609426412806
INV001500,1,0,0.08898702700993222
INV001501,1,0,0.35591105719200034
INV001502,1,0,0.07866465441034023
INV001503,1,0,0.02829454738331329
INV001504,1,0,0.1465806669873631
INV001505,1,0,0.11750776153461687
INV001506,1,0,0.09161451572731902
INV001507,1,0,0.025689795759205485
INV001508,1,0,0.060990364455263124
INV001509,1,0,0.11708308801676513
INV001510,1,0,0.28481486695612673
INV001511,1,0,0.23848074488414814
INV001512,1,0,0.0981810053281737
INV001513,1,0,0.07799279443717615
INV001514,1,0,0.06931884270070002
INV001515,1,0,0.3090860371469709
INV001516,1,0,0.04733900280632344
INV001517,1,0,0.09110421621430714
INV001518,1,0,0.0734338160299799
INV001519,1,0,0.18650205120938498
INV001520,1,0,0.052077661283143645
INV001521,1,0,0.0262717087799188
INV001522,1,0,0.06614725216446041
INV001523,1,0,0.0376711874313568
INV001524,1,0,0.07358152615641646
INV001525,1,0,0.039380792537381026
INV001526,1,0,0.14107090265856415
INV001527,1,0,0.08151149321083614
INV001528,1,0,0.035372589144154996
INV001529,1,0,0.226307197511245
INV001530,1,0,0.03221217303104737
INV001531,1,0,0.16010945069489757
INV001532,1,0,0.1995105988237278
INV001533,-1,1,0.5537522707270308
INV001534,1,0,0.0825253047893582
INV001535,1,0,0.0684841212025566
INV001536,1,0,0.18028103913414822
INV001537,1,0,0.22773639823310288
INV001538,1,0,0.04148612799765201
INV001539,1,0,0.056350421873163456
INV001540,1,0,0.043208223182826314
INV001541,1,0,0.09132150068634325
INV001542,1,0,0.13450430935736157
INV001543,1,0,0.18781522232357925
INV001544,1,0,0.09653595791165487
INV001545,1,0,0.07735172691693824
INV001546,1,0,0.09579991388943061
INV001547,1,0,0.08820397536807736
INV001548,1,0,0.1601094769423769
INV001549,1,0,0.06618656296970184
INV001550,1,0,0.07500886756658415
INV001551,1,0,0.17786387381986682
INV001552,1,0,0.09671656219420345
INV001553,1,0,0.06560323877147685
INV001554,1,0,0.06474206812081926
INV001555,1,0,0.018995106902852128
INV001556,1,0,0.046017541227437904
INV001557,1,0,0.10771175234610779
INV001558,1,0,0.27281834474941175
INV001559,1,0,0.06622035194242407
INV001560,1,0,0.21164475367508234
INV001561,1,0,0.05274281615434039
INV001562,1,0,0.0774006839054106
INV001563,1,0,0.2899738619127536
INV001564,1,0,0.05075240415525861
INV001565,1,0,0.2536626746837474
INV001566,1,0,0.040555740279069656
INV001567,1,0,0.11838406006192775
INV001568,1,0,0.10218792753837107
INV001569,1,0,0.0494822675002116
INV001570,1,0,0.021313403323985142
INV001571,1,0,0.052085132267083147
INV001572,1,0,0.1370283212017428
INV001573,1,0,0.028735388813074955
INV001574,1,0,0.0164775190341043
INV001575,1,0,0.07543438658833632
INV001576,1,0,0.16207318827212042
INV001577,1,0,0.0610126395638871
INV001578,1,0,0.05634370530763197
INV001579,1,0,0.33934756474310895
INV001580,1,0,0.2608957798031713
INV001581,1,0,0.337419644157431
INV001582,1,0,0.0623176692355975
INV001583,1,0,0.024714076165802016
INV001584,1,0,0.04561751528497456
INV001585,1,0,0.04715134097238167
INV001586,1,0,0.055196320786276454
INV001587,1,0,0.09064447234213903
INV001588,1,0,0.035844628483925146
INV001589,1,0,0.03974547150853599
INV001590,1,0,0.07231915021183528
INV001591,1,0,0.028515167207035175
INV001592,1,0,0.06767765839253677
INV001593,1,0,0.1925564232027974
INV001594,1,0,0.11764652065584841
INV001595,1,0,0.19465507960603984
INV001596,1,0,0.051162615024613
INV001597,1,0,0.1764825867844909
INV001598,1,0,0.06766687963851997
INV001599,1,0,0.3017572709559662
INV001600,-1,1,0.4405584800641747
INV001601,1,0,0.1514809851619688
INV001602,1,0,0.11057946636674205
INV001603,1,0,0.25333333168699596
INV001604,1,0,0.15379666188472457
INV001605,1,0,0.30082199134256166
INV001606,1,0,0.051554632731873266
INV001607,1,0,0.13453793539500167
INV001608,1,0,0.11905824010370328
INV001609,1,0,0.07093404223029383
INV001610,1,0,0.08579296681588144
INV001611,1,0,0.0308149943997829
INV001612,1,0,0.05141006688765005
INV001613,1,0,0.13505401292254765
INV001614,1,0,0.10540159645950299
INV001615,1,0,0.09216490949006262
INV001616,1,0,0.28132306285057945
INV001617,1,0,0.13677653008750937
INV001618,1,0,0.18379291546544974
INV001619,1,0,0.1396177016747691
INV001620,1,0,0.1528205373513242
INV001621,1,0,0.09024405882078856
INV001622,1,0,0.08562661711066058
INV001623,1,0,0.08097045528807686
INV001624,1,0,0.06772557035746747
INV001625,1,0,0.048360356861472054
INV001626,1,0,0.08174367586525952
INV001627,1,0,0.1018679971946164
INV001628,1,0,0.04864867959208658
INV001629,1,0,0.20158668817889383
INV001630,1,0,0.026011267331098122
INV001631,1,0,0.14541576557697589
INV001632,1,0,0.11671141050054591
INV001633,1,0,0.05165966740263949
INV001634,1,0,0.07905334724088148
INV001635,1,0,0.24574556690202723
INV001636,1,0,0.05658350139231149
INV001637,1,0,0.04545519654974389
INV001638,1,0,0.09227685303844821
INV001639,1,0,0.09321789858651923
INV001640,1,0,0.11783771999158413
INV001641,1,0,0.17279770287724425
INV001642,1,0,0.16913215561786168
INV001643,1,0,0.1380457441957411
INV001644,1,0,0.14240200335055098
INV001645,1,0,0.3137405818707734
INV001646,1,0,0.06292591797909731
INV001647,1,0,0.15733755350911488
INV001648,1,0,0.033921614896921144
INV001649,1,0,0.41503027625880823
INV001650,1,0,0.041317581023627765
INV001651,1,0,0.061810533746059576
INV001652,1,0,0.18890239713260884
INV001653,1,0,0.07817846041262189
INV001654,1,0,0.07985098218260522
INV001655,1,0,0.05134076596525924
INV001656,1,0,0.07303996562183651
INV001657,1,0,0.15278778231565995
INV001658,1,0,0.04068834419687796
INV001659,1,0,0.0992905322234424
INV001660,1,0,0.19327436355426358
INV001661,1,0,0.06374406368995493
INV001662,1,0,0.07831183116405406
INV001663,1,0,0.02861226964290155
INV001664,1,0,0.015304536580214155
INV001665,1,0,0.21818938455224693
INV001666,1,0,0.058675304567560524
INV001667,1,0,0.05404100680441947
INV001668,1,0,0.07348210593422168
INV001669,1,0,0.04514250325595528
INV001670,1,0,0.10907956893867395
INV001671,1,0,0.397683688733668
INV001672,1,0,0.03526315940019444
INV001673,1,0,0.10245645175939452
INV001674,-1,1,0.5082513565021064
INV001675,1,0,0.08901518769038015
INV001676,1,0,0.06273473488882442
INV001677,1,0,0.1763595440296857
INV001678,1,0,0.03533811350881496
INV001679,-1,1,0.5041418736173927
INV001680,1,0,0.07731220054950862
INV001681,1,0,0.10114734956051424
INV001682,1,0,0.034265905650226094
INV001683,1,0,0.10139278059439646
INV001684,1,0,0.07840346199901432
INV001685,-1,1,0.6933702716673134
INV001686,1,0,0.2083183959675943
INV001687,1,0,0.019635321075081282
INV001688,1,0,0.017512190145106767
INV001689,1,0,0.059818198262449884
INV001690,1,0,0.05406508650724912
INV001691,1,0,0.10690826718414344
INV001692,1,0,0.07223892709441268
INV001693,1,0,0.029037437280812147
INV001694,-1,1,0.5773509269000053
INV001695,1,0,0.11546459604261329
INV001696,1,0,0.05387559952114183
INV001697,1,0,0.3973034500509813
INV001698,1,0,0.08957328955661667
INV001699,1,0,0.38097800059997344
INV001700,1,0,0.1714342968004864
INV001701,1,0,0.13025484398473555
INV001702,1,0,0.11046214191400991
INV001703,1,0,0.278115740682177
INV001704,1,0,0.05764774609891947
INV001705,1,0,0.01259950260420849
INV001706,1,0,0.048806854680479364
INV001707,1,0,0.05087280999525447
INV001708,1,0,0.04003003985482205
INV001709,1,0,0.10277412152181406
INV001710,1,0,0.06902506150198144
INV001711,1,0,0.028120385674350948
INV001712,1,0,0.11795088564573981
INV001713,1,0,0.07894713648582746
INV001714,1,0,0.020107294059147168
INV001715,1,0,0.20040527159810467
INV001716,1,0,0.04036740459997193
INV001717,1,0,0.2499899669793814
INV001718,1,0,0.0410297612538054
INV001719,1,0,0.07829765342700133
INV001720,1,0,0.019701934340766884
INV001721,1,0,0.08749013628322834
INV001722,1,0,0.06763408174229683
INV001723,1,0,0.03741011882805459
INV001724,1,0,0.17286067373492348
INV001725,1,0,0.0625605090110174
INV001726,1,0,0.054214327353648735
INV001727,1,0,0.12803836710488814
INV001728,1,0,0.12708244377444353
INV001729,1,0,0.2686930431716404
INV001730,1,0,0.04045190514016616
INV001731,1,0,0.19358452970811207
INV001732,1,0,0.08954198936615315
INV001733,1,0,0.10700476151757778
INV001734,1,0,0.03107947118069536
INV001735,1,0,0.06498976413352767
INV001736,1,0,0.25488163613144643
INV001737,1,0,0.3192844359776572
INV001738,1,0,0.1994283155711132
INV001739,1,0,0.04022273541594864
INV001740,1,0,0.3231653247339386
INV001741,1,0,0.03410390336577596
INV001742,-1,1,0.8433199516545348
INV001743,1,0,0.3737150315821678
INV001744,1,0,0.04364049615921595
INV001745,-1,1,0.4235235388031475
INV001746,1,0,0.023422773285478343
INV001747,1,0,0.03341154612504979
INV001748,1,0,0.0652200461898894
INV001749,1,0,0.022185004117338487
INV001750,1,0,0.19536382915056885
INV001751,1,0,0.22661755362152133
INV001752,1,0,0.19612845610649973
INV001753,1,0,0.08379900075963706
INV001754,1,0,0.0711136221070843
INV001755,1,0,0.1568981028488734
INV001756,1,0,0.031105844091954167
INV001757,1,0,0.4169173390582938
INV001758,1,0,0.2346109342312249
INV001759,1,0,0.051343708178337784
INV001760,1,0,0.052414897934218295
INV001761,1,0,0.045482809181764436
INV001762,1,0,0.03743002492680427
INV001763,1,0,0.2671157366004399
INV001764,1,0,0.04296103784955964
INV001765,1,0,0.09819161415579064
INV001766,1,0,0.41504609257690267
INV001767,1,0,0.06990777941784034
INV001768,1,0,0.17714188339122025
INV001769,1,0,0.07335730210411194
INV001770,1,0,0.13145327107473387
INV001771,1,0,0.021099451047100017
INV001772,1,0,0.03731201183918706
INV001773,1,0,0.05694138712401612
INV001774,1,0,0.1743495579537412
INV001775,1,0,0.061480514881093865
INV001776,1,0,0.07363357582074952
INV001777,1,0,0.03262529717902075
INV001778,1,0,0.09028787524465275
INV001779,1,0,0.08057099009126983
INV001780,1,0,0.08367692025289492
INV001781,1,0,0.028511123818324893
INV001782,1,0,0.06630560450352699
INV001783,1,0,0.07064351017163048
INV001784,1,0,0.0789210402730824
INV001785,1,0,0.07976856366939314
INV001786,1,0,0.04253100588557816
INV001787,1,0,0.14041208286896698
INV001788,1,0,0.1565374631428924
INV001789,1,0,0.08378954739136656
INV001790,1,0,0.044339927267444505
INV001791,1,0,0.04774274857062835
INV001792,1,0,0.07722276155168178
INV001793,1,0,0.04506001635721368
INV001794,-1,1,0.4885644854767554
INV001795,1,0,0.11288397345041261
INV001796,1,0,0.10492544469590107
INV001797,1,0,0.23349015488976976
INV001798,1,0,0.043180014783125775
INV001799,1,0,0.062469962511536574
INV001800,1,0,0.18367188674752136
INV001801,1,0,0.02246161912442946
INV001802,1,0,0.04955324871748838
INV001803,1,0,0.10051749464337668
INV001804,1,0,0.17448011452926818
INV001805,1,0,0.3087285659355576
INV001806,-1,1,0.6429616764693886
INV001807,1,0,0.013750695950752286
INV001808,1,0,0.1134263242281509
INV001809,1,0,0.06879571687643433
INV001810,1,0,0.05562249506665885
INV001811,1,0,0.0264581785941673
INV001812,-1,1,0.5594020369736102
INV001813,1,0,0.09343957572639697
INV001814,1,0,0.1381011900483899
INV001815,1,0,0.11794018354493815
INV001816,1,0,0.029192720531666178
INV001817,-1,1,0.5972849219758303
INV001818,1,0,0.34145043050102925
INV001819,1,0,0.1626380646163058
INV001820,1,0,0.18028560291346393
INV001821,1,0,0.10691834898633519
INV001822,1,0,0.10104195832406196
INV001823,1,0,0.22849829555048276
INV001824,1,0,0.06853500809349625
INV001825,1,0,0.06036643445569653
INV001826,1,0,0.41837916502037786
INV001827,1,0,0.06083376069131405
INV001828,1,0,0.111340519130603
INV001829,1,0,0.06274004263523551
INV001830,1,0,0.0856552304149306
INV001831,1,0,0.07647550052049899
INV001832,1,0,0.06587181094128702
INV001833,1,0,0.05688858432735753
INV001834,1,0,0.07813167321693472
INV001835,1,0,0.1528775715452907
INV001836,1,0,0.25002262792597474
INV001837,1,0,0.09831067752440412
INV001838,1,0,0.0470920170416402
INV001839,1,0,0.21277359968207693
INV001840,1,0,0.08517618304824238
INV001841,1,0,0.10141706433813451
INV001842,1,0,0.14614817390309515
INV001843,1,0,0.052125477707583544
INV001844,1,0,0.017698327539183354
INV001845,1,0,0.2505132751753689
INV001846,1,0,0.03853156702796266
INV001847,-1,1,0.8673915322968844
INV001848,1,0,0.10860532299441977
INV001849,1,0,0.04640775757696535
INV001850,1,0,0.1338499388708618
INV001851,-1,1,0.83991891605313
INV001852,1,0,0.0808850080760854
INV001853,1,0,0.13983700637128083
INV001854,1,0,0.11307563277293406
INV001855,1,0,0.03443389360911953
INV001856,1,0,0.08512500985554634
INV001857,-1,1,0.4885644854767554
INV001858,1,0,0.09314792266122256
INV001859,1,0,0.2687364572049922
INV001860,1,0,0.062279792207437415
INV001861,-1,1,0.616529803664428
INV001862,1,0,0.05114237274176162
INV001863,1,0,0.35617497874829557
INV001864,1,0,0.20184630536922876
INV001865,1,0,0.0852481063006252
INV001866,-1,1,0.43857044602481265
INV001867,1,0,0.023671933752636078
INV001868,1,0,0.3850373635710711
INV001869,1,0,0.1234968458418325
INV001870,1,0,0.06603913703068923
INV001871,1,0,0.3720124483350135
INV001872,1,0,0.09532195202055764
INV001873,1,0,0.20652314730000124
INV001874,1,0,0.04974741258234838
INV001875,1,0,0.0443846875863853
INV001876,1,0,0.297710510787737
INV001877,1,0,0.037380128808135085
INV001878,1,0,0.06225606585934319
INV001879,1,0,0.060278261883642444
INV001880,1,0,0.08243821153593141
INV001881,1,0,0.07636042309445239
INV001882,1,0,0.11324938600757542
INV001883,1,0,0.041304095645150536
INV001884,1,0,0.07025404105115385
INV001885,1,0,0.12761206230203054
INV001886,1,0,0.05322181668677074
INV001887,1,0,0.03492716347020404
INV001888,1,0,0.10881136114826175
INV001889,1,0,0.1682721069587667
INV001890,1,0,0.1545511312322472
INV001891,1,0,0.2111131463414153
INV001892,1,0,0.13714278940645022
INV001893,1,0,0.03961964870325787
INV001894,1,0,0.05673812305878208
INV001895,1,0,0.24137208198545468
INV001896,1,0,0.09436620991357215
INV001897,1,0,0.04872722112477303
INV001898,1,0,0.19478252861651585
INV001899,1,0,0.17103499015974258
INV001900,1,0,0.04825038264504513
INV001901,1,0,0.11036820489251654
INV001902,1,0,0.13248851637963793
INV001903,1,0,0.1017332669323275
INV001904,1,0,0.09207518558380662
INV001905,1,0,0.08573711824018894
INV001906,1,0,0.1025730072954338
INV001907,1,0,0.05327652876622027
INV001908,1,0,0.03929744307208269
INV001909,1,0,0.127675022713494
INV001910,1,0,0.18244835174187668
INV001911,1,0,0.04466165103144915
INV001912,1,0,0.07220930327457636
INV001913,1,0,0.09611531539977816
INV001914,1,0,0.2121910264088761
INV001915,1,0,0.3157833773789973
INV001916,-1,1,0.5094309078851089
INV001917,1,0,0.10237957382489263
INV001918,1,0,0.14708961630113662
INV001919,1,0,0.22954347647339726
INV001920,1,0,0.23371233325312882
INV001921,1,0,0.3097123907266087
INV001922,1,0,0.21087817365950495
INV001923,1,0,0.05370485890635525
INV001924,1,0,0.061128776564882005
INV001925,1,0,0.1264129451428989
INV001926,1,0,0.10828625402671072
INV001927,1,0,0.029106576278712454
INV001928,1,0,0.16947483185768814
INV001929,1,0,0.03436564539886528
INV001930,1,0,0.21503394612608087
INV001931,1,0,0.06431262294213816
INV001932,1,0,0.01626835426519922
INV001933,1,0,0.14129613930604298
INV001934,1,0,0.12337977599049056
INV001935,1,0,0.0886315629646109
INV001936,1,0,0.043865931649116945
INV001937,1,0,0.11754618432494446
INV001938,1,0,0.08378931625307942
INV001939,1,0,0.13573667672422815
INV001940,1,0,0.11492349582338499
INV001941,1,0,0.0187526426980723
INV001942,1,0,0.04615699242705864
INV001943,1,0,0.16771426041390172
INV001944,1,0,0.09872766074692502
INV001945,-1,1,0.4412737586189781
INV001946,1,0,0.043541281383757846
INV001947,1,0,0.24716923033452814
INV001948,1,0,0.06213460069210893
INV001949,1,0,0.0972885396428664
INV001950,1,0,0.037386549019313216
INV001951,1,0,0.04509131876068157
INV001952,1,0,0.10495800769607116
INV001953,1,0,0.08856773312118281
INV001954,1,0,0.04971471687353237
INV001955,1,0,0.26790537964936434
INV001956,1,0,0.17526760816454348
INV001957,1,0,0.18729480415160915
INV001958,1,0,0.26680082946592654
INV001959,1,0,0.052383190755552186
INV001960,1,0,0.08857251427055311
INV001961,1,0,0.16249609291908293
INV001962,1,0,0.1166506348977363
INV001963,1,0,0.321198900385167
INV001964,1,0,0.03464538535011037
INV001965,1,0,0.14155412998339914
INV001966,1,0,0.2074213051426511
INV001967,1,0,0.2743286275468231
INV001968,1,0,0.04286542597120727
INV001969,1,0,0.05132892723304823
INV001970,-1,1,0.43050938353301305
INV001971,1,0,0.03558367953385077
INV001972,1,0,0.08361640511991764
INV001973,1,0,0.08619508952413386
INV001974,1,0,0.1410250416645822
INV001975,-1,1,0.46136840133988527
INV001976,1,0,0.40468178794803733
INV001977,1,0,0.09726594175866851
INV001978,1,0,0.2047197109610666
INV001979,1,0,0.2512075087087107
INV001980,1,0,0.07571943561765053
INV001981,1,0,0.0904004453738066
INV001982,1,0,0.009301482094029893
INV001983,1,0,0.10168036147534472
INV001984,1,0,0.033677418419335914
INV001985,1,0,0.07221409549823417
INV001986,1,0,0.21865385210153718
INV001987,-1,1,0.48331416312632686
INV001988,1,0,0.13420499236626934
INV001989,1,0,0.4143405329726828
INV001990,1,0,0.294100884101174
INV001991,1,0,0.17596243428247024
INV001992,-1,1,0.8366338023914422
INV001993,1,0,0.025361903152066156
INV001994,1,0,0.06321099061880264
INV001995,1,0,0.09221840987085062
INV001996,-1,1,0.7906176847527145
INV001997,1,0,0.06954847023573581
INV001998,1,0,0.014452670810722663
INV001999,1,0,0.10803396267089743
INV002000,1,0,0.3403721160921357
INV002001,1,0,0.053460976308868424
INV002002,1,0,0.04803433004416973
INV002003,1,0,0.10044004167340365
INV002004,-1,1,0.4349223817927042
INV002005,1,0,0.12889742779503383
INV002006,1,0,0.07022546210926214
INV002007,1,0,0.15901628719485003
INV002008,1,0,0.027787053522946588
INV002009,1,0,0.04835292406164266
INV002010,1,0,0.12364976401754427
INV002011,1,0,0.06558296852290642
INV002012,1,0,0.0897369005124927
INV002013,1,0,0.26409166928077993
INV002014,1,0,0.06582157565527787
INV002015,-1,1,0.497739335328524
INV002016,1,0,0.16588999344061367
INV002017,1,0,0.07166348145987209
INV002018,1,0,0.016806352292519783
INV002019,1,0,0.08852541987143547
INV002020,1,0,0.16066659031176192
INV002021,1,0,0.09288725367903691
INV002022,1,0,0.24650570542386227
INV002023,1,0,0.04271498381957121
INV002024,1,0,0.05450907436378524
INV002025,1,0,0.11722617549431756
INV002026,1,0,0.06401940044083083
INV002027,1,0,0.18025355820119904
INV002028,1,0,0.06793737288060363
INV002029,1,0,0.10339260053515488
INV002030,1,0,0.07887290933363607
INV002031,1,0,0.0767758147905477
INV002032,1,0,0.08344260044563935
INV002033,1,0,0.05608350899321021
INV002034,1,0,0.09571132052529728
INV002035,1,0,0.07230917745661894
INV002036,1,0,0.1067100416477807
INV002037,1,0,0.05764059979108852
INV002038,1,0,0.19235139725848457
INV002039,1,0,0.030170303088801635
INV002040,1,0,0.1083010921105753
INV002041,1,0,0.10576580555967334
INV002042,1,0,0.0781571410129185
INV002043,1,0,0.1866694597097157
INV002044,1,0,0.09408853574161244
INV002045,1,0,0.08094369183897149
INV002046,1,0,0.41662986200794017
INV002047,1,0,0.07110697581591835
INV002048,1,0,0.14197953251017442
INV002049,1,0,0.09647072050788622
INV002050,1,0,0.034414914916228403
INV002051,1,0,0.12026627897832198
INV002052,-1,1,0.5529408970767072
INV002053,1,0,0.244028130334164
INV002054,1,0,0.2775962295583696
INV002055,1,0,0.04333459661231112
INV002056,1,0,0.05730613358045652
INV002057,1,0,0.21142119272383092
INV002058,1,0,0.039851796893390745
INV002059,1,0,0.10905340967630753
INV002060,1,0,0.039749728408014454
INV002061,1,0,0.10369201522998703
INV002062,1,0,0.11056918935705112
INV002063,1,0,0.0814473788138456
INV002064,1,0,0.0564417543236285
INV002065,1,0,0.09803075754705387
INV002066,1,0,0.07702227136792267
INV002067,1,0,0.018048469406635792
INV002068,1,0,0.04606047111470781
INV002069,1,0,0.15667282372408645
INV002070,-1,1,0.49321971331242
INV002071,1,0,0.11303367960618553
INV002072,-1,1,0.4640993398651614
INV002073,1,0,0.23034282072419207
INV002074,1,0,0.11362758831556707
INV002075,1,0,0.037175019033361005
INV002076,1,0,0.054617448933691914
INV002077,1,0,0.04971926603524775
INV002078,1,0,0.0676482007207411
INV002079,1,0,0.06802486444046209
INV002080,1,0,0.12451383809969516
INV002081,1,0,0.06537359489571076
INV002082,1,0,0.016200653655631458
INV002083,1,0,0.2519493879664187
INV002084,1,0,0.41868048654567097
INV002085,1,0,0.07453873075930029
INV002086,1,0,0.05010128109439504
INV002087,-1,1,0.4281993938112949
INV002088,1,0,0.0689987498407864
INV002089,1,0,0.06751376614475581
INV002090,1,0,0.1305952937353023
INV002091,1,0,0.042190086137230354
INV002092,1,0,0.06986885053895546
INV002093,1,0,0.06941090728313776
INV002094,1,0,0.07692187208879955
INV002095,1,0,0.0426783892809349
INV002096,1,0,0.16143299918118753
INV002097,1,0,0.05635437511175295
INV002098,1,0,0.06765825733594943
INV002099,1,0,0.08904547819117242
INV002100,1,0,0.05239635536504967
INV002101,1,0,0.07652256939349207
INV002102,1,0,0.07636956311102021
INV002103,1,0,0.07850523541504631
INV002104,1,0,0.0434636139605105
INV002105,1,0,0.16485182596393191
INV002106,1,0,0.11005537413569222
INV002107,1,0,0.07065467617200616
INV002108,1,0,0.13179564512727637
INV002109,1,0,0.027535534499230477
INV002110,1,0,0.02744059311853149
INV002111,1,0,0.14930332339431293
INV002112,1,0,0.1546798950086392
INV002113,1,0,0.14529714779149977
INV002114,-1,1,0.4510804793645532
INV002115,1,0,0.1126096737062106
INV002116,1,0,0.04674782677498131
INV002117,1,0,0.04210888629566675
INV002118,1,0,0.0858024224511664
INV002119,1,0,0.10182368923349454
INV002120,1,0,0.0809168238372201
INV002121,1,0,0.23609442929674043
INV002122,-1,1,0.7181853203590032
INV002123,1,0,0.1956611337222741
INV002124,1,0,0.030319258655429802
INV002125,1,0,0.06504507779530917
INV002126,1,0,0.060571689859784034
INV002127,-1,1,0.6117686542205464
INV002128,1,0,0.043891137062564894
INV002129,1,0,0.028466339457505933
INV002130,1,0,0.03993293264148467
INV002131,1,0,0.097566055595532
INV002132,1,0,0.054147833691145196
INV002133,1,0,0.1796688779107891
INV002134,1,0,0.1791031673013983
INV002135,1,0,0.08094197781204246
INV002136,1,0,0.05322460351813332
INV002137,1,0,0.2092450645291534
INV002138,1,0,0.12805269371361952
INV002139,1,0,0.13393981274017613
INV002140,1,0,0.0681917714760117
INV002141,1,0,0.1541328799136133
INV002142,1,0,0.061933361882396516
INV002143,1,0,0.31347544133242633
INV002144,1,0,0.08273016156571766
INV002145,1,0,0.05296106790477076
INV002146,1,0,0.11163973434646178
INV002147,1,0,0.19656087465378513
INV002148,1,0,0.02922827502338015
INV002149,1,0,0.06937093040387153
INV002150,1,0,0.034048780769550896
INV002151,1,0,0.06695863062954761
INV002152,1,0,0.050118834819411796
INV002153,1,0,0.14130739773917494
INV002154,1,0,0.04167341134408886
INV002155,1,0,0.20177088016857797
INV002156,1,0,0.36207301855539675
INV002157,1,0,0.21664005998531163
INV002158,1,0,0.0675274453352785
INV002159,1,0,0.06610699559758691
INV002160,1,0,0.39950461598069426
INV002161,1,0,0.03248955077060274
INV002162,1,0,0.08581158762448533
INV002163,1,0,0.09843599291225105
INV002164,1,0,0.03708968929017071
INV002165,1,0,0.1060704072081294
INV002166,1,0,0.04559517206509297
INV002167,1,0,0.14004866571508198
INV002168,1,0,0.2060539067130428
INV002169,1,0,0.07272900882699794
INV002170,1,0,0.040256513356121314
INV002171,1,0,0.11969148029680453
INV002172,1,0,0.10594534721041496
INV002173,1,0,0.3146215637315663
INV002174,1,0,0.12216115443186454
INV002175,1,0,0.06571774175346859
INV002176,1,0,0.10980121897044832
INV002177,1,0,0.07880825981979492
INV002178,-1,1,0.9504987275104745
INV002179,1,0,0.09568609644250571
INV002180,1,0,0.057663368155301147
INV002181,1,0,0.12362972374189057
INV002182,1,0,0.17567784411585932
INV002183,1,0,0.22017156073839125
INV002184,-1,1,0.8133109769148251
INV002185,1,0,0.07316208683892644
INV002186,1,0,0.17454319612697952
INV002187,-1,1,0.7048327676402931
INV002188,1,0,0.06925922929733
INV002189,1,0,0.08501115440713346
INV002190,1,0,0.18450046364226116
INV002191,1,0,0.3361458830630468
INV002192,1,0,0.18653264663502664
INV002193,1,0,0.1459530901649675
INV002194,1,0,0.08465323170764881
INV002195,1,0,0.10863049009298795
INV002196,1,0,0.11724607952669971
INV002197,1,0,0.21781031754344518
INV002198,1,0,0.2557753423610915
INV002199,1,0,0.03547090524748569
INV002200,1,0,0.11348118311769934
INV002201,1,0,0.25641404373118193
INV002202,1,0,0.07962695007255566
INV002203,1,0,0.09088174970775273
INV002204,1,0,0.19707071816469293
INV002205,1,0,0.3968471134916967
INV002206,-1,1,0.45549863952476116
INV002207,1,0,0.05474787559419277
INV002208,-1,1,0.45287958796602457
INV002209,1,0,0.06492976340194759
INV002210,1,0,0.0061109087854722965
INV002211,1,0,0.1960078940322054
INV002212,1,0,0.0999822599006765
INV002213,1,0,0.056251924737569514
INV002214,1,0,0.018112028192500098
INV002215,1,0,0.11044403629748142
INV002216,1,0,0.10272583793312799
INV002217,1,0,0.031493431048932756
INV002218,1,0,0.1627787901435259
INV002219,1,0,0.06953758187206464
INV002220,-1,1,0.835865186351643
INV002221,1,0,0.05487206251362109
INV002222,1,0,0.04980746243101061
INV002223,1,0,0.20092068614632655
INV002224,1,0,0.10432875900637877
INV002225,1,0,0.21533926910768103
INV002226,1,0,0.16301504195211866
INV002227,1,0,0.05958006176379507
INV002228,1,0,0.15497768825567007
INV002229,1,0,0.16523228184495078
INV002230,1,0,0.0726559828688369
INV002231,1,0,0.4138896973688542
INV002232,1,0,0.05500820578214553
INV002233,1,0,0.03875294882230255
INV002234,1,0,0.06250500284115328
INV002235,1,0,0.10020831279096074
INV002236,-1,1,0.6244485239444287
INV002237,1,0,0.07534366023833482
INV002238,1,0,0.0855882834959158
INV002239,1,0,0.06455813665338934
INV002240,1,0,0.04923139162033172
INV002241,1,0,0.039749499223775
INV002242,1,0,0.07485954077382623
INV002243,1,0,0.13478506309734214
INV002244,1,0,0.2503709808295914
INV002245,1,0,0.08766130455778008
INV002246,1,0,0.07767102458502721
INV002247,1,0,0.04054848015935993
INV002248,1,0,0.07197106870399869
INV002249,1,0,0.04081521755134101
INV002250,1,0,0.1298467698095181
INV002251,1,0,0.07996832543316633
INV002252,1,0,0.04974019481297369
INV002253,1,0,0.0685963439190211
INV002254,1,0,0.03374138517417139
INV002255,1,0,0.12487368390299843
INV002256,1,0,0.08589476135457631
INV002257,1,0,0.11542756289945758
INV002258,1,0,0.2104177193617634
INV002259,1,0,0.05984885901849219
INV002260,1,0,0.15607799928257973
INV002261,1,0,0.0874285417390687
INV002262,-1,1,0.7175241136759322
INV002263,1,0,0.10139658993934864
INV002264,1,0,0.09856270251382455
INV002265,1,0,0.11527494496012117
INV002266,1,0,0.08137939223822212
INV002267,1,0,0.295244778074992
INV002268,1,0,0.06855059673433336
INV002269,1,0,0.3651003089174859
INV002270,1,0,0.3270959990434132
INV002271,1,0,0.05380535026364714
INV002272,1,0,0.19927043315487
INV002273,-1,1,0.5275376866776567
INV002274,1,0,0.019498522502807772
INV002275,1,0,0.15014252156162763
INV002276,1,0,0.16172020874928125
INV002277,1,0,0.2174546209215503
INV002278,1,0,0.3450018585587088
INV002279,1,0,0.049330694136464986
INV002280,1,0,0.07436082428124907
INV002281,1,0,0.0614103089414263
INV002282,1,0,0.11957934081623058
INV002283,1,0,0.2022889699787906
INV002284,1,0,0.0793579389053175
INV002285,1,0,0.3045265480047762
INV002286,1,0,0.09718628703928274
INV002287,1,0,0.12589231821596378
INV002288,1,0,0.08020151787266445
INV002289,1,0,0.14295531776202622
INV002290,1,0,0.33193622906005976
INV002291,-1,1,0.5594410562013497
INV002292,1,0,0.2194734403449675
INV002293,1,0,0.11278309541728355
INV002294,1,0,0.04780240420054613
INV002295,1,0,0.12948456644394485
INV002296,1,0,0.06097544298088591
INV002297,1,0,0.22140325524069784
INV002298,1,0,0.0415629844307285
INV002299,1,0,0.05084948140978263
INV002300,1,0,0.10865785229567879
INV002301,1,0,0.10601348344835063
INV002302,1,0,0.2047077026550772
INV002303,1,0,0.049001189164247116
INV002304,1,0,0.0415310750560138
INV002305,1,0,0.1139457849061328
INV002306,1,0,0.039240095001792194
INV002307,1,0,0.08136134785667913
INV002308,1,0,0.0859954485990294
INV002309,1,0,0.07661761652253689
INV002310,1,0,0.06792915059902639
INV002311,1,0,0.06580746334690717
INV002312,1,0,0.18642207472204791
INV002313,1,0,0.06326185840964779
INV002314,1,0,0.10528221272844644
INV002315,1,0,0.06706950569786678
INV002316,1,0,0.04800246737699724
INV002317,1,0,0.07387013221938957
INV002318,1,0,0.0289559141279548
INV002319,1,0,0.03417836913201939
INV002320,1,0,0.19093557786607498
INV002321,1,0,0.06251133040929271
INV002322,1,0,0.06155022983087561
INV002323,1,0,0.04378892609685705
INV002324,1,0,0.05742374492877359
INV002325,1,0,0.07478594891965572
INV002326,1,0,0.0800653600628677
INV002327,1,0,0.08706861973628903
INV002328,1,0,0.04807419437468027
INV002329,1,0,0.15530798801081613
INV002330,1,0,0.06276903538942089
INV002331,1,0,0.07515508138013272
INV002332,1,0,0.09576066551225347
INV002333,1,0,0.08213722595872318
INV002334,-1,1,0.4608743820735883
INV002335,1,0,0.2762347576017526
INV002336,1,0,0.20764198821756708
INV002337,1,0,0.22717226302203383
INV002338,1,0,0.3053464557561864
INV002339,1,0,0.09724926500078263
INV002340,1,0,0.07714015158331651
INV002341,1,0,0.05434588919413765
INV002342,1,0,0.10982894042037634
INV002343,1,0,0.05246439790398907
INV002344,1,0,0.17176697928743176
INV002345,1,0,0.011239335203665907
INV002346,1,0,0.04727195265262166
INV002347,1,0,0.2486322153004939
INV002348,1,0,0.1884972227607136
INV002349,1,0,0.16116143299500751
INV002350,1,0,0.04229661283885383
INV002351,1,0,0.0778098947434097
INV002352,1,0,0.08643891303926539
INV002353,1,0,0.06951644481982928
INV002354,1,0,0.059147518678156555
INV002355,1,0,0.0488518451692658
INV002356,1,0,0.08484046941097519
INV002357,1,0,0.07008585369157133
INV002358,1,0,0.08060465475859567
INV002359,1,0,0.08280577004384027
INV002360,1,0,0.02093732468512829
INV002361,1,0,0.033849353717292835
INV002362,1,0,0.027675781858342234
INV002363,1,0,0.10481475880343136
INV002364,1,0,0.051188074933878995
INV002365,1,0,0.023966753144246206
INV002366,1,0,0.06563083754191108
INV002367,1,0,0.19005999945178362
INV002368,1,0,0.05204637399388593
INV002369,1,0,0.07184730095293043
INV002370,-1,1,0.6156622970297423
INV002371,1,0,0.11968803003959426
INV002372,1,0,0.03883605635099976
INV002373,1,0,0.035382388582052074
INV002374,1,0,0.04771671842553771
INV002375,1,0,0.07131902734743382
INV002376,1,0,0.11381957873259453
INV002377,1,0,0.06421120079966648
INV002378,1,0,0.049965707882656626
INV002379,1,0,0.05155079967354855
INV002380,1,0,0.04990880903967352
INV002381,1,0,0.11957399576517355
INV002382,1,0,0.05074623742314246
INV002383,1,0,0.13619132964430328
INV002384,1,0,0.09340825634817203
INV002385,-1,1,0.5168698186979527
INV002386,1,0,0.1163280046632836
INV002387,1,0,0.02504166042221761
INV002388,1,0,0.032564316920801195
INV002389,1,0,0.037171084438381935
INV002390,1,0,0.030439061259730737
INV002391,1,0,0.08620375899048496
INV002392,1,0,0.16404975495629143
INV002393,1,0,0.04092312641839386
INV002394,1,0,0.0652855393309221
INV002395,1,0,0.36371044266175234
INV002396,1,0,0.031318568739298745
INV002397,1,0,0.2543841712594657
INV002398,1,0,0.024308598690304623
INV002399,1,0,0.02418221247086964
INV002400,1,0,0.03456540672009743
INV002401,1,0,0.0934925681900068
INV002402,1,0,0.04829399270643865
INV002403,1,0,0.22647751316515877
INV002404,1,0,0.06943167139666019
INV002405,1,0,0.11102956539651146
INV002406,1,0,0.25651968694624566
INV002407,1,0,0.03310676099191415
INV002408,1,0,0.07563271163462164
INV002409,1,0,0.09964873684125122
INV002410,1,0,0.07112672072753984
INV002411,1,0,0.09822530181677615
INV002412,1,0,0.14288442038234658
INV002413,1,0,0.10611903709052709
INV002414,1,0,0.08647876640360273
INV002415,1,0,0.04503513796549365
INV002416,1,0,0.049363518308859995
INV002417,1,0,0.14710947344602873
INV002418,1,0,0.1030226245092483
INV002419,1,0,0.03287376702131431
INV002420,1,0,0.09749254202476959
INV002421,1,0,0.09992966771515417
INV002422,1,0,0.03143991706375467
INV002423,1,0,0.06567523507546599
INV002424,-1,1,0.5162516834502963
INV002425,1,0,0.10688330837435658
INV002426,1,0,0.08444865580980442
INV002427,1,0,0.08947989016074599
INV002428,-1,1,0.44804741139855475
INV002429,1,0,0.045975761637977654
INV002430,1,0,0.03996451242681173
INV002431,1,0,0.03737255583158878
INV002432,1,0,0.05418371752741773
INV002433,-1,1,0.5524576677768887
INV002434,1,0,0.11418325209477179
INV002435,1,0,0.055301847555431875
INV002436,1,0,0.36468305241402227
INV002437,1,0,0.06275619718463524
INV002438,1,0,0.015591001949772627
INV002439,1,0,0.15034256445318214
INV002440,1,0,0.22077716412532777
INV002441,1,0,0.1786027705952003
INV002442,-1,1,0.45963129765007726
INV002443,1,0,0.13913387412854894
INV002444,1,0,0.3562151085486295
INV002445,1,0,0.11869374680100979
INV002446,-1,1,0.48456727863706933
INV002447,1,0,0.08051470648010882
INV002448,1,0,0.07205287502377325
INV002449,1,0,0.025719774573586575
INV002450,1,0,0.16835958580769922
INV002451,1,0,0.061976945492788434
INV002452,-1,1,0.525668889980294
INV002453,1,0,0.1542504177197677
INV002454,1,0,0.043813698668950136
INV002455,1,0,0.16082959918736986
INV002456,1,0,0.010645482687292072
INV002457,1,0,0.09495473060965123
INV002458,1,0,0.13636121147205996
INV002459,1,0,0.006870961659168391
INV002460,1,0,0.18449393001383413
INV002461,1,0,0.22917142530334825
INV002462,1,0,0.16965457315880117
INV002463,-1,1,0.7782201212511201
INV002464,1,0,0.052669501660388925
INV002465,1,0,0.038033123867173564
INV002466,1,0,0.0975623231539771
INV002467,1,0,0.02480335912177398
INV002468,1,0,0.15219577746720886
INV002469,1,0,0.05935202618904024
INV002470,1,0,0.07108580557585888
INV002471,1,0,0.11448422312512944
INV002472,1,0,0.09099007678279895
INV002473,-1,1,0.4943337098383873
INV002474,-1,1,0.4427655672119647
INV002475,1,0,0.049046544710236076
INV002476,1,0,0.17662017193740256
INV002477,1,0,0.24734084215191082
INV002478,1,0,0.06647976615809932
INV002479,1,0,0.08248969713781662
INV002480,1,0,0.26051043829224824
INV002481,1,0,0.04027265502807276
INV002482,-1,1,0.46270342395306524
INV002483,1,0,0.22611243570584694
INV002484,1,0,0.09830101624635021
INV002485,1,0,0.10678462733950773
INV002486,1,0,0.08651726511325712
INV002487,1,0,0.07020626104475869
INV002488,1,0,0.06085319734816885
INV002489,1,0,0.03872434383571887
INV002490,1,0,0.04379643206603963
INV002491,1,0,0.19324807642737685
INV002492,1,0,0.07896096066708023
INV002493,1,0,0.07240594318754238
INV002494,1,0,0.059990403607952034
INV002495,1,0,0.06600841901654345
INV002496,1,0,0.30841196162921136
INV002497,1,0,0.05938293829748861
INV002498,1,0,0.06655736220914008
INV002499,1,0,0.058837327879073004
INV002500,1,0,0.029401469142553437
INV002501,1,0,0.021571595881357014
INV002502,1,0,0.13541879053682365
INV002503,1,0,0.042431331517058336
INV002504,1,0,0.026501553543386475
INV002505,1,0,0.02772712605633433
INV002506,-1,1,0.47822625710361305
INV002507,1,0,0.05585752290881423
INV002508,1,0,0.16882443882214457
INV002509,1,0,0.2039653012253338
INV002510,1,0,0.03124884572354739
INV002511,1,0,0.04672538760930713
INV002512,1,0,0.024665195059272498
INV002513,1,0,0.1002103196847459
INV002514,1,0,0.08366132849631043
INV002515,1,0,0.4134854297824809
INV002516,1,0,0.04041125888533993
INV002517,1,0,0.22421168307813813
INV002518,1,0,0.06865971313528751
INV002519,1,0,0.147348379275016
INV002520,1,0,0.04291590103285358
INV002521,1,0,0.23815670188907048
INV002522,1,0,0.01512068458818227
INV002523,1,0,0.10056766418130608
INV002524,1,0,0.21371178973317184
INV002525,1,0,0.04045613346287008
INV002526,1,0,0.07624811283902848
INV002527,1,0,0.10143900163826713
INV002528,1,0,0.03443552565610379
INV002529,-1,1,0.4739530517028326
INV002530,1,0,0.09425229195790188
INV002531,1,0,0.27440336726403036
INV002532,1,0,0.08692629241102583
INV002533,1,0,0.4174929517605178
INV002534,1,0,0.1844033092057737
INV002535,1,0,0.04281285274284846
INV002536,1,0,0.16680415365374543
INV002537,1,0,0.10280769603109947
INV002538,1,0,0.03394344702705791
INV002539,1,0,0.01877534520090593
INV002540,1,0,0.12155362185383675
INV002541,1,0,0.07061437563993143
INV002542,1,0,0.09162665914169343
INV002543,1,0,0.061676214696737654
INV002544,1,0,0.0515323836205469
INV002545,1,0,0.19173119871323344
INV002546,1,0,0.05915303211201844
INV002547,1,0,0.07371900693057094
INV002548,1,0,0.09071183170452649
INV002549,1,0,0.10960869731930292
INV002550,-1,1,0.4195215033307809
INV002551,1,0,0.2303932665349046
INV002552,1,0,0.15182513158125022
INV002553,1,0,0.09448704896550454
INV002554,1,0,0.18576712915177454
INV002555,1,0,0.05681327127939985
INV002556,1,0,0.10396289221030706
INV002557,1,0,0.21053147075261544
INV002558,1,0,0.09381647172783288
INV002559,1,0,0.05025938663430854
INV002560,1,0,0.26727895585473893
INV002561,1,0,0.10940515072925977
INV002562,1,0,0.0678697258061396
INV002563,1,0,0.11845421850949121
INV002564,-1,1,0.42193867243778804
INV002565,1,0,0.06644821555184628
INV002566,1,0,0.3893379437905457
INV002567,1,0,0.30903447299851006
INV002568,-1,1,0.5439072719214945
INV002569,1,0,0.06710974143772806
INV002570,1,0,0.17449160337847217
INV002571,1,0,0.03891850023905547
INV002572,1,0,0.14268598325052173
INV002573,1,0,0.04996500429367617
INV002574,1,0,0.23647610745026357
INV002575,1,0,0.033099755055569884
INV002576,1,0,0.0391216135635557
INV002577,1,0,0.191582734089966
INV002578,1,0,0.028840117154989554
INV002579,1,0,0.06754303252183153
INV002580,1,0,0.17349242275748836
INV002581,-1,1,0.7613824074483013
INV002582,1,0,0.0676406946845396
INV002583,1,0,0.0368635570758552
INV002584,1,0,0.11912398376416818
INV002585,1,0,0.13011672034442637
INV002586,1,0,0.22682551149510316
INV002587,1,0,0.030166069553831446
INV002588,1,0,0.08770782329859585
INV002589,1,0,0.12905110546985166
INV002590,1,0,0.0274074248963539
INV002591,1,0,0.13489019283918635
INV002592,1,0,0.02641691411578982
INV002593,1,0,0.07973328377321863
INV002594,1,0,0.13296116018313692
INV002595,1,0,0.1878031670937963
INV002596,1,0,0.04971403465142127
INV002597,1,0,0.12523042220000313
INV002598,1,0,0.06298830490695465
INV002599,1,0,0.03326219758702879
INV002600,1,0,0.05822706757484525
INV002601,1,0,0.23344821756274792
INV002602,1,0,0.15537120053866746
INV002603,1,0,0.05974694869202774
INV002604,1,0,0.11920125046777807
INV002605,1,0,0.139377486336109
INV002606,1,0,0.0909554839229732
INV002607,1,0,0.1087948100617382
INV002608,1,0,0.12800169216626478
INV002609,1,0,0.04345787085371742
INV002610,1,0,0.08099070121508668
INV002611,1,0,0.184728812818522
INV002612,1,0,0.34158827847349854
INV002613,1,0,0.07215271903666969
INV002614,-1,1,0.5833335267236539
INV002615,1,0,0.07564048364947251
INV002616,1,0,0.07935543791944673
INV002617,1,0,0.05036851779247242
INV002618,1,0,0.06815721395090753
INV002619,1,0,0.15153794940208906
INV002620,1,0,0.12247737263986638
INV002621,1,0,0.14217708146812608
INV002622,1,0,0.2736180118405177
INV002623,1,0,0.06698851292876765
INV002624,1,0,0.07736896737380874
INV002625,1,0,0.06405703185043941
INV002626,1,0,0.04997290578238525
INV002627,1,0,0.062496757549091134
INV002628,1,0,0.038690212462212124
INV002629,1,0,0.06489028308466867
INV002630,1,0,0.08499506884203226
INV002631,1,0,0.12825624498842778
INV002632,1,0,0.02589531631685313
INV002633,1,0,0.13488927803121892
INV002634,1,0,0.07424174632960048
INV002635,1,0,0.033487192498491455
INV002636,1,0,0.08114471760975195
INV002637,1,0,0.06995620622937493
INV002638,1,0,0.049918102879982114
INV002639,1,0,0.061491394887282204
INV002640,1,0,0.12282231960493872
INV002641,1,0,0.17679973189821113
INV002642,1,0,0.09041062628538615
INV002643,1,0,0.10512254523945402
INV002644,1,0,0.21116987570352375
INV002645,1,0,0.07509147894001392
INV002646,1,0,0.15820998190886848
INV002647,1,0,0.3188368662948385
INV002648,1,0,0.09505279321974182
INV002649,1,0,0.014743214686261772
INV002650,1,0,0.10465567237447485
INV002651,1,0,0.18711235979670857
INV002652,1,0,0.09987116948500911
INV002653,1,0,0.030594155724044322
INV002654,1,0,0.16660754909612513
INV002655,1,0,0.06920960705276683
INV002656,1,0,0.1675061151374783
INV002657,1,0,0.21681262365229068
INV002658,1,0,0.04487244677816248
INV002659,1,0,0.13915115504457262
INV002660,1,0,0.31660896330130145
INV002661,1,0,0.045140952948411424
INV002662,1,0,0.2617394749859183
INV002663,1,0,0.10053401161327946
INV002664,1,0,0.08251807827671977
INV002665,1,0,0.03800906881994001
INV002666,1,0,0.11318529955317179
INV002667,1,0,0.09412951011698607
INV002668,1,0,0.020478917629233834
INV002669,1,0,0.15142649835047556
INV002670,1,0,0.39141992874130116
INV002671,1,0,0.011329664672429325
INV002672,1,0,0.12579139201772074
INV002673,1,0,0.07111189263437195
INV002674,1,0,0.15437602496512254
INV002675,1,0,0.05489764898633316
INV002676,1,0,0.22835475323100585
INV002677,1,0,0.10030776958822706
INV002678,1,0,0.37836245346371156
INV002679,-1,1,0.42060768455472475
INV002680,1,0,0.051741078105810204
INV002681,1,0,0.03838063580859697
INV002682,1,0,0.03171754141974585
INV002683,1,0,0.11166382281858207
INV002684,1,0,0.08744933265736468
INV002685,1,0,0.09361761141841844
INV002686,1,0,0.025994887701295367
INV002687,-1,1,0.5288436468647478
INV002688,1,0,0.14970449533321015
INV002689,1,0,0.16526504078320092
INV002690,1,0,0.19715217415261377
INV002691,-1,1,0.6240985624390213
INV002692,1,0,0.08271235628722974
INV002693,1,0,0.03864692951812864
INV002694,1,0,0.07577231952131067
INV002695,1,0,0.012588807399320518
INV002696,1,0,0.05486151172166648
INV002697,-1,1,0.43873747689293585
INV002698,1,0,0.10289602036135145
INV002699,1,0,0.10237828143660797
INV002700,1,0,0.1512626460435794
INV002701,1,0,0.11150654124740986
INV002702,1,0,0.37955507546191164
INV002703,1,0,0.04220794760508793
INV002704,1,0,0.0833592194562377
INV002705,1,0,0.11422625664828777
INV002706,1,0,0.017847843773838943
INV002707,1,0,0.0739665237320344
INV002708,1,0,0.02876079162894768
INV002709,1,0,0.058923699956943694
INV002710,1,0,0.03681471886328414
INV002711,1,0,0.10301346100713207
INV002712,1,0,0.08337239059612682
INV002713,1,0,0.057497203836056644
INV002714,1,0,0.038738753844378845
INV002715,1,0,0.0591013622780978
INV002716,1,0,0.09736562479905266
INV002717,1,0,0.09233078882904011
INV002718,1,0,0.013385599892239763
INV002719,1,0,0.11192801928673317
INV002720,1,0,0.1653206880895255
INV002721,1,0,0.26979180421427046
INV002722,1,0,0.030311934983698777
INV002723,1,0,0.07058703098154039
INV002724,1,0,0.08375401726915524
INV002725,1,0,0.3581725422854759
INV002726,1,0,0.05887062693230898
INV002727,1,0,0.37494834535441907
INV002728,1,0,0.15508328819828918
INV002729,1,0,0.03258115331008991
INV002730,1,0,0.07695462121160579
INV002731,1,0,0.1954128354010967
INV002732,1,0,0.06119009290181584
INV002733,1,0,0.1977091904621487
INV002734,1,0,0.04357771056708215
INV002735,1,0,0.14626713604725416
INV002736,1,0,0.4148866337661933
INV002737,1,0,0.1309693411005877
INV002738,1,0,0.2515423702133996
INV002739,1,0,0.24355770833966783
INV002740,-1,1,0.615659393074456
INV002741,1,0,0.010098271945262593
INV002742,1,0,0.05580203953223705
INV002743,1,0,0.21399147506386715
INV002744,1,0,0.1823845706011389
INV002745,1,0,0.14533059667217535
INV002746,1,0,0.2622985374650267
INV002747,-1,1,0.5021227398573653
INV002748,-1,1,0.8118402944193287
INV002749,1,0,0.17438226117245983
INV002750,1,0,0.06846493004168765
INV002751,1,0,0.18979645722847285
INV002752,1,0,0.15785350453181493
INV002753,1,0,0.08769094482674063
INV002754,1,0,0.033765649950274076
INV002755,1,0,0.08912905271066465
INV002756,1,0,0.2998373292331076
INV002757,1,0,0.22040483729280094
INV002758,1,0,0.15262984486348682
INV002759,1,0,0.05390523577007576
INV002760,1,0,0.07855633549201912
INV002761,1,0,0.06667085976735328
INV002762,1,0,0.24670150778439254
INV002763,1,0,0.32152950981188505
INV002764,1,0,0.05444955905275072
INV002765,1,0,0.19235794829965477
INV002766,1,0,0.13686126218261163
INV002767,1,0,0.23110521950814136
INV002768,1,0,0.05210233912947036
INV002769,1,0,0.19728192266795214
INV002770,1,0,0.2680060495115432
INV002771,1,0,0.08262224541565902
INV002772,-1,1,0.5619669726743821
INV002773,1,0,0.12185010166003285
INV002774,1,0,0.07222780908598632
INV002775,1,0,0.10137313831594524
INV002776,1,0,0.110908124198986
INV002777,1,0,0.0260855052781209
INV002778,1,0,0.16111030169062154
INV002779,1,0,0.0831293185502119
INV002780,1,0,0.03199971351747624
INV002781,1,0,0.033489624721537804
INV002782,1,0,0.38839139799053474
INV002783,1,0,0.019369446797426602
INV002784,1,0,0.1229743884472853
INV002785,1,0,0.09267159289673904
INV002786,1,0,0.053636195481291844
INV002787,1,0,0.17784292267857563
INV002788,1,0,0.2754495667078267
INV002789,1,0,0.1422803429354103
INV002790,1,0,0.11346230062061466
INV002791,1,0,0.06038508636825545
INV002792,1,0,0.0739555133908903
INV002793,1,0,0.06203019978160652
INV002794,1,0,0.06925850138816737
INV002795,1,0,0.03638628692267118
INV002796,1,0,0.11482904921069509
INV002797,1,0,0.09529887790016198
INV002798,1,0,0.01399901222819746
INV002799,1,0,0.085129542354543
INV002800,1,0,0.1469109496832226
INV002801,1,0,0.029199147848010355
INV002802,1,0,0.03850873524960651
INV002803,1,0,0.12607289524236515
INV002804,1,0,0.04828058907137295
INV002805,1,0,0.17238994262952823
INV002806,1,0,0.35750212783972335
INV002807,1,0,0.1269563861196044
INV002808,1,0,0.032743834033575954
INV002809,1,0,0.1460883281562742
INV002810,1,0,0.09002558132369576
INV002811,1,0,0.26630353864191836
INV002812,-1,1,0.43977754397040053
INV002813,1,0,0.2844664770583917
INV002814,1,0,0.08178827069801553
INV002815,1,0,0.06714134396074103
INV002816,1,0,0.035632519694963664
INV002817,1,0,0.023598976628810508
INV002818,1,0,0.07637663306551971
INV002819,-1,1,0.5168785606353479
INV002820,1,0,0.0629562985165568
INV002821,1,0,0.05298299279609758
INV002822,1,0,0.05641123189034545
INV002823,1,0,0.1258833164747095
INV002824,1,0,0.04890638623554079
INV002825,1,0,0.18144480718646397
INV002826,1,0,0.12007238732735383
INV002827,1,0,0.14480570373043322
INV002828,1,0,0.12704075292810493
INV002829,1,0,0.1017717826540485
INV002830,1,0,0.1603497221076544
INV002831,1,0,0.05175657317972033
INV002832,1,0,0.07708389710521207
INV002833,1,0,0.08393396394543823
INV002834,1,0,0.19396929850618239
INV002835,1,0,0.1673007169314996
INV002836,1,0,0.02836431036925009
INV002837,1,0,0.10332292045020021
INV002838,1,0,0.05370598559775566
INV002839,1,0,0.13999950530648556
INV002840,1,0,0.2817225222013829
INV002841,1,0,0.27204579013100244
INV002842,1,0,0.23924465308953266
INV002843,1,0,0.35751939625975776
INV002844,1,0,0.21513116169141938
INV002845,1,0,0.14526788687643602
INV002846,1,0,0.07334621024935639
INV002847,1,0,0.08624954347121344
INV002848,1,0,0.15039347648962567
INV002849,1,0,0.0788187681958946
INV002850,1,0,0.354642368190318
INV002851,-1,1,0.4531167638220687
INV002852,-1,1,0.4358276198001832
INV002853,-1,1,0.456220574540618
INV002854,1,0,0.0674734327879753
INV002855,1,0,0.13070341245878508
INV002856,1,0,0.17969057246259335
INV002857,1,0,0.040607958620970094
INV002858,1,0,0.08010326156071924
INV002859,1,0,0.18745919385582976
INV002860,-1,1,0.4703515708511397
INV002861,1,0,0.0704101850665427
INV002862,1,0,0.11742521279004846
INV002863,1,0,0.3775561089915515
INV002864,1,0,0.03540533334407554
INV002865,1,0,0.1840156653100218
INV002866,-1,1,0.6378490394206084
INV002867,1,0,0.05150462113185254
INV002868,1,0,0.10633650764503962
INV002869,1,0,0.03240948798978185
INV002870,1,0,0.0011099530804420754
INV002871,1,0,0.19347367214989933
INV002872,1,0,0.10987463749389684
INV002873,1,0,0.085965995401506
INV002874,1,0,0.19020804850572678
INV002875,1,0,0.39423763640451426
INV002876,1,0,0.1441584822415717
INV002877,1,0,0.018013881313095628
INV002878,1,0,0.031739285024655194
INV002879,1,0,0.2181215417985315
INV002880,1,0,0.027342778738353158
INV002881,1,0,0.08459395455851071
INV002882,1,0,0.057295251883283806
INV002883,1,0,0.13761189043430183
INV002884,1,0,0.22204056742080863
INV002885,1,0,0.20719849328714826
INV002886,1,0,0.153076541604389
INV002887,1,0,0.09187091812038052
INV002888,1,0,0.09771886000243478
INV002889,1,0,0.06683993855062081
INV002890,1,0,0.030392997951733038
INV002891,-1,1,0.6355311940220015
INV002892,1,0,0.0594926225055119
INV002893,1,0,0.0369695859855901
INV002894,1,0,0.07477934631566814
INV002895,1,0,0.08358294895049195
INV002896,1,0,0.08819376691978409
INV002897,1,0,0.2612244005103658
INV002898,1,0,0.06768846608172992
INV002899,1,0,0.06386977066719941
INV002900,1,0,0.19675744194720562
INV002901,1,0,0.05486471548111068
INV002902,1,0,0.11693994297611023
INV002903,1,0,0.17852823016053074
INV002904,1,0,0.045886127931501694
INV002905,1,0,0.05754312989165965
INV002906,1,0,0.2480735528966151
INV002907,1,0,0.03498310787387111
INV002908,1,0,0.077232266430709
INV002909,1,0,0.15421628038314128
INV002910,1,0,0.16296645479626545
INV002911,1,0,0.1885516926667222
INV002912,1,0,0.06306301078951906
INV002913,1,0,0.11642992186365911
INV002914,1,0,0.19318479317847995
INV002915,1,0,0.01369668018776322
INV002916,1,0,0.19077052805159683
INV002917,1,0,0.06542420908330733
INV002918,1,0,0.14920516081852356
INV002919,1,0,0.18260327527727999
INV002920,1,0,0.07090416014397984
INV002921,1,0,0.030127445056023664
INV002922,1,0,0.1822175585746802
INV002923,1,0,0.1877628063331975
INV002924,1,0,0.05609452718140621
INV002925,1,0,0.05233201262717761
INV002926,1,0,0.10170629608257198
INV002927,1,0,0.09994018075229659
INV002928,1,0,0.07744929536105775
INV002929,1,0,0.10610117270143586
INV002930,1,0,0.07647355238544981
INV002931,1,0,0.15468765213534869
INV002932,1,0,0.1552462853239084
INV002933,1,0,0.10639484117176362
INV002934,1,0,0.05063122977517454
INV002935,1,0,0.07121925237292914
INV002936,1,0,0.1807049796320224
INV002937,1,0,0.17800930307980584
INV002938,1,0,0.11824923340549073
INV002939,1,0,0.24964168441204135
INV002940,1,0,0.20852872589444424
INV002941,1,0,0.07794982097909081
INV002942,1,0,0.22895752797303845
INV002943,1,0,0.021193203934688647
INV002944,1,0,0.18331271480079683
INV002945,1,0,0.03948768711425929
INV002946,1,0,0.11627927433871696
INV002947,1,0,0.014996014786372405
INV002948,1,0,0.044928060968895525
INV002949,1,0,0.20479766816269915
INV002950,1,0,0.09978316414156514
INV002951,1,0,0.0036041330057625964
INV002952,1,0,0.08234707106031688
INV002953,1,0,0.09329663573651233
INV002954,1,0,0.10189590062974208
INV002955,1,0,0.045952746846268294
INV002956,1,0,0.1043986755051883
INV002957,1,0,0.08666773194096639
INV002958,1,0,0.10534473229725556
INV002959,1,0,0.05886343832778414
INV002960,1,0,0.04642606964711754
INV002961,1,0,0.08745038055689403
INV002962,1,0,0.052832731307366515
INV002963,1,0,0.08118121513754846
INV002964,1,0,0.013762184171755596
INV002965,1,0,0.09528275235354536
INV002966,1,0,0.3180010297456878
INV002967,1,0,0.166197573609229
INV002968,1,0,0.21408591549508774
INV002969,1,0,0.14039094270466515
INV002970,1,0,0.05952607893262984
INV002971,1,0,0.016604610485987516
INV002972,1,0,0.04198552126777406
INV002973,-1,1,0.7620674520160947
INV002974,1,0,0.08124349014637239
INV002975,1,0,0.06028606828716854
INV002976,1,0,0.07531589876524496
INV002977,1,0,0.05907944673793075
INV002978,1,0,0.1597812156280102
INV002979,1,0,0.12138698537831515
INV002980,1,0,0.08744265923360883
INV002981,1,0,0.05733523118340126
INV002982,1,0,0.15985622490830106
INV002983,1,0,0.12147633356852491
INV002984,1,0,0.11182103441234352
INV002985,1,0,0.1079068756850783
INV002986,1,0,0.08334726140117214
INV002987,1,0,0.3914853887620706
INV002988,1,0,0.26269054763219546
INV002989,1,0,0.049666260514620655
INV002990,1,0,0.01611782585019232
INV002991,1,0,0.23356994623892477
INV002992,1,0,0.30150483396739597
INV002993,1,0,0.08391244241515913
INV002994,1,0,0.054144560718557645
INV002995,1,0,0.12335767025924685
INV002996,-1,1,0.4751757080650794
INV002997,1,0,0.2237682611048933
INV002998,1,0,0.09141171674415935
INV002999,1,0,0.21994349183557432
INV003000,1,0,0.328954990829879
INV003001,1,0,0.07820189725958841
INV003002,1,0,0.2092340981263516
INV003003,1,0,0.1727221220517446
INV003004,1,0,0.03981939662827314
INV003005,1,0,0.19738315251729308
INV003006,1,0,0.05797894014198742
INV003007,1,0,0.05082148646363834
INV003008,1,0,0.0500938929162055
INV003009,1,0,0.03588592329036763
INV003010,1,0,0.23350452758849577
INV003011,1,0,0.24857454435928725
INV003012,1,0,0.1079688849142513
INV003013,1,0,0.20697873632025698
INV003014,1,0,0.05243738540701444
INV003015,1,0,0.07209296911714795
INV003016,1,0,0.06603788452054214
INV003017,1,0,0.06575776040622294
INV003018,1,0,0.12059945809859018
INV003019,1,0,0.05128280297375265
INV003020,1,0,0.10223221537222046
INV003021,1,0,0.03478714012118001
INV003022,1,0,0.034172537267547126
INV003023,1,0,0.13064799795107734
INV003024,1,0,0.06905032605751843
INV003025,1,0,0.08740526226160975
INV003026,1,0,0.1422133491934065
INV003027,1,0,0.03691406625001261
INV003028,1,0,0.09286561565839821
INV003029,1,0,0.06671022701614414
INV003030,1,0,0.09236612458564677
INV003031,1,0,0.011736482844672302
INV003032,1,0,0.1520212003058159
INV003033,-1,1,0.6550251486917452
INV003034,1,0,0.1659394247235671
INV003035,1,0,0.041741213130370824
INV003036,1,0,0.08407945460217832
INV003037,1,0,0.24383383695754154
INV003038,1,0,0.1837951791848011
INV003039,1,0,0.04970687128230535
INV003040,1,0,0.08171395052318252
INV003041,1,0,0.05347735444563152
INV003042,1,0,0.05409074194875155
INV003043,-1,1,0.6117841221353578
INV003044,1,0,0.030409551634857063
INV003045,1,0,0.04937737522318399
INV003046,1,0,0.031586503547540626
INV003047,1,0,0.14454802225422167
INV003048,1,0,0.11060155291388765
INV003049,1,0,0.15439587515016534
INV003050,1,0,0.11278420804346878
INV003051,1,0,0.010111840507788641
INV003052,1,0,0.09169673724028496
INV003053,1,0,0.036919335430443935
INV003054,1,0,0.03146416874745789
INV003055,1,0,0.045329210195645356
INV003056,1,0,0.11719260315415492
INV003057,1,0,0.055064529283408
INV003058,1,0,0.10300261224332002
INV003059,1,0,0.06644065053831286
INV003060,1,0,0.11503785499725921
INV003061,1,0,0.14412016962369575
INV003062,1,0,0.06212673046908227
INV003063,1,0,0.17488391967636896
INV003064,1,0,0.07591211941939235
INV003065,1,0,0.09750349108634403
INV003066,1,0,0.26485009328422193
INV003067,1,0,0.05439902373937369
INV003068,1,0,0.1174525206539972
INV003069,1,0,0.2084438753613037
INV003070,1,0,0.01705653699533215
INV003071,1,0,0.08371232979518184
INV003072,1,0,0.2259560381427021
INV003073,1,0,0.21620293298024074
INV003074,1,0,0.03688106623478876
INV003075,1,0,0.09673433819250413
INV003076,1,0,0.16337158870080074
INV003077,1,0,0.10103156440944602
INV003078,1,0,0.06120376128583212
INV003079,1,0,0.06769907435120678
INV003080,1,0,0.24063468761100393
INV003081,-1,1,0.46727319799551637
INV003082,1,0,0.18418062858774842
INV003083,1,0,0.1592372011017491
INV003084,1,0,0.07127520555621024
INV003085,1,0,0.03114185450149998
INV003086,1,0,0.035311161239109996
INV003087,1,0,0.2800902574514804
INV003088,1,0,0.09326551441184948
INV003089,-1,1,0.5037693247295003
INV003090,1,0,0.06984111309349672
INV003091,1,0,0.05093790822674551
INV003092,1,0,0.09190743123743439
INV003093,1,0,0.14766574294624002
INV003094,1,0,0.15808354727250218
INV003095,1,0,0.19365169078478248
INV003096,1,0,0.09592465371029796
INV003097,1,0,0.10421313192047221
INV003098,1,0,0.06859888879910167
INV003099,1,0,0.23924228885156715
INV003100,-1,1,0.4236107729845112
INV003101,1,0,0.10358540845484451
INV003102,1,0,0.036710675957128465
INV003103,1,0,0.04686339014157095
INV003104,1,0,0.02922652831689168
INV003105,1,0,0.052559997010296476
INV003106,1,0,0.0954190671872247
INV003107,-1,1,0.4303365443110334
INV003108,1,0,0.14105140349811124
INV003109,1,0,0.27110267234772956
INV003110,1,0,0.020490205944337512
INV003111,1,0,0.04959878629112668
INV003112,1,0,0.04473504457017766
INV003113,1,0,0.03698018977387396
INV003114,1,0,0.03910998812016799
INV003115,1,0,0.18702143729565024
INV003116,1,0,0.15278856783398295
INV003117,1,0,0.23564963197405095
INV003118,1,0,0.06570945128774425
INV003119,1,0,0.012195882972042875
INV003120,1,0,0.1277628938569416
INV003121,1,0,0.1955908100411469
INV003122,1,0,0.13852821706124888
INV003123,1,0,0.09699776130030917
INV003124,1,0,0.04929994476697967
INV003125,1,0,0.07184732023228806
INV003126,1,0,0.14176069217051504
INV003127,1,0,0.11169371188873412
INV003128,1,0,0.3171584820731273
INV003129,1,0,0.05832949982792622
INV003130,-1,1,0.6359852702232148
INV003131,-1,1,0.44154458026003457
INV003132,1,0,0.038692536065720866
INV003133,1,0,0.08558171458506475
INV003134,1,0,0.0368322360365969
INV003135,1,0,0.0943493581714576
INV003136,1,0,0.12110338688384566
INV003137,1,0,0.2692968648449047
INV003138,1,0,0.22610458575337897
INV003139,1,0,0.09270019412096071
INV003140,1,0,0.12537381682626128
INV003141,1,0,0.10459605588493982
INV003142,1,0,0.14713077575955455
INV003143,1,0,0.05196746622789268
INV003144,1,0,0.03463879523572242
INV003145,1,0,0.3342119514923392
INV003146,1,0,0.1715824240433699
INV003147,1,0,0.12935393921089955
INV003148,1,0,0.13634984159506736
INV003149,1,0,0.046401353575699016
INV003150,1,0,0.019810822791723193
INV003151,1,0,0.041743510539470126
INV003152,1,0,0.06631848777963373
INV003153,1,0,0.35639850833900677
INV003154,1,0,0.06030546203209241
INV003155,1,0,0.29043825613950325
INV003156,1,0,0.18367974856207814
INV003157,1,0,0.3073988628160827
INV003158,1,0,0.14998980829343894
INV003159,1,0,0.04387952675472233
INV003160,1,0,0.1291776320396612
INV003161,1,0,0.10802127517599838
INV003162,1,0,0.02843883962667473
INV003163,1,0,0.07650375774456905
INV003164,1,0,0.24270642460071437
INV003165,1,0,0.04935091361441242
INV003166,1,0,0.04329806364899894
INV003167,1,0,0.015359888526164827
INV003168,1,0,0.03370560847801416
INV003169,1,0,0.14134041665034505
INV003170,1,0,0.06742113683494155
INV003171,1,0,0.15714248838970973
INV003172,1,0,0.1805136197905655
INV003173,1,0,0.18796941595142252
INV003174,1,0,0.08650968016849578
INV003175,1,0,0.03559684535946712
INV003176,1,0,0.1869295830852883
INV003177,1,0,0.06291162825610348
INV003178,1,0,0.05928893998905431
INV003179,1,0,0.13030883459640763
INV003180,1,0,0.18545581436945435
INV003181,1,0,0.08818654853504329
INV003182,1,0,0.149099343722295
INV003183,1,0,0.17925725652069804
INV003184,1,0,0.0056917456612233805
INV003185,1,0,0.0400928117330762
INV003186,1,0,0.1622048702776454
INV003187,1,0,0.33407746388005943
INV003188,1,0,0.05586132087761999
INV003189,1,0,0.03175070864286859
INV003190,1,0,0.03413625094031874
INV003191,1,0,0.09558472525839586
INV003192,1,0,0.05309962530337295
INV003193,1,0,0.1944954392499091
INV003194,1,0,0.07946055669009049
INV003195,1,0,0.13890087775685472
INV003196,1,0,0.05492936063712567
INV003197,1,0,0.10563049714808508
INV003198,1,0,0.1147842356077959
INV003199,1,0,0.05302604439074489
INV003200,1,0,0.12027680476670603
INV003201,-1,1,0.4443565511598955
INV003202,1,0,0.1096027253589618
INV003203,-1,1,0.4488766097956322
INV003204,1,0,0.05329356055464442
INV003205,1,0,0.049496901592779356
INV003206,1,0,0.1126075322786457
INV003207,1,0,0.03133626353957182
INV003208,1,0,0.27149702841627593
INV003209,1,0,0.06917060889498207
INV003210,1,0,0.3191791065969047
INV003211,1,0,0.1195652587249274
INV003212,1,0,0.07120799012784373
INV003213,1,0,0.0727568623138341
INV003214,1,0,0.3235362520268657
INV003215,1,0,0.058396850669519614
INV003216,1,0,0.19478159886224725
INV003217,1,0,0.12661840894354703
INV003218,1,0,0.046064851209212596
INV003219,1,0,0.0608802731315621
INV003220,1,0,0.04282363740731885
INV003221,1,0,0.13665290687119014
INV003222,1,0,0.10141304016935049
INV003223,1,0,0.06805535465028731
INV003224,1,0,0.038985467499444586
INV003225,1,0,0.11251417448827097
INV003226,1,0,0.059896068673850326
INV003227,1,0,0.09438035646669303
INV003228,1,0,0.0603026936446624
INV003229,1,0,0.01418375001563139
INV003230,1,0,0.07347291261303834
INV003231,1,0,0.11339611554560224
INV003232,1,0,0.09753432626517608
INV003233,1,0,0.027373891280736747
INV003234,1,0,0.23436321751741046
INV003235,1,0,0.055942992849692355
INV003236,1,0,0.146760683134715
INV003237,1,0,0.124970108482742
INV003238,1,0,0.03418823638196462
INV003239,1,0,0.10781414152617984
INV003240,1,0,0.048776026032397404
INV003241,1,0,0.049081506187377014
INV003242,1,0,0.12685682692038355
INV003243,1,0,0.11603468720803498
INV003244,1,0,0.3422379081995908
INV003245,1,0,0.045266498168783066
INV003246,1,0,0.1655465455836885
INV003247,1,0,0.02491946884146938
INV003248,1,0,0.06620657027783722
INV003249,1,0,0.03509990533364122
INV003250,1,0,0.10616689001999272
INV003251,1,0,0.2440763106617656
INV003252,1,0,0.06031710073119501
INV003253,1,0,0.18758633441248254
INV003254,1,0,0.20559381159762868
INV003255,1,0,0.18020501866029104
INV003256,1,0,0.05172475044851883
INV003257,1,0,0.02260309215066849
INV003258,1,0,0.1051031264966065
INV003259,1,0,0.21183500559897306
INV003260,1,0,0.036428390626048
INV003261,1,0,0.14129015822902963
INV003262,1,0,0.02961459278459311
INV003263,1,0,0.039571581407421355
INV003264,1,0,0.02166139709728967
INV003265,1,0,0.060123675307191045
INV003266,1,0,0.04277006246466141
INV003267,1,0,0.028889667055277197
INV003268,1,0,0.14720250453840186
INV003269,-1,1,0.5059668019854662
INV003270,1,0,0.060937236113911074
INV003271,1,0,0.14942640647409858
INV003272,1,0,0.11131328440809156
INV003273,1,0,0.19544365109083642
INV003274,1,0,0.05888249392762759
INV003275,1,0,0.1931518986954467
INV003276,1,0,0.16735719997157017
INV003277,1,0,0.054287165031168344
INV003278,1,0,0.12606160879727413
INV003279,1,0,0.2458260702075719
INV003280,1,0,0.22352127310689532
INV003281,1,0,0.28039798763550106
INV003282,1,0,0.04232705591009307
INV003283,1,0,0.26729973688115777
INV003284,1,0,0.04818114174690556
INV003285,1,0,0.02490137887840529
INV003286,1,0,0.061748359966026255
INV003287,1,0,0.2977302186000943
INV003288,1,0,0.08714593530851046
INV003289,1,0,0.07890295825041017
INV003290,1,0,0.12189552800049337
INV003291,1,0,0.05781009038559906
INV003292,1,0,0.042669755535084335
INV003293,1,0,0.2640601092221978
INV003294,1,0,0.28448588331892477
INV003295,1,0,0.051961765457042584
INV003296,1,0,0.044229527215469494
INV003297,1,0,0.006123144402305351
INV003298,1,0,0.07117090364098026
INV003299,1,0,0.10589539560862792
INV003300,1,0,0.17512410434405398
INV003301,1,0,0.10299017991470787
INV003302,1,0,0.04754086536845708
INV003303,1,0,0.07595908289473524
INV003304,1,0,0.2604617289562954
INV003305,1,0,0.05261483587424423
INV003306,1,0,0.1773442494635371
INV003307,1,0,0.05794631301532913
INV003308,1,0,0.12546840327705924
INV003309,1,0,0.06307261728699015
INV003310,1,0,0.2131486679386931
INV003311,1,0,0.14057501050360952
INV003312,1,0,0.08876335772399369
INV003313,1,0,0.14186576061353773
INV003314,1,0,0.062020781406680124
INV003315,1,0,0.3813650815042577
INV003316,1,0,0.38917766900725215
INV003317,1,0,0.07674731178314548
INV003318,-1,1,0.5050709534607455
INV003319,1,0,0.18246993864769595
INV003320,1,0,0.03860897005329679
INV003321,1,0,0.11092910460350514
INV003322,1,0,0.03117163963264482
INV003323,1,0,0.08777041000026134
INV003324,1,0,0.29608584610300015
INV003325,1,0,0.06258189645678515
INV003326,1,0,0.02699942991384856
INV003327,1,0,0.027607659803003885
INV003328,-1,1,0.469413661810505
INV003329,1,0,0.2473706635701407
INV003330,1,0,0.13388077366280574
INV003331,1,0,0.08880539641839556
INV003332,1,0,0.06529570385681409
INV003333,1,0,0.15919930407259508
INV003334,1,0,0.08170459608684517
INV003335,1,0,0.05615516087266208
INV003336,1,0,0.24073359993406235
INV003337,1,0,0.023334982289380305
INV003338,1,0,0.1279706107195344
INV003339,1,0,0.09728900863960817
INV003340,1,0,0.04028714823509211
INV003341,1,0,0.059569166591955845
INV003342,1,0,0.08589045530640103
INV003343,1,0,0.13620140827589441
INV003344,1,0,0.057326590233736846
INV003345,1,0,0.13290483148286653
INV003346,1,0,0.09681286478122575
INV003347,1,0,0.12764964835455625
INV003348,1,0,0.19104856619572327
INV003349,1,0,0.015817853414190442
INV003350,1,0,0.03319361512110929
INV003351,1,0,0.2866697797721211
INV003352,-1,1,0.4438425465336397
INV003353,1,0,0.07455857500135463
INV003354,1,0,0.06858792190746078
INV003355,1,0,0.1174771106487661
INV003356,1,0,0.12750304907269494
INV003357,1,0,0.06033035357990154
INV003358,1,0,0.0949489872605143
INV003359,1,0,0.2815333828795529
INV003360,1,0,0.1156249734711239
INV003361,1,0,0.1358943658871859
INV003362,1,0,0.23028416033606788
INV003363,1,0,0.09566376228882457
INV003364,1,0,0.04146578849867819
INV003365,1,0,0.10524089359331652
INV003366,1,0,0.28249300194450816
INV003367,1,0,0.08240736629876938
INV003368,1,0,0.08768586208840748
INV003369,1,0,0.043707863362593136
INV003370,1,0,0.1104363382552893
INV003371,1,0,0.17768185462244201
INV003372,1,0,0.010283702788235212
INV003373,1,0,0.07774472567853986
INV003374,1,0,0.04984488991437509
INV003375,1,0,0.15924275247804354
INV003376,1,0,0.0658386829538251
INV003377,1,0,0.032440158328606444
INV003378,1,0,0.08781939313039237
INV003379,1,0,0.045041202789908016
INV003380,1,0,0.061384545152437214
INV003381,1,0,0.08602857093225204
INV003382,1,0,0.09598146895146703
INV003383,1,0,0.05194238692447773
INV003384,1,0,0.026133414622171027
INV003385,1,0,0.05799173563614263
INV003386,1,0,0.055410388294988885
INV003387,1,0,0.050790901971652855
INV003388,1,0,0.055471406990066155
INV003389,1,0,0.03903978591656287
INV003390,1,0,0.08014268349112379
INV003391,1,0,0.09327158487249758
INV003392,1,0,0.052569747288514476
INV003393,1,0,0.08985992437855395
INV003394,1,0,0.03480688842866611
INV003395,1,0,0.24724317668916976
INV003396,-1,1,0.4684498953984521
INV003397,1,0,0.32909073243300885
INV003398,1,0,0.05294492612646871
INV003399,1,0,0.08177899220159733
INV003400,1,0,0.05149155757780196
INV003401,1,0,0.17668827439135398
INV003402,-1,1,0.4242241664098691
INV003403,1,0,0.13612229681337884
INV003404,1,0,0.30857284402219376
INV003405,1,0,0.3418264233291958
INV003406,1,0,0.06867618992464067
INV003407,1,0,0.1521818195666322
INV003408,1,0,0.07657528482086953
INV003409,1,0,0.06423611552174018
INV003410,1,0,0.038419933073367905
INV003411,1,0,0.10396263896388551
INV003412,1,0,0.14660564147801872
INV003413,-1,1,0.456338892908894
INV003414,1,0,0.05223715559563719
INV003415,1,0,0.05161829042499229
INV003416,1,0,0.12597087833250878
INV003417,1,0,0.10514094986273188
INV003418,1,0,0.036718248372459523
INV003419,1,0,0.09911678336221866
INV003420,1,0,0.022710139856847795
INV003421,1,0,0.21089183574196954
INV003422,1,0,0.07177138549503238
INV003423,1,0,0.2313392658998399
INV003424,1,0,0.1674491972101501
INV003425,1,0,0.11276236956507804
INV003426,1,0,0.12484127854728119
INV003427,1,0,0.3546405772206489
INV003428,1,0,0.13915634656932263
INV003429,1,0,0.1332962230821027
INV003430,1,0,0.013621523024473147
INV003431,1,0,0.19794616645055624
INV003432,1,0,0.08426180355451517
INV003433,1,0,0.06587446395901474
INV003434,1,0,0.20978630080645086
INV003435,1,0,0.04409725444663423
INV003436,1,0,0.040803238160371645
INV003437,1,0,0.12065976705991804
INV003438,1,0,0.08854652259932866
INV003439,1,0,0.0687133355808301
INV003440,-1,1,0.4946294819108864
INV003441,1,0,0.024401947529720018
INV003442,1,0,0.15770079089528632
INV003443,1,0,0.025158926614000012
INV003444,1,0,0.04504030498109855
INV003445,1,0,0.11420365307087973
INV003446,1,0,0.1010832869669145
INV003447,1,0,0.01502489385725352
INV003448,1,0,0.09540148788011482
INV003449,1,0,0.04647003699798214
INV003450,1,0,0.10755057884782047
INV003451,1,0,0.05504899414245038
INV003452,1,0,0.04692492498497337
INV003453,1,0,0.1722576113791676
INV003454,1,0,0.1137247287613
INV003455,1,0,0.11486399870491291
INV003456,1,0,0.05916433932859614
INV003457,1,0,0.02580292436253572
INV003458,1,0,0.04219245071802503
INV003459,1,0,0.01331093820789178
INV003460,1,0,0.06160317541159094
INV003461,1,0,0.14848311258562064
INV003462,1,0,0.3601137088789669
INV003463,1,0,0.16562667823586438
INV003464,1,0,0.128914242345128
INV003465,1,0,0.03948010905719507
INV003466,1,0,0.06748961700562246
INV003467,1,0,0.036519128420433936
INV003468,1,0,0.23675806187523543
INV003469,1,0,0.2946979818793269
INV003470,1,0,0.13058501570071715
INV003471,1,0,0.10052826779152267
INV003472,1,0,0.03916320186222428
INV003473,1,0,0.05919648100185292
INV003474,1,0,0.0872549339948141
INV003475,1,0,0.07340684693298553
INV003476,1,0,0.06989666261823173
INV003477,1,0,0.08956758886072856
INV003478,-1,1,0.6096373799181034
INV003479,1,0,0.07847703627731518
INV003480,1,0,0.0844793366245082
INV003481,1,0,0.09957677855032815
INV003482,1,0,0.029942807747070435
INV003483,1,0,0.09557910564312029
INV003484,1,0,0.08143711888986092
INV003485,1,0,0.20417597932415069
INV003486,1,0,0.02460208457953465
INV003487,1,0,0.12526066177859604
INV003488,1,0,0.38028201596633526
INV003489,1,0,0.18222962271412044
INV003490,1,0,0.17716737462077747
INV003491,1,0,0.15138953243647035
INV003492,1,0,0.07609870852149818
INV003493,1,0,0.09982006595187579
INV003494,1,0,0.036338186008539296
INV003495,1,0,0.134995761742318
INV003496,1,0,0.15284374038773313
INV003497,1,0,0.030150219565957134
INV003498,1,0,0.07477614415764261
INV003499,1,0,0.09478179253301697
INV003500,1,0,0.04717447537618997
INV003501,1,0,0.025139581598617854
INV003502,1,0,0.027696238412713833
INV003503,1,0,0.13031027193385547
INV003504,1,0,0.33095747505704914
INV003505,1,0,0.057914164349101675
INV003506,-1,1,0.4439304560225237
INV003507,-1,1,0.6225503821722971
INV003508,1,0,0.14374627963814351
INV003509,1,0,0.14021301342150236
INV003510,1,0,0.08082184498259833
INV003511,1,0,0.030881521448452506
INV003512,1,0,0.08097297720863729
INV003513,1,0,0.07136502206010951
INV003514,1,0,0.04851861654783908
INV003515,1,0,0.17617981081802436
INV003516,1,0,0.23483272734192534
INV003517,1,0,0.057551594979223554
INV003518,1,0,0.11950562683024175
INV003519,1,0,0.048648549519372995
INV003520,1,0,0.06975099484256883
INV003521,1,0,0.18286839914752182
INV003522,1,0,0.2308581552644673
INV003523,1,0,0.1877935256340372
INV003524,1,0,0.03624999957674521
INV003525,1,0,0.04116912067278851
INV003526,1,0,0.21858204491156533
INV003527,1,0,0.10290801694983803
INV003528,1,0,0.0740366360083332
INV003529,1,0,0.07305572851979247
INV003530,1,0,0.14862299822717878
INV003531,1,0,0.12284488940353375
INV003532,1,0,0.416856321666785
INV003533,1,0,0.041068015664829725
INV003534,1,0,0.1724900576378687
INV003535,1,0,0.2014386520192659
INV003536,1,0,0.13477759125886332
INV003537,1,0,0.3391909353502622
INV003538,1,0,0.1367549430756811
INV003539,-1,1,0.5641918967690912
INV003540,1,0,0.03210586856755863
INV003541,1,0,0.09462645970459964
INV003542,1,0,0.0892464592547239
INV003543,1,0,0.1577842823206281
INV003544,1,0,0.09219810490496386
INV003545,1,0,0.0635360508925953
INV003546,1,0,0.04877589573876534
INV003547,1,0,0.06383103007045038
INV003548,1,0,0.04009600092389813
INV003549,1,0,0.03885991818406787
INV003550,-1,1,0.49276716043138924
INV003551,1,0,0.4106812061957973
INV003552,1,0,0.059774112798474166
INV003553,1,0,0.21088571945069623
INV003554,1,0,0.09226958572676405
INV003555,1,0,0.08637505204921754
INV003556,1,0,0.1443969117318178
INV003557,1,0,0.1904346422111198
INV003558,1,0,0.04651174207820288
INV003559,1,0,0.09858419970067869
INV003560,1,0,0.08810258238084098
INV003561,1,0,0.08398945781007378
INV003562,1,0,0.025381821524921754
INV003563,1,0,0.07545622518030258
INV003564,1,0,0.07533415573555055
INV003565,1,0,0.13231769719366687
INV003566,1,0,0.0913042506832414
INV003567,1,0,0.04929779249287494
INV003568,1,0,0.04909009738521546
INV003569,1,0,0.08992576894796787
INV003570,1,0,0.07064618600386832
INV003571,1,0,0.049766415667458215
INV003572,1,0,0.17417470698444068
INV003573,1,0,0.1443853794765086
INV003574,1,0,0.16175850428422878
INV003575,1,0,0.04077566916224696
INV003576,1,0,0.33113372501011307
INV003577,1,0,0.051044827944068026
INV003578,1,0,0.08738005413660233
INV003579,1,0,0.031667943571102225
INV003580,1,0,0.11435442877197599
INV003581,1,0,0.15595057587114447
INV003582,1,0,0.15107215919076686
INV003583,1,0,0.04008014483372621
INV003584,1,0,0.03923588345253771
INV003585,1,0,0.2106041649707078
INV003586,1,0,0.06366015809973904
INV003587,1,0,0.346503252536373
INV003588,1,0,0.020031750486860695
INV003589,1,0,0.20031610361851063
INV003590,1,0,0.09418654870650674
INV003591,1,0,0.021888465723759097
INV003592,1,0,0.07813841610047008
INV003593,1,0,0.0518453094473939
INV003594,1,0,0.19034259006897822
INV003595,1,0,0.07753504668990878
INV003596,1,0,0.05954526630027172
INV003597,1,0,0.0648060828543411
INV003598,-1,1,0.7101582468383516
INV003599,1,0,0.04500625496926916
INV003600,1,0,0.16417829299942097
INV003601,1,0,0.09440974351252963
INV003602,1,0,0.14107598446102515
INV003603,1,0,0.16464460753734675
INV003604,1,0,0.08179137823570466
INV003605,1,0,0.12387891362269195
INV003606,1,0,0.07887023370051138
INV003607,1,0,0.2308452518924742
INV003608,1,0,0.1134791842017035
INV003609,1,0,0.1247529849187508
INV003610,1,0,0.13014843765710526
INV003611,1,0,0.318088225482036
INV003612,1,0,0.12146698159188185
INV003613,1,0,0.15922161873540747
INV003614,-1,1,0.420293556391361
INV003615,1,0,0.10778018152404752
INV003616,1,0,0.04336693361902941
INV003617,1,0,0.010653611107245373
INV003618,-1,1,0.4489870962653845
INV003619,1,0,0.09237886415877182
INV003620,1,0,0.2699326303304672
INV003621,1,0,0.04621475083819583
INV003622,1,0,0.06161157164909912
INV003623,-1,1,0.8315567008938592
INV003624,1,0,0.09758426050890343
INV003625,1,0,0.060927588579422556
INV003626,1,0,0.35380368035225956
INV003627,1,0,0.28580064229339325
INV003628,1,0,0.04246879660527936
INV003629,-1,1,0.6617181889361642
INV003630,1,0,0.2887240450252039
INV003631,-1,1,0.536420140517893
INV003632,1,0,0.327167378589202
INV003633,1,0,0.015541585658099951
INV003634,1,0,0.28672563196501394
INV003635,1,0,0.19187529888771915
INV003636,1,0,0.06452831470510402
INV003637,1,0,0.04811285144469252
INV003638,1,0,0.07176811059867466
INV003639,1,0,0.13131136725098527
INV003640,1,0,0.045687308118685654
INV003641,1,0,0.0580531101714591
INV003642,1,0,0.22018135385813437
INV003643,1,0,0.03914850448779744
INV003644,1,0,0.042244738802215076
INV003645,-1,1,0.6933702716673134
INV003646,1,0,0.21248893553133621
INV003647,1,0,0.09482479772313088
INV003648,1,0,0.08889951167757586
INV003649,1,0,0.08037160648329991
INV003650,1,0,0.17960154562696734
INV003651,1,0,0.1879551236456836
INV003652,1,0,0.03593253300425438
INV003653,1,0,0.06941823438636828
INV003654,1,0,0.058045387549824065
INV003655,1,0,0.05826553465028514
INV003656,1,0,0.3663795090794441
INV003657,1,0,0.20346652301414936
INV003658,-1,1,0.4455869365303905
INV003659,1,0,0.08942004915674792
INV003660,1,0,0.04877595597596323
INV003661,1,0,0.15493392661401634
INV003662,1,0,0.28547105035919706
INV003663,1,0,0.03717260844873208
INV003664,1,0,0.15174118486102775
INV003665,1,0,0.04985830573573913
INV003666,1,0,0.3139091426114627
INV003667,1,0,0.1649029580094392
INV003668,1,0,0.3022167413071228
INV003669,1,0,0.09116928047789778
INV003670,1,0,0.06692363164517906
INV003671,1,0,0.10227804535804115
INV003672,1,0,0.12793995067104755
INV003673,1,0,0.048724742225057516
INV003674,1,0,0.04390091088397873
INV003675,1,0,0.08051396372617001
INV003676,1,0,0.14490302898197807
INV003677,1,0,0.03149966616618327
INV003678,1,0,0.08023150967545727
INV003679,1,0,0.07100496659581262
INV003680,1,0,0.06080337299362525
INV003681,1,0,0.1352176733885362
INV003682,1,0,0.10003695833374122
INV003683,1,0,0.08100128862365528
INV003684,1,0,0.07956634603074914
INV003685,1,0,0.048177631569368586
INV003686,1,0,0.06347011028746798
INV003687,1,0,0.268460179306284
INV003688,1,0,0.06973344283862963
INV003689,1,0,0.218642338899293
INV003690,1,0,0.08450038040771762
INV003691,1,0,0.016947780385250882
INV003692,1,0,0.2860201398995113
INV003693,1,0,0.11772473475576613
INV003694,1,0,0.042651146093681515
INV003695,1,0,0.17390200593013969
INV003696,1,0,0.05949433822613085
INV003697,1,0,0.10121135485253133
INV003698,1,0,0.05285580795064336
INV003699,1,0,0.06318943715153896
INV003700,1,0,0.04321632572116015
INV003701,1,0,0.07504645196802492
INV003702,1,0,0.015838548623408354
INV003703,1,0,0.0283667231418423
INV003704,1,0,0.040478529580185586
INV003705,1,0,0.23242521760947366
INV003706,1,0,0.03740175937234224
INV003707,1,0,0.02835815964458543
INV003708,1,0,0.14297956278880117
INV003709,1,0,0.07618429858336963
INV003710,1,0,0.07495442074886977
INV003711,1,0,0.14343014337450052
INV003712,1,0,0.07158871226715874
INV003713,1,0,0.12522684731063752
INV003714,1,0,0.09621051371279049
INV003715,1,0,0.15382208620887783
INV003716,1,0,0.02840657804242878
INV003717,1,0,0.06423754876660455
INV003718,1,0,0.11891933116697845
INV003719,1,0,0.38843683496923626
INV003720,-1,1,0.5146953049858813
INV003721,1,0,0.1693584974231483
INV003722,-1,1,0.43076117847005535
INV003723,1,0,0.2610099649431558
INV003724,1,0,0.009088370776659022
INV003725,-1,1,0.4503906443557338
INV003726,1,0,0.03446022996134074
INV003727,1,0,0.05613217280236813
INV003728,1,0,0.3137164662441993
INV003729,1,0,0.08473714910709626
INV003730,1,0,0.039255484297029866
INV003731,1,0,0.17246567704106164
INV003732,1,0,0.04572190558587253
INV003733,1,0,0.2883313926129113
INV003734,1,0,0.09649014900532053
INV003735,1,0,0.10477879576443519
INV003736,1,0,0.03517301606018248
INV003737,1,0,0.11216534505164953
INV003738,1,0,0.022102267182939266
INV003739,1,0,0.1659555407823294
INV003740,1,0,0.21230190050236888
INV003741,1,0,0.02514014021046871
INV003742,1,0,0.02721356130211328
INV003743,1,0,0.17601958107423926
INV003744,1,0,0.2018846362249117
INV003745,1,0,0.11356106795576063
INV003746,1,0,0.14089741160888966
INV003747,1,0,0.1484066582667357
INV003748,1,0,0.1430370002796753
INV003749,1,0,0.17800637240364628
INV003750,1,0,0.0708373840278174
INV003751,1,0,0.033650283769716356
INV003752,1,0,0.12182171830510555
INV003753,1,0,0.05449808830757242
INV003754,1,0,0.39796947683639183
INV003755,1,0,0.0791421862134073
INV003756,1,0,0.11309570836387803
INV003757,1,0,0.03382052131589827
INV003758,1,0,0.23222223892783456
INV003759,1,0,0.0889760174803206
INV003760,1,0,0.17121285355484087
INV003761,1,0,0.07492176973203242
INV003762,1,0,0.04911876310420261
INV003763,1,0,0.1722428553083511
INV003764,1,0,0.047107363533977153
INV003765,1,0,0.1015336455599693
INV003766,1,0,0.05774173217993702
INV003767,1,0,0.054332750274498215
INV003768,1,0,0.11320469382436238
INV003769,1,0,0.021716743270572724
INV003770,1,0,0.10913535412868623
INV003771,1,0,0.012085551064020964
INV003772,1,0,0.13492286585545693
INV003773,1,0,0.06394857517465412
INV003774,-1,1,0.7101197167288624
INV003775,1,0,0.13114372905742386
INV003776,1,0,0.06150809936154639
INV003777,1,0,0.10216438736867306
INV003778,1,0,0.0709979107988773
INV003779,1,0,0.09594657589310601
INV003780,1,0,0.30533069950287545
INV003781,1,0,0.06588752932395807
INV003782,1,0,0.07728416990151775
INV003783,1,0,0.016304041903783817
INV003784,1,0,0.050073245395575346
INV003785,1,0,0.33156070023154804
INV003786,1,0,0.07713390601898108
INV003787,1,0,0.056338923128838043
INV003788,1,0,0.06324142955749282
INV003789,1,0,0.030595859397967776
INV003790,1,0,0.18793428335298687
INV003791,1,0,0.07510465155638676
INV003792,1,0,0.10183953518025092
INV003793,1,0,0.1386154928570399
INV003794,1,0,0.023393648922862165
INV003795,1,0,0.08926023395180173
INV003796,1,0,0.06378374302357362
INV003797,1,0,0.07613967300432672
INV003798,1,0,0.03640037126829153
INV003799,1,0,0.14567824609304486
INV003800,1,0,0.031651608267071266
INV003801,1,0,0.06450067854397327
INV003802,1,0,0.15878828324278757
INV003803,1,0,0.03957326748566572
INV003804,1,0,0.13970255195435596
INV003805,-1,1,0.5361174753642395
INV003806,1,0,0.07632042184834345
INV003807,1,0,0.41796044559870776
INV003808,1,0,0.16191158580196036
INV003809,1,0,0.11792849074173004
INV003810,1,0,0.04559414452619676
INV003811,1,0,0.09018396645804806
INV003812,1,0,0.15208402346176383
INV003813,1,0,0.14060579674122098
INV003814,1,0,0.40478784087399855
INV003815,1,0,0.049534977715042616
INV003816,1,0,0.07294848516236863
INV003817,1,0,0.230870881173533
INV003818,1,0,0.06391766466510722
INV003819,1,0,0.30733650311484295
INV003820,1,0,0.14687836538579235
INV003821,1,0,0.06506835510695269
INV003822,1,0,0.12285236727257072
INV003823,1,0,0.25247249868180327
INV003824,1,0,0.09430318152163818
INV003825,1,0,0.19830563342358948
INV003826,1,0,0.203512030788517
INV003827,1,0,0.1294527015063163
INV003828,1,0,0.2602461705645231
INV003829,1,0,0.08067327663799746
INV003830,1,0,0.16298447191633722
INV003831,1,0,0.20115182733143722
INV003832,1,0,0.2762529488826915
INV003833,1,0,0.2826798973047795
INV003834,1,0,0.04917872354382647
INV003835,1,0,0.18789126553372676
INV003836,1,0,0.18089651887836575
INV003837,1,0,0.08721739264375605
INV003838,1,0,0.2373544373907395
INV003839,1,0,0.06592107247165899
INV003840,1,0,0.17501278899707412
INV003841,1,0,0.29712705571924847
INV003842,1,0,0.04677323932140005
INV003843,1,0,0.19000883454359843
INV003844,1,0,0.06635733513086449
INV003845,1,0,0.06605997017980912
INV003846,1,0,0.1791621884377141
INV003847,1,0,0.05743284563097548
INV003848,1,0,0.06357082273256312
INV003849,1,0,0.04666149666585339
INV003850,1,0,0.1812684997697724
INV003851,1,0,0.03870628056545229
INV003852,1,0,0.0715594806512197
INV003853,1,0,0.051883072758079234
INV003854,-1,1,0.4777211482916338
INV003855,1,0,0.06322557929969405
INV003856,1,0,0.22077539324504533
INV003857,1,0,0.050046838817409386
INV003858,1,0,0.0756107485094632
INV003859,1,0,0.022243328882772286
INV003860,1,0,0.08319768484233893
INV003861,1,0,0.355337495508387
INV003862,1,0,0.04790761072090821
INV003863,1,0,0.1294118554648397
INV003864,1,0,0.08637508553349837
INV003865,1,0,0.07447926189855986
INV003866,1,0,0.04365209378547562
INV003867,1,0,0.14361768649838824
INV003868,1,0,0.04519688574782273
INV003869,1,0,0.35363590322391447
INV003870,1,0,0.09409874724170782
INV003871,1,0,0.04688160509120206
INV003872,1,0,0.06317172635682673
INV003873,1,0,0.15461018770114565
INV003874,1,0,0.03719088643477842
INV003875,1,0,0.15773747616173128
INV003876,1,0,0.0803621791249001
INV003877,1,0,0.026639999451135238
INV003878,1,0,0.10793525158984763
INV003879,1,0,0.04315069217941339
INV003880,1,0,0.02983367571525714
INV003881,1,0,0.14943374288329245
INV003882,1,0,0.02290594618868724
INV003883,1,0,0.14283619862543992
INV003884,1,0,0.024467753584238493
INV003885,1,0,0.14643963680279087
INV003886,1,0,0.05847199995488767
INV003887,1,0,0.05272574595097993
INV003888,1,0,0.18042028198076848
INV003889,1,0,0.22909798327414002
INV003890,1,0,0.18247806794709123
INV003891,1,0,0.09127291940777305
INV003892,1,0,0.03988098152237122
INV003893,1,0,0.1843048455184816
INV003894,1,0,0.038780183634231094
INV003895,1,0,0.10877958857890606
INV003896,1,0,0.09116331767254032
INV003897,1,0,0.04137053639520553
INV003898,-1,1,0.4878460497748453
INV003899,1,0,0.06970840263552508
INV003900,1,0,0.07954954908261318
INV003901,1,0,0.08663766770901676
INV003902,1,0,0.05988057113901147
INV003903,1,0,0.1919495533720495
INV003904,1,0,0.21443385557516248
INV003905,1,0,0.11805661206620319
INV003906,1,0,0.05978291386372538
INV003907,1,0,0.2636985991836513
INV003908,1,0,0.0551790981116088
INV003909,-1,1,0.49097377492259875
INV003910,1,0,0.05804624607833609
INV003911,1,0,0.057251496621336044
INV003912,1,0,0.045433237498466825
INV003913,1,0,0.05025170744902484
INV003914,1,0,0.12756599111768813
INV003915,1,0,0.05621468420496987
INV003916,1,0,0.0723879557359204
INV003917,1,0,0.1863818562143757
INV003918,1,0,0.19377722359830876
INV003919,1,0,0.2038050465607427
INV003920,1,0,0.054233238000764336
INV003921,1,0,0.06352354618723399
INV003922,1,0,0.05104928305348655
INV003923,1,0,0.1674770329809113
INV003924,1,0,0.09410958357523246
INV003925,1,0,0.037949447435563576
INV003926,1,0,0.07194010191477691
INV003927,1,0,0.1632559287123912
INV003928,1,0,0.09641345325423967
INV003929,1,0,0.02509751332841226
INV003930,1,0,0.06121860965338359
INV003931,1,0,0.17588882881883297
INV003932,1,0,0.07409253047735125
INV003933,1,0,0.06908918986676602
INV003934,1,0,0.12995029944405112
INV003935,1,0,0.05507582947674087
INV003936,1,0,0.27898807130379727
INV003937,1,0,0.05696942207172526
INV003938,1,0,0.10050048435396834
INV003939,1,0,0.12839003761329787
INV003940,1,0,0.08787136295013646
INV003941,1,0,0.10079574343693003
INV003942,1,0,0.22439607301361483
INV003943,1,0,0.09652703379939948
INV003944,1,0,0.2710140853555407
INV003945,1,0,0.04832952546560201
INV003946,1,0,0.09060206190009083
INV003947,1,0,0.09961498719225763
INV003948,1,0,0.03490761311127801
INV003949,1,0,0.03147253085720075
INV003950,1,0,0.4017372797955191
INV003951,1,0,0.20566879544268807
INV003952,1,0,0.12102513927967343
INV003953,1,0,0.29851025539502973
INV003954,1,0,0.40124922235577337
INV003955,1,0,0.03364967762295128
INV003956,1,0,0.09583589116560136
INV003957,1,0,0.031053772519737885
INV003958,1,0,0.03601565857656301
INV003959,1,0,0.11092482241952344
INV003960,1,0,0.20117039509875878
INV003961,1,0,0.3076614118401019
INV003962,1,0,0.07268125589755912
INV003963,1,0,0.22514369781689872
INV003964,1,0,0.13170878254086393
INV003965,1,0,0.1987881969526149
INV003966,1,0,0.04047287207165007
INV003967,1,0,0.0485708973877902
INV003968,1,0,0.25583402357932106
INV003969,1,0,0.04850596529838102
INV003970,1,0,0.08695395269087598
INV003971,1,0,0.04899216974442752
INV003972,1,0,0.2453677116618495
INV003973,1,0,0.07390817596430213
INV003974,1,0,0.030108908990739917
INV003975,1,0,0.05186988619344802
INV003976,1,0,0.03329264889835269
INV003977,1,0,0.06580100993515507
INV003978,1,0,0.0575843641294472
INV003979,1,0,0.1297434594634495
INV003980,-1,1,0.4576033588414489
INV003981,1,0,0.04554057459227744
INV003982,1,0,0.13935830966247328
INV003983,1,0,0.19862479836333485
INV003984,1,0,0.03252041913824386
INV003985,1,0,0.012417401282767365
INV003986,1,0,0.06045963072949085
INV003987,1,0,0.07034715733422649
INV003988,1,0,0.053333439691941764
INV003989,1,0,0.06866209070959582
INV003990,1,0,0.12420159458547868
INV003991,1,0,0.2760658372333884
INV003992,1,0,0.03918163736748284
INV003993,1,0,0.04771365786607137
INV003994,1,0,0.11782550562521057
INV003995,1,0,0.14737858009174218
INV003996,1,0,0.027157689353902437
INV003997,1,0,0.09059870626634517
INV003998,1,0,0.061637811697692724
INV003999,1,0,0.07707874690695134
INV004000,1,0,0.22642193294780436
INV004001,1,0,0.11026637198617033
INV004002,1,0,0.009460924587297123
INV004003,1,0,0.06764821949831483
INV004004,1,0,0.12771790041787845
INV004005,1,0,0.23376493143993457
INV004006,1,0,0.151358772351317
INV004007,-1,1,0.6706233610042522
INV004008,1,0,0.2503707168525895
INV004009,1,0,0.032484911779375035
INV004010,1,0,0.1819002896812899
INV004011,1,0,0.09017677249107037
INV004012,-1,1,0.4732659152282081
INV004013,1,0,0.16292744123832328
INV004014,1,0,0.06623926129375654
INV004015,1,0,0.03275617653082124
INV004016,1,0,0.11834548550031389
INV004017,1,0,0.08476882598529709
INV004018,1,0,0.08832786011445079
INV004019,1,0,0.21587839805001927
INV004020,1,0,0.046432964582558994
INV004021,1,0,0.107293041564845
INV004022,1,0,0.03852515652519258
INV004023,1,0,0.10796259729315344
INV004024,1,0,0.11055733690697414
INV004025,1,0,0.2011541819409157
INV004026,1,0,0.25103536239025837
INV004027,1,0,0.057254911566637215
INV004028,1,0,0.21650028352218753
INV004029,1,0,0.05296805457835324
INV004030,1,0,0.09908429613276186
INV004031,1,0,0.145098924475409
INV004032,1,0,0.04562388146658289
INV004033,1,0,0.1300030007284514
INV004034,1,0,0.04249039274643165
INV004035,1,0,0.0857365771970141
INV004036,1,0,0.049050413903215545
INV004037,1,0,0.060420970570360916
INV004038,1,0,0.040446550684273615
INV004039,1,0,0.15330696748441258
INV004040,1,0,0.0669922479203815
INV004041,1,0,0.04696182690258833
INV004042,-1,1,0.5603343198476319
INV004043,1,0,0.32560912819368193
INV004044,1,0,0.04750106473020904
INV004045,1,0,0.15485321593901605
INV004046,1,0,0.23939234846945515
INV004047,1,0,0.2049013494980966
INV004048,1,0,0.07936894160208319
INV004049,1,0,0.16019735892117568
INV004050,1,0,0.08031531486218724
INV004051,1,0,0.036532886444461704
INV004052,1,0,0.23937216748470808
INV004053,1,0,0.13981831414844997
INV004054,1,0,0.08760828963427332
INV004055,1,0,0.08300295704233068
INV004056,1,0,0.03916182007890247
INV004057,1,0,0.09154529220555124
INV004058,1,0,0.07458220958659854
INV004059,1,0,0.06337597808227495
INV004060,1,0,0.21344767920469232
INV004061,1,0,0.05207770468268535
INV004062,1,0,0.07245610519044422
INV004063,1,0,0.12016799933381957
INV004064,1,0,0.19680968588839
INV004065,1,0,0.4098270228556219
INV004066,1,0,0.11923781368245273
INV004067,1,0,0.07616638599074206
INV004068,1,0,0.1475753607252807
INV004069,1,0,0.20197065610034756
INV004070,1,0,0.08997215492739868
INV004071,1,0,0.2914710541681448
INV004072,1,0,0.04950597272970072
INV004073,1,0,0.328939978896406
INV004074,1,0,0.2131024460356887
INV004075,1,0,0.2604878869943599
INV004076,1,0,0.07880901468316238
INV004077,1,0,0.25168089581992287
INV004078,1,0,0.028299920790771396
INV004079,1,0,0.14571468998055323
INV004080,1,0,0.2549473254083533
INV004081,1,0,0.17268224397091148
INV004082,1,0,0.12226047274278924
INV004083,1,0,0.20132865316895845
INV004084,1,0,0.34105354961441314
INV004085,1,0,0.11789603526341497
INV004086,1,0,0.023049119176566997
INV004087,1,0,0.0302787059951321
INV004088,1,0,0.13109569583202785
INV004089,1,0,0.02363468659278707
INV004090,1,0,0.13425584361857917
INV004091,1,0,0.014644867699100998
INV004092,1,0,0.21562821312208413
INV004093,1,0,0.07964449135044484
INV004094,1,0,0.07167459245674862
INV004095,1,0,0.04869486033874259
INV004096,1,0,0.05815712134883175
INV004097,1,0,0.07171912758709281
INV004098,1,0,0.18693899298433378
INV004099,1,0,0.0226696317450684
INV004100,1,0,0.034084842886015466
INV004101,1,0,0.17797676127814763
INV004102,1,0,0.2401692547188052
INV004103,-1,1,0.8066641941886266
INV004104,1,0,0.049128069756189954
INV004105,1,0,0.04982627672016372
INV004106,1,0,0.04617847416150399
INV004107,1,0,0.026503382892554505
INV004108,1,0,0.2829937124625378
INV004109,1,0,0.007641886692831427
INV004110,1,0,0.059016896887429594
INV004111,1,0,0.12556590036199258
INV004112,-1,1,0.44203260186524823
INV004113,1,0,0.3395804728160774
INV004114,1,0,0.08357370631980282
INV004115,1,0,0.15542612543770132
INV004116,1,0,0.07644106709784422
INV004117,-1,1,0.850662338591116
INV004118,1,0,0.3245805230995849
INV004119,1,0,0.15029328025742367
INV004120,1,0,0.014145536284934212
INV004121,1,0,0.07046668007248906
INV004122,1,0,0.07306275528790943
INV004123,1,0,0.10402296247102708
INV004124,1,0,0.15731332288535926
INV004125,1,0,0.04809286005830411
INV004126,1,0,0.07315695929231122
INV004127,1,0,0.0860114495812254
INV004128,1,0,0.06463221431288421
INV004129,1,0,0.08779669367738073
INV004130,1,0,0.24473027654468038
INV004131,1,0,0.1843187490190448
INV004132,1,0,0.14721176103129457
INV004133,1,0,0.17146916036378013
INV004134,1,0,0.036524657909828465
INV004135,1,0,0.08956319369253034
INV004136,1,0,0.10171308785021226
INV004137,1,0,0.12926333882636348
INV004138,1,0,0.0588604782809182
INV004139,1,0,0.11249792324293383
INV004140,1,0,0.015027041654302829
INV004141,1,0,0.10020636696939149
INV004142,1,0,0.04400572171192688
INV004143,1,0,0.17858954080612893
INV004144,1,0,0.14467511898394128
INV004145,1,0,0.19956610089632418
INV004146,1,0,0.15757953961875598
INV004147,1,0,0.06621170928583037
INV004148,1,0,0.060874502896843465
INV004149,1,0,0.1206095379134244
INV004150,1,0,0.06511559384404338
INV004151,1,0,0.05833831229625535
INV004152,1,0,0.014253341950268917
INV004153,1,0,0.03778786125882582
INV004154,1,0,0.148837935655847
INV004155,1,0,0.057378624828449167
INV004156,1,0,0.07117347588316669
INV004157,1,0,0.09144089897034577
INV004158,-1,1,0.4467525857829402
INV004159,1,0,0.07955245270013643
INV004160,1,0,0.05234273637451085
INV004161,1,0,0.04677537667733648
INV004162,1,0,0.06753838850435466
INV004163,1,0,0.11771780577888913
INV004164,1,0,0.11015450033765366
INV004165,1,0,0.08860016391771357
INV004166,-1,1,0.4883110742288462
INV004167,1,0,0.254311794736084
INV004168,1,0,0.09393587098796155
INV004169,1,0,0.050368882094938054
INV004170,1,0,0.22635324642099766
INV004171,1,0,0.04229595550410269
INV004172,1,0,0.12842242532969148
INV004173,1,0,0.047543905375731464
INV004174,1,0,0.20287401410874667
INV004175,1,0,0.27715292859569246
INV004176,1,0,0.08691937867172128
INV004177,1,0,0.14157633985487478
INV004178,1,0,0.045304817536989464
INV004179,1,0,0.06914580798960956
INV004180,-1,1,0.5890832605186187
INV004181,1,0,0.3640832810151276
INV004182,1,0,0.1552388138450774
INV004183,1,0,0.3187744585693185
INV004184,1,0,0.06790760098612193
INV004185,1,0,0.19879231491148125
INV004186,1,0,0.051665096160355715
INV004187,1,0,0.10596099816923675
INV004188,1,0,0.20104723917499054
INV004189,1,0,0.03685900547980534
INV004190,1,0,0.03517468706182484
INV004191,1,0,0.3495693459986311
INV004192,1,0,0.04009983620196112
INV004193,1,0,0.0658826799929782
INV004194,1,0,0.08314207182276148
INV004195,1,0,0.2117872433428404
INV004196,1,0,0.05748147443430285
INV004197,1,0,0.050675726382867735
INV004198,1,0,0.13252056537735576
INV004199,1,0,0.11513223435493215
INV004200,1,0,0.08394548741496141
INV004201,1,0,0.05047682659187184
INV004202,1,0,0.10787055618949101
INV004203,1,0,0.03888125902173126
INV004204,1,0,0.20032267585257188
INV004205,1,0,0.049640940605897584
INV004206,1,0,0.17016313872243985
INV004207,-1,1,0.6193790442662279
INV004208,1,0,0.05390559605459719
INV004209,1,0,0.08752092327443016
INV004210,1,0,0.22538367798513692
INV004211,1,0,0.13242886420640854
INV004212,1,0,0.16343831154879646
INV004213,1,0,0.12895783469049912
INV004214,1,0,0.18143983739900094
INV004215,1,0,0.20383156987452836
INV004216,1,0,0.1288524922633212
INV004217,1,0,0.04955532225730416
INV004218,1,0,0.08871245243733364
INV004219,1,0,0.045264749953032354
INV004220,1,0,0.14723219107420932
INV004221,1,0,0.2199684022721475
INV004222,-1,1,0.4351709581505206
INV004223,1,0,0.08906472557657458
INV004224,1,0,0.3822121861251719
INV004225,1,0,0.10590600017639255
INV004226,1,0,0.21753702277955445
INV004227,1,0,0.11174781741886014
INV004228,1,0,0.29655260450764115
INV004229,-1,1,0.4364608408482919
INV004230,1,0,0.17617857293650468
INV004231,1,0,0.12937602499406375
INV004232,1,0,0.10875491378894446
INV004233,1,0,0.14707539405151038
INV004234,1,0,0.017294767777838654
INV004235,1,0,0.03924716730522722
INV004236,1,0,0.2767824810533772
INV004237,1,0,0.1159535707081283
INV004238,1,0,0.39173319121306904
INV004239,1,0,0.17585907858438593
INV004240,1,0,0.3049854134285759
INV004241,1,0,0.1603310202191073
INV004242,1,0,0.083302665191158
INV004243,1,0,0.0998408361890915
INV004244,1,0,0.18197950917000316
INV004245,1,0,0.11377286805637046
INV004246,1,0,0.05276556766241506
INV004247,1,0,0.10970334424161472
INV004248,1,0,0.08237049956948918
INV004249,1,0,0.08278985117059834
INV004250,1,0,0.06670303900019413
INV004251,1,0,0.22779738460183493
INV004252,1,0,0.2576184815036207
INV004253,1,0,0.04951942826575281
INV004254,1,0,0.08155946656560828
INV004255,1,0,0.09285169327403808
INV004256,1,0,0.12819158571553477
INV004257,1,0,0.12157797723640448
INV004258,1,0,0.15708348820521872
INV004259,1,0,0.4174675372582884
INV004260,-1,1,0.420719660808183
INV004261,1,0,0.039162513698014524
INV004262,1,0,0.07977905044925734
INV004263,1,0,0.03569217268605436
INV004264,1,0,0.05827033463298006
INV004265,1,0,0.1197879138105544
INV004266,1,0,0.06463045285845131
INV004267,1,0,0.2597670955805803
INV004268,-1,1,0.5513482796890427
INV004269,1,0,0.2568634902155334
INV004270,1,0,0.18459514128876472
INV004271,1,0,0.16141245015664377
INV004272,1,0,0.12819242916756687
INV004273,1,0,0.029494071020835278
INV004274,1,0,0.1900504241819379
INV004275,1,0,0.06119030653388076
INV004276,1,0,0.29857060968094495
INV004277,1,0,0.097793706906588
INV004278,1,0,0.07881870622574863
INV004279,1,0,0.09597836718389066
INV004280,1,0,0.16786067679210226
INV004281,1,0,0.06192768130184783
INV004282,1,0,0.0606536242520346
INV004283,1,0,0.15499172287450289
INV004284,1,0,0.06825874038015212
INV004285,1,0,0.07559257235143024
INV004286,1,0,0.02373322826293941
INV004287,1,0,0.22803987686112917
INV004288,1,0,0.28941028976515765
INV004289,1,0,0.06696448612243047
INV004290,1,0,0.070689984917156
INV004291,1,0,0.22811196861783906
INV004292,1,0,0.04974234871830785
INV004293,1,0,0.062388821056639024
INV004294,1,0,0.08526087222714009
INV004295,1,0,0.01500578978553032
INV004296,1,0,0.012872097394214745
INV004297,1,0,0.37706785813781374
INV004298,1,0,0.11098089683154874
INV004299,1,0,0.09825003835046134
INV004300,1,0,0.10723983374744149
INV004301,1,0,0.043868003765216226
INV004302,1,0,0.03341580667473044
INV004303,1,0,0.04673953598909152
INV004304,1,0,0.41320455549788665
INV004305,1,0,0.06842961920070903
INV004306,1,0,0.10590717531442609
INV004307,1,0,0.06037110181476539
INV004308,1,0,0.12063448183496438
INV004309,1,0,0.05778563634430027
INV004310,1,0,0.05451234223009922
INV004311,1,0,0.11895598594757409
INV004312,1,0,0.15936490393282904
INV004313,1,0,0.04835490071626324
INV004314,1,0,0.032067115251568565
INV004315,1,0,0.10383629353381192
INV004316,1,0,0.05501209933576211
INV004317,1,0,0.047844979654302885
INV004318,1,0,0.019905290887143236
INV004319,1,0,0.1216963783727267
INV004320,1,0,0.033748727009825334
INV004321,1,0,0.22799931025522868
INV004322,1,0,0.07005641146762366
INV004323,1,0,0.04272014677088557
INV004324,1,0,0.016459496436427874
INV004325,1,0,0.2022744667730886
INV004326,1,0,0.03532754028132874
INV004327,1,0,0.26111477786559895
INV004328,1,0,0.11640071430120924
INV004329,1,0,0.09907199429878548
INV004330,1,0,0.15111873961942934
INV004331,1,0,0.11226447130953905
INV004332,-1,1,0.5260207528836675
INV004333,1,0,0.21175024501588657
INV004334,1,0,0.22611812254255484
INV004335,1,0,0.16025535956600506
INV004336,1,0,0.08814618975236733
INV004337,1,0,0.410073741496039
INV004338,1,0,0.1171725880522806
INV004339,1,0,0.18247352216628737
INV004340,1,0,0.17305896147337285
INV004341,1,0,0.05334922724388306
INV004342,1,0,0.009466717742677518
INV004343,1,0,0.07411646662048976
INV004344,1,0,0.08403468552139687
INV004345,1,0,0.13774446562772968
INV004346,1,0,0.3516930714436154
INV004347,1,0,0.08407109356681272
INV004348,1,0,0.07219580682260754
INV004349,1,0,0.1743326220744898
INV004350,1,0,0.03588197972125467
INV004351,1,0,0.056988694893043174
INV004352,-1,1,0.969246592288792
INV004353,1,0,0.10104244043728919
INV004354,1,0,0.119465660843357
INV004355,1,0,0.12332356987200827
INV004356,1,0,0.08233295898617338
INV004357,1,0,0.025768920162660833
INV004358,1,0,0.07272677970933375
INV004359,1,0,0.10183146267769878
INV004360,1,0,0.10731133275680142
INV004361,1,0,0.11952468484249061
INV004362,1,0,0.1704072777798899
INV004363,1,0,0.2947787799225212
INV004364,1,0,0.06349597174792623
INV004365,1,0,0.07482270376513987
INV004366,1,0,0.21721627588646428
INV004367,1,0,0.05491262457795032
INV004368,1,0,0.08424839459632677
INV004369,1,0,0.07403138502334512
INV004370,1,0,0.13623056554864213
INV004371,1,0,0.21319265811070154
INV004372,1,0,0.23140818530061866
INV004373,1,0,0.08880247002289623
INV004374,1,0,0.22014173544978832
INV004375,1,0,0.1831853483532743
INV004376,1,0,0.24099356823000212
INV004377,1,0,0.3832480674432701
INV004378,1,0,0.14632511384826624
INV004379,1,0,0.10105148197736993
INV004380,1,0,0.07013576389263074
INV004381,1,0,0.10394288164156025
INV004382,1,0,0.044354992439035096
INV004383,1,0,0.17658639556682473
INV004384,1,0,0.10729693132769307
INV004385,1,0,0.36422078625561916
INV004386,1,0,0.06212079117039566
INV004387,1,0,0.24795945643243833
INV004388,1,0,0.0661633954546916
INV004389,1,0,0.044851330361516846
INV004390,1,0,0.12442394561222117
INV004391,1,0,0.08189282665665833
INV004392,1,0,0.11164344654447585
INV004393,1,0,0.1571458551954617
INV004394,1,0,0.1495614505867001
INV004395,1,0,0.10325199490915173
INV004396,1,0,0.18866024640417348
INV004397,1,0,0.047255505408954616
INV004398,-1,1,0.4914647812515153
INV004399,1,0,0.1564233750593305
INV004400,1,0,0.24671327171034468
INV004401,1,0,0.06225151254196336
INV004402,1,0,0.05095279455164845
INV004403,1,0,0.1070418612395804
INV004404,1,0,0.045749343284657754
INV004405,1,0,0.05473607219638464
INV004406,1,0,0.03319395082115985
INV004407,1,0,0.058497914510745624
INV004408,1,0,0.1107755969645205
INV004409,1,0,0.41325641955618775
INV004410,1,0,0.07252894640131385
INV004411,1,0,0.22245434238224077
INV004412,1,0,0.037528723386244627
INV004413,1,0,0.2627054435612802
INV004414,1,0,0.40588914891302985
INV004415,1,0,0.11566628895166929
INV004416,1,0,0.0594051904482053
INV004417,1,0,0.1727873475000435
INV004418,1,0,0.09267603107321186
INV004419,1,0,0.031802454961275047
INV004420,1,0,0.1275834739622154
INV004421,1,0,0.4074016469814369
INV004422,1,0,0.09687804390914431
INV004423,1,0,0.23369929629566671
INV004424,1,0,0.011260362891331886
INV004425,1,0,0.05024938604022415
INV004426,1,0,0.043136060972318105
INV004427,1,0,0.051903978338983366
INV004428,1,0,0.025039728756244824
INV004429,1,0,0.06653966751486166
INV004430,1,0,0.07429579991739035
INV004431,1,0,0.0363994491740249
INV004432,1,0,0.3356712779768442
INV004433,1,0,0.08443196691232305
INV004434,1,0,0.17426061877720486
INV004435,1,0,0.07339373999141029
INV004436,1,0,0.18588640833058986
INV004437,1,0,0.09089196191369567
INV004438,1,0,0.14989591300618643
INV004439,1,0,0.22064802851981347
INV004440,1,0,0.07494632429679193
INV004441,1,0,0.2253464905594326
INV004442,1,0,0.07006327900912274
INV004443,1,0,0.0796708754581509
INV004444,1,0,0.04683324967417249
INV004445,1,0,0.10462317310571197
INV004446,1,0,0.026576004610228895
INV004447,1,0,0.10645654134139453
INV004448,-1,1,0.616529803664428
INV004449,1,0,0.05716273801149384
INV004450,1,0,0.06625989967284332
INV004451,1,0,0.10639431159985183
INV004452,1,0,0.05281025708554197
INV004453,1,0,0.3615591217911452
INV004454,1,0,0.035397274757103865
INV004455,1,0,0.21224117416051289
INV004456,1,0,0.04451665997239895
INV004457,1,0,0.2187453610989427
INV004458,1,0,0.04345785717248861
INV004459,1,0,0.036928359256479054
INV004460,-1,1,0.509224699904263
INV004461,1,0,0.19030282553704525
INV004462,1,0,0.11723139624073782
INV004463,1,0,0.17249708581785253
INV004464,1,0,0.34276488538787214
INV004465,1,0,0.25470731457304974
INV004466,1,0,0.07378660568390412
INV004467,1,0,0.024486044854451723
INV004468,1,0,0.055745629728605396
INV004469,1,0,0.09089040516590802
INV004470,1,0,0.1390526939164615
INV004471,1,0,0.03990851998969907
INV004472,1,0,0.17366666597202057
INV004473,1,0,0.04521845243211453
INV004474,1,0,0.055261360139262805
INV004475,1,0,0.2458393554368493
INV004476,1,0,0.012135535850747673
INV004477,1,0,0.08097664786767897
INV004478,1,0,0.10174349689979345
INV004479,-1,1,0.44630310726055533
INV004480,1,0,0.22124528971104324
INV004481,1,0,0.07245631878406042
INV004482,1,0,0.07481122075561489
INV004483,1,0,0.012653841748412232
INV004484,1,0,0.05931824910506273
INV004485,1,0,0.21663031633974794
INV004486,1,0,0.06742106181590977
INV004487,1,0,0.07207442053963532
INV004488,1,0,0.03168249410146798
INV004489,1,0,0.10021010341594132
INV004490,1,0,0.26580237460440176
INV004491,1,0,0.10013592036303083
INV004492,1,0,0.042398345503184366
INV004493,1,0,0.042736060046827506
INV004494,1,0,0.058578698889095726
INV004495,1,0,0.056838825091346946
INV004496,1,0,0.09125802501930395
INV004497,1,0,0.03786897433584404
INV004498,1,0,0.13691177943580485
INV004499,1,0,0.047605839577104674
INV004500,1,0,0.06025639844468634
INV004501,1,0,0.05724697071529394
INV004502,1,0,0.07724498016602266
INV004503,1,0,0.045821546894303344
INV004504,1,0,0.010247052267903355
INV004505,1,0,0.0188525670451712
INV004506,1,0,0.10882716984561462
INV004507,1,0,0.13667998191878175
INV004508,1,0,0.02077339798040481
INV004509,1,0,0.09208250371050522
INV004510,1,0,0.019232903661233414
INV004511,1,0,0.16004398509727455
INV004512,1,0,0.25296607344197064
INV004513,1,0,0.06470851674561066
INV004514,1,0,0.16198558058209436
INV004515,1,0,0.03857634253118791
INV004516,1,0,0.05152362549640487
INV004517,1,0,0.07797414063749707
INV004518,1,0,0.030671374787885047
INV004519,1,0,0.10964381691043122
INV004520,1,0,0.08290777557190203
INV004521,1,0,0.20317760401742058
INV004522,-1,1,0.435819725978251
INV004523,1,0,0.12448553023603048
INV004524,1,0,0.1656203031197677
INV004525,1,0,0.1553606963164885
INV004526,1,0,0.06190672266342051
INV004527,1,0,0.1563883812003181
INV004528,-1,1,0.4513326208395878
INV004529,1,0,0.03983917450196766
INV004530,1,0,0.04939085141328106
INV004531,1,0,0.030198215428943718
INV004532,1,0,0.052877246049732214
INV004533,1,0,0.08037483664749233
INV004534,1,0,0.16528605814238867
INV004535,1,0,0.017740745383253265
INV004536,1,0,0.11690699426223837
INV004537,1,0,0.38434071415084664
INV004538,1,0,0.04839681569025589
INV004539,1,0,0.23286928391150516
INV004540,1,0,0.046737994581589976
INV004541,-1,1,0.5724105494654826
INV004542,1,0,0.1108455655559888
INV004543,1,0,0.1347464721571088
INV004544,1,0,0.03942817378954989
INV004545,1,0,0.06640134325716492
INV004546,1,0,0.09030434418087481
INV004547,1,0,0.08470971861426393
INV004548,1,0,0.08197061997581254
INV004549,1,0,0.13042527815618385
INV004550,1,0,0.019175632708626378
INV004551,1,0,0.028713505176335793
INV004552,1,0,0.026551936386993834
INV004553,1,0,0.14917152658370939
INV004554,1,0,0.21834183607432328
INV004555,1,0,0.11011090453507776
INV004556,1,0,0.04238001242817532
INV004557,1,0,0.016223446377101273
INV004558,1,0,0.17133673264547908
INV004559,1,0,0.0823882034415259
INV004560,1,0,0.1763205688849057
INV004561,1,0,0.08840217238915239
INV004562,-1,1,0.42682707826387506
INV004563,1,0,0.13646041988455906
INV004564,1,0,0.0468666085729822
INV004565,1,0,0.021884865944479647
INV004566,1,0,0.23384730867204262
INV004567,1,0,0.12159228049767926
INV004568,1,0,0.1367586490661434
INV004569,1,0,0.17619191321949093
INV004570,1,0,0.10592881500412941
INV004571,-1,1,0.435819725978251
INV004572,1,0,0.1540141209467337
INV004573,1,0,0.08024578672052804
INV004574,1,0,0.08117350180764268
INV004575,1,0,0.010191467465460149
INV004576,1,0,0.05182994883115565
INV004577,1,0,0.10110900735286071
INV004578,1,0,0.0491202699826665
INV004579,1,0,0.05372792290352406
INV004580,1,0,0.040254146236967846
INV004581,1,0,0.21669513638857876
INV004582,1,0,0.12962880958881906
INV004583,1,0,0.231310697787835
INV004584,1,0,0.0389316095807181
INV004585,1,0,0.26844936242195466
INV004586,1,0,0.3016938835499523
INV004587,1,0,0.06000985977552883
INV004588,1,0,0.1288591792446835
INV004589,1,0,0.024739012069768175
INV004590,1,0,0.14509502736144883
INV004591,1,0,0.039016567075086
INV004592,1,0,0.02396459753628277
INV004593,1,0,0.13827938383628016
INV004594,1,0,0.08854068771178493
INV004595,1,0,0.05177339352505879
INV004596,1,0,0.06766092256004626
INV004597,1,0,0.189176601154073
INV004598,1,0,0.050217102981480674
INV004599,1,0,0.042393027767192
INV004600,1,0,0.10015816571517183
INV004601,1,0,0.0431844865481351
INV004602,1,0,0.03916267350462661
INV004603,1,0,0.1927909554428583
INV004604,1,0,0.03463525559609733
INV004605,1,0,0.14749511778464755
INV004606,1,0,0.15195100364580222
INV004607,1,0,0.0701868184671611
INV004608,1,0,0.07425036898784243
INV004609,1,0,0.09640426943761937
INV004610,1,0,0.046946473133501004
INV004611,1,0,0.04204119057236899
INV004612,1,0,0.174889403164086
INV004613,1,0,0.05902883579227103
INV004614,1,0,0.06492992524750818
INV004615,1,0,0.035405915832883106
INV004616,1,0,0.09121908654468627
INV004617,1,0,0.05688202537545332
INV004618,1,0,0.07789644705311022
INV004619,1,0,0.11154272457642618
INV004620,1,0,0.17105256573189848
INV004621,1,0,0.10286552639923047
INV004622,1,0,0.16161361670470023
INV004623,1,0,0.08847084369091898
INV004624,1,0,0.05279335621093128
INV004625,1,0,0.26125990781741687
INV004626,1,0,0.26922892449427144
INV004627,1,0,0.10078980754154879
INV004628,1,0,0.05691238809559623
INV004629,1,0,0.22039874662313094
INV004630,1,0,0.12259762069862176
INV004631,1,0,0.03455500917540826
INV004632,1,0,0.13759274093475535
INV004633,1,0,0.03879419614372756
INV004634,1,0,0.019912706386772012
INV004635,1,0,0.029229253890271274
INV004636,1,0,0.08819233652022132
INV004637,1,0,0.10385756208451832
INV004638,1,0,0.025852790260822357
INV004639,1,0,0.05564065244372616
INV004640,1,0,0.043828560805628705
INV004641,1,0,0.1506926979390405
INV004642,1,0,0.054837682715984874
INV004643,1,0,0.06420054938098926
INV004644,1,0,0.020832468769832496
INV004645,1,0,0.3074297620378284
INV004646,1,0,0.1907724222904895
INV004647,1,0,0.06475325516922428
INV004648,1,0,0.20773264547935263
INV004649,1,0,0.03979231306664297
INV004650,1,0,0.012368322163658973
INV004651,1,0,0.04338528281203047
INV004652,1,0,0.23655673936753413
INV004653,1,0,0.01658146503727384
INV004654,1,0,0.22665002510048465
INV004655,1,0,0.06604849673154409
INV004656,-1,1,0.9803694365460888
INV004657,1,0,0.2674724166635132
INV004658,1,0,0.05632243926877802
INV004659,1,0,0.05439964323911758
INV004660,1,0,0.04099676117043954
INV004661,1,0,0.13941077255061668
INV004662,1,0,0.191465762445031
INV004663,1,0,0.2420586131863117
INV004664,1,0,0.10486295595586043
INV004665,1,0,0.008253510389290458
INV004666,1,0,0.08402936630765143
INV004667,1,0,0.35183047521606803
INV004668,1,0,0.17827413745167045
INV004669,1,0,0.04470728498688338
INV004670,1,0,0.04784541325450571
INV004671,1,0,0.14259829875512972
INV004672,1,0,0.2218339626096728
INV004673,1,0,0.11619022752473952
INV004674,1,0,0.37551947312793515
INV004675,1,0,0.29244920586917195
INV004676,1,0,0.13016555789512954
INV004677,1,0,0.0938207387602768
INV004678,1,0,0.03932759925732853
INV004679,1,0,0.18770816846903438
INV004680,1,0,0.021254418293092936
INV004681,1,0,0.1775033747862504
INV004682,-1,1,0.9531254112078571
INV004683,1,0,0.08098214055831361
INV004684,1,0,0.04758481803322296
INV004685,1,0,0.03813907354634998
INV004686,1,0,0.07498598434663857
INV004687,1,0,0.0930880739603092
INV004688,1,0,0.08818028757141026
INV004689,1,0,0.1674357588046929
INV004690,1,0,0.21885198067907444
INV004691,1,0,0.03586583906499032
INV004692,1,0,0.2733482539436515
INV004693,1,0,0.0684047600816193
INV004694,1,0,0.09805937715591825
INV004695,1,0,0.10600723757945338
INV004696,1,0,0.20954274728056624
INV004697,1,0,0.09859151527420551
INV004698,1,0,0.071845333755362
INV004699,1,0,0.11338023508753957
INV004700,1,0,0.05806211074279992
INV004701,1,0,0.04665381944184702
INV004702,1,0,0.05519535918417626
INV004703,1,0,0.11257955178893024
INV004704,1,0,0.0278293649258886
INV004705,1,0,0.14990041432024923
INV004706,1,0,0.05013401483526749
INV004707,1,0,0.11734810793263152
INV004708,1,0,0.08541411537527718
INV004709,1,0,0.03716697590749204
INV004710,1,0,0.029297374436197943
INV004711,1,0,0.037388163023293855
INV004712,1,0,0.08905836996141187
INV004713,1,0,0.11472104210216945
INV004714,-1,1,0.4654422376825889
INV004715,1,0,0.05975433628857028
INV004716,1,0,0.18646385250292288
INV004717,1,0,0.12186296239291758
INV004718,1,0,0.25049463356258694
INV004719,1,0,0.03724246917658557
INV004720,1,0,0.238729147129898
INV004721,1,0,0.035438805628673416
INV004722,1,0,0.047645318503564064
INV004723,1,0,0.25804479917676226
INV004724,1,0,0.02079397364444333
INV004725,1,0,0.03231640140451696
INV004726,1,0,0.40142058431409483
INV004727,1,0,0.028724835718252906
INV004728,1,0,0.3983125090737967
INV004729,1,0,0.19825800674690883
INV004730,1,0,0.04107077047762265
INV004731,1,0,0.08636442720212299
INV004732,1,0,0.09203412297799543
INV004733,1,0,0.21107246329722815
INV004734,1,0,0.24529925922285933
INV004735,1,0,0.0681768853196387
INV004736,1,0,0.09362413658965191
INV004737,-1,1,0.5527816566642436
INV004738,1,0,0.13849970066498765
INV004739,1,0,0.12155976572850666
INV004740,1,0,0.047884667675899086
INV004741,1,0,0.2379475120557415
INV004742,1,0,0.12269416899817863
INV004743,1,0,0.15211961027497273
INV004744,1,0,0.04019539840525062
INV004745,1,0,0.1695433749042984
INV004746,1,0,0.03664897805975722
INV004747,1,0,0.04423062965211108
INV004748,1,0,0.16169249577276887
INV004749,1,0,0.11358998814395524
INV004750,1,0,0.19258695427382325
INV004751,1,0,0.0576957672309226
INV004752,1,0,0.0922088721744286
INV004753,1,0,0.07459648438309477
INV004754,1,0,0.10183959903932291
INV004755,1,0,0.298001654425722
INV004756,1,0,0.09628166991500366
INV004757,1,0,0.14086885135866273
INV004758,1,0,0.04890507948157819
INV004759,1,0,0.04746308452549065
INV004760,1,0,0.14819740118706598
INV004761,1,0,0.037064083479443365
INV004762,1,0,0.06754325924025942
INV004763,1,0,0.022699727317958534
INV004764,1,0,0.046231254181767704
INV004765,1,0,0.14342618656857078
INV004766,1,0,0.09776527512371194
INV004767,1,0,0.15693093661880875
INV004768,1,0,0.24015455071224534
INV004769,1,0,0.06857988134851563
INV004770,-1,1,0.4242725212942635
INV004771,1,0,0.15637170756756294
INV004772,1,0,0.20444199243086383
INV004773,1,0,0.028923703129784862
INV004774,1,0,0.10461483940422502
INV004775,1,0,0.06453640603399544
INV004776,1,0,0.1203033751486872
INV004777,1,0,0.1142875417682058
INV004778,1,0,0.050778043785715335
INV004779,1,0,0.09114698872849043
INV004780,1,0,0.011403856104930606
INV004781,1,0,0.24841139848063834
INV004782,1,0,0.05703372920831517
INV004783,1,0,0.1336313750300164
INV004784,1,0,0.0476693106092893
INV004785,1,0,0.03496360582790429
INV004786,1,0,0.12029411847912821
INV004787,1,0,0.041426133779700995
INV004788,1,0,0.07924339048544642
INV004789,-1,1,0.6207484695842886
INV004790,1,0,0.026618640132714026
INV004791,1,0,0.14154826498516165
INV004792,1,0,0.053919124651303656
INV004793,1,0,0.05602989435900928
INV004794,1,0,0.04271220022090668
INV004795,1,0,0.1228787602190858
INV004796,1,0,0.09003197214752394
INV004797,1,0,0.039790627002586086
INV004798,1,0,0.060620743643668644
INV004799,1,0,0.027095975267239236
INV004800,1,0,0.04395479506391296
INV004801,1,0,0.07916480843797312
INV004802,1,0,0.07306676345071751
INV004803,1,0,0.10651117218358494
INV004804,1,0,0.05096321622316671
INV004805,1,0,0.20100399404180527
INV004806,1,0,0.15677654357409163
INV004807,1,0,0.10975792261339055
INV004808,1,0,0.04660528225890934
INV004809,1,0,0.09781157020733647
INV004810,1,0,0.048549301308519886
INV004811,1,0,0.036680770749288695
INV004812,1,0,0.22283955376046033
INV004813,-1,1,0.43074037076296723
INV004814,1,0,0.03965731644581139
INV004815,1,0,0.18549787035405144
INV004816,1,0,0.2388928281045745
INV004817,1,0,0.06791915482434296
INV004818,1,0,0.10387053117132136
INV004819,1,0,0.11833011278439468
INV004820,1,0,0.13252064946295583
INV004821,1,0,0.05885329541122284
INV004822,-1,1,0.4635924808651388
INV004823,1,0,0.11922702348137021
INV004824,1,0,0.11494888655503441
INV004825,1,0,0.17184166174890597
INV004826,1,0,0.081366202407619
INV004827,1,0,0.026861448454274545
INV004828,1,0,0.052855550790200725
INV004829,1,0,0.05553526168994977
INV004830,1,0,0.07018990850621404
INV004831,1,0,0.15849595256987462
INV004832,1,0,0.1976225238592778
INV004833,1,0,0.07281354498456713
INV004834,1,0,0.011049799551473512
INV004835,1,0,0.042405159605959385
INV004836,1,0,0.07586208830984949
INV004837,1,0,0.2181377292057073
INV004838,1,0,0.09095640747742703
INV004839,1,0,0.08062047456637005
INV004840,1,0,0.06787889780698687
INV004841,1,0,0.10445893911836984
INV004842,1,0,0.11681835150214122
INV004843,-1,1,0.42853477963211284
INV004844,1,0,0.026635539667399885
INV004845,1,0,0.16205471341769542
INV004846,1,0,0.16039119353446432
INV004847,1,0,0.21727426802041597
INV004848,1,0,0.16018998150093422
INV004849,1,0,0.056656850764960076
INV004850,1,0,0.06752378553410664
INV004851,1,0,0.21057399901140494
INV004852,1,0,0.23284906358566507
INV004853,1,0,0.16969067904012647
INV004854,1,0,0.09855251746385926
INV004855,1,0,0.02127918131792478
INV004856,1,0,0.17908310869355926
INV004857,1,0,0.09933927342310857
INV004858,1,0,0.21248707228419317
INV004859,1,0,0.39631590243697706
INV004860,1,0,0.3256891766790553
INV004861,1,0,0.10622396444584652
INV004862,1,0,0.01978149224774091
INV004863,1,0,0.08826723575116689
INV004864,1,0,0.08719079693350894
INV004865,1,0,0.03479318437486568
INV004866,1,0,0.07244396887019276
INV004867,1,0,0.16706126065655977
INV004868,1,0,0.05478659031438448
INV004869,1,0,0.07879589758721237
INV004870,1,0,0.04209701841803077
INV004871,1,0,0.011172939145211324
INV004872,1,0,0.06815468681175467
INV004873,1,0,0.05431273084507609
INV004874,1,0,0.16598684697700464
INV004875,1,0,0.0780901490554984
INV004876,1,0,0.22253359935224615
INV004877,1,0,0.061097204799938826
INV004878,1,0,0.0680846443142685
INV004879,1,0,0.0708441266257195
INV004880,1,0,0.09453304431104007
INV004881,1,0,0.05808824978959878
INV004882,1,0,0.07745194670265138
INV004883,1,0,0.2127726531543878
INV004884,1,0,0.04099490288219312
INV004885,1,0,0.0766899112463571
INV004886,1,0,0.1016060141006106
INV004887,1,0,0.21636927023816227
INV004888,1,0,0.15724211881165132
INV004889,1,0,0.22161844074767895
INV004890,1,0,0.1459913386094893
INV004891,1,0,0.0690334891806767
INV004892,1,0,0.1496856990354465
INV004893,1,0,0.060913751151801546
INV004894,1,0,0.07561999142833348
INV004895,1,0,0.17962686001063208
INV004896,1,0,0.16634708597775014
INV004897,1,0,0.047530647528044666
INV004898,1,0,0.1013053450395147
INV004899,1,0,0.1147056484237637
INV004900,1,0,0.04132611512693965
INV004901,1,0,0.14291033076092285
INV004902,1,0,0.10302501755759559
INV004903,1,0,0.05688878695879272
INV004904,1,0,0.15782241775491934
INV004905,1,0,0.12287848998536383
INV004906,1,0,0.05300150397825788
INV004907,1,0,0.39845229518871256
INV004908,1,0,0.05299501986174474
INV004909,1,0,0.25560617240310407
INV004910,1,0,0.11169386389237237
INV004911,1,0,0.08966593725079944
INV004912,1,0,0.348009555933337
INV004913,1,0,0.03446339195711426
INV004914,1,0,0.04711339700867393
INV004915,1,0,0.10738486447822296
INV004916,1,0,0.37779428532477066
INV004917,1,0,0.15076208369718988
INV004918,1,0,0.18556463226951056
INV004919,1,0,0.05734550097276218
INV004920,1,0,0.30606880039399653
INV004921,1,0,0.02187832999102139
INV004922,1,0,0.11168823847860909
INV004923,1,0,0.08197408935810609
INV004924,1,0,0.349208609285547
INV004925,1,0,0.10721693441307192
INV004926,-1,1,0.5361674460099407
INV004927,1,0,0.1135626627374767
INV004928,1,0,0.08520504368519423
INV004929,1,0,0.17256109239512898
INV004930,1,0,0.28743647954189067
INV004931,1,0,0.16681115926182322
INV004932,1,0,0.12742185945872267
INV004933,1,0,0.2845257950915267
INV004934,1,0,0.030973262657243587
INV004935,1,0,0.017327012178604308
INV004936,1,0,0.314492029549926
INV004937,1,0,0.030161066855245763
INV004938,1,0,0.21365157766268164
INV004939,1,0,0.23852844198489448
INV004940,-1,1,0.47436954486178284
INV004941,1,0,0.055066962930963116
INV004942,1,0,0.08503862583173297
INV004943,1,0,0.10337291913508467
INV004944,1,0,0.07282709567880712
INV004945,1,0,0.12717409994275602
INV004946,1,0,0.043499349976666955
INV004947,1,0,0.16511723406202344
INV004948,1,0,0.2114101294993987
INV004949,1,0,0.1042487989753914
INV004950,1,0,0.04978192106008078
INV004951,1,0,0.10223086115830145
INV004952,1,0,0.028264614433264782
INV004953,1,0,0.06527044484778606
INV004954,1,0,0.04563453345248241
INV004955,1,0,0.07404310037616421
INV004956,1,0,0.11153911718446363
INV004957,1,0,0.062314801262541866
INV004958,-1,1,0.44462252052520373
INV004959,1,0,0.05112832922337541
INV004960,1,0,0.015649061834256895
INV004961,1,0,0.043975615083537714
INV004962,1,0,0.06669968492619559
INV004963,1,0,0.08204251392965276
INV004964,1,0,0.201069637104659
INV004965,1,0,0.14326235130646242
INV004966,1,0,0.11907284613015527
INV004967,1,0,0.05364462550574029
INV004968,1,0,0.027571752720371656
INV004969,1,0,0.03326160348864408
INV004970,1,0,0.09785543081659061
INV004971,1,0,0.07817024812983765
INV004972,1,0,0.07390394990860093
INV004973,1,0,0.041600109926776
INV004974,1,0,0.07601843194909616
INV004975,1,0,0.07075162534075427
INV004976,1,0,0.029106947995606848
INV004977,1,0,0.04107439012250434
INV004978,1,0,0.3102282536992559
INV004979,1,0,0.08038393088159312
INV004980,1,0,0.05235628090323157
INV004981,1,0,0.041699116468518274
INV004982,1,0,0.048677970605039804
INV004983,1,0,0.07805216009285325
INV004984,1,0,0.1555037277484897
INV004985,1,0,0.158742662502386
INV004986,1,0,0.021699777504646744
INV004987,1,0,0.10349165360674878
INV004988,1,0,0.19775112382994564
INV004989,1,0,0.25468751471232876
INV004990,1,0,0.13704917281610246
INV004991,1,0,0.13820301996470535
INV004992,1,0,0.15647390536654532
INV004993,1,0,0.1669632877250381
INV004994,1,0,0.4044098700465816
INV004995,1,0,0.07739986861956182
INV004996,1,0,0.05496804513266105
INV004997,1,0,0.10837639168198208
INV004998,1,0,0.07482632291980501
INV004999,1,0,0.012449553108411981
INV005000,1,0,0.39816252157928445
INV005001,1,0,0.07679739665702537
INV005002,1,0,0.1179975771571309
INV005003,1,0,0.09514804856490226
INV005004,1,0,0.28625922352043814
INV005005,1,0,0.032104076303878536
INV005006,1,0,0.4042438464403583
INV005007,1,0,0.07426848330111294
INV005008,1,0,0.2809887539705215
INV005009,1,0,0.37479579713146616
INV005010,1,0,0.0425497691883044
INV005011,1,0,0.3033660682215229
INV005012,1,0,0.06815361993502453
INV005013,1,0,0.07064228219029631
INV005014,1,0,0.17199990205793286
INV005015,1,0,0.05686683151346368
INV005016,1,0,0.05344932661445902
INV005017,1,0,0.11663565777560317
INV005018,1,0,0.009366156988965476
INV005019,1,0,0.2099046948468641
INV005020,1,0,0.13802637568532589
INV005021,1,0,0.21572406359920668
INV005022,1,0,0.09112326287481147
INV005023,1,0,0.009983320660053936
INV005024,1,0,0.18423388789533302
INV005025,1,0,0.039725198415252495
INV005026,1,0,0.10372609138786062
INV005027,1,0,0.0788814504377378
INV005028,1,0,0.10373488311948988
INV005029,1,0,0.11835528137483434
INV005030,1,0,0.13776609896772957
INV005031,1,0,0.0800326683766898
INV005032,1,0,0.08262347586410423
INV005033,1,0,0.2726238901465705
INV005034,1,0,0.18220270254330534
INV005035,1,0,0.23224907098653105
INV005036,1,0,0.24063212098162187
INV005037,1,0,0.07303119203390367
INV005038,1,0,0.0938470980385565
INV005039,1,0,0.08576986952148061
INV005040,1,0,0.07741436847054636
INV005041,1,0,0.1256962479324332
INV005042,1,0,0.032316165948231834
INV005043,1,0,0.29152116350615925
INV005044,1,0,0.10590485136886287
INV005045,1,0,0.21065746037967806
INV005046,1,0,0.12945434153788324
INV005047,1,0,0.01941043560109187
INV005048,1,0,0.11795035901770823
INV005049,1,0,0.033563428010153266
INV005050,1,0,0.0468290565901318
INV005051,1,0,0.02512814200026078
INV005052,1,0,0.04624199301779896
INV005053,1,0,0.025146910685687154
INV005054,1,0,0.08497336918932073
INV005055,1,0,0.2457917322986023
INV005056,1,0,0.19444089155050398
INV005057,1,0,0.11904172882381589
INV005058,1,0,0.09420317453713395
INV005059,1,0,0.017274867107872276
INV005060,1,0,0.048980240773256856
INV005061,1,0,0.24738530220496746
INV005062,1,0,0.02414627491354044
INV005063,1,0,0.06399149366413429
INV005064,1,0,0.12016965075877353
INV005065,1,0,0.0437850783405734
INV005066,1,0,0.07674723850861641
INV005067,1,0,0.24352487043014703
INV005068,1,0,0.135497552551177
INV005069,1,0,0.12375737894095021
INV005070,1,0,0.033573217990796
INV005071,-1,1,0.5065975275409511
INV005072,1,0,0.09596058618808374
INV005073,1,0,0.06178167491831059
INV005074,1,0,0.01862645702926815
INV005075,1,0,0.08714271882256418
INV005076,1,0,0.03374443031357727
INV005077,1,0,0.07790941013684782
INV005078,-1,1,0.4730002118750564
INV005079,1,0,0.11234516543606968
INV005080,-1,1,0.4250786428145183
INV005081,1,0,0.3417146666259326
INV005082,1,0,0.07350886803329706
INV005083,1,0,0.1674120255622948
INV005084,1,0,0.23464594165100167
INV005085,1,0,0.13788508178416417
INV005086,1,0,0.013558219433854228
INV005087,1,0,0.20193009827932948
INV005088,1,0,0.1566270487906679
INV005089,1,0,0.07071601280895365
INV005090,1,0,0.044068581956569264
INV005091,1,0,0.07743346686694022
INV005092,1,0,0.26930017613484347
INV005093,1,0,0.40096733356201447
INV005094,1,0,0.08200470516040602
INV005095,1,0,0.0860685138216465
INV005096,1,0,0.04367676352072197
INV005097,1,0,0.06697881808240401
INV005098,1,0,0.09341636248513509
INV005099,1,0,0.08720661884939745
INV005100,1,0,0.2704141360997921
INV005101,1,0,0.06633655257380477
INV005102,1,0,0.025511020662511468
INV005103,1,0,0.4117113916060149
INV005104,1,0,0.10696766789802052
INV005105,1,0,0.06228759265103414
INV005106,-1,1,0.4915164982671488
INV005107,1,0,0.08297700464530298
INV005108,1,0,0.04929767754150813
INV005109,1,0,0.20369614442592918
INV005110,1,0,0.12014452221264493
INV005111,1,0,0.09284558508338656
INV005112,1,0,0.10011433345979238
INV005113,-1,1,0.5085184874728206
INV005114,1,0,0.0694606691613252
INV005115,1,0,0.2304907074972394
INV005116,1,0,0.2136884374066722
INV005117,1,0,0.284002692463248
INV005118,1,0,0.06272192459497378
INV005119,1,0,0.021439445059961485
INV005120,1,0,0.15766239010189306
INV005121,1,0,0.10779789666324692
INV005122,1,0,0.04567305775184287
INV005123,1,0,0.10342624938399245
INV005124,1,0,0.051484918021071635
INV005125,1,0,0.1028990146575158
INV005126,1,0,0.08536517252505867
INV005127,1,0,0.020411243117523088
INV005128,1,0,0.16832411520657567
INV005129,1,0,0.12756364708617096
INV005130,1,0,0.11498058078219107
INV005131,1,0,0.26000818592495056
INV005132,1,0,0.04444053946643467
INV005133,1,0,0.037358617738840805
INV005134,1,0,0.050534314263337266
INV005135,1,0,0.01833305075324541
INV005136,1,0,0.09325616619542866
INV005137,1,0,0.03375994624908397
INV005138,1,0,0.05000268232475866
INV005139,1,0,0.06872267387763119
INV005140,1,0,0.01892979586014234
INV005141,1,0,0.0648641840240225
INV005142,1,0,0.07450007340399843
INV005143,1,0,0.037147737927322656
INV005144,1,0,0.018338811877844315
INV005145,1,0,0.1030798707871945
INV005146,1,0,0.07665945465119003
INV005147,1,0,0.17348631913979334
INV005148,1,0,0.010447209812525962
INV005149,1,0,0.04448542334078147
INV005150,-1,1,0.5636114325867482
INV005151,1,0,0.054285647725743895
INV005152,1,0,0.18866478011727775
INV005153,1,0,0.042432090408361725
INV005154,1,0,0.06717623180048561
INV005155,1,0,0.13802534397943914
INV005156,1,0,0.08949984071906836
INV005157,1,0,0.3842280084421636
INV005158,1,0,0.03174763878870316
INV005159,1,0,0.07707383149228145
INV005160,1,0,0.1657109435037555
INV005161,1,0,0.37774420676706766
INV005162,1,0,0.0900974300326507
INV005163,1,0,0.2509051033504103
INV005164,1,0,0.09606454585372516
INV005165,1,0,0.037321539415423634
INV005166,1,0,0.10418241690019255
INV005167,1,0,0.15060590704150728
INV005168,1,0,0.05392918841325288
INV005169,1,0,0.0500054986904909
INV005170,1,0,0.0956591080483459
INV005171,1,0,0.1816372734260792
INV005172,1,0,0.014094322658584877
INV005173,1,0,0.05995753463474697
INV005174,1,0,0.15000691037538796
INV005175,1,0,0.09475540696550687
INV005176,-1,1,0.42687824399057356
INV005177,1,0,0.24974258497726476
INV005178,1,0,0.15346340788737242
INV005179,1,0,0.038675816659552435
INV005180,1,0,0.08771196644112596
INV005181,1,0,0.1189132026775169
INV005182,1,0,0.024273885846601197
INV005183,1,0,0.04183809192845382
INV005184,1,0,0.06549919805152592
INV005185,1,0,0.030021949720142386
INV005186,1,0,0.13826423616824668
INV005187,1,0,0.17144798349055146
INV005188,1,0,0.16615569899157734
INV005189,1,0,0.09948380777392334
INV005190,1,0,0.17500458092358653
INV005191,1,0,0.2659038525500052
INV005192,1,0,0.02934157514263104
INV005193,1,0,0.04690322238449968
INV005194,1,0,0.043980897868795735
INV005195,1,0,0.081685811157442
INV005196,1,0,0.14709398903005663
INV005197,1,0,0.08820910866177326
INV005198,1,0,0.12190896898716792
INV005199,1,0,0.04829644620919128
INV005200,1,0,0.04462252410328294
INV005201,1,0,0.09542898947338242
INV005202,1,0,0.28164475726674043
INV005203,1,0,0.06430292683208674
INV005204,1,0,0.02888849448224763
INV005205,1,0,0.03766687553736711
INV005206,1,0,0.06762452369269834
INV005207,1,0,0.07895847013881631
INV005208,1,0,0.11113422642762683
INV005209,1,0,0.1373256327677585
INV005210,1,0,0.1436321292331464
INV005211,1,0,0.18697563999808053
INV005212,1,0,0.19289192638271208
INV005213,1,0,0.13007755976698904
INV005214,-1,1,0.4483139455678166
INV005215,1,0,0.17534587493500042
INV005216,1,0,0.09513612546523441
INV005217,1,0,0.01705718365622926
INV005218,1,0,0.19396426079135612
INV005219,1,0,0.06289298129699311
INV005220,1,0,0.058339617006931486
INV005221,1,0,0.18817942858869643
INV005222,1,0,0.04866693238622174
INV005223,1,0,0.18535706799389765
INV005224,1,0,0.22953050967340666
INV005225,1,0,0.13510421643842596
INV005226,1,0,0.040636077495742176
INV005227,1,0,0.23447865497374248
INV005228,1,0,0.09034663997401328
INV005229,1,0,0.06377739808220216
INV005230,1,0,0.13883956359715738
INV005231,1,0,0.09959449713789385
INV005232,1,0,0.0900286163751498
INV005233,1,0,0.03150119780610215
INV005234,1,0,0.11364583238005681
INV005235,1,0,0.020268088525870236
INV005236,1,0,0.17419876064458584
INV005237,1,0,0.07978959531697581
INV005238,1,0,0.20069768053939732
INV005239,1,0,0.01049341862158112
INV005240,1,0,0.04052622360640777
INV005241,1,0,0.06922204049002692
INV005242,1,0,0.16187926896659022
INV005243,1,0,0.3129868542459071
INV005244,1,0,0.06676620007972636
INV005245,1,0,0.36979362435575086
INV005246,1,0,0.05930335812468389
INV005247,1,0,0.09356880104005305
INV005248,1,0,0.10631910844345735
INV005249,1,0,0.0796245898951504
INV005250,1,0,0.07324586487323352
INV005251,1,0,0.08135397919136222
INV005252,1,0,0.14998728356486346
INV005253,1,0,0.14807523754426447
INV005254,1,0,0.042153648068759215
INV005255,1,0,0.09620141580849893
INV005256,1,0,0.07309190652579398
INV005257,-1,1,0.546185213739131
INV005258,1,0,0.047140583924221886
INV005259,1,0,0.09608884047596583
INV005260,1,0,0.06506275764296439
INV005261,1,0,0.015457305252665995
INV005262,1,0,0.08614373708620851
INV005263,1,0,0.06313643357885525
INV005264,1,0,0.09597755389593361
INV005265,1,0,0.09553744859128091
INV005266,1,0,0.059850559378032735
INV005267,1,0,0.15758796267574773
INV005268,1,0,0.027396152172315946
INV005269,1,0,0.07939979039414283
INV005270,1,0,0.07234613919607773
INV005271,1,0,0.04031166014207744
INV005272,1,0,0.07225517994200542
INV005273,1,0,0.084054860515952
INV005274,1,0,0.06803817480071415
INV005275,1,0,0.27195850632667434
INV005276,1,0,0.06639158960957191
INV005277,1,0,0.0465746965680738
INV005278,1,0,0.07241382888315828
INV005279,1,0,0.062363204249456246
INV005280,1,0,0.06935294783213017
INV005281,-1,1,0.6128233648444262
INV005282,1,0,0.019994783109779955
INV005283,1,0,0.08764113769133246
INV005284,1,0,0.14100675443613211
INV005285,1,0,0.1149613539290213
INV005286,1,0,0.07892446742132184
INV005287,1,0,0.40771091077363414
INV005288,1,0,0.10418113046374905
INV005289,1,0,0.1395566051220615
INV005290,1,0,0.05358029637264526
INV005291,1,0,0.2758405124190958
INV005292,1,0,0.2646062661747798
INV005293,1,0,0.3289956269195989
INV005294,1,0,0.048563409337678706
INV005295,1,0,0.09893258712580941
INV005296,1,0,0.20371858276152358
INV005297,1,0,0.006669249565480423
INV005298,1,0,0.06271083627681825
INV005299,1,0,0.06348133236638787
INV005300,1,0,0.15785380737325042
INV005301,-1,1,0.49566355776361665
INV005302,1,0,0.14129858852851043
INV005303,1,0,0.03093256613130331
INV005304,1,0,0.27115899624384526
INV005305,1,0,0.060824326508840336
INV005306,1,0,0.03610527074139541
INV005307,1,0,0.037240854840212036
INV005308,1,0,0.13640862674533558
INV005309,-1,1,0.6188005157433273
INV005310,1,0,0.0949556941153971
INV005311,1,0,0.055555708045240064
INV005312,1,0,0.06650133465089073
INV005313,1,0,0.05606920389522481
INV005314,1,0,0.17018103325256234
INV005315,1,0,0.06968130268597719
INV005316,1,0,0.1275049691717973
INV005317,1,0,0.1289412564091761
INV005318,1,0,0.07793076408126016
INV005319,-1,1,0.5003591433834256
INV005320,1,0,0.13746638483282514
INV005321,1,0,0.12455531656768541
INV005322,1,0,0.053454492258050164
INV005323,1,0,0.08094161086850632
INV005324,1,0,0.08169553641552277
INV005325,1,0,0.06951117686289214
INV005326,1,0,0.08082259228410371
INV005327,1,0,0.12936803322921087
INV005328,1,0,0.11739914843651006
INV005329,1,0,0.040462608043216
INV005330,1,0,0.1557753807290439
INV005331,1,0,0.022578097186526994
INV005332,1,0,0.10295617397619095
INV005333,1,0,0.1808613826035379
INV005334,1,0,0.11859723335806219
INV005335,1,0,0.05284309220932548
INV005336,1,0,0.178988526070728
INV005337,1,0,0.03485036385883099
INV005338,1,0,0.044042105178500664
INV005339,1,0,0.05041281215291619
INV005340,-1,1,0.5100649938868964
INV005341,1,0,0.37705222641398256
INV005342,1,0,0.024521800878606437
INV005343,1,0,0.07135011366754412
INV005344,1,0,0.052060816456778305
INV005345,1,0,0.04458841355559359
INV005346,1,0,0.2650782064675718
INV005347,1,0,0.021671022660026153
INV005348,1,0,0.13658188789247347
INV005349,-1,1,0.5204817396301921
INV005350,-1,1,0.5136724979955969
INV005351,1,0,0.1030962383057332
INV005352,1,0,0.07725250770732793
INV005353,1,0,0.22368816604998318
INV005354,1,0,0.06342249611746431
INV005355,1,0,0.08637936371076928
INV005356,1,0,0.05340275631250504
INV005357,1,0,0.06155181083510626
INV005358,1,0,0.061752445570042225
INV005359,1,0,0.08410228457681375
INV005360,1,0,0.02509389680953085
INV005361,1,0,0.05551501712526131
INV005362,1,0,0.34136614096553486
INV005363,1,0,0.20049243465861316
INV005364,1,0,0.2654455803822162
INV005365,1,0,0.145524606007597
INV005366,1,0,0.08547726632775948
INV005367,1,0,0.19075772514611122
INV005368,1,0,0.38244035106114427
INV005369,1,0,0.09418649768899279
INV005370,1,0,0.08385862874197422
INV005371,1,0,0.19127419243127172
INV005372,1,0,0.005847718727321848
INV005373,1,0,0.016834828888408516
INV005374,1,0,0.05629978012925191
INV005375,1,0,0.12206011564027007
INV005376,1,0,0.12318655515570576
INV005377,1,0,0.055786597531422746
INV005378,1,0,0.08487169865401026
INV005379,1,0,0.160376509122148
INV005380,1,0,0.022479798683935563
INV005381,1,0,0.06502311845474054
INV005382,1,0,0.05275900900016115
INV005383,1,0,0.2079768004296757
INV005384,1,0,0.05150131571469348
INV005385,1,0,0.08785317894015482
INV005386,1,0,0.16502998000953328
INV005387,1,0,0.058001711528658254
INV005388,1,0,0.07764703672812931
INV005389,1,0,0.04987117059513977
INV005390,1,0,0.02095999775659977
INV005391,1,0,0.05388513680282779
INV005392,1,0,0.023864222345988884
INV005393,1,0,0.036521708186573285
INV005394,1,0,0.336730404811062
INV005395,1,0,0.11718420898391385
INV005396,1,0,0.049786509819363146
INV005397,1,0,0.10196376806316096
INV005398,1,0,0.02163375388843727
INV005399,1,0,0.03206148420715429
INV005400,1,0,0.16697595286031539
INV005401,-1,1,0.5942190589009625
INV005402,1,0,0.22602883541114374
INV005403,1,0,0.03746789259207581
INV005404,1,0,0.32492483255415117
INV005405,1,0,0.024902798495864787
INV005406,1,0,0.10254415370692109
INV005407,1,0,0.13194310689121624
INV005408,1,0,0.14356136907940326
INV005409,-1,1,0.4310842461062935
INV005410,-1,1,0.5002819314430212
INV005411,1,0,0.1339397491396435
INV005412,-1,1,0.5162248896833541
INV005413,1,0,0.12178119994244721
INV005414,1,0,0.07913674165597423
INV005415,1,0,0.014662764651462637
INV005416,1,0,0.36590345676730607
INV005417,1,0,0.06802389187513048
INV005418,1,0,0.03375893268446939
INV005419,1,0,0.21824721607455924
INV005420,1,0,0.05169578272143538
INV005421,1,0,0.09837634804496366
INV005422,1,0,0.08453508919186056
INV005423,1,0,0.08083260561527951
INV005424,1,0,0.16711926480306186
INV005425,1,0,0.04068652148556593
INV005426,1,0,0.07785318173981007
INV005427,1,0,0.06096253849601925
INV005428,1,0,0.10080560603286041
INV005429,1,0,0.037621917584507544
INV005430,1,0,0.05291879868095787
INV005431,1,0,0.0972365907776871
INV005432,1,0,0.054595593219969395
INV005433,1,0,0.08902890318694266
INV005434,1,0,0.22279191939479534
INV005435,1,0,0.10221008204379117
INV005436,1,0,0.08364603325473412
INV005437,1,0,0.10557882260625255
INV005438,1,0,0.054753560571796756
INV005439,1,0,0.10145725105121746
INV005440,1,0,0.13851020075617587
INV005441,1,0,0.04444460594283066
INV005442,1,0,0.10704680053261001
INV005443,1,0,0.0848443347991908
INV005444,1,0,0.11620364138658323
INV005445,-1,1,0.48694821808115607
INV005446,-1,1,0.503440991498758
INV005447,-1,1,0.4592077515257051
INV005448,1,0,0.19108845723505283
INV005449,1,0,0.22822269413884605
INV005450,1,0,0.05124103267696225
INV005451,1,0,0.07786787493880866
INV005452,1,0,0.08342462721304338
INV005453,1,0,0.2547159771662538
INV005454,1,0,0.09796717852849775
INV005455,1,0,0.03391762968518823
INV005456,1,0,0.055692544357088855
INV005457,-1,1,0.47784659182859496
INV005458,1,0,0.019291414182467995
INV005459,1,0,0.06835207851605103
INV005460,1,0,0.06236370534634788
INV005461,1,0,0.15497037101549826
INV005462,1,0,0.27937677702002695
INV005463,1,0,0.1534457288227904
INV005464,1,0,0.09079742947888962
INV005465,-1,1,0.44238520864533637
INV005466,1,0,0.08568941359467129
INV005467,1,0,0.05934241461155677
INV005468,1,0,0.059360195873218356
INV005469,1,0,0.13566042944211268
INV005470,1,0,0.1380557002598054
INV005471,1,0,0.12394183315980165
INV005472,1,0,0.02164460671204814
INV005473,1,0,0.16270788482777382
INV005474,1,0,0.036455745525869186
INV005475,1,0,0.24631200956256064
INV005476,1,0,0.029500627950267515
INV005477,1,0,0.057812153781948226
INV005478,1,0,0.2067169674005675
INV005479,1,0,0.10972651704571153
INV005480,1,0,0.08947158982658487
INV005481,1,0,0.1092235338880415
INV005482,1,0,0.059140920229478894
INV005483,1,0,0.06932014151750863
INV005484,1,0,0.014149255996114702
INV005485,1,0,0.03699639691079215
INV005486,1,0,0.20749614601727817
INV005487,-1,1,0.42475338724877604
INV005488,1,0,0.1554584188377113
INV005489,1,0,0.06762597347410718
INV005490,1,0,0.11615848382083487
INV005491,1,0,0.11559331804188959
INV005492,1,0,0.15270949018187663
INV005493,1,0,0.11827814046258237
INV005494,1,0,0.2973318870981444
INV005495,1,0,0.3877979978988786
INV005496,1,0,0.054319002029212166
INV005497,1,0,0.02877333399335154
INV005498,1,0,0.20587824737596117
INV005499,1,0,0.014057472266955041
INV005500,1,0,0.0828497360274178
INV005501,1,0,0.11693285524653736
INV005502,1,0,0.0462752935276745
INV005503,-1,1,0.4988202860005217
INV005504,1,0,0.14441423657515265
INV005505,1,0,0.06264054604913095
INV005506,1,0,0.4128959114319651
INV005507,1,0,0.09184543635592136
INV005508,1,0,0.2416360892971611
INV005509,1,0,0.02112476084686004
INV005510,1,0,0.025326594934855194
INV005511,1,0,0.047646727275448886
INV005512,1,0,0.0705129546698964
INV005513,1,0,0.07697613360135355
INV005514,1,0,0.19081528243154625
INV005515,1,0,0.09441615211562489
INV005516,1,0,0.05179963236190903
INV005517,1,0,0.0408641201636329
INV005518,1,0,0.22122849092539212
INV005519,1,0,0.05231361171596062
INV005520,1,0,0.10693148931812688
INV005521,1,0,0.22140537038204527
INV005522,1,0,0.1466517700883784
INV005523,1,0,0.12727870376484923
INV005524,1,0,0.22158719041982344
INV005525,1,0,0.05617412055842011
INV005526,1,0,0.19140864721983342
INV005527,1,0,0.026620465893744085
INV005528,1,0,0.02383184510822759
INV005529,1,0,0.09399547697219872
INV005530,1,0,0.03735539796083237
INV005531,1,0,0.11076190544086446
INV005532,1,0,0.1086719042946797
INV005533,1,0,0.3230268170279643
INV005534,1,0,0.22879920467961684
INV005535,1,0,0.34143786071706916
INV005536,1,0,0.0668198926800201
INV005537,1,0,0.06432079232449531
INV005538,1,0,0.03097714471977178
INV005539,-1,1,0.5331567833068012
INV005540,1,0,0.05697531196327519
INV005541,1,0,0.05283497203111672
INV005542,1,0,0.06042939352633364
INV005543,1,0,0.2705316949294365
INV005544,1,0,0.07506088410288375
INV005545,1,0,0.1468533594564265
INV005546,1,0,0.12681534590657115
INV005547,1,0,0.19556069792871345
INV005548,1,0,0.12012210351040115
INV005549,1,0,0.02883970706986224
INV005550,1,0,0.3057730940726586
INV005551,1,0,0.09600977403065805
INV005552,1,0,0.24470033317733805
INV005553,1,0,0.10858091991088084
INV005554,1,0,0.03760103436545786
INV005555,1,0,0.04300152854514592
INV005556,1,0,0.23852799742557063
INV005557,1,0,0.14525194706015293
INV005558,1,0,0.12394895177993848
INV005559,-1,1,0.45751649213750956
INV005560,1,0,0.06721394799605829
INV005561,1,0,0.15848328534714434
INV005562,1,0,0.02031341224019799
INV005563,1,0,0.048338914694282975
INV005564,-1,1,0.4334333402220053
INV005565,1,0,0.07864806587044565
INV005566,1,0,0.044318515599422674
INV005567,1,0,0.19625196573429673
INV005568,1,0,0.06725761232255524
INV005569,1,0,0.058022841911203334
INV005570,1,0,0.08981026509796886
INV005571,1,0,0.12220159004669352
INV005572,1,0,0.07845117147220224
INV005573,1,0,0.09076924591618038
INV005574,1,0,0.06029003811494834
INV005575,1,0,0.12313471173591609
INV005576,-1,1,0.42235927448912014
INV005577,1,0,0.15402999275322973
INV005578,1,0,0.05256241663188969
INV005579,1,0,0.20859227821083473
INV005580,1,0,0.05896872332252991
INV005581,1,0,0.05115230806340882
INV005582,1,0,0.15161780904240918
INV005583,1,0,0.4106812061957973
INV005584,1,0,0.05520415927501395
INV005585,1,0,0.20650303680420948
INV005586,1,0,0.3957270031020179
INV005587,1,0,0.12376678648964251
INV005588,1,0,0.19838924000101865
INV005589,1,0,0.059019293050591615
INV005590,1,0,0.057934337715293105
INV005591,1,0,0.11715587142905753
INV005592,1,0,0.23863355583753246
INV005593,1,0,0.08809835518818065
INV005594,1,0,0.0985952155453698
INV005595,1,0,0.2702720927012542
INV005596,1,0,0.05283523542617294
INV005597,1,0,0.11642029742189151
INV005598,1,0,0.050698703856314226
INV005599,1,0,0.16178973991921694
INV005600,1,0,0.03241406896053196
INV005601,1,0,0.1491910417743717
INV005602,1,0,0.08900650201439592
INV005603,1,0,0.06575411793558668
INV005604,1,0,0.0686551651550687
INV005605,1,0,0.07665858505289172
INV005606,1,0,0.12400846188075759
INV005607,1,0,0.08487254878503424
INV005608,1,0,0.19088726771865225
INV005609,1,0,0.010196948012049982
INV005610,1,0,0.05286388910185511
INV005611,1,0,0.12141277458266433
INV005612,1,0,0.1801622969464017
INV005613,1,0,0.0943010569440027
INV005614,1,0,0.09743405312760602
INV005615,1,0,0.19238971585608564
INV005616,1,0,0.21546042328519854
INV005617,1,0,0.306130448538605
INV005618,1,0,0.05549175530463856
INV005619,1,0,0.11949048622063256
INV005620,1,0,0.06495891940653925
INV005621,1,0,0.27309920267080884
INV005622,1,0,0.1930577011587856
INV005623,1,0,0.051785992545432126
INV005624,1,0,0.056737569097911215
INV005625,1,0,0.03384892113693033
INV005626,1,0,0.3116380817877216
INV005627,1,0,0.19281510566334822
INV005628,1,0,0.12769421834682396
INV005629,1,0,0.19215171623269584
INV005630,1,0,0.1826974424730866
INV005631,1,0,0.13375629454566512
INV005632,1,0,0.11664452068242179
INV005633,1,0,0.06637878393104306
INV005634,1,0,0.10807108902879134
INV005635,1,0,0.08071219943540019
INV005636,1,0,0.1276173897187481
INV005637,1,0,0.15962353534752682
INV005638,1,0,0.03320792699310495
INV005639,1,0,0.06746960522076431
INV005640,1,0,0.10075748863925857
INV005641,1,0,0.05063768880130273
INV005642,1,0,0.2177278544470188
INV005643,1,0,0.08815443781060332
INV005644,1,0,0.04133762130460102
INV005645,1,0,0.11521064188894811
INV005646,1,0,0.07373991091087576
INV005647,1,0,0.020209652596581962
INV005648,1,0,0.04263483968910981
INV005649,1,0,0.17317120484023882
INV005650,1,0,0.03478679360817408
INV005651,1,0,0.06956302512637988
INV005652,1,0,0.07314416445743331
INV005653,1,0,0.28118848267076263
INV005654,1,0,0.11182228134930591
INV005655,1,0,0.1269850370811383
INV005656,1,0,0.07216524514711202
INV005657,1,0,0.21872104611622015
INV005658,1,0,0.09834441988582916
INV005659,-1,1,0.4513326208395878
INV005660,1,0,0.04334084038672331
INV005661,1,0,0.07907288671758435
INV005662,1,0,0.21263481856064084
INV005663,1,0,0.06654647492807893
INV005664,1,0,0.158556810370676
INV005665,1,0,0.24468733035102286
INV005666,1,0,0.19313840740332908
INV005667,1,0,0.05755230848730134
INV005668,-1,1,0.5206925138254375
INV005669,1,0,0.11248522248551247
INV005670,1,0,0.08206891377583245
INV005671,1,0,0.19042284819463035
INV005672,1,0,0.12721400908463956
INV005673,1,0,0.30507340978918507
INV005674,1,0,0.14454120139309998
INV005675,1,0,0.06443283493273291
INV005676,1,0,0.28218209396607435
INV005677,1,0,0.2128017875589273
INV005678,-1,1,0.916443786005229
INV005679,1,0,0.13318849576870798
INV005680,1,0,0.09448840524327125
INV005681,1,0,0.26940952701456866
INV005682,1,0,0.08649705054944745
INV005683,1,0,0.08514510623929408
INV005684,1,0,0.12637735338321415
INV005685,1,0,0.17006106017488484
INV005686,1,0,0.05144850602026512
INV005687,1,0,0.0931111112415612
INV005688,1,0,0.26207899176018656
INV005689,1,0,0.06689057631995808
INV005690,1,0,0.1091715556177237
INV005691,1,0,0.10763736005514891
INV005692,1,0,0.15786630173385507
INV005693,1,0,0.08573987776887548
INV005694,1,0,0.06988026252385511
INV005695,1,0,0.1390193638034737
INV005696,1,0,0.025005218673263434
INV005697,1,0,0.13466844157128713
INV005698,1,0,0.15400533803268232
INV005699,1,0,0.377573449677925
INV005700,-1,1,0.48089462689303697
INV005701,1,0,0.08933142150625732
INV005702,1,0,0.06987352638338037
INV005703,1,0,0.036949667422999384
INV005704,1,0,0.09786026610930926
INV005705,1,0,0.07187503337008372
INV005706,1,0,0.06469378060542963
INV005707,1,0,0.2713656929981367
INV005708,1,0,0.040824588682231225
INV005709,1,0,0.01131109317894788
INV005710,1,0,0.10364031352498794
INV005711,1,0,0.04118284998077155
INV005712,1,0,0.23865083373941734
INV005713,1,0,0.16523458548508518
INV005714,1,0,0.03153489487135514
INV005715,1,0,0.04380982308110484
INV005716,1,0,0.05414988624714912
INV005717,1,0,0.1477381089644387
INV005718,1,0,0.16091920976510976
INV005719,1,0,0.2503432140497926
INV005720,1,0,0.03688735490292914
INV005721,1,0,0.01327662632149737
INV005722,1,0,0.04652006105892514
INV005723,1,0,0.03335392177470743
INV005724,1,0,0.0319262367367935
INV005725,1,0,0.051076515376216186
INV005726,1,0,0.07758959137531658
INV005727,1,0,0.06908272675319199
INV005728,1,0,0.05304266630756297
INV005729,1,0,0.09907670193018558
INV005730,1,0,0.04620147731022365
INV005731,1,0,0.03708989259470858
INV005732,1,0,0.07843590283032362
INV005733,1,0,0.09778427141094459
INV005734,1,0,0.06564510878150126
INV005735,1,0,0.11625343875870345
INV005736,1,0,0.11607889752201742
INV005737,1,0,0.20288645994350576
INV005738,1,0,0.09888899815174358
INV005739,-1,1,0.6410385704851882
INV005740,1,0,0.13494976058007557
INV005741,1,0,0.0513293984861773
INV005742,1,0,0.20759590875871053
INV005743,1,0,0.05094208980495736
INV005744,1,0,0.09794762652958698
INV005745,1,0,0.03431043612030252
INV005746,1,0,0.0672310851706451
INV005747,1,0,0.03789702778764896
INV005748,1,0,0.12774302051973524
INV005749,1,0,0.09824383548930289
INV005750,1,0,0.06478690159649914
INV005751,1,0,0.02503217614893766
INV005752,1,0,0.13251429467647677
INV005753,1,0,0.020465080619814065
INV005754,1,0,0.07438136341242564
INV005755,1,0,0.28099739117454947
INV005756,1,0,0.028721137052073333
INV005757,1,0,0.2980602317117927
INV005758,1,0,0.0542373876566718
INV005759,1,0,0.2986481712580066
INV005760,1,0,0.2414728868988217
INV005761,1,0,0.2293564942111013
INV005762,1,0,0.012709033424981739
INV005763,1,0,0.027703253178738833
INV005764,1,0,0.07841258279045085
INV005765,1,0,0.03512068466291139
INV005766,1,0,0.21650266267500953
INV005767,1,0,0.04480413587143745
INV005768,1,0,0.1415619167828235
INV005769,1,0,0.09687022145513097
INV005770,1,0,0.07771693853874935
INV005771,1,0,0.13802295426124386
INV005772,1,0,0.14465943119362126
INV005773,1,0,0.25769404275390223
INV005774,1,0,0.0739718934822263
INV005775,1,0,0.055569239064049654
INV005776,1,0,0.05186606544588453
INV005777,1,0,0.15838239531027767
INV005778,1,0,0.13817053897438972
INV005779,1,0,0.10068660973730874
INV005780,1,0,0.08667466264978765
INV005781,1,0,0.09111174574660857
INV005782,1,0,0.07533303002894998
INV005783,1,0,0.05819449182645133
INV005784,1,0,0.058808285188061624
INV005785,1,0,0.06836315795026598
INV005786,1,0,0.03998596179035799
INV005787,1,0,0.1028455387916362
INV005788,1,0,0.07860272775453632
INV005789,1,0,0.11177629959963498
INV005790,-1,1,0.47046112457572353
INV005791,1,0,0.06729174425978995
INV005792,1,0,0.2540338694162814
INV005793,1,0,0.11049874224156754
INV005794,1,0,0.06764338505362433
INV005795,1,0,0.10007203353402322
INV005796,1,0,0.16392628903629672
INV005797,1,0,0.15193199845856536
INV005798,1,0,0.02349317541064252
INV005799,1,0,0.0340212089077313
INV005800,1,0,0.04257592752772159
INV005801,1,0,0.12244589513510654
INV005802,1,0,0.08581959738118076
INV005803,1,0,0.09910226650026088
INV005804,1,0,0.17285493561645632
INV005805,1,0,0.0942715719161325
INV005806,1,0,0.07323961279094113
INV005807,1,0,0.0614834560039288
INV005808,1,0,0.05824107268910034
INV005809,1,0,0.16341970636194128
INV005810,1,0,0.12765381931190553
INV005811,1,0,0.34864894349402026
INV005812,1,0,0.03412384353075809
INV005813,1,0,0.08217145886854242
INV005814,-1,1,0.4650286765772606
INV005815,1,0,0.01924382147717638
INV005816,1,0,0.07166190213096833
INV005817,-1,1,0.48440688149454275
INV005818,1,0,0.1687773113878741
INV005819,1,0,0.09541692774400104
INV005820,1,0,0.09520320375440847
INV005821,1,0,0.1809996221173678
INV005822,1,0,0.037108284774158
INV005823,1,0,0.0650860655390562
INV005824,1,0,0.05011094239958611
INV005825,1,0,0.10512921323877038
INV005826,-1,1,0.41967793396146963
INV005827,1,0,0.25307689178849024
INV005828,1,0,0.125688809279255
INV005829,1,0,0.048058452881732903
INV005830,1,0,0.3253392585210224
INV005831,1,0,0.08530190087691232
INV005832,1,0,0.19001183917323955
INV005833,1,0,0.08086565101198172
INV005834,-1,1,0.454438007392358
INV005835,-1,1,0.4542060998724969
INV005836,1,0,0.1081184737981313
INV005837,1,0,0.08721136928702782
INV005838,1,0,0.06919776484039263
INV005839,1,0,0.0757253695542027
INV005840,1,0,0.08197299502564215
INV005841,1,0,0.08766533672509007
INV005842,1,0,0.3423240076647894
INV005843,-1,1,0.6010489063425422
INV005844,1,0,0.06063492502747582
INV005845,1,0,0.07302986493577904
INV005846,1,0,0.044762878081908486
INV005847,-1,1,0.4637447372514246
INV005848,1,0,0.04998583193184861
INV005849,1,0,0.08405218798497421
INV005850,1,0,0.1737933252777427
INV005851,1,0,0.057065620415739315
INV005852,1,0,0.089818776693396
INV005853,1,0,0.044500686023480854
INV005854,1,0,0.04653359952019702
INV005855,1,0,0.23482632092095362
INV005856,-1,1,0.4192479215757925
INV005857,1,0,0.06442375794457625
INV005858,1,0,0.0759157272258687
INV005859,1,0,0.0675360878532094
INV005860,1,0,0.1561688149695006
INV005861,1,0,0.09069334790893534
INV005862,1,0,0.0388436828869977
INV005863,1,0,0.04842678972467753
INV005864,1,0,0.14562973943547225
INV005865,1,0,0.1048515081537627
INV005866,1,0,0.04519460362415125
INV005867,-1,1,0.46487520475672783
INV005868,1,0,0.19657484814502552
INV005869,1,0,0.08950326019769936
INV005870,1,0,0.26479614717630107
INV005871,1,0,0.39041260006962053
INV005872,1,0,0.03253165535116866
INV005873,1,0,0.057588267111948165
INV005874,1,0,0.024519620145048035
INV005875,1,0,0.12895420345315378
INV005876,1,0,0.12518277573154168
INV005877,1,0,0.37868637953907686
INV005878,1,0,0.2952682396365675
INV005879,1,0,0.2310486051719424
INV005880,1,0,0.0370732150773467
INV005881,1,0,0.05483717045784764
INV005882,1,0,0.07501109694791067
INV005883,1,0,0.05156104387839432
INV005884,1,0,0.03025104356768989
INV005885,1,0,0.09553897866778086
INV005886,1,0,0.051892572892815264
INV005887,1,0,0.03811707523773431
INV005888,1,0,0.04806701774545359
INV005889,1,0,0.13000020923697622
INV005890,1,0,0.07043624922166059
INV005891,1,0,0.16431253239657437
INV005892,1,0,0.11058399450719855
INV005893,1,0,0.049425513824160335
INV005894,1,0,0.08311088072319879
INV005895,1,0,0.15048410394599762
INV005896,1,0,0.18230956582341604
INV005897,1,0,0.060049832017807336
INV005898,1,0,0.16825133743799642
INV005899,1,0,0.10977806203911651
INV005900,1,0,0.08287829046808795
INV005901,1,0,0.04479898879863909
INV005902,1,0,0.06716764240605799
INV005903,1,0,0.09480341729613856
INV005904,1,0,0.09745304129791268
INV005905,1,0,0.05247953750129987
INV005906,1,0,0.05141630582593526
INV005907,1,0,0.08626448074580242
INV005908,1,0,0.09061654215505252
INV005909,1,0,0.16804441663290642
INV005910,-1,1,0.852558855272536
INV005911,1,0,0.01586183007008798
INV005912,1,0,0.03942908435640771
INV005913,1,0,0.02849552616566911
INV005914,1,0,0.03860863089394762
INV005915,1,0,0.18331390688365734
INV005916,1,0,0.13187852696513752
INV005917,1,0,0.14928559674669187
INV005918,1,0,0.0902269595458688
INV005919,1,0,0.1252599592239568
INV005920,1,0,0.18253120639538017
INV005921,1,0,0.06088254042857023
INV005922,1,0,0.14249271774142136
INV005923,1,0,0.03358078588121961
INV005924,1,0,0.03984998652445222
INV005925,1,0,0.0659733480467534
INV005926,1,0,0.1307816176069512
INV005927,1,0,0.15540344383925808
INV005928,1,0,0.2226839911820593
INV005929,1,0,0.25652530709078897
INV005930,1,0,0.22911939040335186
INV005931,1,0,0.11626555311297482
INV005932,1,0,0.23908113759648797
INV005933,1,0,0.12967333385513108
INV005934,1,0,0.08317735679203364
INV005935,1,0,0.2800220443581208
INV005936,1,0,0.022389800336614953
INV005937,1,0,0.09798113411489932
INV005938,1,0,0.3405647684681488
INV005939,1,0,0.293712750299189
INV005940,1,0,0.051481519945840826
INV005941,1,0,0.0067741105888875774
INV005942,1,0,0.23263377036375518
INV005943,1,0,0.12070219421963171
INV005944,1,0,0.07429305127320665
INV005945,1,0,0.11341412941829158
INV005946,1,0,0.0859241096242741
INV005947,1,0,0.2791271736500101
INV005948,1,0,0.11448418240083906
INV005949,1,0,0.10230530799981286
INV005950,1,0,0.16070473255338916
INV005951,1,0,0.027308878305725204
INV005952,1,0,0.1381760865972791
INV005953,1,0,0.05282461340989881
INV005954,-1,1,0.8574123888365872
INV005955,1,0,0.16224597998798357
INV005956,1,0,0.2658336164939692
INV005957,1,0,0.13101696229171933
INV005958,1,0,0.18106186837050078
INV005959,1,0,0.07408292958304892
INV005960,1,0,0.17375121747764594
INV005961,1,0,0.11692871277160993
INV005962,1,0,0.08387242043680394
INV005963,-1,1,0.6234462323584586
INV005964,1,0,0.0926825676301901
INV005965,1,0,0.08191009991147837
INV005966,1,0,0.16434014547202955
INV005967,1,0,0.07100938693278543
INV005968,1,0,0.05862046124055995
INV005969,1,0,0.21091330214138682
INV005970,1,0,0.09752576507938064
INV005971,1,0,0.2440535049570771
INV005972,1,0,0.13404061146699273
INV005973,1,0,0.10068314325649258
INV005974,1,0,0.026444728276598113
INV005975,1,0,0.34353283295673637
INV005976,1,0,0.03753410246235274
INV005977,1,0,0.010797008905919338
INV005978,1,0,0.14924100526702508
INV005979,1,0,0.30595230811386015
INV005980,1,0,0.33105059387019087
INV005981,1,0,0.04534122106618383
INV005982,1,0,0.2349917933260912
INV005983,1,0,0.10212530610071674
INV005984,1,0,0.2690334896586842
INV005985,1,0,0.027679137610585318
INV005986,1,0,0.17836647365432343
INV005987,1,0,0.07967101412515279
INV005988,1,0,0.06698472046296179
INV005989,1,0,0.09066273009854055
INV005990,1,0,0.31288136047637094
INV005991,1,0,0.07909956449006138
INV005992,-1,1,0.49932167416273127
INV005993,1,0,0.18189435702415538
INV005994,-1,1,0.5464287518997059
INV005995,1,0,0.06179721072604333
INV005996,1,0,0.04204136212606415
INV005997,1,0,0.0905539742426263
INV005998,1,0,0.11900564439949425
INV005999,1,0,0.030983243177257962
INV006000,1,0,0.10714155108799725
INV006001,1,0,0.23273129427396957
INV006002,1,0,0.07129819650434961
INV006003,1,0,0.08594830647812188
INV006004,1,0,0.041247208919989155
INV006005,1,0,0.014601172532919147
INV006006,1,0,0.075516086384038
INV006007,1,0,0.10554126781774074
INV006008,1,0,0.04130898723949254
INV006009,1,0,0.026630838739665912
INV006010,1,0,0.3266786494094019
INV006011,-1,1,0.470387299043346
INV006012,1,0,0.08132652547756906
INV006013,1,0,0.23178473942547834
INV006014,1,0,0.15322341051224675
INV006015,-1,1,0.6457968861421304
INV006016,1,0,0.20384184631962984
INV006017,1,0,0.17409344979507355
INV006018,1,0,0.11885148416172413
INV006019,1,0,0.04558403493304397
INV006020,1,0,0.08856261224993549
INV006021,1,0,0.08388788601175912
INV006022,1,0,0.09094797808596553
INV006023,1,0,0.28913605336090403
INV006024,1,0,0.08754147800045506
INV006025,1,0,0.05032589277970418
INV006026,1,0,0.0099754498747326
INV006027,1,0,0.04301048619532008
INV006028,1,0,0.13284361172260217
INV006029,1,0,0.11225213938112555
INV006030,1,0,0.08799788615630556
INV006031,1,0,0.06888953045934666
INV006032,1,0,0.11578975076521568
INV006033,1,0,0.06276646842319063
INV006034,1,0,0.2421567054339374
INV006035,1,0,0.16913545602336721
INV006036,1,0,0.29425604289049234
INV006037,1,0,0.048335961113982015
INV006038,1,0,0.07536579999992199
INV006039,1,0,0.06586552711940473
INV006040,1,0,0.06394157518655746
INV006041,1,0,0.07883312879452412
INV006042,1,0,0.020391002378281512
INV006043,1,0,0.04139300763325306
INV006044,1,0,0.18753382880436317
INV006045,1,0,0.25679075676916685
INV006046,1,0,0.17056924324098985
INV006047,1,0,0.041980758158468516
INV006048,1,0,0.044714374131048513
INV006049,1,0,0.03616912948932927
INV006050,1,0,0.13743813718542386
INV006051,1,0,0.1555154781750384
INV006052,1,0,0.062205905096911304
INV006053,1,0,0.03464023272984641
INV006054,1,0,0.06853228359160334
INV006055,1,0,0.10969400895725781
INV006056,1,0,0.10651717678069224
INV006057,-1,1,0.5850882933387711
INV006058,1,0,0.032092289597686105
INV006059,1,0,0.15799107900335646
INV006060,1,0,0.05725910136290418
INV006061,1,0,0.05504900140698934
INV006062,1,0,0.2603893950521949
INV006063,1,0,0.0839413361093715
INV006064,1,0,0.34022927819339166
INV006065,1,0,0.04610326813043094
INV006066,1,0,0.039282497098350744
INV006067,1,0,0.10373221466280984
INV006068,1,0,0.04305893806905581
INV006069,1,0,0.03710545955210403
INV006070,1,0,0.03775546089319569
INV006071,1,0,0.38436613968482625
INV006072,1,0,0.060401991431732305
INV006073,1,0,0.1888437801510393
INV006074,1,0,0.020678580730184283
INV006075,1,0,0.09532620638685527
INV006076,1,0,0.0669555506649779
INV006077,1,0,0.3111069946088301
INV006078,1,0,0.0965831431295164
INV006079,1,0,0.10248480458719948
INV006080,1,0,0.09029457381003274
INV006081,1,0,0.06482136385712593
INV006082,1,0,0.11807877470437125
INV006083,1,0,0.2031463464598005
INV006084,1,0,0.11487359487504155
INV006085,1,0,0.08872163453591904
INV006086,1,0,0.342951182234494
INV006087,1,0,0.07629349864550164
INV006088,1,0,0.03669688099945909
INV006089,1,0,0.02389851396631242
INV006090,-1,1,0.4313745041072154
INV006091,1,0,0.028906089737483563
INV006092,1,0,0.014780830617686236
INV006093,1,0,0.07759361320024018
INV006094,1,0,0.0523153625902284
INV006095,1,0,0.10554137562535897
INV006096,1,0,0.0353927156372776
INV006097,1,0,0.10875213719326464
INV006098,1,0,0.0464400141966238
INV006099,1,0,0.18426950583479645
INV006100,1,0,0.055999159782633146
INV006101,1,0,0.06504055511940343
INV006102,1,0,0.09828517131778794
INV006103,1,0,0.1371241955836163
INV006104,1,0,0.1420445391931775
INV006105,1,0,0.04171744475646896
INV006106,1,0,0.07274343965165661
INV006107,1,0,0.05769223553129211
INV006108,1,0,0.0248730324217805
INV006109,1,0,0.09168254515292977
INV006110,1,0,0.024302925220210166
INV006111,1,0,0.033645240566772414
INV006112,1,0,0.041886900837710385
INV006113,1,0,0.051940152051965456
INV006114,1,0,0.04389241711996746
INV006115,1,0,0.11079173713682997
INV006116,1,0,0.1770048562017443
INV006117,1,0,0.19719052075256532
INV006118,1,0,0.060576443305473314
INV006119,1,0,0.09311633250467047
INV006120,1,0,0.05100965956254676
INV006121,1,0,0.11064809271347684
INV006122,1,0,0.10206004429379875
INV006123,1,0,0.02914557186518271
INV006124,1,0,0.02572500423813171
INV006125,1,0,0.18143618299733671
INV006126,1,0,0.06313596380280195
INV006127,1,0,0.1142293767838044
INV006128,1,0,0.09796002107288268
INV006129,1,0,0.06870041872231672
INV006130,1,0,0.18243532424193934
INV006131,1,0,0.20619847519975767
INV006132,1,0,0.05870534686221075
INV006133,1,0,0.08451062070498655
INV006134,1,0,0.0674989114105364
INV006135,1,0,0.18131111120876783
INV006136,1,0,0.24150510109035297
INV006137,1,0,0.04880154326335033
INV006138,1,0,0.04547667636451327
INV006139,1,0,0.04928586353771714
INV006140,1,0,0.09232203605997576
INV006141,1,0,0.26398971939542715
INV006142,1,0,0.14335323668866196
INV006143,1,0,0.12879022863285014
INV006144,1,0,0.05526453090509747
INV006145,1,0,0.048113947618995775
INV006146,1,0,0.27278561048124017
INV006147,1,0,0.2125879005725593
INV006148,1,0,0.22268095328335855
INV006149,1,0,0.02606769911658947
INV006150,1,0,0.37571176843669774
INV006151,1,0,0.02620017149774173
INV006152,1,0,0.11473390198256264
INV006153,1,0,0.08555520320898123
INV006154,1,0,0.05520574907370987
INV006155,1,0,0.05799376263304422
INV006156,1,0,0.05635407010512438
INV006157,1,0,0.06997816941622
INV006158,1,0,0.04717146275012986
INV006159,1,0,0.2716513724751799
INV006160,1,0,0.05389633374002083
INV006161,1,0,0.17379866975355115
INV006162,1,0,0.03366564308540153
INV006163,1,0,0.01526550487885589
INV006164,1,0,0.07963746599126806
INV006165,1,0,0.09150529341829952
INV006166,1,0,0.05510575911059602
INV006167,1,0,0.02086201734151677
INV006168,1,0,0.04025620698234186
INV006169,1,0,0.019648153509710907
INV006170,1,0,0.020883519470238317
INV006171,1,0,0.15695287750759507
INV006172,1,0,0.24817610291104172
INV006173,1,0,0.4000108547875767
INV006174,1,0,0.03530990692009675
INV006175,1,0,0.07224944787788531
INV006176,1,0,0.08106575793803418
INV006177,1,0,0.09358193792633454
INV006178,1,0,0.09123862982164634
INV006179,1,0,0.07996093973638695
INV006180,1,0,0.12597541823141642
INV006181,1,0,0.05386327119133214
INV006182,1,0,0.04973816048640253
INV006183,1,0,0.04013127922614804
INV006184,1,0,0.12023006272057528
INV006185,1,0,0.06236840896105635
INV006186,1,0,0.06076949271626268
INV006187,1,0,0.030645715211351118
INV006188,1,0,0.26884292633478496
INV006189,1,0,0.14916405486249396
INV006190,1,0,0.08209891715787312
INV006191,1,0,0.0825746704621077
INV006192,1,0,0.061436602701356396
INV006193,1,0,0.3347734955827508
INV006194,1,0,0.057406134816110246
INV006195,1,0,0.04898144947399575
INV006196,1,0,0.039022974982283395
INV006197,1,0,0.08357181010870332
INV006198,1,0,0.0859826511027423
INV006199,1,0,0.17725122522907796
INV006200,1,0,0.2144016079460455
INV006201,1,0,0.03385362945150548
INV006202,1,0,0.04133210989562043
INV006203,1,0,0.06482325828693973
INV006204,1,0,0.17855081248750326
INV006205,1,0,0.11390935793066632
INV006206,-1,1,0.6548697821047373
INV006207,1,0,0.24668034305893533
INV006208,1,0,0.14415934436736058
INV006209,1,0,0.12824472108624013
INV006210,1,0,0.13955057217656344
INV006211,1,0,0.011868708900456016
INV006212,1,0,0.04948381907369907
INV006213,1,0,0.025355026503099315
INV006214,1,0,0.09100813928018525
INV006215,1,0,0.1383992501870913
INV006216,1,0,0.318526607580889
INV006217,1,0,0.09340953053013444
INV006218,1,0,0.14846380698238848
INV006219,1,0,0.10974535090195732
INV006220,1,0,0.2757121820248751
INV006221,1,0,0.10595705760760042
INV006222,1,0,0.06806683453076348
INV006223,1,0,0.09301715627767511
INV006224,1,0,0.32857494826186806
INV006225,1,0,0.0854012081901368
INV006226,1,0,0.027347621903223266
INV006227,1,0,0.11788502555481983
INV006228,1,0,0.27230816376514594
INV006229,1,0,0.05342337788519532
INV006230,1,0,0.1378291420053013
INV006231,1,0,0.13670760653900077
INV006232,1,0,0.07668081863725265
INV006233,1,0,0.08393254526726916
INV006234,1,0,0.04176548704710475
INV006235,1,0,0.08866008531508536
INV006236,1,0,0.04372035782815127
INV006237,1,0,0.11309097153132705
INV006238,1,0,0.062052210053110526
INV006239,1,0,0.07543842060735831
INV006240,1,0,0.10043701341381595
INV006241,1,0,0.24035319961586468
INV006242,1,0,0.05893277357930312
INV006243,1,0,0.16839003357302762
INV006244,1,0,0.11795882468571202
INV006245,1,0,0.11308879226884266
INV006246,1,0,0.07810046465131955
INV006247,1,0,0.08529463191024399
INV006248,1,0,0.014851405129600929
INV006249,1,0,0.027214439672379603
INV006250,1,0,0.17421759741387116
INV006251,1,0,0.10373805526461413
INV006252,1,0,0.07299567826522511
INV006253,1,0,0.15618907088957348
INV006254,1,0,0.12493089733210568
INV006255,1,0,0.059050589779832484
INV006256,1,0,0.12341648575476474
INV006257,1,0,0.0540062994001099
INV006258,1,0,0.028215846276305624
INV006259,1,0,0.0592119027655935
INV006260,1,0,0.06807193104982175
INV006261,1,0,0.3615367935025119
INV006262,1,0,0.023486874897483176
INV006263,1,0,0.035723609247015196
INV006264,1,0,0.11854060817756429
INV006265,1,0,0.029955006745965178
INV006266,1,0,0.07267020285451116
INV006267,1,0,0.0507773900396783
INV006268,1,0,0.1441741419135438
INV006269,1,0,0.12984223132932257
INV006270,-1,1,0.6136818478326085
INV006271,1,0,0.13833523003140813
INV006272,1,0,0.16348578487076962
INV006273,1,0,0.1661910497518643
INV006274,1,0,0.0989929206451364
INV006275,1,0,0.08372688919456212
INV006276,1,0,0.15814536483496955
INV006277,1,0,0.13123184533589297
INV006278,1,0,0.12072529874784317
INV006279,1,0,0.12341951701507133
INV006280,1,0,0.07347140153954788
INV006281,1,0,0.09913062611153173
INV006282,1,0,0.06753497879661104
INV006283,1,0,0.07320794337655247
INV006284,1,0,0.03552894491892976
INV006285,1,0,0.29753374300927227
INV006286,1,0,0.042006762859829384
INV006287,1,0,0.216140123012403
INV006288,1,0,0.08925437539574575
INV006289,1,0,0.2591896843114397
INV006290,1,0,0.07685304921365303
INV006291,1,0,0.05329961170254034
INV006292,1,0,0.04956394618296794
INV006293,1,0,0.051030349376346755
INV006294,1,0,0.0798448362170918
INV006295,1,0,0.023187807331797206
INV006296,1,0,0.029029025526607636
INV006297,1,0,0.046562507317897774
INV006298,1,0,0.05450552485993185
INV006299,1,0,0.1799960284000287
INV006300,1,0,0.09669791656901364
INV006301,1,0,0.2926265181303084
INV006302,1,0,0.17042371283344612
INV006303,1,0,0.025121671455985595
INV006304,1,0,0.03585816501801763
INV006305,1,0,0.10323679032064267
INV006306,1,0,0.05965780457837591
INV006307,1,0,0.09691239610112874
INV006308,1,0,0.034657488812155024
INV006309,1,0,0.056352014106481024
INV006310,1,0,0.0662248858561151
INV006311,1,0,0.14083791479619975
INV006312,1,0,0.0361643824913466
INV006313,1,0,0.1847566181456699
INV006314,1,0,0.10164525170394052
INV006315,1,0,0.09051506626925715
INV006316,1,0,0.2543811648118935
INV006317,1,0,0.030959706204035112
INV006318,1,0,0.07661882748284611
INV006319,1,0,0.05830968766326369
INV006320,1,0,0.23888406328778852
INV006321,1,0,0.13741416118162378
INV006322,1,0,0.1504115664979311
INV006323,1,0,0.23364529316193464
INV006324,1,0,0.09875395471884052
INV006325,1,0,0.09547549859466738
INV006326,1,0,0.05670542537433939
INV006327,1,0,0.03455616760588062
INV006328,1,0,0.029414516171722735
INV006329,1,0,0.3795725859357971
INV006330,1,0,0.10384377277516112
INV006331,1,0,0.06803538529736464
INV006332,-1,1,0.4739530517028326
INV006333,1,0,0.036946850280591255
INV006334,1,0,0.04895404799715225
INV006335,1,0,0.08581125749555982
INV006336,1,0,0.18580023396927803
INV006337,1,0,0.03528729864280126
INV006338,1,0,0.1801775994798276
INV006339,1,0,0.17651543958879154
INV006340,1,0,0.03831796228607051
INV006341,1,0,0.11141748566222331
INV006342,1,0,0.09404274770730438
INV006343,1,0,0.08906622365593593
INV006344,1,0,0.022771688015533625
INV006345,1,0,0.0560739546523429
INV006346,1,0,0.06392716514209028
INV006347,1,0,0.4145082558524776
INV006348,1,0,0.026673355025117817
INV006349,1,0,0.21346913445283158
INV006350,1,0,0.11455135432622546
INV006351,1,0,0.15795636503340768
INV006352,1,0,0.07969517023404973
INV006353,1,0,0.09204143908564273
INV006354,1,0,0.13884237205581001
INV006355,1,0,0.042431402538600824
INV006356,1,0,0.22662147966522303
INV006357,1,0,0.12950422679694457
INV006358,1,0,0.034555352053965205
INV006359,1,0,0.20701552018653216
INV006360,1,0,0.20804955366661523
INV006361,1,0,0.04043647659890941
INV006362,1,0,0.07099118634636585
INV006363,-1,1,0.5375567987785245
INV006364,1,0,0.05857202024681316
INV006365,1,0,0.009691875716318745
INV006366,1,0,0.11843312674237169
INV006367,1,0,0.03550785995490291
INV006368,1,0,0.0735747135188298
INV006369,1,0,0.04079401367199072
INV006370,1,0,0.06773012274899813
INV006371,1,0,0.04836069207987898
INV006372,1,0,0.22681623971418577
INV006373,1,0,0.09072118582937054
INV006374,1,0,0.013286893718057899
INV006375,-1,1,0.543864407233914
INV006376,1,0,0.35096707469889976
INV006377,1,0,0.05610611226187516
INV006378,1,0,0.04624385318481852
INV006379,1,0,0.14924694155110532
INV006380,1,0,0.11303741404296136
INV006381,1,0,0.0446617258995445
INV006382,1,0,0.05755505915497881
INV006383,1,0,0.09773132641952073
INV006384,1,0,0.05426275954909308
INV006385,1,0,0.20605158869914042
INV006386,1,0,0.14299475447365853
INV006387,1,0,0.05196815912461324
INV006388,1,0,0.1197680137028149
INV006389,1,0,0.21280910337764863
INV006390,1,0,0.2780148421997066
INV006391,1,0,0.0374646836923042
INV006392,-1,1,0.5101438989383927
INV006393,1,0,0.1949750124083537
INV006394,1,0,0.19213177992990255
INV006395,1,0,0.20375488874400843
INV006396,1,0,0.0599813744912525
INV006397,1,0,0.036281837433431906
INV006398,1,0,0.07846378214295538
INV006399,1,0,0.07694676843850126
INV006400,1,0,0.10587300855155367
INV006401,1,0,0.2663481162355018
INV006402,1,0,0.07711510142963951
INV006403,1,0,0.03819192999767758
INV006404,1,0,0.024214985559915313
INV006405,1,0,0.07055749396350935
INV006406,1,0,0.016883354297860597
INV006407,1,0,0.2572219658780572
INV006408,1,0,0.13774539982815232
INV006409,1,0,0.09677705983139533
INV006410,1,0,0.04821672669394954
INV006411,1,0,0.044075105936654216
INV006412,1,0,0.050046651791800054
INV006413,1,0,0.07038963778674721
INV006414,1,0,0.14254045384072372
INV006415,1,0,0.07629817006229067
INV006416,1,0,0.19101420617500292
INV006417,1,0,0.32390524157936806
INV006418,1,0,0.043609046780026375
INV006419,1,0,0.05515362898161642
INV006420,1,0,0.06270296002406536
INV006421,1,0,0.31668438521323933
INV006422,1,0,0.14126924251225356
INV006423,1,0,0.11536123398195496
INV006424,1,0,0.025507403639573583
INV006425,1,0,0.05135456380338596
INV006426,1,0,0.2557664371458958
INV006427,1,0,0.1318677330149657
INV006428,1,0,0.26588728007263196
INV006429,1,0,0.2868470608776877
INV006430,1,0,0.25386272545304495
INV006431,1,0,0.05830393054009284
INV006432,1,0,0.14822485124279758
INV006433,1,0,0.06496366464698092
INV006434,1,0,0.024683874518056027
INV006435,1,0,0.143565638442712
INV006436,1,0,0.09087492382762369
INV006437,1,0,0.04111320676459495
INV006438,1,0,0.1413786889611289
INV006439,1,0,0.04289638251046685
INV006440,1,0,0.38823289426542473
INV006441,1,0,0.1455709132239795
INV006442,1,0,0.16317784561094303
INV006443,1,0,0.07393833749071778
INV006444,1,0,0.16534188792899132
INV006445,1,0,0.09768211779197747
INV006446,1,0,0.06231712731867236
INV006447,1,0,0.30987381799307945
INV006448,1,0,0.09145100804760141
INV006449,1,0,0.223805757411862
INV006450,1,0,0.09685576328510682
INV006451,1,0,0.05075162989240316
INV006452,1,0,0.2834378652412959
INV006453,1,0,0.04545464129134462
INV006454,1,0,0.1575316683534555
INV006455,1,0,0.12329203854116684
INV006456,1,0,0.05237898578796343
INV006457,1,0,0.09135278600477911
INV006458,1,0,0.2856584881710526
INV006459,1,0,0.2610718423265705
INV006460,1,0,0.06663242226816612
INV006461,1,0,0.05100109646070517
INV006462,1,0,0.09583014047526744
INV006463,1,0,0.1829994001933412
INV006464,1,0,0.26563006887832497
INV006465,1,0,0.07098367293010074
INV006466,-1,1,0.4895791085566638
INV006467,1,0,0.11783324571841343
INV006468,1,0,0.0553240737420789
INV006469,1,0,0.028023560477445683
INV006470,1,0,0.04084051207873815
INV006471,1,0,0.06816814471937294
INV006472,1,0,0.21425167529937583
INV006473,1,0,0.3426003227704632
INV006474,1,0,0.060263684506639055
INV006475,1,0,0.08872443361155932
INV006476,1,0,0.09963115084020822
INV006477,1,0,0.14640360615146963
INV006478,1,0,0.07265320041590914
INV006479,1,0,0.05097158538652247
INV006480,1,0,0.05346931639929202
INV006481,1,0,0.12005647003465707
INV006482,1,0,0.03936998697758506
INV006483,1,0,0.05648703903667136
INV006484,1,0,0.049853929101736846
INV006485,1,0,0.24741241294653402
INV006486,1,0,0.3042887616747689
INV006487,1,0,0.040688105393681465
INV006488,1,0,0.028162195172783205
INV006489,-1,1,0.43072139598306325
INV006490,1,0,0.1509167683736941
INV006491,1,0,0.23252858828921624
INV006492,1,0,0.06878319556550022
INV006493,1,0,0.09853684440093291
INV006494,1,0,0.014425362392433212
INV006495,1,0,0.19845548622426762
INV006496,-1,1,0.4815062341676933
INV006497,-1,1,0.5488672322627002
INV006498,1,0,0.027732061434982736
INV006499,1,0,0.053378004221743075
INV006500,1,0,0.0913889083155233
INV006501,1,0,0.06158414681205098
INV006502,1,0,0.048716491822603625
INV006503,1,0,0.11540594379879518
INV006504,1,0,0.04146012444191838
INV006505,1,0,0.17062766007786706
INV006506,1,0,0.14177003354874662
INV006507,1,0,0.06549949411828848
INV006508,1,0,0.09803299336675053
INV006509,1,0,0.07483347199894883
INV006510,1,0,0.028584487439523527
INV006511,1,0,0.04497861436409313
INV006512,1,0,0.08649503614192684
INV006513,1,0,0.09315040670237254
INV006514,1,0,0.038190892450241126
INV006515,1,0,0.14976821758079234
INV006516,1,0,0.06550447723993572
INV006517,1,0,0.03708686939073947
INV006518,1,0,0.05053496818067732
INV006519,1,0,0.10487938527633929
INV006520,1,0,0.11479179186996455
INV006521,1,0,0.037804344845391004
INV006522,1,0,0.26255878860097037
INV006523,1,0,0.09502556253200428
INV006524,1,0,0.005518066666299212
INV006525,1,0,0.11859021865962525
INV006526,1,0,0.19312839463570125
INV006527,1,0,0.14514328149066025
INV006528,1,0,0.046756120577428714
INV006529,1,0,0.12256226579841127
INV006530,1,0,0.1655488504934075
INV006531,1,0,0.04028584483848859
INV006532,1,0,0.03564317956209368
INV006533,1,0,0.12746295595356505
INV006534,1,0,0.10763771297310337
INV006535,1,0,0.15003016785935122
INV006536,1,0,0.07530524242863006
INV006537,1,0,0.055944229772982045
INV006538,1,0,0.022518057577111485
INV006539,1,0,0.04167144799808353
INV006540,1,0,0.0401754593152163
INV006541,1,0,0.1644672369810037
INV006542,1,0,0.16941017670777958
INV006543,1,0,0.16235371386489333
INV006544,1,0,0.05369072104178187
INV006545,-1,1,0.5645929635212388
INV006546,1,0,0.06414888539060837
INV006547,1,0,0.1342300526253185
INV006548,1,0,0.04345309970984204
INV006549,1,0,0.1352948493353731
INV006550,1,0,0.05702135693745973
INV006551,1,0,0.13948458074635306
INV006552,1,0,0.12419594730310778
INV006553,1,0,0.028818170508750622
INV006554,1,0,0.2526441705574116
INV006555,1,0,0.073024870843162
INV006556,1,0,0.1210592617731707
INV006557,-1,1,0.45512801029863376
INV006558,1,0,0.10497954029669748
INV006559,1,0,0.089492093218713
INV006560,1,0,0.10887695780670333
INV006561,1,0,0.2826187157741412
INV006562,-1,1,0.48898170138465835
INV006563,1,0,0.05636356536277659
INV006564,1,0,0.027740329349711244
INV006565,1,0,0.3104920156326456
INV006566,1,0,0.17416334838175027
INV006567,1,0,0.08640488639154646
INV006568,1,0,0.19904821214484186
INV006569,1,0,0.08320091373926636
INV006570,1,0,0.16569336041438673
INV006571,1,0,0.041332037423424096
INV006572,1,0,0.027089003639018613
INV006573,1,0,0.08807560927511371
INV006574,1,0,0.053722905341557756
INV006575,1,0,0.2953191604241876
INV006576,1,0,0.0859579505770047
INV006577,1,0,0.13135010426539423
INV006578,1,0,0.3334244402721863
INV006579,1,0,0.14787268767728126
INV006580,1,0,0.12603678527800158
INV006581,-1,1,0.598511596773001
INV006582,1,0,0.05518423407888789
INV006583,1,0,0.011759792346334315
INV006584,1,0,0.1906642580543928
INV006585,1,0,0.08009675937399054
INV006586,1,0,0.06655909280624742
INV006587,1,0,0.14972482860282185
INV006588,1,0,0.2342248541210369
INV006589,1,0,0.21257961598206665
INV006590,1,0,0.14617497992058748
INV006591,1,0,0.021746541944411807
INV006592,1,0,0.03654058586563588
INV006593,1,0,0.05809516880952997
INV006594,1,0,0.18001658671770154
INV006595,1,0,0.21364415004549625
INV006596,1,0,0.3603755844002164
INV006597,1,0,0.07018758930332734
INV006598,1,0,0.02017689238088298
INV006599,1,0,0.025525195837232017
INV006600,1,0,0.016977184676344983
INV006601,1,0,0.024100648010699256
INV006602,1,0,0.0516859193348967
INV006603,1,0,0.11513769402538031
INV006604,1,0,0.04515676151477542
INV006605,1,0,0.18447466577187388
INV006606,1,0,0.14457995425492878
INV006607,1,0,0.03826753417993527
INV006608,1,0,0.03505395126631428
INV006609,1,0,0.19002629937018817
INV006610,1,0,0.06488616392727907
INV006611,1,0,0.0643868058151339
INV006612,1,0,0.09649619743974468
INV006613,1,0,0.06356648991430791
INV006614,1,0,0.12999016683832207
INV006615,1,0,0.09524075822328089
INV006616,1,0,0.028928538474390704
INV006617,1,0,0.10922799395621752
INV006618,1,0,0.10555428728238492
INV006619,1,0,0.0327615365584903
INV006620,1,0,0.19216256031831425
INV006621,1,0,0.12287941282360583
INV006622,1,0,0.12522405754353735
INV006623,1,0,0.011852190037810162
INV006624,1,0,0.059108517975409586
INV006625,1,0,0.05823336977613773
INV006626,1,0,0.08644560315362922
INV006627,1,0,0.08741845766869404
INV006628,1,0,0.21120051569341333
INV006629,1,0,0.11141293250341715
INV006630,1,0,0.08200402382743087
INV006631,1,0,0.07024942999674906
INV006632,1,0,0.13412569969005614
INV006633,1,0,0.04209150971082557
INV006634,1,0,0.053894136854908556
INV006635,1,0,0.18509657398430596
INV006636,1,0,0.10682022458357587
INV006637,1,0,0.07299565486230006
INV006638,1,0,0.10175154824660851
INV006639,1,0,0.08287827822438763
INV006640,1,0,0.053927292860949834
INV006641,1,0,0.012310244101835366
INV006642,1,0,0.20304810428753908
INV006643,1,0,0.061055504030210005
INV006644,1,0,0.2598104666538726
INV006645,1,0,0.09073821258236758
INV006646,-1,1,0.4708693846887484
INV006647,1,0,0.014597166300940094
INV006648,1,0,0.12512649171028659
INV006649,1,0,0.11248673671837502
INV006650,1,0,0.386906949321652
INV006651,1,0,0.18926732313804545
INV006652,1,0,0.0537033627855718
INV006653,-1,1,0.442939546939752
INV006654,1,0,0.12282134404358493
INV006655,1,0,0.1878649058042844
INV006656,1,0,0.05363209242219393
INV006657,1,0,0.41729108650246094
INV006658,1,0,0.04023020140771641
INV006659,1,0,0.024251101193104974
INV006660,1,0,0.04414198849723083
INV006661,1,0,0.07559835732027823
INV006662,1,0,0.0977866579717408
INV006663,1,0,0.08631119065892179
INV006664,1,0,0.06749719091831899
INV006665,1,0,0.0576079701162826
INV006666,1,0,0.0361636634121795
INV006667,1,0,0.1354516814476161
INV006668,1,0,0.07257819178041004
INV006669,1,0,0.03687480642886825
INV006670,1,0,0.09354574417342335
INV006671,1,0,0.1392533652202317
INV006672,1,0,0.09498523346188936
INV006673,1,0,0.11663068400111849
INV006674,1,0,0.10841257753657635
INV006675,1,0,0.04801863254536424
INV006676,-1,1,0.472057047017154
INV006677,1,0,0.23081791766950685
INV006678,1,0,0.05626515056626136
INV006679,1,0,0.31040800152786413
INV006680,1,0,0.05995317559283609
INV006681,1,0,0.09478253525622744
INV006682,1,0,0.08416773522101367
INV006683,1,0,0.1925715031325051
INV006684,1,0,0.0662280516583792
INV006685,1,0,0.17660638796365297
INV006686,1,0,0.07900803326258299
INV006687,-1,1,0.4753523805337869
INV006688,1,0,0.09897892225713553
INV006689,1,0,0.031057812410335107
INV006690,1,0,0.049892999327900096
INV006691,-1,1,0.4349855676864355
INV006692,1,0,0.11429797808464659
INV006693,1,0,0.08064289040647571
INV006694,1,0,0.11136442787494337
INV006695,1,0,0.22866771099563166
INV006696,1,0,0.05472697564672585
INV006697,1,0,0.09421962504928115
INV006698,1,0,0.19883195908785503
INV006699,1,0,0.049590098736052426
INV006700,1,0,0.07260941949526437
INV006701,1,0,0.07003531203769991
INV006702,1,0,0.03884073507693201
INV006703,1,0,0.37320490970606396
INV006704,1,0,0.11922136724334202
INV006705,1,0,0.08479468062515555
INV006706,1,0,0.022895155003829767
INV006707,1,0,0.04251873115718216
INV006708,1,0,0.1550849604431114
INV006709,1,0,0.08392303374238286
INV006710,1,0,0.14507647009330968
INV006711,1,0,0.19079264573668964
INV006712,1,0,0.12432219625864269
INV006713,1,0,0.05964592152671732
INV006714,1,0,0.28010090525952047
INV006715,1,0,0.05188430370039637
INV006716,1,0,0.03726803232717894
INV006717,1,0,0.38128011933558603
INV006718,1,0,0.3204824748935476
INV006719,1,0,0.06998776803800287
INV006720,1,0,0.020030001137526298
INV006721,1,0,0.0917687085696933
INV006722,1,0,0.03414729395334667
INV006723,1,0,0.09788169888411868
INV006724,1,0,0.09924932770291231
INV006725,-1,1,0.5739503578352748
INV006726,1,0,0.15340388329007723
INV006727,1,0,0.41741997290318095
INV006728,1,0,0.08435000765880389
INV006729,1,0,0.05442700125508868
INV006730,1,0,0.06504085856832303
INV006731,1,0,0.24854372748661951
INV006732,1,0,0.03381137161438719
INV006733,1,0,0.031660953225090716
INV006734,-1,1,0.5495897073261404
INV006735,1,0,0.04304880555813045
INV006736,1,0,0.06733123263768012
INV006737,1,0,0.1417146322723018
INV006738,1,0,0.12976837287552942
INV006739,1,0,0.1382093785696041
INV006740,1,0,0.19354237285161
INV006741,1,0,0.17478685157511192
INV006742,1,0,0.35237985005220174
INV006743,1,0,0.41466568386450253
INV006744,1,0,0.06330934592759213
INV006745,1,0,0.02877257108988677
INV006746,1,0,0.09012405718611526
INV006747,1,0,0.40940346191410887
INV006748,1,0,0.12039589035878255
INV006749,1,0,0.24288508006674242
INV006750,1,0,0.28192688040360536
INV006751,1,0,0.08212175773042191
INV006752,1,0,0.13280749820927998
INV006753,1,0,0.30303170483952124
INV006754,1,0,0.050953341681049445
INV006755,1,0,0.05702965814659039
INV006756,1,0,0.06623237391184965
INV006757,1,0,0.06832088713296539
INV006758,1,0,0.39302845231651845
INV006759,1,0,0.0315623014616692
INV006760,1,0,0.09719004321538242
INV006761,1,0,0.1736090285722968
INV006762,1,0,0.04167026656332742
INV006763,1,0,0.054774442429266025
INV006764,1,0,0.1303544690230792
INV006765,1,0,0.06324097953219594
INV006766,1,0,0.04937886808262749
INV006767,1,0,0.05033219140799417
INV006768,1,0,0.2727461140726518
INV006769,1,0,0.09123016724378509
INV006770,1,0,0.3845906844759859
INV006771,1,0,0.13725422065701373
INV006772,1,0,0.1832313370514661
INV006773,1,0,0.06522051615269069
INV006774,1,0,0.243725586718626
INV006775,1,0,0.14807048629313532
INV006776,1,0,0.07639183627489432
INV006777,1,0,0.16792420440836522
INV006778,1,0,0.044712624745352245
INV006779,1,0,0.1770074586284282
INV006780,1,0,0.2935214252006987
INV006781,1,0,0.04249461423047108
INV006782,1,0,0.11378463262491964
INV006783,1,0,0.2234155400341207
INV006784,1,0,0.3046888753019874
INV006785,1,0,0.07018292831436898
INV006786,1,0,0.06722159349497703
INV006787,1,0,0.17880652441482792
INV006788,1,0,0.02357624407401487
INV006789,1,0,0.22828905148442474
INV006790,1,0,0.038559078757033974
INV006791,1,0,0.4080092681914631
INV006792,1,0,0.15700985148328023
INV006793,1,0,0.11411493953108971
INV006794,1,0,0.05818555162309412
INV006795,1,0,0.25411104176841
INV006796,1,0,0.05894345998887411
INV006797,1,0,0.07748340902065814
INV006798,1,0,0.04572667177935264
INV006799,-1,1,0.5172273594778294
INV006800,1,0,0.02856592409239763
INV006801,1,0,0.08971781137121562
INV006802,1,0,0.0654367647462005
INV006803,1,0,0.018789538791446958
INV006804,1,0,0.10931581148921496
INV006805,1,0,0.22576405561972085
INV006806,1,0,0.2125131977806304
INV006807,1,0,0.11424191802714366
INV006808,1,0,0.03534654156261153
INV006809,-1,1,0.4799570581780823
INV006810,1,0,0.05275683689476044
INV006811,1,0,0.10033852549753633
INV006812,1,0,0.15301645651765042
INV006813,1,0,0.13181101208471827
INV006814,1,0,0.049589669051207826
INV006815,1,0,0.3161227499885066
INV006816,1,0,0.019845936652372942
INV006817,1,0,0.09792946343963267
INV006818,1,0,0.06890982355007885
INV006819,1,0,0.17171829814423498
INV006820,1,0,0.23495520893129906
INV006821,1,0,0.014888802933223474
INV006822,1,0,0.39635568791861375
INV006823,1,0,0.07096881278665351
INV006824,1,0,0.2535291417390806
INV006825,1,0,0.23369223886856855
INV006826,1,0,0.08278883874812393
INV006827,1,0,0.34641714081208913
INV006828,1,0,0.09082051167787668
INV006829,1,0,0.09162985804001296
INV006830,1,0,0.039339184385358585
INV006831,1,0,0.09172047395200034
INV006832,1,0,0.04848134580453618
INV006833,1,0,0.30263638865373305
INV006834,-1,1,0.5975536739982649
INV006835,1,0,0.1578165632635174
INV006836,1,0,0.07409693871768741
INV006837,1,0,0.037408520140498155
INV006838,1,0,0.04608850299700197
INV006839,1,0,0.10339065895093466
INV006840,1,0,0.08845388273418738
INV006841,1,0,0.06310182376437198
INV006842,1,0,0.10232674916491949
INV006843,1,0,0.08173703053634646
INV006844,-1,1,0.4968796936147565
INV006845,1,0,0.1279267551773339
INV006846,1,0,0.01551774850998229
INV006847,1,0,0.16625567846192973
INV006848,1,0,0.07809727045016937
INV006849,1,0,0.09541551933676103
INV006850,1,0,0.09730885950050958
INV006851,1,0,0.05736831665924042
INV006852,1,0,0.04231369881271031
INV006853,-1,1,0.45078696678750363
INV006854,1,0,0.3313775766950878
INV006855,1,0,0.20264929622890004
INV006856,1,0,0.1430129893412027
INV006857,1,0,0.075779176635971
INV006858,1,0,0.1020740036430924
INV006859,1,0,0.2946707518403397
INV006860,1,0,0.0970009240288517
INV006861,1,0,0.03552495692733937
INV006862,1,0,0.02999571361859812
INV006863,1,0,0.09553797540373866
INV006864,1,0,0.0816560942933873
INV006865,1,0,0.20521841597902926
INV006866,1,0,0.020339029513515672
INV006867,1,0,0.34405868430736836
INV006868,1,0,0.095481998211869
INV006869,1,0,0.01802713475587112
INV006870,1,0,0.2712784247355826
INV006871,1,0,0.0699576023870284
INV006872,1,0,0.19740840638314902
INV006873,1,0,0.05223537314602005
INV006874,1,0,0.12911281597572707
INV006875,1,0,0.07282877515081865
INV006876,1,0,0.07546519510061167
INV006877,1,0,0.33351431369933887
INV006878,1,0,0.20101433336181004
INV006879,1,0,0.24759874184616132
INV006880,1,0,0.04814097219140716
INV006881,1,0,0.05658690691067672
INV006882,1,0,0.04911059138035585
INV006883,1,0,0.1800149674255843
INV006884,1,0,0.08687148360666949
INV006885,-1,1,0.4404621161252396
INV006886,1,0,0.08737929077246036
INV006887,1,0,0.025290039229131096
INV006888,1,0,0.13086506994237068
INV006889,1,0,0.3638673238685641
INV006890,1,0,0.14211649078219438
INV006891,1,0,0.05861973181613222
INV006892,1,0,0.13970549164354687
INV006893,1,0,0.050015047050484464
INV006894,-1,1,0.5773185168232993
INV006895,1,0,0.12640018090955168
INV006896,1,0,0.044523596226735705
INV006897,1,0,0.4105482997022406
INV006898,1,0,0.12619993856735595
INV006899,1,0,0.05654552768808955
INV006900,1,0,0.19577347543784307
INV006901,1,0,0.07266636716987272
INV006902,1,0,0.13173799560507618
INV006903,1,0,0.11591864029799614
INV006904,1,0,0.10305804881861096
INV006905,1,0,0.12578069652630872
INV006906,1,0,0.024733647203775886
INV006907,1,0,0.10022252383716165
INV006908,1,0,0.11073255067971759
INV006909,1,0,0.13472910842693162
INV006910,1,0,0.07096229817112885
INV006911,1,0,0.12904407029819676
INV006912,1,0,0.25800974304408464
INV006913,1,0,0.06531800880328804
INV006914,1,0,0.06296939586340025
INV006915,1,0,0.091920283650447
INV006916,1,0,0.34512872056433713
INV006917,1,0,0.045752896804731706
INV006918,1,0,0.07134095421416825
INV006919,1,0,0.10785626505052102
INV006920,1,0,0.23071735129795354
INV006921,1,0,0.10223335016519511
INV006922,1,0,0.10684688853491608
INV006923,1,0,0.0772407977426639
INV006924,1,0,0.09855974275051703
INV006925,1,0,0.015226006265986637
INV006926,1,0,0.04368733669342232
INV006927,1,0,0.05762113472361328
INV006928,1,0,0.13359448870197835
INV006929,1,0,0.1849595300965305
INV006930,1,0,0.09462632101400123
INV006931,1,0,0.1987937552352784
INV006932,1,0,0.023478693509598483
INV006933,1,0,0.2531603285999067
INV006934,1,0,0.0575027314167262
INV006935,1,0,0.35096097998613407
INV006936,1,0,0.11184999959353267
INV006937,1,0,0.11072322604368245
INV006938,1,0,0.31271705819839574
INV006939,1,0,0.16419627673784587
INV006940,1,0,0.14783545106013068
INV006941,1,0,0.04728813111182678
INV006942,1,0,0.09837355744531673
INV006943,1,0,0.054072867624836325
INV006944,1,0,0.1120508754285184
INV006945,1,0,0.3225976174651052
INV006946,1,0,0.11486469840122288
INV006947,1,0,0.16424174562899072
INV006948,1,0,0.10189315766789787
INV006949,1,0,0.046018097479026465
INV006950,1,0,0.0757066120052246
INV006951,1,0,0.09987269486489532
INV006952,1,0,0.11314061881212263
INV006953,1,0,0.01834258804048145
INV006954,1,0,0.09107773805168073
INV006955,1,0,0.04787845817829016
INV006956,1,0,0.07810710346929808
INV006957,1,0,0.19620160672237794
INV006958,1,0,0.05853437519330196
INV006959,1,0,0.04726487171452389
INV006960,1,0,0.22552248266993286
INV006961,1,0,0.05648855906295533
INV006962,-1,1,0.8383071653870258
INV006963,1,0,0.057485334932490695
INV006964,1,0,0.13106968612137979
INV006965,1,0,0.15266386380200847
INV006966,1,0,0.08750495557759187
INV006967,1,0,0.08760078228521315
INV006968,1,0,0.09539911359187306
INV006969,1,0,0.16587215532822372
INV006970,1,0,0.047013955675804145
INV006971,1,0,0.14624633977291787
INV006972,1,0,0.020485577836279693
INV006973,1,0,0.030479983232929483
INV006974,1,0,0.03173396985763582
INV006975,1,0,0.09419058208501675
INV006976,1,0,0.10437501606098325
INV006977,1,0,0.18668015468288743
INV006978,1,0,0.12132041026195578
INV006979,-1,1,0.782949747272506
INV006980,1,0,0.10940464681207887
INV006981,1,0,0.012505445388169367
INV006982,-1,1,0.42311888428810396
INV006983,1,0,0.2562160285209035
INV006984,1,0,0.1110592222943141
INV006985,1,0,0.08999485617457761
INV006986,1,0,0.09295303480293252
INV006987,1,0,0.11452702822761475
INV006988,1,0,0.060592677184500704
INV006989,1,0,0.2675203957238746
INV006990,1,0,0.09613913054591192
INV006991,1,0,0.05418774785120352
INV006992,1,0,0.05023346001860378
INV006993,1,0,0.16150953557360512
INV006994,1,0,0.0919023721652883
INV006995,1,0,0.0445976555243335
INV006996,1,0,0.36294434969865275
INV006997,1,0,0.059377302929378074
INV006998,1,0,0.0949883890389918
INV006999,1,0,0.25664626370042115
INV007000,1,0,0.08875545853122266
INV007001,1,0,0.3718088524205332
INV007002,1,0,0.07637968137493138
INV007003,1,0,0.3749429145348139
INV007004,1,0,0.05097721419509436
INV007005,-1,1,0.43482239900667824
INV007006,1,0,0.20282866852253756
INV007007,1,0,0.11434980372181287
INV007008,1,0,0.17352488785617087
INV007009,1,0,0.06527157958762371
INV007010,1,0,0.13856530508261927
INV007011,-1,1,0.6228427376588674
INV007012,1,0,0.10017086227357666
INV007013,1,0,0.05063885739512872
INV007014,1,0,0.058214201796892476
INV007015,1,0,0.10487841860115664
INV007016,1,0,0.02495551807888927
INV007017,-1,1,0.4519956282620171
INV007018,1,0,0.07505301849256486
INV007019,1,0,0.11410735242690317
INV007020,1,0,0.10334054141309251
INV007021,1,0,0.27238954929987835
INV007022,1,0,0.025735963611353437
INV007023,1,0,0.2199868687763835
INV007024,1,0,0.07489993385444617
INV007025,1,0,0.1589253095235859
INV007026,1,0,0.06668677013071725
INV007027,1,0,0.22987778910128182
INV007028,1,0,0.07986275472474268
INV007029,1,0,0.08081217863060439
INV007030,1,0,0.052790208570219294
INV007031,1,0,0.06276542418253185
INV007032,1,0,0.03371219803430432
INV007033,1,0,0.1563878808158194
INV007034,1,0,0.02443141142852316
INV007035,1,0,0.17596224411422753
INV007036,1,0,0.08771808869552673
INV007037,1,0,0.36097147782780026
INV007038,1,0,0.4147872023026332
INV007039,1,0,0.04909297721889549
INV007040,1,0,0.11805171285184868
INV007041,1,0,0.12722805743715074
INV007042,1,0,0.09535636102331697
INV007043,1,0,0.11167586021129024
INV007044,1,0,0.032888338108674066
INV007045,1,0,0.08954526587855961
INV007046,1,0,0.061028306185611746
INV007047,1,0,0.060260702886563745
INV007048,1,0,0.03471422633599857
INV007049,1,0,0.2653297320255681
INV007050,1,0,0.3522065307575921
INV007051,1,0,0.12271294063862766
INV007052,1,0,0.022248553433004633
INV007053,1,0,0.01585433405026224
INV007054,-1,1,0.772448630109628
INV007055,1,0,0.06390226333611229
INV007056,1,0,0.35219146179082295
INV007057,1,0,0.10584914569287832
INV007058,1,0,0.12167020160943084
INV007059,1,0,0.08764297533989496
INV007060,1,0,0.1404439068937111
INV007061,1,0,0.03496846114865485
INV007062,1,0,0.07811002489227618
INV007063,1,0,0.07736692242503312
INV007064,1,0,0.38264063028142453
INV007065,1,0,0.08117053411683271
INV007066,1,0,0.14057345420691364
INV007067,1,0,0.17775531451223348
INV007068,1,0,0.07672359359651576
INV007069,1,0,0.03674403192543713
INV007070,1,0,0.06604053738628428
INV007071,1,0,0.1445906401453804
INV007072,1,0,0.02131168373651706
INV007073,1,0,0.03233403741781247
INV007074,-1,1,0.5565507845796122
INV007075,1,0,0.06930799304537058
INV007076,1,0,0.04632936683797921
INV007077,1,0,0.09475960365975261
INV007078,1,0,0.0929140836843291
INV007079,-1,1,0.46121999486994397
INV007080,1,0,0.08238883809350313
INV007081,1,0,0.20607454835574293
INV007082,1,0,0.10075035951259793
INV007083,1,0,0.06655587251323108
INV007084,1,0,0.030521310515113875
INV007085,-1,1,0.6507356803707323
INV007086,1,0,0.18030195134217503
INV007087,1,0,0.0636024467781026
INV007088,1,0,0.032942892668247334
INV007089,1,0,0.08172428808802475
INV007090,1,0,0.3685843277471798
INV007091,1,0,0.03211068012382826
INV007092,1,0,0.08926940713711454
INV007093,1,0,0.10615310376957475
INV007094,1,0,0.16710183426675168
INV007095,1,0,0.22069117305307923
INV007096,1,0,0.03175181907258317
INV007097,1,0,0.07745280740390931
INV007098,1,0,0.178745331472939
INV007099,1,0,0.18187493595892376
INV007100,1,0,0.11056695160051934
INV007101,1,0,0.05974418300144897
INV007102,1,0,0.23118200868873118
INV007103,1,0,0.05999475392110479
INV007104,1,0,0.15157795427150078
INV007105,1,0,0.205439104068474
INV007106,1,0,0.030774559699742687
INV007107,1,0,0.0804810717703185
INV007108,1,0,0.012398370212918255
INV007109,1,0,0.11277658014428829
INV007110,-1,1,0.542702757363714
INV007111,1,0,0.049798817168532156
INV007112,1,0,0.17919672495477296
INV007113,1,0,0.019314154672235306
INV007114,1,0,0.18727186017657338
INV007115,1,0,0.15175654935306954
INV007116,1,0,0.12346879999566228
INV007117,1,0,0.05394786247550599
INV007118,1,0,0.2615221929846761
INV007119,1,0,0.05210452914329395
INV007120,1,0,0.13359217599481438
INV007121,1,0,0.16187559905898977
INV007122,1,0,0.36204963712830734
INV007123,1,0,0.0548373017786479
INV007124,1,0,0.056399606313291786
INV007125,1,0,0.09339811023395234
INV007126,1,0,0.038888588498228044
INV007127,1,0,0.19076812119650338
INV007128,1,0,0.12715924069897183
INV007129,1,0,0.1092712569559508
INV007130,1,0,0.1072826156214119
INV007131,1,0,0.1852801786304803
INV007132,1,0,0.23710427235222792
INV007133,1,0,0.040207373860072386
INV007134,1,0,0.055482859211508105
INV007135,1,0,0.08819188240167165
INV007136,1,0,0.16585414725959172
INV007137,1,0,0.3828289591711541
INV007138,1,0,0.04755933727672983
INV007139,1,0,0.03698235679538172
INV007140,1,0,0.1210020170097318
INV007141,1,0,0.07866981107597817
INV007142,1,0,0.06431033724218012
INV007143,1,0,0.04802160248671171
INV007144,1,0,0.2634606360652039
INV007145,1,0,0.07479963525816546
INV007146,1,0,0.12455586880835458
INV007147,1,0,0.04061375436998254
INV007148,1,0,0.2377701371531554
INV007149,1,0,0.06719301473080061
INV007150,1,0,0.2083347783218691
INV007151,1,0,0.2504760474031498
INV007152,1,0,0.07678290929122686
INV007153,1,0,0.17725643871298766
INV007154,1,0,0.19457630349816107
INV007155,1,0,0.09538390222040742
INV007156,1,0,0.09252207809020906
INV007157,1,0,0.08626592843685109
INV007158,1,0,0.13646085037675976
INV007159,1,0,0.13806970424506104
INV007160,1,0,0.3642301055746613
INV007161,1,0,0.06768554106095492
INV007162,1,0,0.07059000156876741
INV007163,1,0,0.0953662290221786
INV007164,1,0,0.06381460722804423
INV007165,1,0,0.029718622687706704
INV007166,1,0,0.015150294563146866
INV007167,1,0,0.10966896525366493
INV007168,1,0,0.06466545195641644
INV007169,1,0,0.13418501347361325
INV007170,1,0,0.1513844609219679
INV007171,1,0,0.09990153156541877
INV007172,1,0,0.06330898635701708
INV007173,1,0,0.16626132211183803
INV007174,1,0,0.05500814176318715
INV007175,1,0,0.10109684602303848
INV007176,1,0,0.05858663524076465
INV007177,1,0,0.18895346293489204
INV007178,1,0,0.0367779412912032
INV007179,1,0,0.0738191707664037
INV007180,1,0,0.024260495692905615
INV007181,1,0,0.04053546284707638
INV007182,1,0,0.27381655649799197
INV007183,1,0,0.09311569602410388
INV007184,1,0,0.11299259022314052
INV007185,1,0,0.23593821759829725
INV007186,1,0,0.0914702095665431
INV007187,1,0,0.1698423471673058
INV007188,1,0,0.09875126895213993
INV007189,1,0,0.09739245268950268
INV007190,1,0,0.13404154107620944
INV007191,1,0,0.053244365510920794
INV007192,1,0,0.10598192537373873
INV007193,1,0,0.1020888229833086
INV007194,1,0,0.05173375971763729
INV007195,1,0,0.07735527922127232
INV007196,1,0,0.02820743069573274
INV007197,1,0,0.2941045491245689
INV007198,1,0,0.030670655829336965
INV007199,1,0,0.04058272169287235
INV007200,1,0,0.030153146952301303
INV007201,1,0,0.10465358972105462
INV007202,1,0,0.3955451141136255
INV007203,1,0,0.051187035862449194
INV007204,1,0,0.042750259755425055
INV007205,1,0,0.20869417639292048
INV007206,1,0,0.042915239651667866
INV007207,1,0,0.048099423963241475
INV007208,1,0,0.03583153122139886
INV007209,1,0,0.30632682538821937
INV007210,1,0,0.061527668851619796
INV007211,1,0,0.08943932276606219
INV007212,1,0,0.039052676048910856
INV007213,1,0,0.060618562827683624
INV007214,1,0,0.4151401006680113
INV007215,1,0,0.17317527393180301
INV007216,1,0,0.1639496963335587
INV007217,1,0,0.17747041891707277
INV007218,1,0,0.15420600448993535
INV007219,1,0,0.21883592924393327
INV007220,1,0,0.05004474715155976
INV007221,-1,1,0.6691333474903975
INV007222,1,0,0.046752747019685306
INV007223,1,0,0.12923284847026392
INV007224,1,0,0.055860890776144874
INV007225,1,0,0.07837798010378592
INV007226,1,0,0.05355822789140909
INV007227,1,0,0.04597742328014794
INV007228,-1,1,0.5331567833068012
INV007229,1,0,0.15229229959531498
INV007230,-1,1,0.6078156913317578
INV007231,1,0,0.3207954067058008
INV007232,1,0,0.2729787676914453
INV007233,1,0,0.06505103615472077
INV007234,1,0,0.08622218856509023
INV007235,1,0,0.07736495370458958
INV007236,-1,1,0.7119181933685246
INV007237,1,0,0.08872423389050904
INV007238,1,0,0.030087874360673
INV007239,-1,1,0.7285754115617912
INV007240,1,0,0.13089373354775027
INV007241,1,0,0.07599922055611334
INV007242,1,0,0.04422376260491578
INV007243,1,0,0.18370025141382937
INV007244,1,0,0.027822651690982417
INV007245,1,0,0.08434179740882826
INV007246,1,0,0.14045607148389852
INV007247,1,0,0.14459719487855546
INV007248,1,0,0.128955370385245
INV007249,1,0,0.03321619301275807
INV007250,1,0,0.2844110546901329
INV007251,1,0,0.039114030680926073
INV007252,1,0,0.17014038905257664
INV007253,1,0,0.0770776437207335
INV007254,1,0,0.20255320580593167
INV007255,1,0,0.2612956653694582
INV007256,1,0,0.0770666587881728
INV007257,1,0,0.07756496478656504
INV007258,1,0,0.10126526964527319
INV007259,1,0,0.16443148293410598
INV007260,1,0,0.16883141498241216
INV007261,-1,1,0.6571184549543257
INV007262,1,0,0.21778275112288778
INV007263,1,0,0.08657571029270637
INV007264,1,0,0.09529476001740361
INV007265,1,0,0.25072382041292085
INV007266,1,0,0.413367527308173
INV007267,1,0,0.03876819699627455
INV007268,1,0,0.17193715039594243
INV007269,1,0,0.0489426951458739
INV007270,1,0,0.062428216454921935
INV007271,1,0,0.16389650867285874
INV007272,1,0,0.03959845736585486
INV007273,1,0,0.0854384930496566
INV007274,1,0,0.006381526255037957
INV007275,1,0,0.1055771801681829
INV007276,1,0,0.14335609148295012
INV007277,1,0,0.24047840682031785
INV007278,1,0,0.13149463170467704
INV007279,1,0,0.03934831462258149
INV007280,1,0,0.13190725059049094
INV007281,1,0,0.20849657726479284
INV007282,1,0,0.10328759877531861
INV007283,1,0,0.2080650087283162
INV007284,1,0,0.12115467517409244
INV007285,1,0,0.06475421434302901
INV007286,1,0,0.0763431598085582
INV007287,1,0,0.1287576628896633
INV007288,1,0,0.2277961587376801
INV007289,1,0,0.1596212973227739
INV007290,1,0,0.1214819919244795
INV007291,1,0,0.23544033750992074
INV007292,1,0,0.1483954040955464
INV007293,1,0,0.14793644610735757
INV007294,1,0,0.09014684992142526
INV007295,1,0,0.04356654952875474
INV007296,1,0,0.028073779889795026
INV007297,1,0,0.06358994564748349
INV007298,1,0,0.08687548999096761
INV007299,1,0,0.06696646043084173
INV007300,1,0,0.005279824092352504
INV007301,1,0,0.10981468701261982
INV007302,-1,1,0.6932495644966056
INV007303,1,0,0.054055423856067146
INV007304,1,0,0.13636658399865673
INV007305,1,0,0.12599541497247646
INV007306,1,0,0.09892023616328889
INV007307,1,0,0.031364213590483754
INV007308,1,0,0.02879346285378317
INV007309,-1,1,0.6006419016430304
INV007310,1,0,0.053517804685732674
INV007311,1,0,0.042527537493073475
INV007312,1,0,0.14458735779987797
INV007313,1,0,0.09417281360508863
INV007314,1,0,0.23640401682163653
INV007315,1,0,0.22709460170724574
INV007316,1,0,0.1233727683121556
INV007317,1,0,0.06229757091293338
INV007318,1,0,0.1387952523161349
INV007319,1,0,0.05378315098716204
INV007320,1,0,0.04813216055039604
INV007321,1,0,0.04618383388994642
INV007322,1,0,0.02131262980896985
INV007323,1,0,0.18984006917746543
INV007324,1,0,0.05110050158550551
INV007325,1,0,0.03790949835758792
INV007326,1,0,0.023975048572064728
INV007327,1,0,0.16833364083356941
INV007328,-1,1,0.46863055821533517
INV007329,1,0,0.09085880050488082
INV007330,1,0,0.08299188096522504
INV007331,1,0,0.08579169329563552
INV007332,1,0,0.09994333949921184
INV007333,1,0,0.02169959537443695
INV007334,1,0,0.12653484884171776
INV007335,1,0,0.09881438521973152
INV007336,1,0,0.09019038387192689
INV007337,1,0,0.3580845567731139
INV007338,1,0,0.08128496260519708
INV007339,1,0,0.08808614703307631
INV007340,1,0,0.09785216645871112
INV007341,1,0,0.298966817757759
INV007342,1,0,0.4043001629568836
INV007343,1,0,0.07745836708334942
INV007344,1,0,0.019750329221637632
INV007345,1,0,0.08169536231601968
INV007346,1,0,0.061520617476061426
INV007347,1,0,0.08846732629273163
INV007348,1,0,0.07035010457387497
INV007349,1,0,0.14383074767257073
INV007350,1,0,0.06804600341463332
INV007351,1,0,0.03786519613830487
INV007352,1,0,0.07437147020914951
INV007353,1,0,0.0769805095293764
INV007354,1,0,0.2897200398167645
INV007355,1,0,0.034221491786334886
INV007356,1,0,0.10314381170753809
INV007357,1,0,0.05067818023671925
INV007358,1,0,0.03889441632932425
INV007359,1,0,0.3797471439094489
INV007360,1,0,0.04681548166315752
INV007361,1,0,0.10291611792036669
INV007362,1,0,0.10158864453583176
INV007363,1,0,0.06533750172853756
INV007364,1,0,0.09791067902685333
INV007365,1,0,0.20056049079118113
INV007366,1,0,0.2381476531109998
INV007367,1,0,0.11991951838413265
INV007368,1,0,0.04777798711275293
INV007369,-1,1,0.5163534877033211
INV007370,-1,1,0.48307666857333276
INV007371,1,0,0.3072153533825901
INV007372,1,0,0.2569196614848419
INV007373,1,0,0.14065113515359404
INV007374,1,0,0.014975236197161592
INV007375,1,0,0.07297343731214004
INV007376,1,0,0.14164250587961189
INV007377,1,0,0.1299325153236203
INV007378,1,0,0.07685581951265841
INV007379,1,0,0.2315252136682143
INV007380,1,0,0.14071966915957576
INV007381,1,0,0.10554504469523246
INV007382,1,0,0.23508682040715723
INV007383,1,0,0.08700904972076558
INV007384,1,0,0.11414240881415989
INV007385,1,0,0.27255946430777417
INV007386,1,0,0.09375926549362147
INV007387,1,0,0.10625110974532703
INV007388,1,0,0.12313154793529608
INV007389,1,0,0.07788309655619922
INV007390,1,0,0.11780786326630609
INV007391,1,0,0.18270479438408663
INV007392,1,0,0.04392303922444993
INV007393,1,0,0.018595260952831625
INV007394,1,0,0.04430232825225144
INV007395,1,0,0.22307886151447112
INV007396,1,0,0.16037993856433114
INV007397,1,0,0.06409844017987669
INV007398,1,0,0.11391606890471148
INV007399,1,0,0.10219858073814729
INV007400,1,0,0.06792069854439083
INV007401,1,0,0.08183882664974114
INV007402,1,0,0.06173983665280733
INV007403,1,0,0.03842331929816459
INV007404,1,0,0.048573425277413984
INV007405,1,0,0.018848748560053825
INV007406,1,0,0.050478109177477255
INV007407,1,0,0.0753434731886632
INV007408,1,0,0.23578502191481326
INV007409,1,0,0.09627872885309798
INV007410,1,0,0.09614334155329468
INV007411,1,0,0.27329864480489874
INV007412,1,0,0.03687417927179377
INV007413,1,0,0.042114019835025426
INV007414,1,0,0.11927708801742694
INV007415,1,0,0.17944623963612608
INV007416,1,0,0.1366622438294754
INV007417,1,0,0.06948515520505576
INV007418,1,0,0.131300408843076
INV007419,1,0,0.09508829554161197
INV007420,1,0,0.1469659450239797
INV007421,1,0,0.1735437515228592
INV007422,1,0,0.07493781710131553
INV007423,1,0,0.07725336519159635
INV007424,1,0,0.18916782386655526
INV007425,1,0,0.0625028724375206
INV007426,1,0,0.12052872660248166
INV007427,1,0,0.17144657365553523
INV007428,1,0,0.0791204475782782
INV007429,1,0,0.3479061722174515
INV007430,1,0,0.41237194757462015
INV007431,1,0,0.05349010126088673
INV007432,1,0,0.060841598843730506
INV007433,1,0,0.36731133845002956
INV007434,1,0,0.025500524865842637
INV007435,1,0,0.08527110393316865
INV007436,1,0,0.10544486486518814
INV007437,1,0,0.0316003669074245
INV007438,1,0,0.09320963133593745
INV007439,1,0,0.08176247960882503
INV007440,1,0,0.3098102895983558
INV007441,1,0,0.09418306412264306
INV007442,1,0,0.04056066593141749
INV007443,1,0,0.0620905256338131
INV007444,1,0,0.049725045275477865
INV007445,1,0,0.0854010166949788
INV007446,1,0,0.07140581838611201
INV007447,1,0,0.32386212774115686
INV007448,1,0,0.04698142374272878
INV007449,1,0,0.15080518947576912
INV007450,1,0,0.05243700306568026
INV007451,1,0,0.05792800061823032
INV007452,1,0,0.11092256695543394
INV007453,1,0,0.056473627772215526
INV007454,1,0,0.09225351511364402
INV007455,1,0,0.3010166407823899
INV007456,1,0,0.16969561716323062
INV007457,-1,1,0.6630928486050379
INV007458,1,0,0.04241893768938159
INV007459,1,0,0.044627976408299797
INV007460,1,0,0.38232265072681126
INV007461,1,0,0.10812177638662812
INV007462,1,0,0.0324636284545222
INV007463,1,0,0.039769712751695205
INV007464,1,0,0.16130838037714612
INV007465,1,0,0.07810279440530696
INV007466,1,0,0.13742033252490504
INV007467,1,0,0.047983359413842325
INV007468,1,0,0.13036697746608708
INV007469,1,0,0.09364773819835276
INV007470,1,0,0.12357613138512255
INV007471,-1,1,0.6331272577316577
INV007472,1,0,0.09205596046206961
INV007473,1,0,0.1509159346079494
INV007474,1,0,0.09775953995063347
INV007475,1,0,0.08872078691034321
INV007476,1,0,0.020885859656514922
INV007477,1,0,0.13180010964111893
INV007478,-1,1,0.6019221748579675
INV007479,1,0,0.04997648568479541
INV007480,1,0,0.09627995460592922
INV007481,1,0,0.2095301410994159
INV007482,1,0,0.36653896246083967
INV007483,1,0,0.05525722690411144
INV007484,1,0,0.09800985424395417
INV007485,1,0,0.04671168279851788
INV007486,1,0,0.0969519223298413
INV007487,1,0,0.08838175327348687
INV007488,1,0,0.22440753109260247
INV007489,1,0,0.07355422021684403
INV007490,1,0,0.357746666083422
INV007491,1,0,0.058185437398651674
INV007492,1,0,0.07933531744161995
INV007493,1,0,0.07250451060311248
INV007494,-1,1,0.434405175221792
INV007495,1,0,0.025189667412421107
INV007496,1,0,0.07307216089769232
INV007497,1,0,0.19748186818805846
INV007498,1,0,0.10066575198329362
INV007499,1,0,0.1060987833192813
INV007500,1,0,0.12253572643881916
INV007501,1,0,0.1192404444602272
INV007502,1,0,0.09082579597193355
INV007503,1,0,0.03927666423220095
INV007504,1,0,0.1836308662518824
INV007505,1,0,0.3428983989406538
INV007506,1,0,0.03686164587292016
INV007507,1,0,0.07605582296209656
INV007508,1,0,0.02488933333821959
INV007509,1,0,0.026067630064566975
INV007510,1,0,0.0718941697601178
INV007511,1,0,0.14242651963154276
INV007512,1,0,0.37028784369359
INV007513,1,0,0.06232881659745531
INV007514,1,0,0.0223505507014158
INV007515,1,0,0.025880613149999194
INV007516,1,0,0.10438822456984449
INV007517,1,0,0.07239967378250886
INV007518,1,0,0.14578577741488724
INV007519,1,0,0.03655422614028018
INV007520,1,0,0.07246361297726112
INV007521,1,0,0.10725525833323349
INV007522,1,0,0.05449675180365409
INV007523,1,0,0.028074437601777587
INV007524,1,0,0.11122645212107597
INV007525,1,0,0.16437652374005038
INV007526,1,0,0.12981917086154884
INV007527,1,0,0.08599307673357894
INV007528,1,0,0.058782344944695517
INV007529,1,0,0.2242038187621617
INV007530,1,0,0.011694969033108196
INV007531,1,0,0.2341273197447531
INV007532,1,0,0.03926402889338034
INV007533,1,0,0.1442168257381687
INV007534,1,0,0.14243752585358813
INV007535,1,0,0.1125026936845937
INV007536,-1,1,0.4699955111085549
INV007537,1,0,0.08639058822791706
INV007538,1,0,0.03842205023503851
INV007539,1,0,0.18362072107530178
INV007540,1,0,0.28604724133390563
INV007541,1,0,0.0424479561125166
INV007542,1,0,0.19686373235916602
INV007543,1,0,0.08009431744022057
INV007544,1,0,0.09661619906102864
INV007545,-1,1,0.5527816566642436
INV007546,1,0,0.07045315983547562
INV007547,1,0,0.041875972914363374
INV007548,1,0,0.11735633883797268
INV007549,1,0,0.05991243236816835
INV007550,1,0,0.33667597259649745
INV007551,1,0,0.04792758843139645
INV007552,1,0,0.04078139646709499
INV007553,1,0,0.08551419856138082
INV007554,1,0,0.3972462241060187
INV007555,1,0,0.3369126206825825
INV007556,1,0,0.04215474154755145
INV007557,1,0,0.03174930838785541
INV007558,1,0,0.07417112660416122
INV007559,-1,1,0.5493518123783323
INV007560,1,0,0.0744325315238013
INV007561,1,0,0.06466937225966628
INV007562,1,0,0.07785167179623663
INV007563,1,0,0.067879227948854
INV007564,1,0,0.06310027203585221
INV007565,1,0,0.21148096887761456
INV007566,1,0,0.06562195503005128
INV007567,1,0,0.05529025010156861
INV007568,1,0,0.21297392926871236
INV007569,1,0,0.052286719324777
INV007570,1,0,0.09238021416121787
INV007571,1,0,0.05602145750243264
INV007572,1,0,0.01564012979714531
INV007573,1,0,0.2338088176957018
INV007574,1,0,0.3246699437397562
INV007575,1,0,0.20470063275796463
INV007576,1,0,0.39640183588497047
INV007577,1,0,0.04067373233163483
INV007578,1,0,0.08740043360033414
INV007579,1,0,0.15897964860416575
INV007580,1,0,0.07665396456505222
INV007581,1,0,0.07410713833444584
INV007582,1,0,0.01552859291591615
INV007583,1,0,0.01973872282502923
INV007584,1,0,0.059524932663153084
INV007585,1,0,0.03660066277938449
INV007586,1,0,0.08943006040908007
INV007587,1,0,0.16888761413706996
INV007588,-1,1,0.42628162217352905
INV007589,1,0,0.046247090495948294
INV007590,1,0,0.17205647075324648
INV007591,1,0,0.04460447368809351
INV007592,1,0,0.03595483962866199
INV007593,1,0,0.1325718196925685
INV007594,1,0,0.1402839907519406
INV007595,1,0,0.04862916837739583
INV007596,1,0,0.11657075875381698
INV007597,1,0,0.05609551234974466
INV007598,1,0,0.03644371339462749
INV007599,-1,1,0.45058198585655335
INV007600,1,0,0.08130934044770416
INV007601,1,0,0.06742923632370443
INV007602,1,0,0.09090532953277636
INV007603,1,0,0.13294787319357781
INV007604,1,0,0.08213609130669548
INV007605,1,0,0.0738159799900455
INV007606,1,0,0.19296861971328202
INV007607,1,0,0.02963853967508785
INV007608,1,0,0.09692848590182826
INV007609,1,0,0.1870021669784231
INV007610,1,0,0.03057646187190866
INV007611,1,0,0.025126995540814632
INV007612,1,0,0.08786498911181428
INV007613,1,0,0.3945260275029698
INV007614,1,0,0.1107481904364498
INV007615,-1,1,0.6131820791897507
INV007616,1,0,0.06841875018253953
INV007617,1,0,0.2482241052517568
INV007618,1,0,0.06450922905913524
INV007619,1,0,0.012641006413501311
INV007620,1,0,0.26360841483367425
INV007621,1,0,0.0530855787855609
INV007622,1,0,0.06612365843021499
INV007623,1,0,0.014478671766969002
INV007624,1,0,0.06464246914601768
INV007625,1,0,0.041508575212884154
INV007626,1,0,0.14888746614183726
INV007627,1,0,0.20099872544806524
INV007628,-1,1,0.6150169797450649
INV007629,1,0,0.18892336224274572
INV007630,1,0,0.15003526577422222
INV007631,1,0,0.06814485984868635
INV007632,1,0,0.10090632485717188
INV007633,1,0,0.23567817285815973
INV007634,1,0,0.08563781939263568
INV007635,1,0,0.06606776579382481
INV007636,1,0,0.24156774846398024
INV007637,-1,1,0.6178582565751457
INV007638,1,0,0.1943047305143475
INV007639,1,0,0.22773023649405427
INV007640,1,0,0.06866645621545457
INV007641,1,0,0.10601827297063239
INV007642,1,0,0.05491903272227761
INV007643,1,0,0.07524942553694079
INV007644,1,0,0.1194505698006273
INV007645,1,0,0.07052976418154523
INV007646,1,0,0.07573668733586278
INV007647,-1,1,0.4664886609325133
INV007648,1,0,0.07551794627592628
INV007649,1,0,0.13175313511436884
INV007650,1,0,0.0564511742263197
INV007651,1,0,0.10320049122919381
INV007652,1,0,0.36515541783098276
INV007653,1,0,0.21679840098075218
INV007654,1,0,0.10610483446417056
INV007655,1,0,0.061839696870800674
INV007656,1,0,0.11422516527339394
INV007657,1,0,0.22787926287454427
INV007658,1,0,0.0479665308262284
INV007659,1,0,0.33390532009264456
INV007660,1,0,0.045105244537340244
INV007661,1,0,0.08376422703313456
INV007662,1,0,0.06899677242360529
INV007663,1,0,0.11619107867016285
INV007664,1,0,0.08549199345997337
INV007665,1,0,0.06131483818890653
INV007666,1,0,0.07490582528136171
INV007667,1,0,0.14046268830263695
INV007668,1,0,0.064263519801945
INV007669,1,0,0.14820630547633307
INV007670,1,0,0.04498900917231066
INV007671,1,0,0.03541992476571307
INV007672,1,0,0.3390811570178444
INV007673,1,0,0.031118151086803846
INV007674,1,0,0.11524598090877662
INV007675,1,0,0.05228854962860019
INV007676,1,0,0.2727555014526661
INV007677,1,0,0.13826110022837693
INV007678,1,0,0.0854716782117807
INV007679,1,0,0.013293249944063166
INV007680,-1,1,0.5330806426308065
INV007681,1,0,0.028342751631942123
INV007682,1,0,0.3741048400234405
INV007683,1,0,0.21347958289785127
INV007684,1,0,0.1342211707331107
INV007685,1,0,0.07915599180000553
INV007686,1,0,0.16881525659541413
INV007687,1,0,0.07286740534816065
INV007688,1,0,0.04629982287398997
INV007689,1,0,0.04031042135109999
INV007690,1,0,0.186500279817456
INV007691,1,0,0.09666520345805914
INV007692,1,0,0.06607016319682944
INV007693,1,0,0.1494822028953286
INV007694,1,0,0.04109638725269696
INV007695,1,0,0.024088351920400312
INV007696,1,0,0.30538995606053426
INV007697,1,0,0.14860902673207077
INV007698,1,0,0.11372348434941268
INV007699,1,0,0.1366230629742947
INV007700,1,0,0.12162987872137422
INV007701,1,0,0.33053083534259625
INV007702,1,0,0.22827156774532542
INV007703,1,0,0.318745834260478
INV007704,-1,1,0.4635414248025021
INV007705,1,0,0.05280926808548599
INV007706,1,0,0.24124883935855154
INV007707,1,0,0.016672472509800716
INV007708,1,0,0.03793657658154819
INV007709,1,0,0.12090016190866072
INV007710,1,0,0.10313304142941668
INV007711,1,0,0.06155869300813684
INV007712,-1,1,0.640292682791243
INV007713,1,0,0.04847192907354026
INV007714,1,0,0.09642746172210359
INV007715,1,0,0.026132952849830856
INV007716,1,0,0.048205871345479184
INV007717,1,0,0.048114971078223184
INV007718,1,0,0.025813731362760946
INV007719,1,0,0.11286805782282987
INV007720,1,0,0.06124810516868299
INV007721,1,0,0.037221717497551335
INV007722,1,0,0.03569714027452106
INV007723,1,0,0.12156953765032269
INV007724,1,0,0.12769398815991015
INV007725,1,0,0.17011248084047836
INV007726,1,0,0.34253604316016234
INV007727,1,0,0.12072904748510369
INV007728,1,0,0.014583657018763031
INV007729,1,0,0.09929537049287097
INV007730,1,0,0.10759917413334394
INV007731,1,0,0.10147961828770855
INV007732,1,0,0.16960903998083662
INV007733,1,0,0.06433711103579781
INV007734,1,0,0.024047969563079488
INV007735,1,0,0.1150326866607532
INV007736,1,0,0.23200297215214127
INV007737,1,0,0.03302193576117467
INV007738,1,0,0.1184725913288149
INV007739,1,0,0.08286925595396735
INV007740,1,0,0.07134644396890805
INV007741,1,0,0.1495985859838935
INV007742,1,0,0.0647917343736268
INV007743,-1,1,0.4540573184548575
INV007744,1,0,0.30319225391334925
INV007745,1,0,0.05061505855984542
INV007746,1,0,0.12295318188433205
INV007747,1,0,0.03371449750116863
INV007748,1,0,0.052090272794522115
INV007749,1,0,0.20530687458250477
INV007750,-1,1,0.4227305036758956
INV007751,1,0,0.0
INV007752,-1,1,0.544946412341145
INV007753,1,0,0.04845540632398274
INV007754,1,0,0.09444621617526211
INV007755,1,0,0.26978940255939593
INV007756,1,0,0.02091391892952111
INV007757,1,0,0.05303434871480106
INV007758,1,0,0.07296221272715889
INV007759,1,0,0.0676792964764645
INV007760,1,0,0.0674986480866523
INV007761,1,0,0.060668498365513975
INV007762,1,0,0.1658758227867097
INV007763,-1,1,0.4761504509826016
INV007764,1,0,0.06250846716701516
INV007765,1,0,0.1505034676603366
INV007766,1,0,0.07593524132467719
INV007767,1,0,0.05946109310088612
INV007768,1,0,0.039845530723022285
INV007769,1,0,0.04057081904842404
INV007770,1,0,0.1922715604332881
INV007771,1,0,0.2999275405800982
INV007772,1,0,0.02237576523546957
INV007773,1,0,0.09758512636520535
INV007774,1,0,0.03633854605574761
INV007775,1,0,0.01915702316784181
INV007776,1,0,0.05985090243049919
INV007777,1,0,0.09706135362407382
INV007778,1,0,0.03638960956521607
INV007779,1,0,0.19892282575595632
INV007780,1,0,0.08473808693947346
INV007781,1,0,0.05707959453989926
INV007782,1,0,0.17470629748241007
INV007783,1,0,0.08832829620375528
INV007784,1,0,0.08218582352574634
INV007785,1,0,0.08729635316741143
INV007786,1,0,0.10861209561611583
INV007787,1,0,0.030382224190773303
INV007788,1,0,0.18644792027850493
INV007789,1,0,0.05588714989863919
INV007790,1,0,0.05827758819665147
INV007791,1,0,0.08481707624777686
INV007792,-1,1,0.4669488259725154
INV007793,1,0,0.08191637280533272
INV007794,1,0,0.13121624608609647
INV007795,1,0,0.16292584991815987
INV007796,1,0,0.04102509140997619
INV007797,1,0,0.030373895474711362
INV007798,1,0,0.2628140504464243
INV007799,1,0,0.07512459336580461
INV007800,1,0,0.23291575094377004
INV007801,1,0,0.06494854532749376
INV007802,1,0,0.09091982858736546
INV007803,1,0,0.1842994549370118
INV007804,1,0,0.06057607471351345
INV007805,1,0,0.11992650372550358
INV007806,1,0,0.07816649136278939
INV007807,1,0,0.24926471813190015
INV007808,1,0,0.041176878488519364
INV007809,1,0,0.08256787072999434
INV007810,1,0,0.0704751096375369
INV007811,1,0,0.12168062140767107
INV007812,1,0,0.10351817912789035
INV007813,1,0,0.07734625042162509
INV007814,1,0,0.07973851882748788
INV007815,1,0,0.07426388177926857
INV007816,1,0,0.05472551796632948
INV007817,1,0,0.17982815025808377
INV007818,1,0,0.21117609319107133
INV007819,1,0,0.10431946095846814
INV007820,1,0,0.06333286218103969
INV007821,1,0,0.14350253360225682
INV007822,1,0,0.043349180301641546
INV007823,1,0,0.04127061380372807
INV007824,1,0,0.09880950672377609
INV007825,1,0,0.018745584530247945
INV007826,1,0,0.2581649384519449
INV007827,1,0,0.3602631002007514
INV007828,1,0,0.14039117377750607
INV007829,1,0,0.04873425873779797
INV007830,1,0,0.027394973363436256
INV007831,-1,1,0.5143784640965444
INV007832,1,0,0.0542053938499762
INV007833,1,0,0.1946049470017152
INV007834,1,0,0.05513958444394942
INV007835,1,0,0.04627263240851655
INV007836,1,0,0.03484781878728536
INV007837,1,0,0.09558678095297943
INV007838,1,0,0.180530441967373
INV007839,1,0,0.07712015921783756
INV007840,1,0,0.20138034950513847
INV007841,1,0,0.07884310854746977
INV007842,1,0,0.22813786642795486
INV007843,-1,1,0.6365632588313421
INV007844,1,0,0.12036006085173202
INV007845,1,0,0.12068415119830311
INV007846,1,0,0.14521221588673078
INV007847,1,0,0.11566703161814783
INV007848,1,0,0.04888271984421215
INV007849,1,0,0.17432254388599633
INV007850,1,0,0.04826960594473062
INV007851,1,0,0.029279683570093737
INV007852,1,0,0.056678588492511645
INV007853,1,0,0.143065042499336
INV007854,1,0,0.26383371416188073
INV007855,1,0,0.21665459964532238
INV007856,1,0,0.1134834457848901
INV007857,1,0,0.04907451136824131
INV007858,1,0,0.3220893086627023
INV007859,1,0,0.09543453443567888
INV007860,1,0,0.08975442354828324
INV007861,1,0,0.07605442312679508
INV007862,1,0,0.03327395830430734
INV007863,1,0,0.03404936591542369
INV007864,1,0,0.14033101929950742
INV007865,1,0,0.16494334617343126
INV007866,1,0,0.08901637145016329
INV007867,1,0,0.36982297398753095
INV007868,1,0,0.05267161632526902
INV007869,1,0,0.08391154880248944
INV007870,1,0,0.12631155860853957
INV007871,1,0,0.045917192356490215
INV007872,1,0,0.14408012509576656
INV007873,1,0,0.043043695244894924
INV007874,1,0,0.22949403840843202
INV007875,1,0,0.19779238873687985
INV007876,1,0,0.29185502583871303
INV007877,1,0,0.06972483154334443
INV007878,1,0,0.14503959997328547
INV007879,1,0,0.0645920671391673
INV007880,1,0,0.025382776073172134
INV007881,1,0,0.09069335287105476
INV007882,1,0,0.18055806688600082
INV007883,1,0,0.057168238533331604
INV007884,1,0,0.1380845582194019
INV007885,1,0,0.12804383134979502
INV007886,1,0,0.08627914567334134
INV007887,1,0,0.03730522597164992
INV007888,1,0,0.37354171495621485
INV007889,1,0,0.02400742916524517
INV007890,1,0,0.14212969675936918
INV007891,1,0,0.23377243473981346
INV007892,1,0,0.156113215501547
INV007893,1,0,0.07447683068333595
INV007894,1,0,0.11264340602849542
INV007895,1,0,0.06114840028409954
INV007896,1,0,0.09924043253275942
INV007897,1,0,0.04219800001770877
INV007898,1,0,0.09931500518243458
INV007899,1,0,0.07944221013804077
INV007900,1,0,0.05218860435382613
INV007901,1,0,0.04585753352659679
INV007902,1,0,0.040542148542552815
INV007903,1,0,0.06492163121037398
INV007904,1,0,0.06480798282560214
INV007905,1,0,0.190814213277328
INV007906,1,0,0.13095687718144997
INV007907,1,0,0.035909854138037454
INV007908,1,0,0.1674917469166495
INV007909,1,0,0.07769644389237858
INV007910,1,0,0.040865485694745164
INV007911,1,0,0.3265919157240769
INV007912,1,0,0.10411930734108071
INV007913,1,0,0.06990390398639965
INV007914,1,0,0.1586742650706156
INV007915,1,0,0.11716770368277345
INV007916,1,0,0.24777546764837624
INV007917,1,0,0.03834367683039947
INV007918,1,0,0.06637300228299009
INV007919,1,0,0.13811953067946897
INV007920,1,0,0.08155408359634576
INV007921,1,0,0.05659308043087509
INV007922,1,0,0.07935436576470033
INV007923,1,0,0.08082401678061263
INV007924,1,0,0.048239706454446786
INV007925,1,0,0.09587053271768407
INV007926,1,0,0.11182265038288548
INV007927,1,0,0.12481997940013737
INV007928,-1,1,0.6607944026348201
INV007929,1,0,0.4006167755144439
INV007930,1,0,0.09846824962566343
INV007931,1,0,0.11053350682068887
INV007932,1,0,0.17615705810689203
INV007933,1,0,0.252413238261806
INV007934,1,0,0.12429114474760301
INV007935,1,0,0.09416206398197693
INV007936,1,0,0.021095907439945834
INV007937,1,0,0.06272978781936667
INV007938,1,0,0.12490420190885212
INV007939,1,0,0.08646714350281452
INV007940,1,0,0.17962951935793933
INV007941,1,0,0.14156913945845973
INV007942,1,0,0.37620643866399817
INV007943,1,0,0.0838987881562041
INV007944,1,0,0.0803215137599546
INV007945,1,0,0.08343934175684647
INV007946,1,0,0.051067205587112204
INV007947,1,0,0.2519120662930316
INV007948,1,0,0.06608108804886967
INV007949,1,0,0.1817172475057741
INV007950,1,0,0.09623533044425375
INV007951,1,0,0.012254408812989349
INV007952,1,0,0.21510526232064164
INV007953,1,0,0.06684571089948547
INV007954,1,0,0.030087420924010195
INV007955,1,0,0.21915859944594585
INV007956,1,0,0.047874122668922846
INV007957,1,0,0.15706651098884222
INV007958,1,0,0.07586895047306773
INV007959,1,0,0.2839651809847606
INV007960,1,0,0.028871369811201208
INV007961,1,0,0.013134194020101238
INV007962,1,0,0.024946968478717132
INV007963,1,0,0.058184664379447824
INV007964,1,0,0.18242065420359913
INV007965,1,0,0.15279979002412972
INV007966,1,0,0.0814946736972953
INV007967,1,0,0.34464346169277327
INV007968,1,0,0.06391946298022705
INV007969,1,0,0.20155021926599925
INV007970,1,0,0.051203073716955975
INV007971,1,0,0.09047255899073704
INV007972,1,0,0.21018435761612536
INV007973,1,0,0.022408082814122984
INV007974,1,0,0.18233483707471165
INV007975,1,0,0.21274606194867274
INV007976,1,0,0.15521699131099884
INV007977,1,0,0.12242301284569107
INV007978,1,0,0.10264897602196307
INV007979,1,0,0.03553376060026444
INV007980,1,0,0.28202209535622197
INV007981,1,0,0.22920145355140847
INV007982,1,0,0.2272392699664961
INV007983,1,0,0.03875912039955075
INV007984,1,0,0.0495693305001737
INV007985,1,0,0.18619056915330945
INV007986,1,0,0.09334003386077075
INV007987,1,0,0.06159157918276956
INV007988,1,0,0.04763378800766925
INV007989,1,0,0.11962584630832361
INV007990,1,0,0.12604093186402496
INV007991,1,0,0.10024738457010512
INV007992,1,0,0.08906116859622597
INV007993,1,0,0.03837914711201395
INV007994,-1,1,0.5397024871894675
INV007995,1,0,0.036157442485354824
INV007996,1,0,0.16400877035476952
INV007997,1,0,0.16880016678564583
INV007998,1,0,0.17416713557654528
INV007999,1,0,0.026397433113654067
INV008000,1,0,0.21990192312779766
INV008001,1,0,0.0596927029853055
INV008002,1,0,0.258635490828661
INV008003,-1,1,0.8214303071754534
INV008004,-1,1,0.47920446746568196
INV008005,1,0,0.19649962656356534
INV008006,1,0,0.32637383696243033
INV008007,1,0,0.18998587715417375
INV008008,1,0,0.05652652674629605
INV008009,1,0,0.05575391087738023
INV008010,-1,1,0.45166502176012935
INV008011,1,0,0.29077557621018985
INV008012,1,0,0.2846284781371896
INV008013,1,0,0.0971936694350775
INV008014,1,0,0.25135379180420336
INV008015,1,0,0.029989098210264988
INV008016,1,0,0.1336420464874145
INV008017,1,0,0.31562266951090995
INV008018,1,0,0.04798176821511418
INV008019,1,0,0.03583510783934641
INV008020,1,0,0.20801803273407266
INV008021,1,0,0.06251951124870367
INV008022,1,0,0.03522106656491202
INV008023,1,0,0.04212793113295878
INV008024,1,0,0.18310918009718324
INV008025,1,0,0.03172867942193848
INV008026,1,0,0.11802667045743274
INV008027,1,0,0.017246903886123106
INV008028,-1,1,0.5375567987785245
INV008029,-1,1,0.5858148719569357
INV008030,1,0,0.06819700632174913
INV008031,-1,1,0.5603965186769775
INV008032,1,0,0.04289700801937226
INV008033,1,0,0.05576399348936947
INV008034,1,0,0.04071894596692373
INV008035,1,0,0.25137909382388113
INV008036,-1,1,0.44998626179548956
INV008037,1,0,0.161093477483117
INV008038,1,0,0.07246349092199034
INV008039,1,0,0.12541749393152982
INV008040,1,0,0.05697223983233439
INV008041,1,0,0.057184842653299324
INV008042,-1,1,0.5984181212260368
INV008043,1,0,0.0732242831040563
INV008044,1,0,0.15932674131503538
INV008045,1,0,0.40607310686186066
INV008046,1,0,0.027059790376050965
INV008047,1,0,0.11027473525156256
INV008048,1,0,0.04723078853907583
INV008049,1,0,0.11083449977153967
INV008050,1,0,0.1371171684891262
INV008051,1,0,0.03317108202866509
INV008052,1,0,0.04580734076075333
INV008053,1,0,0.09396247160620418
INV008054,1,0,0.10967755491093122
INV008055,-1,1,0.535156375356906
INV008056,1,0,0.048609168890976155
INV008057,1,0,0.04578770093578086
INV008058,1,0,0.3510475043098549
INV008059,1,0,0.2447062509174765
INV008060,1,0,0.042916061464243024
INV008061,1,0,0.13898944636906346
INV008062,1,0,0.030807256129741275
INV008063,1,0,0.02812488925398542
INV008064,1,0,0.0312161160263508
INV008065,1,0,0.07058583015955708
INV008066,-1,1,0.4934866506790562
INV008067,1,0,0.06145997528810249
INV008068,-1,1,0.7677865316076299
INV008069,1,0,0.11327408314601382
INV008070,1,0,0.021293069789584784
INV008071,1,0,0.28737121358779355
INV008072,1,0,0.13536367922538461
INV008073,1,0,0.038154597949665
INV008074,1,0,0.12361873634299017
INV008075,1,0,0.06181765560620294
INV008076,1,0,0.4007761898547767
INV008077,1,0,0.05341843193693682
INV008078,1,0,0.20345228455137346
INV008079,1,0,0.33786224944034576
INV008080,1,0,0.1319340475916317
INV008081,1,0,0.02598106582365919
INV008082,1,0,0.1214992777440332
INV008083,1,0,0.06917176615526777
INV008084,1,0,0.3242852652939872
INV008085,1,0,0.016022633857209975
INV008086,1,0,0.06154220238131365
INV008087,1,0,0.07808674567337753
INV008088,1,0,0.26058790905922385
INV008089,1,0,0.1759797945779127
INV008090,-1,1,0.436762322174692
INV008091,1,0,0.18423060005320027
INV008092,1,0,0.04205303220221588
INV008093,1,0,0.07355069739091373
INV008094,1,0,0.22607251793819422
INV008095,1,0,0.30076298713307453
INV008096,1,0,0.3325921635699738
INV008097,1,0,0.0814711076700377
INV008098,1,0,0.07632523599337165
INV008099,1,0,0.02493061256104465
INV008100,-1,1,0.7236193655073144
INV008101,1,0,0.0594659835347474
INV008102,1,0,0.03460208695762061
INV008103,1,0,0.09311716012116149
INV008104,1,0,0.19871703801629714
INV008105,1,0,0.2174129494434171
INV008106,1,0,0.03899249569837554
INV008107,1,0,0.12403545132447794
INV008108,1,0,0.08619595318461622
INV008109,1,0,0.07613205941053566
INV008110,1,0,0.07233958990962117
INV008111,1,0,0.05442018903258259
INV008112,1,0,0.36996287712375125
INV008113,1,0,0.34282926241421063
INV008114,1,0,0.1803426961712099
INV008115,1,0,0.10719252838123598
INV008116,1,0,0.1442892382443792
INV008117,1,0,0.20543181663530022
INV008118,1,0,0.34511613629842414
INV008119,1,0,0.1050380586342901
INV008120,1,0,0.13193524498471515
INV008121,1,0,0.20886490522457704
INV008122,1,0,0.06349642103982159
INV008123,1,0,0.27021394019615275
INV008124,1,0,0.04581375414737129
INV008125,1,0,0.04691744439435646
INV008126,1,0,0.11311233799287662
INV008127,1,0,0.07237723783295057
INV008128,1,0,0.06850198750118795
INV008129,1,0,0.20658204165856942
INV008130,1,0,0.042351428371172006
INV008131,1,0,0.09602559844478822
INV008132,1,0,0.035024948248884955
INV008133,1,0,0.4171331578004233
INV008134,1,0,0.029986237950092424
INV008135,-1,1,0.4360387712490908
INV008136,1,0,0.15216127614927238
INV008137,1,0,0.11007475558461724
INV008138,1,0,0.021545283048574528
INV008139,1,0,0.1631591848651196
INV008140,1,0,0.09484498401116136
INV008141,1,0,0.05853489857937522
INV008142,1,0,0.053612482299645686
INV008143,1,0,0.1020882974663746
INV008144,1,0,0.07844902610322012
INV008145,1,0,0.0778536643922837
INV008146,1,0,0.043934234378894266
INV008147,1,0,0.1272452008526448
INV008148,1,0,0.09116216170946267
INV008149,1,0,0.05697508184135622
INV008150,1,0,0.09633337120966574
INV008151,1,0,0.028572150857588983
INV008152,1,0,0.1130033342731719
INV008153,1,0,0.1558668110598586
INV008154,1,0,0.1428153305490058
INV008155,1,0,0.01830785652722442
INV008156,1,0,0.04811730180929115
INV008157,1,0,0.03898089879670696
INV008158,1,0,0.004897413336128491
INV008159,1,0,0.2001374803789108
INV008160,1,0,0.12734473300180743
INV008161,1,0,0.07376173528000492
INV008162,1,0,0.03429890311995862
INV008163,1,0,0.15927393172399465
INV008164,1,0,0.11198163149059516
INV008165,1,0,0.12025715494804513
INV008166,1,0,0.08321914673229346
INV008167,1,0,0.09599942446098929
INV008168,1,0,0.06719168532709488
INV008169,1,0,0.08076164981696976
INV008170,1,0,0.09455139776312166
INV008171,1,0,0.050020746354041475
INV008172,1,0,0.2681807440307919
INV008173,1,0,0.04425978371884248
INV008174,1,0,0.054743671569581334
INV008175,1,0,0.124082407200458
INV008176,1,0,0.06130940680710981
INV008177,1,0,0.016503886292265218
INV008178,1,0,0.38960744793915336
INV008179,1,0,0.031633284053703664
INV008180,1,0,0.05766842546142301
INV008181,1,0,0.04851062262260966
INV008182,1,0,0.028152886573408954
INV008183,1,0,0.03312058921606669
INV008184,1,0,0.05061324672227122
INV008185,1,0,0.02072997856195904
INV008186,1,0,0.032245904317135206
INV008187,1,0,0.1562311650362651
INV008188,1,0,0.0705633587467387
INV008189,1,0,0.042183410378079725
INV008190,1,0,0.09663779002161499
INV008191,1,0,0.04464135662752844
INV008192,1,0,0.08269405827109826
INV008193,1,0,0.07405017725493226
INV008194,1,0,0.23351396573605115
INV008195,1,0,0.09447525805334848
INV008196,1,0,0.08848333216818464
INV008197,1,0,0.032844786747875165
INV008198,1,0,0.09149534386712893
INV008199,1,0,0.060431082174050396
INV008200,1,0,0.050965830165121545
INV008201,1,0,0.04665580313560404
INV008202,1,0,0.08135273274616954
INV008203,1,0,0.08004415850235558
INV008204,1,0,0.23609533570275432
INV008205,1,0,0.16611681744182732
INV008206,1,0,0.364799391927071
INV008207,1,0,0.13649719263843052
INV008208,1,0,0.035399316562903835
INV008209,1,0,0.11193474501762514
INV008210,1,0,0.04853967721709198
INV008211,1,0,0.0381407721492544
INV008212,1,0,0.34621220969263367
INV008213,1,0,0.068748648425892
INV008214,1,0,0.11189457522383536
INV008215,1,0,0.10260497859158446
INV008216,1,0,0.029000176883240247
INV008217,1,0,0.11489168360978681
INV008218,1,0,0.0898972895838455
INV008219,1,0,0.07878563798324117
INV008220,1,0,0.040887492278800765
INV008221,1,0,0.10558070851067018
INV008222,1,0,0.14086387510108248
INV008223,1,0,0.022261052153128135
INV008224,1,0,0.038623275648370224
INV008225,1,0,0.1364263235446838
INV008226,1,0,0.03887884317676315
INV008227,1,0,0.24486078016182072
INV008228,1,0,0.32886059832810216
INV008229,1,0,0.019648459092342346
INV008230,1,0,0.26102132404038386
INV008231,1,0,0.18848862447587453
INV008232,1,0,0.2275310041001223
INV008233,1,0,0.052296424276999626
INV008234,1,0,0.016800820816671204
INV008235,1,0,0.18884848812310204
INV008236,1,0,0.08189676702278982
INV008237,1,0,0.03425794639032464
INV008238,1,0,0.11289959858806822
INV008239,1,0,0.08333561662284071
INV008240,1,0,0.2136918900267101
INV008241,1,0,0.09067312658877644
INV008242,1,0,0.05937292650265153
INV008243,1,0,0.059185417176441886
INV008244,1,0,0.06297192436761405
INV008245,1,0,0.23016696564815795
INV008246,1,0,0.14596628795747557
INV008247,1,0,0.06463621443582578
INV008248,1,0,0.13724268469043704
INV008249,1,0,0.028606628592997507
INV008250,1,0,0.009029127824088526
INV008251,1,0,0.06403999164064215
INV008252,1,0,0.09902542447372066
INV008253,1,0,0.01095235678215515
INV008254,1,0,0.19584501418803016
INV008255,1,0,0.09137864340930837
INV008256,1,0,0.031866367189993236
INV008257,1,0,0.18088577101367273
INV008258,-1,1,0.6240985624390213
INV008259,1,0,0.17581292132875012
INV008260,1,0,0.23920074493642635
INV008261,-1,1,0.5152199532571508
INV008262,-1,1,0.47542033003412404
INV008263,1,0,0.19800342797197604
INV008264,1,0,0.09247409870515799
INV008265,1,0,0.06318341111492103
INV008266,1,0,0.03260714401595894
INV008267,1,0,0.12215145575373483
INV008268,1,0,0.07077201964413722
INV008269,1,0,0.05254347907679236
INV008270,1,0,0.04912540519577381
INV008271,1,0,0.021354111701896366
INV008272,1,0,0.126495296206049
INV008273,1,0,0.08536356949929728
INV008274,1,0,0.047988528888028584
INV008275,1,0,0.10298970771194434
INV008276,1,0,0.08383790363634261
INV008277,1,0,0.06076971051970562
INV008278,1,0,0.08657687303694914
INV008279,1,0,0.07491778607947651
INV008280,1,0,0.04532420110909642
INV008281,1,0,0.034261523354347456
INV008282,1,0,0.08987574580522287
INV008283,1,0,0.1817684455319763
INV008284,1,0,0.0796866636567301
INV008285,1,0,0.1577378063525932
INV008286,1,0,0.14234465902632065
INV008287,1,0,0.0505064117569629
INV008288,1,0,0.1782233252545036
INV008289,1,0,0.03495831529057467
INV008290,1,0,0.0782963123316386
INV008291,1,0,0.07280490344978524
INV008292,1,0,0.004988354055645417
INV008293,1,0,0.09239947682959931
INV008294,1,0,0.01999724230858334
INV008295,1,0,0.13840617710495529
INV008296,1,0,0.04100115048757339
INV008297,1,0,0.2986821466422934
INV008298,1,0,0.16137187053035343
INV008299,1,0,0.14712802809124276
INV008300,1,0,0.04990697926517995
INV008301,1,0,0.11235821384185846
INV008302,1,0,0.16702294228987838
INV008303,1,0,0.06018950540290524
INV008304,1,0,0.13539162909340696
INV008305,1,0,0.08597930537775342
INV008306,1,0,0.19681016277912847
INV008307,1,0,0.39305919846208165
INV008308,1,0,0.09537790834020958
INV008309,1,0,0.0541203100465372
INV008310,1,0,0.06192083823084336
INV008311,1,0,0.10892999890614447
INV008312,1,0,0.22043152496097776
INV008313,1,0,0.09040935209289762
INV008314,1,0,0.159525879768693
INV008315,1,0,0.09352666478233776
INV008316,1,0,0.2096789703539656
INV008317,1,0,0.1105197820361352
INV008318,1,0,0.04832070684990358
INV008319,1,0,0.04074866109660932
INV008320,1,0,0.10520418900901693
INV008321,1,0,0.08113394348039425
INV008322,1,0,0.08004864707128803
INV008323,1,0,0.21436529155064957
INV008324,1,0,0.033839285682577915
INV008325,1,0,0.1982976841813056
INV008326,1,0,0.3052336061584017
INV008327,1,0,0.049850764693885274
INV008328,1,0,0.20811827688140117
INV008329,1,0,0.03309342889089197
INV008330,1,0,0.09725977396509938
INV008331,1,0,0.13011254823887977
INV008332,1,0,0.08844647735928293
INV008333,1,0,0.07781158326952804
INV008334,1,0,0.01483945433511242
INV008335,1,0,0.08825502222242372
INV008336,1,0,0.022014414647952223
INV008337,1,0,0.22265830934083872
INV008338,1,0,0.02509399025857032
INV008339,1,0,0.15505405879359266
INV008340,1,0,0.16751452653908463
INV008341,1,0,0.07552632855767352
INV008342,-1,1,0.8800533488727087
INV008343,1,0,0.15631651722618345
INV008344,1,0,0.11844221949266924
INV008345,1,0,0.07581067902335407
INV008346,1,0,0.035600800521667295
INV008347,1,0,0.19021891717077347
INV008348,1,0,0.02582529270815781
INV008349,1,0,0.2040399477356896
INV008350,1,0,0.2968721306349882
INV008351,1,0,0.05055667914479535
INV008352,1,0,0.012405073971755404
INV008353,1,0,0.07890905964324171
INV008354,1,0,0.10293230461821969
INV008355,1,0,0.11105981588654962
INV008356,1,0,0.16798514321704175
INV008357,1,0,0.09589240301752916
INV008358,1,0,0.011642268909598874
INV008359,1,0,0.09140946423499413
INV008360,1,0,0.12099696516624558
INV008361,1,0,0.18479433295796108
INV008362,1,0,0.1382270711362213
INV008363,1,0,0.21399874546140657
INV008364,1,0,0.05041000383516574
INV008365,1,0,0.135652506998014
INV008366,1,0,0.04846326745464753
INV008367,1,0,0.07473010233035376
INV008368,1,0,0.13984550277400642
INV008369,1,0,0.08924659584604411
INV008370,1,0,0.06288290714002548
INV008371,1,0,0.07901117910037461
INV008372,1,0,0.03219861088248496
INV008373,1,0,0.04525760954234209
INV008374,1,0,0.11845979742310075
INV008375,1,0,0.036944023500455066
INV008376,1,0,0.03724238041290673
INV008377,1,0,0.030207843607009153
INV008378,1,0,0.06301708935212452
INV008379,1,0,0.15808958606552392
INV008380,1,0,0.09161561624360078
INV008381,1,0,0.1074759159605436
INV008382,1,0,0.10200697967962842
INV008383,1,0,0.10121561072129619
INV008384,1,0,0.045181965686054176
INV008385,1,0,0.03233291364487443
INV008386,1,0,0.04853176412006504
INV008387,1,0,0.10238592474579777
INV008388,1,0,0.053424535990477647
INV008389,1,0,0.30871688988360696
INV008390,1,0,0.23523497498167678
INV008391,1,0,0.059959592963689766
INV008392,1,0,0.2759130183999281
INV008393,1,0,0.061719878928222636
INV008394,1,0,0.19179066680219953
INV008395,1,0,0.2391642840529034
INV008396,1,0,0.13406308014331644
INV008397,1,0,0.08960567712550385
INV008398,1,0,0.19476410975688135
INV008399,1,0,0.06065396584109272
INV008400,1,0,0.13302022313760564
INV008401,1,0,0.04533238575232447
INV008402,1,0,0.02621080403441976
INV008403,-1,1,0.43588341026332056
INV008404,1,0,0.06949463029451593
INV008405,1,0,0.12415202790824754
INV008406,1,0,0.16935796730009112
INV008407,1,0,0.21107805315068273
INV008408,1,0,0.127187677219384
INV008409,1,0,0.10363372051672523
INV008410,1,0,0.2017271550214491
INV008411,1,0,0.13794608681891404
INV008412,1,0,0.15215208119265297
INV008413,1,0,0.10041006863544334
INV008414,1,0,0.04163419002576472
INV008415,-1,1,0.43873747689293585
INV008416,1,0,0.11446124706174218
INV008417,1,0,0.09858657507270353
INV008418,1,0,0.11735954707542741
INV008419,1,0,0.07634097547254598
INV008420,1,0,0.03711222857885525
INV008421,1,0,0.06860939951907098
INV008422,1,0,0.05241965853910364
INV008423,1,0,0.07137835384487738
INV008424,1,0,0.06163462703100453
INV008425,1,0,0.03633521925862774
INV008426,1,0,0.028749934414857313
INV008427,1,0,0.06506347901891275
INV008428,1,0,0.10203012628025239
INV008429,1,0,0.20498814103803514
INV008430,1,0,0.12550924847223657
INV008431,1,0,0.132045546546089
INV008432,-1,1,0.532665191106376
INV008433,1,0,0.2573719839009988
INV008434,1,0,0.14093419822824
INV008435,-1,1,0.42214167143526793
INV008436,1,0,0.404831955517558
INV008437,1,0,0.01796981654178818
INV008438,1,0,0.057188651044088344
INV008439,1,0,0.09135588134766255
INV008440,1,0,0.05126416223460428
INV008441,1,0,0.033665476606878894
INV008442,1,0,0.07692266758724164
INV008443,1,0,0.0809698188876904
INV008444,1,0,0.024958082161123593
INV008445,1,0,0.07508294203186108
INV008446,1,0,0.1498362038950159
INV008447,1,0,0.0696962164221954
INV008448,1,0,0.003879784904661326
INV008449,1,0,0.09474947437592136
INV008450,1,0,0.11690334179187284
INV008451,1,0,0.025398433038525514
INV008452,1,0,0.03211341244120028
INV008453,-1,1,0.47621562098942966
INV008454,1,0,0.030039242621455388
INV008455,1,0,0.07173320574056619
INV008456,1,0,0.061805740758628276
INV008457,1,0,0.2968297710861402
INV008458,1,0,0.09228528630351951
INV008459,1,0,0.05926059066663002
INV008460,1,0,0.05317886314408981
INV008461,1,0,0.16610214839456441
INV008462,1,0,0.134902053428878
INV008463,1,0,0.1729271677924029
INV008464,1,0,0.06293459354340109
INV008465,1,0,0.13745223156958836
INV008466,1,0,0.38686329753219867
INV008467,1,0,0.06300755309377894
INV008468,1,0,0.050302232336002096
INV008469,1,0,0.052853648548972995
INV008470,1,0,0.07659547137303033
INV008471,1,0,0.06861243470844007
INV008472,1,0,0.04733693416047433
INV008473,1,0,0.07717078855721524
INV008474,1,0,0.24590094957635125
INV008475,1,0,0.03973718091413456
INV008476,1,0,0.04252496210211713
INV008477,1,0,0.143789524406555
INV008478,1,0,0.028625257312951864
INV008479,1,0,0.14880887989234298
INV008480,1,0,0.14245137612372868
INV008481,1,0,0.009958189003442303
INV008482,1,0,0.07304757442186603
INV008483,1,0,0.09863541950102757
INV008484,1,0,0.17290962929248724
INV008485,-1,1,0.6063577308806604
INV008486,1,0,0.09246633617363538
INV008487,1,0,0.06584217042020957
INV008488,1,0,0.03139072690501372
INV008489,1,0,0.23433669819955316
INV008490,-1,1,0.42104814015323033
INV008491,1,0,0.032373420705954836
INV008492,1,0,0.03902652838259813
INV008493,1,0,0.1188665178092026
INV008494,1,0,0.11265651323914522
INV008495,1,0,0.1456721960474799
INV008496,1,0,0.1529551630840822
INV008497,1,0,0.20065217447765035
INV008498,1,0,0.178126116365097
INV008499,1,0,0.1628933594117489
INV008500,1,0,0.04927516042628717
INV008501,1,0,0.2549343229175595
INV008502,1,0,0.20924091247264423
INV008503,1,0,0.06243838442241411
INV008504,1,0,0.0690169822668912
INV008505,1,0,0.19448308895819819
INV008506,1,0,0.36566652601918614
INV008507,1,0,0.14355335224081317
INV008508,1,0,0.1911250980825924
INV008509,1,0,0.24902960385635184
INV008510,-1,1,0.43828331623805916
INV008511,1,0,0.21139395864614485
INV008512,1,0,0.10123523188175429
INV008513,1,0,0.17565307837415206
INV008514,1,0,0.21798683530563476
INV008515,1,0,0.19092453010258623
INV008516,1,0,0.03387504171581835
INV008517,1,0,0.027673498718468352
INV008518,1,0,0.013858263341093236
INV008519,1,0,0.17585863630484969
INV008520,1,0,0.1424971671653027
INV008521,1,0,0.12922521022775435
INV008522,1,0,0.13895438381694164
INV008523,1,0,0.07325750184186769
INV008524,1,0,0.07938139473867686
INV008525,1,0,0.046003910181388434
INV008526,1,0,0.17907535998873927
INV008527,1,0,0.11312506946998813
INV008528,1,0,0.060873407133078546
INV008529,1,0,0.19289239522124058
INV008530,1,0,0.058149853417657854
INV008531,1,0,0.07121493565439557
INV008532,1,0,0.26312033135333046
INV008533,1,0,0.13129726266552424
INV008534,1,0,0.29297389578026733
INV008535,1,0,0.1337322079112252
INV008536,-1,1,0.48275703866928243
INV008537,1,0,0.18233315795607632
INV008538,1,0,0.07497620352899276
INV008539,1,0,0.043482576437024835
INV008540,1,0,0.2914195475155459
INV008541,1,0,0.030572082518536527
INV008542,-1,1,0.4480354532615567
INV008543,1,0,0.08686817595987574
INV008544,1,0,0.0755268051586142
INV008545,-1,1,0.43263253959545817
INV008546,-1,1,0.8596652576522271
INV008547,1,0,0.04905813628814081
INV008548,1,0,0.12745791183143773
INV008549,1,0,0.13671728369187025
INV008550,1,0,0.053431724245435123
INV008551,1,0,0.13353655888379456
INV008552,1,0,0.035025979198102825
INV008553,1,0,0.011771205926668875
INV008554,1,0,0.05218183738729864
INV008555,1,0,0.07001768284093597
INV008556,1,0,0.06140412199616139
INV008557,1,0,0.012113147822828194
INV008558,1,0,0.048944080687517925
INV008559,1,0,0.11664568014747395
INV008560,1,0,0.1241377709402684
INV008561,1,0,0.3488336569807383
INV008562,1,0,0.03514902183618396
INV008563,1,0,0.042650385391969005
INV008564,1,0,0.34216538860995416
INV008565,1,0,0.10054465556578555
INV008566,1,0,0.03980813229001373
INV008567,1,0,0.09165964372324532
INV008568,1,0,0.3001863653607931
INV008569,1,0,0.28972556940116845
INV008570,1,0,0.05824444233650343
INV008571,1,0,0.06315167557044425
INV008572,1,0,0.08045232637086405
INV008573,1,0,0.05266064928695877
INV008574,1,0,0.08214886446613091
INV008575,1,0,0.041993263022349764
INV008576,-1,1,0.7492687193263537
INV008577,1,0,0.12974649228685495
INV008578,-1,1,0.45302125544295213
INV008579,-1,1,0.525221704973453
INV008580,-1,1,0.4428536221406951
INV008581,1,0,0.03353557270183335
INV008582,1,0,0.2106271669327708
INV008583,1,0,0.13946960169022474
INV008584,1,0,0.12514785207138962
INV008585,1,0,0.07947532439314198
INV008586,1,0,0.0396629536146798
INV008587,1,0,0.0322311850910302
INV008588,1,0,0.1385481813039111
INV008589,1,0,0.3841609997162002
INV008590,1,0,0.12633847029329592
INV008591,1,0,0.07007741276701712
INV008592,1,0,0.15077758672407876
INV008593,-1,1,0.4342377112983664
INV008594,-1,1,0.5288124004135459
INV008595,1,0,0.16838150506207553
INV008596,1,0,0.14546900379990807
INV008597,1,0,0.08140653924408844
INV008598,1,0,0.06433557376519597
INV008599,1,0,0.28870644808637397
INV008600,1,0,0.04738994104142562
INV008601,1,0,0.03482450052352174
INV008602,1,0,0.10841284831838639
INV008603,1,0,0.3139143999644828
INV008604,1,0,0.15031655288292756
INV008605,1,0,0.10640562176110312
INV008606,1,0,0.0727195606448542
INV008607,1,0,0.053509596866274454
INV008608,1,0,0.040714521871255044
INV008609,1,0,0.08174596647430366
INV008610,1,0,0.281120876999569
INV008611,1,0,0.02994049475901273
INV008612,1,0,0.17333797320483327
INV008613,1,0,0.08867665157230085
INV008614,1,0,0.052044482278241856
INV008615,1,0,0.15787097419932575
INV008616,1,0,0.22045506878112117
INV008617,1,0,0.3206718867184646
INV008618,1,0,0.10927327862488832
INV008619,-1,1,0.47304212184404915
INV008620,1,0,0.05395862458008039
INV008621,1,0,0.06748351244267349
INV008622,1,0,0.03894022383182255
INV008623,1,0,0.19499686253497767
INV008624,1,0,0.13072397599368113
INV008625,1,0,0.1986745577707114
INV008626,1,0,0.1275820804164289
INV008627,1,0,0.2648539199701803
INV008628,1,0,0.014391078382241263
INV008629,1,0,0.13634447800597765
INV008630,1,0,0.18392977940451744
INV008631,1,0,0.133806179613464
INV008632,1,0,0.1681811860894393
INV008633,1,0,0.06373999889124689
INV008634,1,0,0.11428638666526292
INV008635,1,0,0.07821773855036823
INV008636,1,0,0.09251062282873578
INV008637,1,0,0.08239589889555136
INV008638,1,0,0.04430462336560565
INV008639,1,0,0.15336644245452677
INV008640,1,0,0.10106193577167986
INV008641,1,0,0.01674880184134502
INV008642,1,0,0.04636008076579026
INV008643,1,0,0.07384351988733173
INV008644,1,0,0.05360151879289258
INV008645,1,0,0.1398638865029346
INV008646,1,0,0.1720722087020063
INV008647,1,0,0.11420733753463262
INV008648,1,0,0.005490150533539676
INV008649,1,0,0.17218266453925277
INV008650,1,0,0.010204265700822897
INV008651,1,0,0.19344052234209427
INV008652,1,0,0.09854449467055752
INV008653,-1,1,0.4768732009942489
INV008654,1,0,0.15223494981124802
INV008655,1,0,0.08606205338409834
INV008656,1,0,0.18792308944165487
INV008657,1,0,0.1973315041799125
INV008658,1,0,0.017454787518449106
INV008659,1,0,0.03990442943714014
INV008660,1,0,0.1701057815174681
INV008661,-1,1,0.48493368917364854
INV008662,1,0,0.20306855191102532
INV008663,1,0,0.15248652186199857
INV008664,1,0,0.10892238762552245
INV008665,1,0,0.1682097314384849
INV008666,1,0,0.07823900620203458
INV008667,1,0,0.2521141911308393
INV008668,1,0,0.05134215369804317
INV008669,1,0,0.05393894805540802
INV008670,-1,1,0.41963144492013443
INV008671,1,0,0.11615364772765562
INV008672,-1,1,0.42219677503052333
INV008673,1,0,0.11337792863615864
INV008674,1,0,0.0586229315654419
INV008675,1,0,0.16017372792451193
INV008676,1,0,0.1742651608634239
INV008677,1,0,0.12646552326407284
INV008678,1,0,0.11216137798008688
INV008679,1,0,0.04079213602841055
INV008680,1,0,0.09079508800721649
INV008681,1,0,0.07335321142968837
INV008682,1,0,0.10429098602690075
INV008683,1,0,0.009967872291376459
INV008684,1,0,0.031535109345717
INV008685,1,0,0.11811680559791643
INV008686,1,0,0.17125396474393448
INV008687,1,0,0.16496383711863483
INV008688,1,0,0.03264399871601351
INV008689,1,0,0.050893793124389776
INV008690,1,0,0.05901643391253657
INV008691,1,0,0.06902910025468827
INV008692,1,0,0.11407765419112069
INV008693,1,0,0.03451702753061196
INV008694,1,0,0.13705806494446043
INV008695,1,0,0.15603666029982702
INV008696,-1,1,0.9903479630441193
INV008697,1,0,0.027525135107712966
INV008698,1,0,0.04899850310579345
INV008699,1,0,0.09946980866515584
INV008700,1,0,0.2757813703553112
INV008701,1,0,0.030533449424547107
INV008702,1,0,0.024360846934008952
INV008703,1,0,0.021336725651430088
INV008704,1,0,0.023704057096490917
INV008705,1,0,0.05029512667424129
INV008706,1,0,0.12261256345365268
INV008707,1,0,0.1046489600119694
INV008708,1,0,0.028297711497814973
INV008709,1,0,0.2716794063636849
INV008710,1,0,0.05583584957800223
INV008711,1,0,0.22305173878518458
INV008712,-1,1,0.45731141129534597
INV008713,1,0,0.036163527563150194
INV008714,1,0,0.11588403001608898
INV008715,1,0,0.0639115174482966
INV008716,1,0,0.09456005367874305
INV008717,1,0,0.056487368136243596
INV008718,1,0,0.08330163103706589
INV008719,1,0,0.04001393401982383
INV008720,1,0,0.04338314792084166
INV008721,1,0,0.05573053512279989
INV008722,1,0,0.08943467906694576
INV008723,1,0,0.058210782942232045
INV008724,-1,1,0.706156049710097
INV008725,1,0,0.32914074409797534
INV008726,1,0,0.007234880264321844
INV008727,1,0,0.38049978518451155
INV008728,-1,1,0.9212028369124063
INV008729,-1,1,0.43995703952200804
INV008730,1,0,0.06242713058866126
INV008731,1,0,0.29579169690751417
INV008732,1,0,0.08881805921934088
INV008733,1,0,0.14261677400779205
INV008734,1,0,0.17791663521334966
INV008735,1,0,0.048862723924876936
INV008736,-1,1,0.6281121567548744
INV008737,1,0,0.11033280569904039
INV008738,1,0,0.004861413240416182
INV008739,1,0,0.09957810602346898
INV008740,1,0,0.026296069684971442
INV008741,1,0,0.1520834813291678
INV008742,1,0,0.06866607199123884
INV008743,1,0,0.26236101645124227
INV008744,1,0,0.059623052931519836
INV008745,1,0,0.37369079664727056
INV008746,1,0,0.07622163342210014
INV008747,1,0,0.08908608021625965
INV008748,1,0,0.10146528022571229
INV008749,1,0,0.12605620978062856
INV008750,1,0,0.3190896490143231
INV008751,1,0,0.22793958656947336
INV008752,1,0,0.09593262932781953
INV008753,1,0,0.1510960609300958
INV008754,1,0,0.2512388321228388
INV008755,1,0,0.10091499231197298
INV008756,1,0,0.04112558488996374
INV008757,-1,1,0.6188780928620637
INV008758,1,0,0.06513628706670314
INV008759,1,0,0.12548988598523636
INV008760,1,0,0.08461729453493877
INV008761,1,0,0.035477633395724635
INV008762,1,0,0.046246779242534355
INV008763,1,0,0.046380261763126186
INV008764,1,0,0.21675281322042664
INV008765,-1,1,0.513321760914112
INV008766,1,0,0.03705672756457038
INV008767,1,0,0.15923616664043552
INV008768,1,0,0.07081051532401417
INV008769,1,0,0.06525514631103126
INV008770,1,0,0.05893310364943844
INV008771,1,0,0.1610527103913397
INV008772,1,0,0.10030461444902157
INV008773,1,0,0.021045426869475487
INV008774,1,0,0.2780559925939249
INV008775,1,0,0.1200831707913814
INV008776,1,0,0.3599280415231333
INV008777,1,0,0.07152756510574751
INV008778,1,0,0.01767250401165346
INV008779,1,0,0.12954820433055725
INV008780,-1,1,0.6052817529606975
INV008781,1,0,0.03335219806381746
INV008782,1,0,0.05380090503431504
INV008783,1,0,0.2108763883313704
INV008784,1,0,0.03154368926095088
INV008785,1,0,0.06695455517412165
INV008786,1,0,0.06761906185256215
INV008787,1,0,0.03792881801949572
INV008788,1,0,0.4090535716543683
INV008789,1,0,0.09669723755424219
INV008790,1,0,0.10800293553079704
INV008791,1,0,0.030403878411244315
INV008792,1,0,0.14390929172757744
INV008793,1,0,0.07270031764507381
INV008794,1,0,0.04939556422445719
INV008795,1,0,0.18743518788216038
INV008796,1,0,0.032574312121643974
INV008797,1,0,0.10789718814357196
INV008798,1,0,0.04726910126625059
INV008799,1,0,0.09824818444051649
INV008800,1,0,0.20056780463451507
INV008801,1,0,0.11383323618324795
INV008802,1,0,0.00838152932994665
INV008803,1,0,0.3015176386762706
INV008804,1,0,0.08568045954346735
INV008805,-1,1,0.45035880155056374
INV008806,1,0,0.017729892685894245
INV008807,-1,1,0.5908428945570361
INV008808,1,0,0.201456564984418
INV008809,1,0,0.19643539991229506
INV008810,1,0,0.0798761159970818
INV008811,1,0,0.07895486381957337
INV008812,1,0,0.058597243545515716
INV008813,1,0,0.3263955259393377
INV008814,1,0,0.06847456187671916
INV008815,1,0,0.04382237982266732
INV008816,1,0,0.40478784087399855
INV008817,1,0,0.072056603157124
INV008818,1,0,0.3404062315251944
INV008819,1,0,0.04300375976773367
INV008820,1,0,0.11411915885632948
INV008821,1,0,0.11347703568747762
INV008822,1,0,0.03740600441363996
INV008823,1,0,0.2763853396562379
INV008824,1,0,0.07960936465406927
INV008825,1,0,0.06364119068150466
INV008826,-1,1,0.4541739912600389
INV008827,1,0,0.17170319641907092
INV008828,1,0,0.10419954550689206
INV008829,1,0,0.0968513144846283
INV008830,1,0,0.052043489112791615
INV008831,1,0,0.025199554359416884
INV008832,1,0,0.13690021558992904
INV008833,1,0,0.07238824227902854
INV008834,1,0,0.20675544402134113
INV008835,1,0,0.06348540238642207
INV008836,1,0,0.11097839696628378
INV008837,1,0,0.3698443318065238
INV008838,1,0,0.23429689068821033
INV008839,1,0,0.04254310472277368
INV008840,1,0,0.015104145521458874
INV008841,1,0,0.23727100066931625
INV008842,1,0,0.02632365085126208
INV008843,-1,1,0.8649179667830965
INV008844,1,0,0.07883464923923941
INV008845,1,0,0.12863634754911055
INV008846,1,0,0.09081187817033787
INV008847,1,0,0.06987501708966973
INV008848,1,0,0.1783551783793943
INV008849,1,0,0.020801152342803088
INV008850,1,0,0.1414819084583155
INV008851,1,0,0.05505780605710228
INV008852,1,0,0.053397206063821284
INV008853,1,0,0.20171536613606852
INV008854,1,0,0.1177233643197726
INV008855,1,0,0.09384290763415183
INV008856,1,0,0.16120705815783098
INV008857,1,0,0.37803226701494524
INV008858,1,0,0.1719870347172983
INV008859,1,0,0.01637000827448494
INV008860,1,0,0.10843748071424857
INV008861,1,0,0.11685268583782035
INV008862,1,0,0.240434662993798
INV008863,1,0,0.1122594951893856
INV008864,1,0,0.36032157786375074
INV008865,1,0,0.069884245421351
INV008866,1,0,0.2742359562832461
INV008867,1,0,0.03303021090969441
INV008868,1,0,0.07078282009414659
INV008869,1,0,0.11189894803734195
INV008870,1,0,0.03682377925425871
INV008871,1,0,0.1296310971237268
INV008872,1,0,0.08050764359330156
INV008873,1,0,0.01580824910966259
INV008874,1,0,0.1697568888625645
INV008875,1,0,0.06897315871271116
INV008876,1,0,0.10109420732212114
INV008877,1,0,0.1066718399062636
INV008878,1,0,0.04396818680767993
INV008879,1,0,0.08937988259516308
INV008880,1,0,0.3586282893195869
INV008881,1,0,0.040865857741061926
INV008882,1,0,0.08375161551439109
INV008883,1,0,0.13130309116064928
INV008884,1,0,0.059531909398902794
INV008885,1,0,0.1576402253036616
INV008886,1,0,0.020067503558290314
INV008887,1,0,0.04051702318885501
INV008888,1,0,0.07223706129585958
INV008889,1,0,0.058399390118352865
INV008890,1,0,0.03655924358350614
INV008891,1,0,0.0929036965744357
INV008892,1,0,0.04773132037220662
INV008893,1,0,0.0342393354369716
INV008894,1,0,0.11955050615912517
INV008895,1,0,0.2199590540768794
INV008896,1,0,0.07640357286390591
INV008897,1,0,0.03555475675530677
INV008898,1,0,0.3222283987078688
INV008899,1,0,0.12300018019670121
INV008900,-1,1,0.47843926886258253
INV008901,1,0,0.051888187501593526
INV008902,-1,1,0.7106799136362886
INV008903,1,0,0.02566453290477645
INV008904,1,0,0.26840360053493934
INV008905,1,0,0.07876613489892575
INV008906,1,0,0.052773495384292504
INV008907,1,0,0.11459710905830256
INV008908,1,0,0.06483198841308092
INV008909,1,0,0.075083144232016
INV008910,1,0,0.09220541044114541
INV008911,1,0,0.19365417412232414
INV008912,1,0,0.20029843847870948
INV008913,1,0,0.3364261005555278
INV008914,1,0,0.16973545158575828
INV008915,-1,1,0.440590407801771
INV008916,1,0,0.2173585436874491
INV008917,1,0,0.0559738882657389
INV008918,1,0,0.0824333763807646
INV008919,1,0,0.04902308752515671
INV008920,1,0,0.12722820503846086
INV008921,1,0,0.04925608767086956
INV008922,1,0,0.21199378161728713
INV008923,1,0,0.2782640553077258
INV008924,1,0,0.15064483132642148
INV008925,1,0,0.14834727030551878
INV008926,1,0,0.16133828987675744
INV008927,-1,1,0.43815705449578013
INV008928,1,0,0.042218365345461285
INV008929,1,0,0.2901404676098797
INV008930,1,0,0.09113138222609779
INV008931,1,0,0.04687110694516361
INV008932,1,0,0.14122131805739369
INV008933,1,0,0.058072263303218005
INV008934,1,0,0.0662134794645686
INV008935,1,0,0.07044679413716802
INV008936,1,0,0.17470575944084377
INV008937,1,0,0.2766638485723052
INV008938,1,0,0.05370112804486077
INV008939,1,0,0.07710687840042833
INV008940,1,0,0.09463247338284236
INV008941,-1,1,0.5155906791487663
INV008942,1,0,0.0327397536384388
INV008943,1,0,0.35966665301720313
INV008944,1,0,0.036973779681779805
INV008945,1,0,0.23893914804172267
INV008946,1,0,0.17420779239187636
INV008947,1,0,0.09314365418084247
INV008948,-1,1,0.4409636254351683
INV008949,-1,1,0.4363824640073337
INV008950,1,0,0.08831055173696142
INV008951,1,0,0.08745519953898254
INV008952,1,0,0.24536582124265416
INV008953,1,0,0.31408524337282345
INV008954,1,0,0.10526682425665068
INV008955,1,0,0.10232215381199342
INV008956,1,0,0.0731979106612894
INV008957,1,0,0.02580626571262123
INV008958,1,0,0.06470250632943694
INV008959,1,0,0.15384573532252488
INV008960,1,0,0.08429304593457237
INV008961,1,0,0.07541875122242532
INV008962,1,0,0.041772261101205486
INV008963,1,0,0.2985823103051626
INV008964,1,0,0.04746935006735231
INV008965,1,0,0.058809594099507256
INV008966,1,0,0.03929418585544047
INV008967,1,0,0.051422051570792035
INV008968,1,0,0.09598803573655351
INV008969,1,0,0.09310219159400902
INV008970,1,0,0.05494177391650217
INV008971,1,0,0.2289193078762609
INV008972,1,0,0.030121552438536318
INV008973,1,0,0.08710956634167127
INV008974,1,0,0.040314801527808836
INV008975,1,0,0.16245125877016725
INV008976,1,0,0.06676661053561563
INV008977,1,0,0.11056631172509797
INV008978,1,0,0.05524146880291755
INV008979,1,0,0.20678914480382862
INV008980,1,0,0.021133917299575613
INV008981,1,0,0.11946150972223342
INV008982,1,0,0.030949282945716833
INV008983,1,0,0.17817231190261082
INV008984,1,0,0.06525680106618675
INV008985,1,0,0.015982771071081557
INV008986,1,0,0.04103064345414094
INV008987,1,0,0.22752605417009839
INV008988,1,0,0.030972202978225363
INV008989,-1,1,0.5233543730965781
INV008990,1,0,0.03811477751363678
INV008991,1,0,0.04982509915995563
INV008992,1,0,0.1130447810396487
INV008993,1,0,0.051531025681694494
INV008994,1,0,0.04455186293581093
INV008995,1,0,0.11364033363584952
INV008996,1,0,0.22653150254486196
INV008997,1,0,0.17006406124370987
INV008998,1,0,0.08382584380905907
INV008999,1,0,0.013696925200697966
INV009000,1,0,0.057233288597177384
INV009001,1,0,0.06126075645525026
INV009002,1,0,0.261688004703296
INV009003,1,0,0.09928610989945366
INV009004,1,0,0.06123471410625704
INV009005,1,0,0.2101346871861101
INV009006,1,0,0.03376368376570283
INV009007,1,0,0.09351023928531367
INV009008,1,0,0.04726092736169475
INV009009,1,0,0.057462895899789965
INV009010,1,0,0.24045446212228244
INV009011,1,0,0.07508488298601171
INV009012,1,0,0.10616225985159716
INV009013,1,0,0.058180016334766056
INV009014,1,0,0.08731457238895039
INV009015,1,0,0.032850297940996614
INV009016,1,0,0.14464853564621988
INV009017,1,0,0.050549576698540814
INV009018,1,0,0.13095890654819212
INV009019,1,0,0.0664132275371168
INV009020,1,0,0.05948833836575887
INV009021,1,0,0.09386602602187696
INV009022,1,0,0.015079632866337988
INV009023,1,0,0.06794451982131813
INV009024,1,0,0.021712785793329414
INV009025,1,0,0.013835755356233156
INV009026,1,0,0.1063151484594646
INV009027,1,0,0.18637570959180288
INV009028,1,0,0.03587141860626515
INV009029,1,0,0.04054562970297618
INV009030,1,0,0.11038904307077282
INV009031,1,0,0.05879550534104926
INV009032,1,0,0.1752293478346125
INV009033,1,0,0.14187337715679396
INV009034,1,0,0.10390495051806545
INV009035,1,0,0.0689165589627161
INV009036,1,0,0.20297847500902536
INV009037,1,0,0.02200600041872624
INV009038,1,0,0.09503014806265501
INV009039,1,0,0.25019214478718155
INV009040,1,0,0.07030396910403089
INV009041,1,0,0.3503715758138097
INV009042,1,0,0.12393107893709107
INV009043,1,0,0.1188018782695762
INV009044,1,0,0.14430690196520043
INV009045,1,0,0.05567301683418804
INV009046,1,0,0.12005915943409012
INV009047,1,0,0.21463358621342216
INV009048,1,0,0.04010698606161729
INV009049,1,0,0.12666478767998884
INV009050,1,0,0.02330472663960535
INV009051,1,0,0.290011748506301
INV009052,1,0,0.053701815120023415
INV009053,1,0,0.015887867406420786
INV009054,1,0,0.24717492866283375
INV009055,1,0,0.1804307691301073
INV009056,1,0,0.030652680938627226
INV009057,1,0,0.26119596523006555
INV009058,1,0,0.04428594439070415
INV009059,1,0,0.02610955193183403
INV009060,1,0,0.2255502960670441
INV009061,1,0,0.07904005397265514
INV009062,1,0,0.056127036757069454
INV009063,1,0,0.13218187342982882
INV009064,1,0,0.058386762548993075
INV009065,1,0,0.052149673766696325
INV009066,1,0,0.11766192547811499
INV009067,1,0,0.331328628204809
INV009068,1,0,0.028428715229378454
INV009069,1,0,0.21336974001851627
INV009070,1,0,0.07614727393637027
INV009071,1,0,0.13854134908658877
INV009072,1,0,0.11922893908057414
INV009073,1,0,0.14396268671809867
INV009074,1,0,0.13504394417687893
INV009075,1,0,0.08805932077882814
INV009076,1,0,0.01911237680170247
INV009077,1,0,0.018919673699279372
INV009078,1,0,0.1255442146975332
INV009079,-1,1,0.45278916366224453
INV009080,1,0,0.1285886973575919
INV009081,1,0,0.19319942213688376
INV009082,1,0,0.20242674436592875
INV009083,1,0,0.13928290874897975
INV009084,1,0,0.04036765589318259
INV009085,1,0,0.08490926197264534
INV009086,1,0,0.10704645868527275
INV009087,1,0,0.22131010305539583
INV009088,1,0,0.06400932112384385
INV009089,1,0,0.12004967151003897
INV009090,1,0,0.05804110059105558
INV009091,1,0,0.10072490911226
INV009092,1,0,0.3874147681181821
INV009093,1,0,0.08556580344081029
INV009094,1,0,0.0654600278219198
INV009095,1,0,0.027928728306080196
INV009096,1,0,0.3536335750923024
INV009097,1,0,0.15477875151053133
INV009098,1,0,0.05289217860309236
INV009099,1,0,0.15800603753740763
INV009100,1,0,0.09545699162951618
INV009101,1,0,0.12716466992043024
INV009102,1,0,0.02946761949332657
INV009103,1,0,0.1329418933068797
INV009104,1,0,0.022914075280412772
INV009105,1,0,0.062132640786776445
INV009106,1,0,0.037258062504076365
INV009107,1,0,0.0655839303714981
INV009108,-1,1,0.5245409641931108
INV009109,-1,1,0.439954584046227
INV009110,1,0,0.03745048468508886
INV009111,1,0,0.09269150629932463
INV009112,1,0,0.27859867999455806
INV009113,1,0,0.09321107196494959
INV009114,-1,1,0.47681799613361775
INV009115,1,0,0.16059698796952424
INV009116,1,0,0.09600440978280829
INV009117,1,0,0.02014120325240883
INV009118,1,0,0.05031327120636869
INV009119,1,0,0.06894199818030648
INV009120,1,0,0.042656565810440576
INV009121,1,0,0.06328333591970427
INV009122,1,0,0.1205425933548629
INV009123,1,0,0.07003343546266061
INV009124,1,0,0.19980907609203374
INV009125,1,0,0.17819956736545794
INV009126,1,0,0.11119402865612277
INV009127,1,0,0.054673173946989465
INV009128,1,0,0.20733621691484147
INV009129,1,0,0.04307858410876838
INV009130,1,0,0.17666409434045985
INV009131,1,0,0.07465524671497133
INV009132,-1,1,0.5747777528019961
INV009133,1,0,0.029607690954459726
INV009134,1,0,0.06598918226641153
INV009135,1,0,0.058533270202352904
INV009136,-1,1,0.4862623621733735
INV009137,1,0,0.014218870809973099
INV009138,1,0,0.07126265874021763
INV009139,1,0,0.1355151352799953
INV009140,1,0,0.08614688131444206
INV009141,1,0,0.03650568624055374
INV009142,1,0,0.0413729382298145
INV009143,1,0,0.08918705726383387
INV009144,1,0,0.15098243334620703
INV009145,1,0,0.01758136941007414
INV009146,-1,1,0.533491229712655
INV009147,1,0,0.04841881000370646
INV009148,1,0,0.2684418290002725
INV009149,1,0,0.02271148864676225
INV009150,1,0,0.08515972875870083
INV009151,1,0,0.09079512176449878
INV009152,1,0,0.10159451883722838
INV009153,1,0,0.0874863771319727
INV009154,1,0,0.028820032566687474
INV009155,1,0,0.24906876921825538
INV009156,1,0,0.081363080363376
INV009157,1,0,0.031326916232640147
INV009158,1,0,0.12046426276888295
INV009159,1,0,0.12911731827654277
INV009160,1,0,0.10203054816913668
INV009161,1,0,0.18480753581554576
INV009162,-1,1,0.4459372322040486
INV009163,1,0,0.10955354738943375
INV009164,1,0,0.23997605790920157
INV009165,1,0,0.033758723734414624
INV009166,1,0,0.08453765167105079
INV009167,1,0,0.06867462271598136
INV009168,1,0,0.17048625213533683
INV009169,1,0,0.12861369401339687
INV009170,1,0,0.09696216853600508
INV009171,1,0,0.12310890206855873
INV009172,1,0,0.04576303973381474
INV009173,1,0,0.24333573421988203
INV009174,1,0,0.07319346857366069
INV009175,1,0,0.14447833195744098
INV009176,1,0,0.058962483103073525
INV009177,1,0,0.01213323023548054
INV009178,1,0,0.06948097804945057
INV009179,1,0,0.08248392583769942
INV009180,1,0,0.04155360324550105
INV009181,1,0,0.07081421098861211
INV009182,1,0,0.11027712197984582
INV009183,1,0,0.29224243487016693
INV009184,1,0,0.11903777347852657
INV009185,1,0,0.12334464546555036
INV009186,1,0,0.06381246306494312
INV009187,1,0,0.019688271943274913
INV009188,1,0,0.24422462336630632
INV009189,1,0,0.249945776852793
INV009190,1,0,0.130684245592965
INV009191,1,0,0.013141909032781094
INV009192,1,0,0.13920785492164084
INV009193,-1,1,0.4195215033307809
INV009194,1,0,0.12199608240867722
INV009195,1,0,0.03827498781815946
INV009196,1,0,0.09468010248182468
INV009197,1,0,0.11536565110168345
INV009198,1,0,0.05049725092098269
INV009199,1,0,0.06042133923107855
INV009200,1,0,0.09069641406728118
INV009201,1,0,0.12610922973053632
INV009202,1,0,0.18389636181783214
INV009203,1,0,0.028932797292159022
INV009204,1,0,0.3835934373302503
INV009205,1,0,0.0909642813284889
INV009206,-1,1,0.5286697999802319
INV009207,1,0,0.09628900054815083
INV009208,-1,1,0.47785901833285377
INV009209,1,0,0.03404023625225605
INV009210,1,0,0.27645661953165807
INV009211,1,0,0.06635440384756504
INV009212,1,0,0.11553895123681425
INV009213,1,0,0.032632345618776225
INV009214,1,0,0.3988875323602253
INV009215,1,0,0.0664317964751113
INV009216,1,0,0.058811915828767936
INV009217,1,0,0.06277828983169885
INV009218,1,0,0.1516550493873328
INV009219,1,0,0.12771309376341936
INV009220,1,0,0.20733538899824364
INV009221,1,0,0.1746732004256171
INV009222,1,0,0.0707162262864283
INV009223,1,0,0.01499339004873923
INV009224,1,0,0.059401479224084015
INV009225,1,0,0.16386244077447473
INV009226,1,0,0.08977368970391492
INV009227,1,0,0.22321408681886895
INV009228,1,0,0.04775718493870127
INV009229,1,0,0.20571785710184118
INV009230,1,0,0.10467117871904925
INV009231,1,0,0.10292577138452058
INV009232,1,0,0.045457516126909486
INV009233,1,0,0.054706143029316985
INV009234,1,0,0.09693967258108671
INV009235,1,0,0.03343430249750669
INV009236,1,0,0.08410677025468695
INV009237,1,0,0.13051991733367294
INV009238,1,0,0.03330506998149041
INV009239,1,0,0.09621379123171322
INV009240,-1,1,0.6679825076413148
INV009241,1,0,0.060366901766218166
INV009242,1,0,0.021469378161120708
INV009243,1,0,0.027472800611031235
INV009244,1,0,0.0538738891391448
INV009245,1,0,0.04943616024249628
INV009246,1,0,0.09005257747510023
INV009247,1,0,0.3992983931988727
INV009248,1,0,0.09147038362129668
INV009249,1,0,0.08064267542020317
INV009250,1,0,0.050016982801594646
INV009251,1,0,0.35059322907247353
INV009252,1,0,0.1976808992180619
INV009253,1,0,0.0555960859178282
INV009254,1,0,0.07077259675952628
INV009255,1,0,0.13045562792158932
INV009256,1,0,0.04027308546549581
INV009257,1,0,0.3633413826602927
INV009258,1,0,0.06257122587015482
INV009259,1,0,0.07384968375303039
INV009260,1,0,0.034195296324523436
INV009261,1,0,0.05526470611288333
INV009262,1,0,0.38711600012584085
INV009263,1,0,0.02888404268049711
INV009264,-1,1,0.5913711076408923
INV009265,1,0,0.16882849119506543
INV009266,1,0,0.1468111616922728
INV009267,1,0,0.04387414183613981
INV009268,1,0,0.18777670494096582
INV009269,1,0,0.018264993951606575
INV009270,1,0,0.02140629101279784
INV009271,1,0,0.03057696215705951
INV009272,-1,1,0.4930275858512573
INV009273,1,0,0.1338755248216458
INV009274,1,0,0.03913253089683769
INV009275,1,0,0.10293216247866475
INV009276,-1,1,0.4303365443110334
INV009277,1,0,0.07371724785042416
INV009278,1,0,0.034458408215673385
INV009279,1,0,0.146312972201009
INV009280,1,0,0.06136217142138836
INV009281,1,0,0.21377789519713988
INV009282,1,0,0.12188248187494193
INV009283,1,0,0.1282198059784052
INV009284,1,0,0.15678950182643106
INV009285,1,0,0.06056864330863085
INV009286,1,0,0.06781089747504786
INV009287,1,0,0.1863109381364907
INV009288,1,0,0.050465314665034844
INV009289,1,0,0.05056445100671516
INV009290,1,0,0.10544792958542823
INV009291,1,0,0.0906230587221427
INV009292,1,0,0.14057583048847494
INV009293,1,0,0.07318283116316923
INV009294,1,0,0.06722988871385588
INV009295,1,0,0.4117265263289051
INV009296,1,0,0.10327884542505279
INV009297,1,0,0.16059622066673745
INV009298,1,0,0.030699742769630816
INV009299,1,0,0.11532402014493902
INV009300,1,0,0.11779613293482061
INV009301,1,0,0.14796225562097148
INV009302,1,0,0.07477028560071818
INV009303,1,0,0.06385657803034493
INV009304,1,0,0.004036174179179343
INV009305,1,0,0.049013834056452966
INV009306,1,0,0.3212103229788539
INV009307,1,0,0.2166892528583197
INV009308,1,0,0.22458181895075022
INV009309,1,0,0.07435856164666575
INV009310,1,0,0.265040496559727
INV009311,1,0,0.05991992616222854
INV009312,1,0,0.23176094950995832
INV009313,1,0,0.4073321480842308
INV009314,1,0,0.08388006704691864
INV009315,1,0,0.1428041235325098
INV009316,1,0,0.05865829720652979
INV009317,1,0,0.06537554272106733
INV009318,1,0,0.15862339602647305
INV009319,1,0,0.11394576838482678
INV009320,1,0,0.2539404766489274
INV009321,1,0,0.23182635167936963
INV009322,1,0,0.014839953013201039
INV009323,1,0,0.19387579023186122
INV009324,1,0,0.043991560246878766
INV009325,1,0,0.030109681629825816
INV009326,1,0,0.153148108508307
INV009327,1,0,0.10840084150142744
INV009328,1,0,0.1126372983089808
INV009329,1,0,0.016803672858283828
INV009330,1,0,0.09987260850904588
INV009331,1,0,0.06232233716914119
INV009332,1,0,0.25738796677660986
INV009333,1,0,0.08808703969849309
INV009334,1,0,0.16762851058760458
INV009335,1,0,0.050786017679022785
INV009336,1,0,0.3209268169035542
INV009337,1,0,0.06321539813966663
INV009338,1,0,0.05312639286115028
INV009339,1,0,0.2170100420143354
INV009340,1,0,0.05816234189581876
INV009341,1,0,0.1931170500348068
INV009342,-1,1,0.5216134375148792
INV009343,1,0,0.10822355118806812
INV009344,1,0,0.1625663259541727
INV009345,1,0,0.05502921301739995
INV009346,1,0,0.06386436631569681
INV009347,1,0,0.038612264431935675
INV009348,1,0,0.10755724222262886
INV009349,1,0,0.024076496678924753
INV009350,1,0,0.08409359142374269
INV009351,1,0,0.0961134819697073
INV009352,1,0,0.0247020243487679
INV009353,1,0,0.15609096269381026
INV009354,1,0,0.023366324051565548
INV009355,1,0,0.05520679777498954
INV009356,1,0,0.23281102397622466
INV009357,1,0,0.058944229014702525
INV009358,1,0,0.08799744585619132
INV009359,1,0,0.027248442317762613
INV009360,1,0,0.06989933225477844
INV009361,1,0,0.04420293137633948
INV009362,1,0,0.10251822527730882
INV009363,-1,1,0.5232665721469163
INV009364,1,0,0.022145873107483307
INV009365,1,0,0.044349884011477665
INV009366,1,0,0.09040556606166424
INV009367,1,0,0.07040001741546462
INV009368,1,0,0.09667908211939347
INV009369,1,0,0.04702335744405585
INV009370,1,0,0.09035515074290784
INV009371,1,0,0.04468177301848277
INV009372,1,0,0.15531204833053622
INV009373,1,0,0.18494543843405925
INV009374,1,0,0.29726831683653415
INV009375,1,0,0.22539383323257053
INV009376,1,0,0.06329129984810651
INV009377,1,0,0.06979541017884693
INV009378,1,0,0.15147210814884757
INV009379,-1,1,0.42079163338061326
INV009380,1,0,0.22699435804906581
INV009381,1,0,0.056460929598866776
INV009382,1,0,0.21210099404025828
INV009383,1,0,0.019456778805982414
INV009384,1,0,0.03442778938959791
INV009385,1,0,0.02437268638991134
INV009386,1,0,0.07102070534592549
INV009387,1,0,0.16210584308570455
INV009388,1,0,0.18195947405699833
INV009389,1,0,0.07042317744125545
INV009390,-1,1,0.5254828661472997
INV009391,1,0,0.0736902482085659
INV009392,1,0,0.1590759199587274
INV009393,1,0,0.06594584311750394
INV009394,1,0,0.14042488774641806
INV009395,1,0,0.1006202477953668
INV009396,1,0,0.017938168918803128
INV009397,1,0,0.1479606485113878
INV009398,1,0,0.040322546296296745
INV009399,1,0,0.15109139999162807
INV009400,1,0,0.3158478684014565
INV009401,1,0,0.054513599530311325
INV009402,1,0,0.021691367665337236
INV009403,1,0,0.07021919566926796
INV009404,1,0,0.21206099647984938
INV009405,1,0,0.10163829921744559
INV009406,1,0,0.05048797632758809
INV009407,1,0,0.040867563620134446
INV009408,1,0,0.024287342041071327
INV009409,1,0,0.17292719956594074
INV009410,1,0,0.04442465187302387
INV009411,1,0,0.34765990939232244
INV009412,1,0,0.0669610094948381
INV009413,1,0,0.15908477861369977
INV009414,1,0,0.09157789836662662
INV009415,1,0,0.3029314657493147
INV009416,1,0,0.06595878310067355
INV009417,1,0,0.13985735836208174
INV009418,1,0,0.07348943144937503
INV009419,1,0,0.07797686981402899
INV009420,1,0,0.09916894764469122
INV009421,1,0,0.09491954949985874
INV009422,1,0,0.1869492508750713
INV009423,1,0,0.3669019227793127
INV009424,1,0,0.1421116026636292
INV009425,1,0,0.06648967855730682
INV009426,1,0,0.10275890702271644
INV009427,1,0,0.0766862746812341
INV009428,1,0,0.0679541352407934
INV009429,1,0,0.4000173936025565
INV009430,1,0,0.07511720303896452
INV009431,1,0,0.07742555911923826
INV009432,1,0,0.015418979329921827
INV009433,1,0,0.08553741807060493
INV009434,1,0,0.08352599075412957
INV009435,1,0,0.11694436822096649
INV009436,1,0,0.04045928847923405
INV009437,1,0,0.06956982469048907
INV009438,1,0,0.08123359371713001
INV009439,1,0,0.10745726170227558
INV009440,1,0,0.2993724678044984
INV009441,1,0,0.2624364330601258
INV009442,1,0,0.0332996854333799
INV009443,1,0,0.09544139551743631
INV009444,1,0,0.08682884997224108
INV009445,1,0,0.10491191105973999
INV009446,1,0,0.050809885723785135
INV009447,1,0,0.051061510772139704
INV009448,1,0,0.08832409254366307
INV009449,1,0,0.03478161068522569
INV009450,-1,1,0.5094309078851089
INV009451,1,0,0.11114230339035557
INV009452,-1,1,0.4770261149132885
INV009453,1,0,0.13393714389757674
INV009454,1,0,0.042480900728318956
INV009455,1,0,0.1914863269362976
INV009456,1,0,0.023453619693226527
INV009457,1,0,0.066630508653819
INV009458,1,0,0.2089287233457109
INV009459,1,0,0.028668312428498887
INV009460,1,0,0.18555026810439604
INV009461,1,0,0.07019397278344136
INV009462,1,0,0.06335979241123224
INV009463,1,0,0.17954255109260228
INV009464,1,0,0.36496977502773603
INV009465,1,0,0.1449850791381514
INV009466,1,0,0.09332610676971267
INV009467,1,0,0.14436626618168386
INV009468,1,0,0.162021390892155
INV009469,1,0,0.056105970836598684
INV009470,1,0,0.0681466531519573
INV009471,1,0,0.20633393262786281
INV009472,1,0,0.09765000851236638
INV009473,1,0,0.05601898290093847
INV009474,1,0,0.18242859184679666
INV009475,1,0,0.16659848268375224
INV009476,1,0,0.07065271355694182
INV009477,-1,1,0.7434515038544787
INV009478,1,0,0.05351919287411212
INV009479,1,0,0.11064187783757885
INV009480,1,0,0.04819597557483066
INV009481,1,0,0.04752657354795282
INV009482,1,0,0.09388291931591414
INV009483,1,0,0.11981576678152732
INV009484,1,0,0.048684646470356856
INV009485,1,0,0.3808351441558362
INV009486,1,0,0.02156913403146462
INV009487,-1,1,0.45752923395180006
INV009488,1,0,0.050187233552099315
INV009489,1,0,0.14440358834105452
INV009490,1,0,0.0851612487459012
INV009491,1,0,0.07678408932442496
INV009492,1,0,0.0782618781577527
INV009493,-1,1,0.5505896097167118
INV009494,1,0,0.02165827619719415
INV009495,1,0,0.08987575274397612
INV009496,1,0,0.16455210897971498
INV009497,1,0,0.059847031133243876
INV009498,1,0,0.013225036007758576
INV009499,1,0,0.108530189767772
INV009500,1,0,0.14695079723089086
INV009501,1,0,0.19648299601021812
INV009502,1,0,0.06774794417519465
INV009503,1,0,0.20422720590364257
INV009504,1,0,0.03328242720423409
INV009505,1,0,0.21467445185614886
INV009506,1,0,0.055497790245276485
INV009507,1,0,0.10287971947540978
INV009508,1,0,0.19502148750681578
INV009509,1,0,0.06613111932610764
INV009510,1,0,0.09744189464425246
INV009511,1,0,0.06329663025590174
INV009512,1,0,0.13787516095139224
INV009513,1,0,0.06730065919966145
INV009514,1,0,0.11322994520609495
INV009515,1,0,0.05801278229087885
INV009516,1,0,0.08066621522994792
INV009517,1,0,0.24213593763678126
INV009518,1,0,0.06336973298127552
INV009519,1,0,0.17511927343818307
INV009520,-1,1,0.7646712691360787
INV009521,1,0,0.09120945401008677
INV009522,1,0,0.062006156884311804
INV009523,1,0,0.08500808576433395
INV009524,1,0,0.41320455549788665
INV009525,1,0,0.10030699824424112
INV009526,1,0,0.043730973550980594
INV009527,1,0,0.12360556581817984
INV009528,1,0,0.014040357196860816
INV009529,1,0,0.12481149147223318
INV009530,1,0,0.15600434560985899
INV009531,1,0,0.09731586784561032
INV009532,1,0,0.036976103991308996
INV009533,1,0,0.06720050926753375
INV009534,1,0,0.12827565205172545
INV009535,1,0,0.260836089865555
INV009536,1,0,0.05190204321552548
INV009537,1,0,0.08989927450573618
INV009538,1,0,0.10480248129297297
INV009539,1,0,0.045751991656548266
INV009540,1,0,0.14592926643405407
INV009541,1,0,0.013405411747617252
INV009542,1,0,0.1506920576473606
INV009543,1,0,0.06744671137107781
INV009544,1,0,0.14985790348514022
INV009545,1,0,0.058707180524298457
INV009546,1,0,0.28513364944968633
INV009547,-1,1,0.4234869887396666
INV009548,1,0,0.18057071810071282
INV009549,1,0,0.04348158988211217
INV009550,1,0,0.019943866522746587
INV009551,1,0,0.10105239398018329
INV009552,-1,1,0.7559153737769598
INV009553,1,0,0.14913666673951947
INV009554,1,0,0.2900113251694538
INV009555,1,0,0.07653906268927389
INV009556,1,0,0.038122314590926625
INV009557,1,0,0.2358193224460651
INV009558,-1,1,0.4876163066000297
INV009559,-1,1,0.4437422875080615
INV009560,1,0,0.14337980245116688
INV009561,1,0,0.05750344491974408
INV009562,1,0,0.3756875732002533
INV009563,1,0,0.10266454208846569
INV009564,1,0,0.1281824489476826
INV009565,1,0,0.06024855877271719
INV009566,-1,1,0.5849458953852972
INV009567,1,0,0.07246099112789178
INV009568,1,0,0.20378895363134586
INV009569,1,0,0.3113606036278953
INV009570,-1,1,0.4465883349810563
INV009571,1,0,0.2158545725849095
INV009572,-1,1,0.5848693497440183
INV009573,1,0,0.20348916761198804
INV009574,1,0,0.13091683134014345
INV009575,1,0,0.06540333099853167
INV009576,-1,1,0.8503336628688072
INV009577,1,0,0.08149339964644609
INV009578,1,0,0.15548472464339114
INV009579,1,0,0.39494915042314765
INV009580,1,0,0.04287152953264183
INV009581,1,0,0.09124678502076321
INV009582,1,0,0.21876114063293245
INV009583,1,0,0.0701891327538999
INV009584,-1,1,0.6347356755129278
INV009585,1,0,0.08963509965806506
INV009586,1,0,0.2987807240550923
INV009587,1,0,0.1731195824772849
INV009588,1,0,0.22612032153772801
INV009589,1,0,0.06684541289969372
INV009590,1,0,0.1485096155307935
INV009591,1,0,0.14416926740937996
INV009592,1,0,0.14316647808098146
INV009593,1,0,0.12126773097933681
INV009594,1,0,0.05880032559378171
INV009595,1,0,0.2287382853751938
INV009596,1,0,0.23424773939125665
INV009597,1,0,0.09636004354921267
INV009598,1,0,0.07067973047049163
INV009599,1,0,0.17848271814143243
INV009600,1,0,0.16813502091036595
INV009601,1,0,0.03229918396012712
INV009602,1,0,0.05290569631910623
INV009603,1,0,0.10258930364908281
INV009604,1,0,0.03654928662127289
INV009605,1,0,0.08215115785169769
INV009606,1,0,0.07622207500041783
INV009607,1,0,0.11612449257665891
INV009608,-1,1,0.4896349727947534
INV009609,1,0,0.294778799554172
INV009610,1,0,0.08802637808642018
INV009611,1,0,0.14242573572187658
INV009612,1,0,0.2337669296550053
INV009613,1,0,0.10682326802138124
INV009614,1,0,0.14971611192403447
INV009615,1,0,0.17519289773277788
INV009616,1,0,0.07459645996737584
INV009617,1,0,0.02715544750784675
INV009618,1,0,0.1659450320798665
INV009619,1,0,0.17125347638659702
INV009620,1,0,0.035733640712081974
INV009621,1,0,0.21236701578585043
INV009622,1,0,0.06346975306710169
INV009623,1,0,0.10392353095973508
INV009624,1,0,0.037755638162297274
INV009625,1,0,0.027448880089634885
INV009626,1,0,0.0534270868284857
INV009627,1,0,0.03928920056368395
INV009628,1,0,0.06377125043809215
INV009629,1,0,0.3543842608056046
INV009630,1,0,0.05310867790554596
INV009631,1,0,0.06240299442650514
INV009632,1,0,0.1729496687647081
INV009633,1,0,0.03999524992597982
INV009634,1,0,0.0775744631612712
INV009635,1,0,0.08604969193118855
INV009636,1,0,0.1102734122802502
INV009637,1,0,0.12759348214487387
INV009638,1,0,0.0475878259203988
INV009639,1,0,0.08434571635235724
INV009640,1,0,0.060871924878466335
INV009641,1,0,0.16622542894209788
INV009642,1,0,0.19699051658855599
INV009643,1,0,0.16058421231934847
INV009644,1,0,0.15173931765673593
INV009645,1,0,0.04490078158636666
INV009646,-1,1,0.7673721278926545
INV009647,1,0,0.39739477131491113
INV009648,1,0,0.25589246611310973
INV009649,1,0,0.044989963711619875
INV009650,1,0,0.2801681553524104
INV009651,1,0,0.043141262420062616
INV009652,1,0,0.032874562280169876
INV009653,1,0,0.08747960246940176
INV009654,1,0,0.1770212645773872
INV009655,1,0,0.08306810021131474
INV009656,1,0,0.015806443689872326
INV009657,1,0,0.09670394985800194
INV009658,1,0,0.038492925529897117
INV009659,1,0,0.05469517050142116
INV009660,1,0,0.053100817745407564
INV009661,1,0,0.014009989354609249
INV009662,1,0,0.13107858670180908
INV009663,1,0,0.13674282962039128
INV009664,1,0,0.03768377878388849
INV009665,1,0,0.2815373661888566
INV009666,1,0,0.19316532773678805
INV009667,1,0,0.03892709412506088
INV009668,1,0,0.05268701951546898
INV009669,1,0,0.07832352958693804
INV009670,1,0,0.13097533939202427
INV009671,1,0,0.08580745162780547
INV009672,1,0,0.029023471366423068
INV009673,1,0,0.12823221131927356
INV009674,1,0,0.0383692538834333
INV009675,1,0,0.16559897417415023
INV009676,1,0,0.11007690405495593
INV009677,1,0,0.2998919241290034
INV009678,1,0,0.14735526409770094
INV009679,1,0,0.05746149154221264
INV009680,1,0,0.04130368650238702
INV009681,1,0,0.10017266733113465
INV009682,1,0,0.19202989817682603
INV009683,1,0,0.2577933751861561
INV009684,1,0,0.07401858269591546
INV009685,1,0,0.1092617004039843
INV009686,1,0,0.01541619090923116
INV009687,1,0,0.24414556996484205
INV009688,1,0,0.07085875912422367
INV009689,1,0,0.15002232207750768
INV009690,1,0,0.10005585713858667
INV009691,1,0,0.04511480378706231
INV009692,1,0,0.0730414257544363
INV009693,1,0,0.11388774788080057
INV009694,1,0,0.047364313848535775
INV009695,1,0,0.18986049607135855
INV009696,1,0,0.09209198697494289
INV009697,1,0,0.16246220877049478
INV009698,1,0,0.12189757538415351
INV009699,1,0,0.08886709691510787
INV009700,-1,1,0.8770496390761041
INV009701,1,0,0.08605313877813256
INV009702,1,0,0.17117264980066232
INV009703,1,0,0.025226440721086207
INV009704,1,0,0.07390430931997428
INV009705,1,0,0.2718856067085279
INV009706,-1,1,0.4852556322276551
INV009707,1,0,0.14498366066324814
INV009708,1,0,0.04283234683022896
INV009709,1,0,0.1064397476515306
INV009710,1,0,0.1806366447291404
INV009711,1,0,0.04502852726580398
INV009712,1,0,0.11062436546967658
INV009713,1,0,0.10206118663891722
INV009714,1,0,0.050869304291067875
INV009715,1,0,0.1602680700092348
INV009716,1,0,0.04646860318447584
INV009717,1,0,0.07131975694979578
INV009718,1,0,0.3547859222405211
INV009719,1,0,0.10701092596465231
INV009720,1,0,0.051147720609947475
INV009721,1,0,0.034326589595612286
INV009722,1,0,0.3914096577606162
INV009723,1,0,0.09209840137891147
INV009724,1,0,0.10129635698691605
INV009725,1,0,0.03237860319149547
INV009726,1,0,0.07865087765975831
INV009727,1,0,0.34809409721268497
INV009728,1,0,0.025292694582075274
INV009729,1,0,0.05333609025500232
INV009730,1,0,0.04876913133344483
INV009731,1,0,0.035492931007777666
INV009732,1,0,0.12955705042880028
INV009733,-1,1,0.5292086412008707
INV009734,1,0,0.10708424689767103
INV009735,1,0,0.06256723253240001
INV009736,1,0,0.05564632302586655
INV009737,1,0,0.10507447005686274
INV009738,1,0,0.08795445790248763
INV009739,1,0,0.041120112250807674
INV009740,1,0,0.13219772585697376
INV009741,-1,1,0.9955278488770364
INV009742,1,0,0.05592559965135051
INV009743,1,0,0.0483691155398719
INV009744,1,0,0.12476575148484642
INV009745,1,0,0.12103320290189877
INV009746,-1,1,0.6074522168267925
INV009747,1,0,0.16955479418301284
INV009748,1,0,0.05192339166097517
INV009749,1,0,0.06068898758506915
INV009750,1,0,0.25197062205845094
INV009751,1,0,0.028993077047140478
INV009752,1,0,0.15601721786171702
INV009753,1,0,0.037093212144706345
INV009754,1,0,0.017034042761437482
INV009755,1,0,0.11364388026328825
INV009756,1,0,0.16448781720706113
INV009757,1,0,0.01224024048990628
INV009758,1,0,0.06331275012859064
INV009759,1,0,0.08553230718322276
INV009760,1,0,0.04868055054619251
INV009761,1,0,0.06624614079087357
INV009762,1,0,0.059464502508035276
INV009763,1,0,0.021190355468618163
INV009764,1,0,0.028393867142920796
INV009765,1,0,0.1774186465548156
INV009766,1,0,0.16168289832865682
INV009767,1,0,0.05883564414921468
INV009768,1,0,0.1013495963952622
INV009769,1,0,0.03487460451348011
INV009770,1,0,0.06630703687721254
INV009771,1,0,0.047083083487862866
INV009772,1,0,0.043733776103403454
INV009773,-1,1,0.4371706211495047
INV009774,1,0,0.20707403873229172
INV009775,1,0,0.11645349554325547
INV009776,1,0,0.19038163127227167
INV009777,1,0,0.12953314386641585
INV009778,-1,1,0.43706921604588467
INV009779,1,0,0.050673539808977465
INV009780,1,0,0.17621929166214112
INV009781,1,0,0.35512132183502454
INV009782,1,0,0.08988178123596964
INV009783,-1,1,0.4265570043705981
INV009784,1,0,0.07817260557202205
INV009785,1,0,0.07338852664135324
INV009786,1,0,0.11686146821558177
INV009787,1,0,0.3314657434776368
INV009788,1,0,0.09765672273191207
INV009789,1,0,0.217288373426424
INV009790,1,0,0.04171149934936397
INV009791,1,0,0.09639132756590259
INV009792,1,0,0.055020293998759504
INV009793,1,0,0.05813665060312972
INV009794,1,0,0.10938656297696284
INV009795,1,0,0.10531547029897509
INV009796,1,0,0.07084527333230371
INV009797,-1,1,0.4447944279704766
INV009798,1,0,0.1947410934279531
INV009799,1,0,0.09563942557057405
INV009800,1,0,0.0918751031076447
INV009801,1,0,0.10262748622721428
INV009802,1,0,0.04811846031213814
INV009803,1,0,0.028594196930487085
INV009804,1,0,0.02840948461878116
INV009805,1,0,0.09930307268522157
INV009806,1,0,0.09448785650217831
INV009807,1,0,0.08880723755062969
INV009808,1,0,0.1840676108947678
INV009809,1,0,0.1345487110834934
INV009810,1,0,0.06736973373680828
INV009811,1,0,0.019134854451659848
INV009812,1,0,0.01797070168729475
INV009813,-1,1,0.879508441821564
INV009814,1,0,0.07202163557257757
INV009815,1,0,0.04281198392861014
INV009816,1,0,0.067384483661792
INV009817,1,0,0.16180096388761958
INV009818,-1,1,0.6220012550040713
INV009819,1,0,0.1625983124889522
INV009820,1,0,0.053609550734975565
INV009821,1,0,0.1790230731443193
INV009822,1,0,0.1444304923452506
INV009823,1,0,0.028251762859554035
INV009824,1,0,0.21867161736053398
INV009825,1,0,0.13422854145204194
INV009826,1,0,0.0948069548840982
INV009827,1,0,0.3565351655500872
INV009828,1,0,0.052106131768626475
INV009829,1,0,0.04036230970034317
INV009830,1,0,0.0638474730478283
INV009831,1,0,0.18029238181237217
INV009832,1,0,0.19198112996905659
INV009833,1,0,0.033046454269851845
INV009834,1,0,0.04115445476883697
INV009835,1,0,0.10751930749090229
INV009836,1,0,0.10955030663833006
INV009837,1,0,0.0547794058238753
INV009838,1,0,0.10761372339989997
INV009839,1,0,0.1303308953331381
INV009840,1,0,0.2646518109985837
INV009841,1,0,0.1720512770061721
INV009842,1,0,0.22474169906014307
INV009843,1,0,0.07060289291228347
INV009844,1,0,0.19639268398046728
INV009845,1,0,0.16742253606983876
INV009846,1,0,0.030678652818101018
INV009847,1,0,0.102488496301465
INV009848,1,0,0.07949697179416881
INV009849,1,0,0.1177603548074284
INV009850,1,0,0.07086488998640048
INV009851,1,0,0.1251601978052494
INV009852,1,0,0.08841020116079439
INV009853,1,0,0.21767996099799986
INV009854,1,0,0.09034968588611428
INV009855,1,0,0.09988457413409896
INV009856,1,0,0.3706135275991749
INV009857,1,0,0.058920789427846766
INV009858,1,0,0.029297830705575324
INV009859,1,0,0.1648305500763846
INV009860,1,0,0.11774075731380534
INV009861,-1,1,0.4522029364842903
INV009862,1,0,0.039519749686410345
INV009863,1,0,0.38935234042022454
INV009864,1,0,0.10262648131504432
INV009865,1,0,0.13260631921810026
INV009866,1,0,0.09135423881846165
INV009867,1,0,0.09321096843952129
INV009868,1,0,0.21756827530534095
INV009869,1,0,0.04062559266951584
INV009870,1,0,0.05735500440322451
INV009871,1,0,0.35958392059859146
INV009872,1,0,0.0984854227987714
INV009873,1,0,0.2547903576246738
INV009874,1,0,0.17006760690291337
INV009875,1,0,0.11088734110904931
INV009876,1,0,0.2496095188493071
INV009877,1,0,0.014374217555104313
INV009878,1,0,0.044910767348348674
INV009879,1,0,0.0677187378766321
INV009880,1,0,0.027961651119099994
INV009881,1,0,0.10579045834939589
INV009882,1,0,0.3226829948227134
INV009883,1,0,0.07583005444207591
INV009884,1,0,0.34145240308964375
INV009885,1,0,0.1384833078587998
INV009886,1,0,0.3550564343157511
INV009887,1,0,0.047681574865421295
INV009888,1,0,0.16356486855719019
INV009889,1,0,0.09794211635779775
INV009890,1,0,0.07832966672430518
INV009891,1,0,0.09639539051565202
INV009892,-1,1,0.45242196178143973
INV009893,1,0,0.05942495088135365
INV009894,1,0,0.17880912276359556
INV009895,1,0,0.09925788396068318
INV009896,1,0,0.04937657383690963
INV009897,1,0,0.12446999565547406
INV009898,1,0,0.13492183143085237
INV009899,1,0,0.04531580091070415
INV009900,1,0,0.061815401047162905
INV009901,1,0,0.21998129658547885
INV009902,1,0,0.08101195457109299
INV009903,1,0,0.11493272900943402
INV009904,1,0,0.10978810701385401
INV009905,1,0,0.1786079440232309
INV009906,-1,1,0.5738968922243105
INV009907,1,0,0.06626601179095606
INV009908,1,0,0.09347939336771102
INV009909,1,0,0.20240342313182197
INV009910,1,0,0.0766174109973747
INV009911,1,0,0.19301047351946435
INV009912,1,0,0.19224101434434956
INV009913,1,0,0.2384108994925248
INV009914,1,0,0.2826345347375971
INV009915,1,0,0.11734109925496167
INV009916,1,0,0.13676667243222462
INV009917,1,0,0.1834994434904785
INV009918,1,0,0.03716331696310012
INV009919,-1,1,0.4511191098303173
INV009920,1,0,0.0782284259549776
INV009921,1,0,0.12986221409407633
INV009922,-1,1,0.5337493132889507
INV009923,1,0,0.05587208432299395
INV009924,1,0,0.14165545866912405
INV009925,1,0,0.10982731423764447
INV009926,1,0,0.05161407084144131
INV009927,1,0,0.06583805635378893
INV009928,1,0,0.18937852838488553
INV009929,1,0,0.1623274294970412
INV009930,1,0,0.2671939432461341
INV009931,1,0,0.10646210880363738
INV009932,1,0,0.19512551711143306
INV009933,1,0,0.2415059124746286
INV009934,1,0,0.15851336995775273
INV009935,1,0,0.07928708452063475
INV009936,1,0,0.3657793070891252
INV009937,1,0,0.2018337335199522
INV009938,1,0,0.2684530967185935
INV009939,1,0,0.16783788956343537
INV009940,1,0,0.05067717531768201
INV009941,1,0,0.053042559663836086
INV009942,-1,1,0.43886220445340424
INV009943,1,0,0.11434641605429956
INV009944,1,0,0.08295111124310738
INV009945,1,0,0.11762476400162335
INV009946,1,0,0.19029610151328225
INV009947,1,0,0.08424281502306599
INV009948,1,0,0.044646036969297906
INV009949,1,0,0.17880388860148275
INV009950,1,0,0.17384785561426278
INV009951,1,0,0.09680336480206801
INV009952,1,0,0.05802026193691226
INV009953,1,0,0.25452452847507073
INV009954,1,0,0.07376334340331399
INV009955,1,0,0.14424088077034744
INV009956,1,0,0.37368528607062657
INV009957,1,0,0.10064160464062442
INV009958,1,0,0.07911396661611687
INV009959,1,0,0.04071848591277779
INV009960,1,0,0.0659185731427521
INV009961,1,0,0.04790286392662615
INV009962,1,0,0.3771082425590043
INV009963,1,0,0.12339761046902174
INV009964,1,0,0.267886823846578
INV009965,-1,1,0.45757495989596264
INV009966,1,0,0.02452208462740939
INV009967,1,0,0.16898818335937896
INV009968,1,0,0.017589518554414738
INV009969,1,0,0.1647402887888476
INV009970,1,0,0.27038344267702114
INV009971,1,0,0.40779086031912193
INV009972,1,0,0.06263153174464149
INV009973,1,0,0.14476620071434856
INV009974,1,0,0.05481997889618976
INV009975,1,0,0.36239740502191975
INV009976,1,0,0.06945467287068993
INV009977,1,0,0.05045668629578192
INV009978,1,0,0.09751045290588016
INV009979,1,0,0.15803278333814913
INV009980,1,0,0.19864663400739452
INV009981,1,0,0.11033478559030238
INV009982,1,0,0.19159138757661046
INV009983,1,0,0.1480782354124931
INV009984,1,0,0.05253061821716644
INV009985,1,0,0.0763460369135368
INV009986,1,0,0.08687650404007036
INV009987,1,0,0.23812856578329789
INV009988,1,0,0.05535587336867737
INV009989,1,0,0.25913467344015584
INV009990,1,0,0.1595367070539457
INV009991,1,0,0.16025354385533497
INV009992,1,0,0.319333598075728
INV009993,1,0,0.2283357264314887
INV009994,1,0,0.2115928996302582
INV009995,1,0,0.05868192439015119
INV009996,1,0,0.20814790450473716
INV009997,1,0,0.11331213501358886
INV009998,1,0,0.07826906760527537
INV009999,1,0,0.019302599398343383
INV010000,1,0,0.024613533401264365
INV010001,1,0,0.22714220087459763
INV010002,1,0,0.029042720054310838
INV010003,1,0,0.13562404231645234
INV010004,1,0,0.10186471233957611
INV010005,1,0,0.07666216134860665
INV010006,1,0,0.04811097048918998
INV010007,1,0,0.037689764236792815
INV010008,1,0,0.03581317907942364
INV010009,-1,1,0.8690454184710372
INV010010,1,0,0.1159940081258669
INV010011,1,0,0.03735072237574258
INV010012,1,0,0.14508201220238587
INV010013,1,0,0.06272431192813498
INV010014,1,0,0.016356288090515123
INV010015,1,0,0.14916764522282713
INV010016,1,0,0.13134752218897877
INV010017,1,0,0.2919538281900734
INV010018,1,0,0.07029477390311877
INV010019,1,0,0.07973222567548606
INV010020,1,0,0.04549908610870873
INV010021,1,0,0.08307454221471317
INV010022,1,0,0.06754317746724377
INV010023,1,0,0.06350047601600105
INV010024,1,0,0.06715486836578564
INV010025,1,0,0.018980746053641837
INV010026,1,0,0.3712774042912544
INV010027,1,0,0.11890273602689354
INV010028,1,0,0.12094715571720777
INV010029,1,0,0.23520228815528182
INV010030,1,0,0.011429492727292278
INV010031,1,0,0.031194127115363044
INV010032,1,0,0.0726237848850273
INV010033,1,0,0.16018166976195214
INV010034,1,0,0.03178576974068582
INV010035,1,0,0.04588074394875322
INV010036,1,0,0.06103910760143309
INV010037,1,0,0.19675568605398433
INV010038,1,0,0.281975885988626
INV010039,1,0,0.09640919188791656
INV010040,1,0,0.11109530357716119
INV010041,1,0,0.07787724076589808
INV010042,1,0,0.08328315712728217
INV010043,1,0,0.09370460400178254
INV010044,1,0,0.26785248541011897
INV010045,-1,1,0.43322983674132554
INV010046,1,0,0.13436266177930367
INV010047,1,0,0.060937956357024904
INV010048,1,0,0.1024147234033668
INV010049,1,0,0.20484023123230552
INV010050,1,0,0.0537906299436147
INV010051,1,0,0.043011510819518255
INV010052,1,0,0.1252863215121173
INV010053,1,0,0.15436840895915727
INV010054,1,0,0.09961679520352457
INV010055,1,0,0.08408704716349412
INV010056,1,0,0.05224253263662979
INV010057,1,0,0.032889312623699214
INV010058,1,0,0.09627209919098019
INV010059,1,0,0.0962046284020482
INV010060,1,0,0.07449584477001833
INV010061,1,0,0.06810213580438274
INV010062,1,0,0.14325052085495008
INV010063,1,0,0.040259494197590444
INV010064,1,0,0.012858114327544638
INV010065,1,0,0.20362609614291727
INV010066,1,0,0.042815568045599973
INV010067,1,0,0.4130902089234595
INV010068,1,0,0.2798831584915469
INV010069,1,0,0.17034146344423265
INV010070,1,0,0.11231765782492265
INV010071,1,0,0.05267011997276301
INV010072,1,0,0.15397543059628296
INV010073,1,0,0.0846439307201178
INV010074,1,0,0.07142198708540212
INV010075,1,0,0.2195070719685949
INV010076,1,0,0.2735010282467239
INV010077,1,0,0.035787899556258634
INV010078,1,0,0.074166069628716
INV010079,1,0,0.13290519897708383
INV010080,1,0,0.07999996733327741
INV010081,1,0,0.070175287393518
INV010082,1,0,0.1183098020153553
INV010083,1,0,0.07501554586921513
INV010084,1,0,0.2164086302185813
INV010085,1,0,0.04463583001805225
INV010086,1,0,0.37450382039761787
INV010087,1,0,0.03502495831663916
INV010088,1,0,0.10765454263885736
INV010089,1,0,0.2774298738866178
INV010090,-1,1,0.49943548028657514
INV010091,1,0,0.23182466819065628
INV010092,1,0,0.04930506924099156
INV010093,1,0,0.18505937398157157
INV010094,1,0,0.07535536410348828
INV010095,1,0,0.15223551950842695
INV010096,1,0,0.05629644375733734
INV010097,1,0,0.07012224280095937
INV010098,1,0,0.034077635813163
INV010099,1,0,0.29532514639369956
INV010100,1,0,0.08210917713013681
INV010101,1,0,0.05307465888313414
INV010102,1,0,0.054339051703857146
INV010103,1,0,0.0798163776949275
INV010104,1,0,0.1317243776000639
INV010105,-1,1,0.8117723167381087
INV010106,1,0,0.14669902926728656
INV010107,1,0,0.1260777999348526
INV010108,1,0,0.060840484374633644
INV010109,1,0,0.4090535716543683
INV010110,1,0,0.026569376886077706
INV010111,1,0,0.05328731028830719
INV010112,1,0,0.1853498796630507
INV010113,1,0,0.035538533797856965
INV010114,-1,1,0.4208808495608765
INV010115,1,0,0.041776381525534145
INV010116,-1,1,0.7639966184522162
INV010117,1,0,0.18364977345135813
INV010118,1,0,0.06928548592983033
INV010119,1,0,0.05465839549559483
INV010120,1,0,0.09569331911354333
INV010121,1,0,0.06357161691721822
INV010122,1,0,0.13781977379318225
INV010123,1,0,0.26140879212978096
INV010124,1,0,0.15963608635580095
INV010125,1,0,0.18922350851971845
INV010126,1,0,0.23760075401113587
INV010127,1,0,0.03734778879949527
INV010128,1,0,0.08891650961617757
INV010129,1,0,0.2892666888341756
INV010130,1,0,0.10148721162030766
INV010131,1,0,0.04294605046603499
INV010132,1,0,0.10226559967381761
INV010133,1,0,0.035435866169088476
INV010134,1,0,0.2049725955479539
INV010135,1,0,0.17998101472367034
INV010136,1,0,0.07115357078074203
INV010137,1,0,0.0674490713528348
INV010138,1,0,0.040379482591616105
INV010139,1,0,0.029469573165444435
INV010140,1,0,0.20539178540604366
INV010141,-1,1,0.6595136144541144
INV010142,1,0,0.023201904570307724
INV010143,1,0,0.08864591447600681
INV010144,1,0,0.04492934783065898
INV010145,1,0,0.057138634319104376
INV010146,1,0,0.06331556372452563
INV010147,1,0,0.16898819599334466
INV010148,1,0,0.032805630657499356
INV010149,1,0,0.11477237372408927
INV010150,1,0,0.06753161044393731
INV010151,1,0,0.022971211966567123
INV010152,1,0,0.328940397855745
INV010153,1,0,0.10627203183101348
INV010154,1,0,0.07709671996486561
INV010155,1,0,0.10405192771541988
INV010156,1,0,0.06493964430440731
INV010157,1,0,0.11924367664381558
INV010158,1,0,0.032805864631297185
INV010159,1,0,0.011482312692106759
INV010160,1,0,0.04820592564689621
INV010161,1,0,0.03675768360335679
INV010162,1,0,0.046386895327509475
INV010163,1,0,0.036570602210837466
INV010164,1,0,0.13004065770672663
INV010165,1,0,0.07530168151739441
INV010166,1,0,0.05623592817699074
INV010167,1,0,0.049351877243025345
INV010168,1,0,0.10479542437629037
INV010169,1,0,0.056104826489106634
INV010170,1,0,0.06349482973477158
INV010171,1,0,0.05719220529998346
INV010172,-1,1,0.5828208018869732
INV010173,1,0,0.07078459724691884
INV010174,1,0,0.13383471380501855
INV010175,1,0,0.16392890559459114
INV010176,1,0,0.013099791764925497
INV010177,1,0,0.1690328764951987
INV010178,1,0,0.2518134599342224
INV010179,1,0,0.1006837726041413
INV010180,1,0,0.0844251541058576
INV010181,1,0,0.04369785290045668
INV010182,1,0,0.04774102726299875
INV010183,1,0,0.05804826797834998
INV010184,1,0,0.21197093697923552
INV010185,1,0,0.3370592321993125
INV010186,1,0,0.056673074344960835
INV010187,1,0,0.12928206316152016
INV010188,1,0,0.026239869128677342
INV010189,1,0,0.008698996408487055
INV010190,1,0,0.01115393076113149
INV010191,1,0,0.11993218595940026
INV010192,1,0,0.02612133370958274
INV010193,1,0,0.0405644365526872
INV010194,1,0,0.047121935714099374
INV010195,1,0,0.18101094724748115
INV010196,1,0,0.08428631971268526
INV010197,1,0,0.10733187506661686
INV010198,1,0,0.2602393066150533
INV010199,1,0,0.1740888433010417
INV010200,1,0,0.036262616727620135
INV010201,1,0,0.00878576777607169
INV010202,1,0,0.17091067488818484
INV010203,1,0,0.10882714371722936
INV010204,1,0,0.13967610728204954
INV010205,1,0,0.06439156212641128
INV010206,1,0,0.29592272467284797
INV010207,1,0,0.20439894200537706
INV010208,1,0,0.2984822351580849
INV010209,1,0,0.12422940714304838
INV010210,-1,1,0.8124139754638279
INV010211,1,0,0.31693621475508177
INV010212,1,0,0.03136917793397834
INV010213,1,0,0.10595888040689305
INV010214,1,0,0.1880248108930979
INV010215,1,0,0.050900763942222815
INV010216,1,0,0.09000721651320649
INV010217,1,0,0.07237852193783478
INV010218,1,0,0.12326703049574628
INV010219,1,0,0.04164260919628142
INV010220,1,0,0.14618085826109858
INV010221,1,0,0.20186392586035626
INV010222,1,0,0.09451578708886331
INV010223,1,0,0.087623342292989
INV010224,1,0,0.25603022991650515
INV010225,1,0,0.0760333069144534
INV010226,1,0,0.07408943801053892
INV010227,1,0,0.26381631257408455
INV010228,1,0,0.0435962035361898
INV010229,1,0,0.08009970504171467
INV010230,1,0,0.16917692228391898
INV010231,1,0,0.030895135676805782
INV010232,1,0,0.20610592937814354
INV010233,1,0,0.1009396112539597
INV010234,1,0,0.03199475037508197
INV010235,1,0,0.2453354465117643
INV010236,1,0,0.18803250593740728
INV010237,1,0,0.1960649197656931
INV010238,1,0,0.11651573537764692
INV010239,1,0,0.20772440400054593
INV010240,-1,1,0.566650772267859
INV010241,1,0,0.0909361199614987
INV010242,1,0,0.09089161425614471
INV010243,1,0,0.16609983816791912
INV010244,1,0,0.34965933537429567
INV010245,1,0,0.045174466266712246
INV010246,1,0,0.10915922299174813
INV010247,1,0,0.05813822840962801
INV010248,1,0,0.3455925976344665
INV010249,1,0,0.05882933904382019
INV010250,1,0,0.28657823712129954
INV010251,1,0,0.02020141829174541
INV010252,1,0,0.035286842329672455
INV010253,1,0,0.02694634561059715
INV010254,1,0,0.14521721413568484
INV010255,1,0,0.03380617715850349
INV010256,1,0,0.053086356357645595
INV010257,1,0,0.03774021548397346
INV010258,1,0,0.11959194841613503
INV010259,1,0,0.3896042641443228
INV010260,1,0,0.060598344312858377
INV010261,1,0,0.0011270368159433108
INV010262,1,0,0.06111641783287457
INV010263,1,0,0.18998020959992096
INV010264,1,0,0.14775241833478306
INV010265,1,0,0.05161520876874918
INV010266,1,0,0.17993754694807568
INV010267,1,0,0.046490443469473
INV010268,1,0,0.09524503665350087
INV010269,1,0,0.03264040283757689
INV010270,1,0,0.07564988629971871
INV010271,1,0,0.10319755443495737
INV010272,1,0,0.1195376108305436
INV010273,1,0,0.058729395209744
INV010274,1,0,0.17197273394094195
INV010275,1,0,0.1163897498246083
INV010276,1,0,0.022511961466751364
INV010277,1,0,0.08288884666201102
INV010278,1,0,0.19674413494570506
INV010279,1,0,0.0698160422460063
INV010280,-1,1,0.48817625441634704
INV010281,1,0,0.0814966665762811
INV010282,1,0,0.055472730247219965
INV010283,1,0,0.01753879908065453
INV010284,1,0,0.09387401945932579
INV010285,1,0,0.01540657352728904
INV010286,1,0,0.15973522061019085
INV010287,1,0,0.1039906872923434
INV010288,-1,1,0.46518713662711014
INV010289,1,0,0.04203473541642575
INV010290,1,0,0.09123741476259059
INV010291,1,0,0.2097974860399891
INV010292,1,0,0.3657793070891252
INV010293,1,0,0.0785422174162154
INV010294,1,0,0.04339044104415752
INV010295,1,0,0.034470192610158656
INV010296,1,0,0.18015459283826057
INV010297,-1,1,0.4824091146955218
INV010298,1,0,0.3093915877697827
INV010299,1,0,0.11573343453533029
INV010300,1,0,0.1042403102266681
INV010301,1,0,0.06224063845848508
INV010302,1,0,0.1787942106115643
INV010303,-1,1,0.911325261689767
INV010304,1,0,0.07050153282205049
INV010305,1,0,0.03135555181606059
INV010306,-1,1,0.48298500171694836
INV010307,1,0,0.1539964395342882
INV010308,1,0,0.09978859448011425
INV010309,-1,1,0.42778494055169203
INV010310,1,0,0.09860176349367487
INV010311,1,0,0.0705906100121071
INV010312,1,0,0.08570944956900417
INV010313,1,0,0.41189770202215714
INV010314,1,0,0.06281758050513914
INV010315,1,0,0.17916990632442342
INV010316,1,0,0.05602771823188411
INV010317,1,0,0.027426130405236598
INV010318,1,0,0.32936654057985354
INV010319,1,0,0.10715379579675613
INV010320,1,0,0.060240617632966155
INV010321,1,0,0.05088185213326478
INV010322,1,0,0.043557844253319725
INV010323,1,0,0.060906676686847204
INV010324,1,0,0.052115609645718514
INV010325,1,0,0.02264554426399248
INV010326,1,0,0.08856805140860323
INV010327,1,0,0.03958234101692765
INV010328,1,0,0.21096755609383966
INV010329,1,0,0.14152416916255453
INV010330,1,0,0.04448534527455079
INV010331,1,0,0.08100743247978218
INV010332,1,0,0.05929380812909029
INV010333,1,0,0.04885202753802162
INV010334,-1,1,0.4404626621441504
INV010335,1,0,0.07124725900240533
INV010336,1,0,0.1034255857209773
INV010337,1,0,0.2622437614210823
INV010338,1,0,0.1490696367528519
INV010339,1,0,0.08952970803135744
INV010340,1,0,0.12309104388884466
INV010341,1,0,0.17609765510935863
INV010342,1,0,0.09772984936328633
INV010343,1,0,0.08850095353198888
INV010344,1,0,0.1435215210007833
INV010345,1,0,0.11900454121106287
INV010346,1,0,0.15392566231666033
INV010347,1,0,0.03261097571372294
INV010348,1,0,0.09347090234987497
INV010349,-1,1,0.6235005779043199
INV010350,1,0,0.15861016692127522
INV010351,1,0,0.3055521757319058
INV010352,1,0,0.01976092969822712
INV010353,1,0,0.13431832540433677
INV010354,1,0,0.04028364574092073
INV010355,1,0,0.053434022223965406
INV010356,1,0,0.08946122220554202
INV010357,1,0,0.23958344742964457
INV010358,1,0,0.03908880492677706
INV010359,1,0,0.11017511271612697
INV010360,1,0,0.050136948605808904
INV010361,1,0,0.12745781204711254
INV010362,1,0,0.032465755992725956
INV010363,1,0,0.20234544062426363
INV010364,1,0,0.17798659969749797
INV010365,1,0,0.018633975175858828
INV010366,1,0,0.15681158936655398
INV010367,-1,1,0.7139941651821813
INV010368,1,0,0.12340399619541959
INV010369,1,0,0.18315496734450099
INV010370,1,0,0.1204295374508686
INV010371,1,0,0.08543918445170148
INV010372,1,0,0.0512285210095668
INV010373,-1,1,0.48288069447982357
INV010374,1,0,0.08456335453963988
INV010375,1,0,0.0643831407017401
INV010376,1,0,0.04223908373422077
INV010377,1,0,0.05375883424815903
INV010378,1,0,0.06831172006822822
INV010379,1,0,0.1549976360525997
INV010380,1,0,0.08779200142010597
INV010381,1,0,0.04624551716318647
INV010382,1,0,0.12242265030109364
INV010383,1,0,0.08070859653837818
INV010384,1,0,0.10063086198859701
INV010385,1,0,0.04648447071781979
INV010386,1,0,0.16125359295997743
INV010387,1,0,0.11576620121939339
INV010388,1,0,0.08240750829740373
INV010389,1,0,0.04348149328466417
INV010390,-1,1,0.5609979560946939
INV010391,1,0,0.07797933332981916
INV010392,1,0,0.0620258747636133
INV010393,1,0,0.3102549897765651
INV010394,1,0,0.1840995186118377
INV010395,1,0,0.056557788825160396
INV010396,1,0,0.014306006285959499
INV010397,1,0,0.17259622649875694
INV010398,1,0,0.05449767425416826
INV010399,1,0,0.10017657659052186
INV010400,1,0,0.0832368957094163
INV010401,1,0,0.06924424525610066
INV010402,1,0,0.18867641826435266
INV010403,1,0,0.03657872840868113
INV010404,1,0,0.1048502753566048
INV010405,1,0,0.06658133940866102
INV010406,1,0,0.08202996488193595
INV010407,1,0,0.13961090194707212
INV010408,1,0,0.032551090288660496
INV010409,1,0,0.041632709472901465
INV010410,-1,1,0.679707664865452
INV010411,1,0,0.1524857059377432
INV010412,1,0,0.027240266100896412
INV010413,1,0,0.035619535658276635
INV010414,1,0,0.16900966833404002
INV010415,1,0,0.3869087406095761
INV010416,1,0,0.12578183881288452
INV010417,1,0,0.2076847547392525
INV010418,1,0,0.08479829363138061
INV010419,1,0,0.037781224181726594
INV010420,1,0,0.12295790538630856
INV010421,1,0,0.31919943043110327
INV010422,1,0,0.05154827325461814
INV010423,1,0,0.20596419127757581
INV010424,1,0,0.05557258764794732
INV010425,1,0,0.0600538936171696
INV010426,1,0,0.04017069690273092
INV010427,1,0,0.0483364477437818
INV010428,1,0,0.23560099017532793
INV010429,1,0,0.09586244282847611
INV010430,1,0,0.06854662485326854
INV010431,1,0,0.11085625538738027
INV010432,1,0,0.09643637002189549
INV010433,1,0,0.05286468722063009
INV010434,1,0,0.03174382650594355
INV010435,1,0,0.08856992855663973
INV010436,1,0,0.0963785879815543
INV010437,1,0,0.19996346148936772
INV010438,1,0,0.3002251515373419
INV010439,1,0,0.11642278512369766
INV010440,1,0,0.04059268132316774
INV010441,1,0,0.19862339629204895
INV010442,1,0,0.07368569956087163
INV010443,1,0,0.06060781643873774
INV010444,1,0,0.09201537520234193
INV010445,1,0,0.17502273120431203
INV010446,1,0,0.16800034435945263
INV010447,1,0,0.061698891505856814
INV010448,1,0,0.03250601230165241
INV010449,1,0,0.04442536643541763
INV010450,1,0,0.2483466935514668
INV010451,1,0,0.06283302642584816
INV010452,1,0,0.18579416536665697
INV010453,1,0,0.1916922920686472
INV010454,1,0,0.06032774683082644
INV010455,1,0,0.24283524633799314
INV010456,1,0,0.16903130285891374
INV010457,1,0,0.15464252403413056
INV010458,1,0,0.11106678197092176
INV010459,1,0,0.023666116139806754
INV010460,1,0,0.12566618288139567
INV010461,1,0,0.10527782232495819
INV010462,1,0,0.10992341700399963
INV010463,1,0,0.03036622849107984
INV010464,1,0,0.04701409373979144
INV010465,1,0,0.09128728460442219
INV010466,1,0,0.2234468376378599
INV010467,1,0,0.08019512567259855
INV010468,1,0,0.1820146435080679
INV010469,1,0,0.14563621088226703
INV010470,1,0,0.08245245846047844
INV010471,1,0,0.05776042028734389
INV010472,1,0,0.00491185892566942
INV010473,1,0,0.07169370477813267
INV010474,1,0,0.08630001230233952
INV010475,1,0,0.08936267117959447
INV010476,1,0,0.05698209366281116
INV010477,1,0,0.050748247657997014
INV010478,1,0,0.04676842131388286
INV010479,1,0,0.07286467550810682
INV010480,1,0,0.09206017182435271
INV010481,1,0,0.3738620860958917
INV010482,1,0,0.10761070165373901
INV010483,1,0,0.04112280183430995
INV010484,-1,1,0.6078156913317578
INV010485,1,0,0.19298914826519123
INV010486,1,0,0.1187705940560397
INV010487,1,0,0.0804792902349705
INV010488,1,0,0.23732602044573287
INV010489,1,0,0.21867760080416984
INV010490,1,0,0.13095338101575704
INV010491,1,0,0.2524791795918825
INV010492,1,0,0.042925773219129104
INV010493,1,0,0.05002957284793568
INV010494,1,0,0.2347044110174718
INV010495,1,0,0.06820254055444487
INV010496,1,0,0.13181605853099312
INV010497,1,0,0.08843337850183103
INV010498,1,0,0.0654825008637175
INV010499,1,0,0.33444974108849634
INV010500,1,0,0.3716621652257167
INV010501,1,0,0.163927927790076
INV010502,1,0,0.4090952154411125
INV010503,1,0,0.10049909492950307
INV010504,1,0,0.3428297127414596
INV010505,1,0,0.06107396433197214
INV010506,1,0,0.038106183885807804
INV010507,1,0,0.35869195024754036
INV010508,1,0,0.17730788913028933
INV010509,1,0,0.0861865801815994
INV010510,1,0,0.07180408522087085
INV010511,1,0,0.05125723600068724
INV010512,1,0,0.06213964180782634
INV010513,1,0,0.07030340906027334
INV010514,1,0,0.10720596577569247
INV010515,1,0,0.1590520802103203
INV010516,1,0,0.16523880045425077
INV010517,1,0,0.16340309346853207
INV010518,1,0,0.06669926934361259
INV010519,1,0,0.03330039780563769
INV010520,1,0,0.0729049955820212
INV010521,1,0,0.059596543544175505
INV010522,1,0,0.36224996193556896
INV010523,1,0,0.23085989033245918
INV010524,1,0,0.3615593019481523
INV010525,1,0,0.38202691303396774
INV010526,1,0,0.19327398475314947
INV010527,1,0,0.131416249634961
INV010528,1,0,0.04788074276548151
INV010529,1,0,0.1577683450687617
INV010530,1,0,0.05470758759013723
INV010531,1,0,0.4173119923644995
INV010532,1,0,0.10406406289942759
INV010533,-1,1,0.4249367948813194
INV010534,1,0,0.13981790601435082
INV010535,-1,1,0.5004801686117445
INV010536,1,0,0.06300810440823042
INV010537,1,0,0.042939928134054575
INV010538,1,0,0.05277999446749922
INV010539,1,0,0.044402635560217084
INV010540,1,0,0.06104123983190341
INV010541,1,0,0.06446315975190899
INV010542,1,0,0.21200272431347614
INV010543,1,0,0.26112040231167827
INV010544,1,0,0.1701805374939851
INV010545,1,0,0.06820033778668734
INV010546,1,0,0.22293233356767636
INV010547,1,0,0.13985943127719846
INV010548,-1,1,0.4730369555951527
INV010549,1,0,0.03349463035015304
INV010550,-1,1,0.5082182682372925
INV010551,1,0,0.055493819747392155
INV010552,1,0,0.2087810469694266
INV010553,1,0,0.25679179550620634
INV010554,-1,1,0.4402842501579832
INV010555,1,0,0.10668661144596973
INV010556,-1,1,0.4192415054583469
INV010557,1,0,0.07187428683151253
INV010558,1,0,0.10093902690659014
INV010559,1,0,0.054061200301135745
INV010560,1,0,0.05208364395561966
INV010561,1,0,0.04540246568916386
INV010562,1,0,0.16734264700911727
INV010563,1,0,0.08336676900143207
INV010564,1,0,0.10727021020175305
INV010565,1,0,0.07172680361892567
INV010566,1,0,0.023205199869941406
INV010567,1,0,0.025330267316104518
INV010568,1,0,0.11124827474811048
INV010569,1,0,0.09770292653884327
INV010570,1,0,0.14357974744823768
INV010571,1,0,0.040125554455734
INV010572,1,0,0.11258136412173612
INV010573,1,0,0.08845172447770248
INV010574,1,0,0.03187820509294978
INV010575,1,0,0.021457997535980725
INV010576,1,0,0.006605591106850161
INV010577,1,0,0.12594654541555358
INV010578,1,0,0.03271057543538306
INV010579,1,0,0.3133662655618515
INV010580,-1,1,0.4456849466745744
INV010581,1,0,0.09572823858878234
INV010582,1,0,0.05236369453037864
INV010583,1,0,0.09017029354133167
INV010584,1,0,0.13731568861849944
INV010585,1,0,0.2902567270299735
INV010586,1,0,0.09573861952333387
INV010587,1,0,0.18175894192168796
INV010588,1,0,0.04909687126723109
INV010589,1,0,0.03969186621073233
INV010590,1,0,0.17895981680333603
INV010591,1,0,0.09726263722022505
INV010592,1,0,0.12005693483673797
INV010593,-1,1,0.42318402481360284
INV010594,-1,1,0.4371706211495047
INV010595,1,0,0.028207187018862764
INV010596,1,0,0.33124707362134753
INV010597,1,0,0.2582894233628439
INV010598,1,0,0.16090216866840434
INV010599,1,0,0.1805398381276673
INV010600,1,0,0.045619146563542066
INV010601,1,0,0.17154887159650914
INV010602,1,0,0.10345736271322753
INV010603,1,0,0.08331708690989048
INV010604,1,0,0.1407829450701255
INV010605,1,0,0.008119100446434008
INV010606,1,0,0.049477232692078474
INV010607,1,0,0.1130938327074352
INV010608,1,0,0.24492874643477133
INV010609,1,0,0.09772274502356536
INV010610,1,0,0.19732578718824342
INV010611,1,0,0.03889409321552801
INV010612,1,0,0.02553333837225484
INV010613,1,0,0.19889276422543617
INV010614,1,0,0.06256080618529056
INV010615,1,0,0.122498885536204
INV010616,1,0,0.12433106185763149
INV010617,1,0,0.11945858350490775
INV010618,1,0,0.08611496818037204
INV010619,1,0,0.4079323592127155
INV010620,1,0,0.11610163258242139
INV010621,1,0,0.0355591192358607
INV010622,1,0,0.13337366461052746
INV010623,1,0,0.3307301508336541
INV010624,1,0,0.06269145799350331
INV010625,1,0,0.07060312613368634
INV010626,1,0,0.11760588967572935
INV010627,1,0,0.22400561858270585
INV010628,1,0,0.1184077607798999
INV010629,1,0,0.08665794666357986
INV010630,1,0,0.05424034897378442
INV010631,1,0,0.1901486476645345
INV010632,1,0,0.21895944348375868
INV010633,1,0,0.04303956661536066
INV010634,1,0,0.191108579554991
INV010635,1,0,0.03183296753850632
INV010636,1,0,0.11587878775454587
INV010637,1,0,0.11039154148743367
INV010638,1,0,0.12111753243778665
INV010639,1,0,0.20181567832019734
INV010640,1,0,0.07037332706777148
INV010641,1,0,0.027606175463499395
INV010642,1,0,0.10312946548038246
INV010643,1,0,0.136881876285697
INV010644,1,0,0.09340482630754542
INV010645,1,0,0.08271555808363305
INV010646,1,0,0.12913772007482371
INV010647,1,0,0.034933759122053036
INV010648,1,0,0.07692407792403103
INV010649,1,0,0.0911376281181216
INV010650,-1,1,0.9213823411718479
INV010651,1,0,0.037724543295733125
INV010652,1,0,0.0777219878595955
INV010653,1,0,0.10319091447569778
INV010654,1,0,0.16684873618946905
INV010655,1,0,0.3926329691906317
INV010656,1,0,0.0009478180213243764
INV010657,1,0,0.07176284201218143
INV010658,1,0,0.057875826045419035
INV010659,1,0,0.056367189735320025
INV010660,1,0,0.12418802382815415
INV010661,1,0,0.4028097170917432
INV010662,1,0,0.029923138133718337
INV010663,1,0,0.022773462594319015
INV010664,1,0,0.04877969113380178
INV010665,1,0,0.033367591329296606
INV010666,1,0,0.20246830886249684
INV010667,1,0,0.13701942063578534
INV010668,1,0,0.1694971911968597
INV010669,1,0,0.14046676922688284
INV010670,1,0,0.05518050461312144
INV010671,1,0,0.04272667761647568
INV010672,1,0,0.08980059122312502
INV010673,1,0,0.24728264841421346
INV010674,1,0,0.22624006384082287
INV010675,-1,1,0.6248600058797917
INV010676,1,0,0.10105099812872027
INV010677,1,0,0.06804386753704451
INV010678,1,0,0.06737015638767473
INV010679,1,0,0.03540363956851823
INV010680,1,0,0.40422524952815514
INV010681,1,0,0.055097402794755404
INV010682,1,0,0.08298606767161756
INV010683,1,0,0.08202392286127536
INV010684,1,0,0.07679851895013785
INV010685,1,0,0.04596499403882963
INV010686,1,0,0.03190776568972266
INV010687,1,0,0.10703583515862039
INV010688,1,0,0.05212649875729724
INV010689,1,0,0.03548520629403173
INV010690,1,0,0.10683689957051981
INV010691,1,0,0.2136935671627397
INV010692,-1,1,0.5281689733559132
INV010693,1,0,0.08980704134846203
INV010694,1,0,0.047020984158368716
INV010695,-1,1,0.48210184748024937
INV010696,1,0,0.3503080094721107
INV010697,1,0,0.08403521475938104
INV010698,1,0,0.03960557965709515
INV010699,1,0,0.21524635447060161
INV010700,1,0,0.061185800919562765
INV010701,1,0,0.1229454113801767
INV010702,1,0,0.23904292006549552
INV010703,1,0,0.07800076916163781
INV010704,1,0,0.13067529826788718
INV010705,1,0,0.08492848684181699
INV010706,1,0,0.06784379359359435
INV010707,1,0,0.03795992201149591
INV010708,1,0,0.021668700661536876
INV010709,1,0,0.10189445674884491
INV010710,1,0,0.03537910857515483
INV010711,1,0,0.1587868297093188
INV010712,1,0,0.23091509676505448
INV010713,1,0,0.08224319194836494
INV010714,1,0,0.06982465223205721
INV010715,1,0,0.13244437542992143
INV010716,1,0,0.0664060172266794
INV010717,1,0,0.18305066404546486
INV010718,1,0,0.1287834368580606
INV010719,1,0,0.04069876523194717
INV010720,1,0,0.26050421597976187
INV010721,1,0,0.0964431354795319
INV010722,1,0,0.13009515507547137
INV010723,1,0,0.1774912250146486
INV010724,1,0,0.04918596776527858
INV010725,-1,1,0.5292567096825865
INV010726,1,0,0.24700348637260125
INV010727,1,0,0.07353218912846797
INV010728,1,0,0.0637249785383452
INV010729,1,0,0.02215702334862793
INV010730,1,0,0.06107145865403016
INV010731,1,0,0.3051651738793838
INV010732,1,0,0.037344442499640154
INV010733,1,0,0.11473435860270836
INV010734,1,0,0.1989831478994059
INV010735,1,0,0.09821813010712906
INV010736,1,0,0.25983552606296106
INV010737,1,0,0.04210491517615936
INV010738,1,0,0.0567405757698774
INV010739,-1,1,0.4597499319036452
INV010740,1,0,0.24715195277672516
INV010741,1,0,0.09964011900459868
INV010742,1,0,0.1295167677146367
INV010743,1,0,0.09664192768549687
INV010744,1,0,0.1536195889441332
INV010745,1,0,0.04323006847822931
INV010746,1,0,0.04053832312432157
INV010747,1,0,0.02212343348791243
INV010748,1,0,0.10608645582853862
INV010749,1,0,0.16027078863614785
INV010750,1,0,0.08270366486303728
INV010751,1,0,0.1359710359597959
INV010752,-1,1,0.42535398772090355
INV010753,1,0,0.17444833237716814
INV010754,1,0,0.17671700211598287
INV010755,1,0,0.13666647051475236
INV010756,-1,1,0.44173977833571776
INV010757,1,0,0.07988523412915695
INV010758,1,0,0.08872527718767842
INV010759,1,0,0.05049647279737405
INV010760,1,0,0.04998714937155042
INV010761,1,0,0.025910578980817913
INV010762,-1,1,0.5115511596435702
INV010763,1,0,0.08853188649015785
INV010764,1,0,0.0798720416265856
INV010765,1,0,0.054440939560100716
INV010766,1,0,0.1058613533917182
INV010767,1,0,0.06596512050892865
INV010768,1,0,0.3283227734494303
INV010769,1,0,0.03679362020217691
INV010770,1,0,0.22211894730297774
INV010771,1,0,0.033453811462941976
INV010772,1,0,0.1530430083068493
INV010773,1,0,0.12732678317563684
INV010774,1,0,0.12563130183702823
INV010775,1,0,0.023620193437907475
INV010776,1,0,0.07727427749819768
INV010777,1,0,0.14104833433870326
INV010778,-1,1,0.4391425140133248
INV010779,1,0,0.08483268151702701
INV010780,1,0,0.09143117100711737
INV010781,-1,1,0.46862868032897165
INV010782,1,0,0.0854669455415742
INV010783,1,0,0.006997344561708308
INV010784,1,0,0.04910122106168013
INV010785,1,0,0.05289039943557468
INV010786,1,0,0.0695163651776321
INV010787,1,0,0.05211087495541825
INV010788,1,0,0.059333446529313584
INV010789,1,0,0.171649660629819
INV010790,1,0,0.0625449171491877
INV010791,1,0,0.20937040686371766
INV010792,1,0,0.050236347518840076
INV010793,1,0,0.12803333629232225
INV010794,-1,1,0.424871986043888
INV010795,1,0,0.15493598000717093
INV010796,1,0,0.16727147426690675
INV010797,-1,1,0.4233898499355683
INV010798,1,0,0.18298846218985207
INV010799,1,0,0.055222130036193154
INV010800,1,0,0.03949729804894061
INV010801,1,0,0.05564857667011377
INV010802,-1,1,0.8933943005264137
INV010803,1,0,0.12225466329973589
INV010804,1,0,0.06565181829733334
INV010805,1,0,0.06302758407714719
INV010806,1,0,0.023383251255511064
INV010807,1,0,0.16127596152998946
INV010808,1,0,0.056525225265002935
INV010809,1,0,0.14930379771783234
INV010810,1,0,0.043421644504194556
INV010811,1,0,0.06012022932435306
INV010812,1,0,0.24647054640505262
INV010813,1,0,0.12259070551835535
INV010814,1,0,0.020366538105228673
INV010815,1,0,0.041834753123176895
INV010816,1,0,0.11764251767368439
INV010817,1,0,0.055615367152134096
INV010818,1,0,0.2355966828717911
INV010819,1,0,0.09006324883526122
INV010820,1,0,0.056498031510587604
INV010821,1,0,0.1220936455077003
INV010822,1,0,0.047099061013138405
INV010823,1,0,0.07132653749060176
INV010824,1,0,0.14071395881650356
INV010825,1,0,0.15655006349200584
INV010826,1,0,0.1403283625091115
INV010827,1,0,0.04533536868293091
INV010828,1,0,0.04208444334198914
INV010829,1,0,0.28876337080478576
INV010830,1,0,0.07976180396372316
INV010831,1,0,0.08955435177782499
INV010832,1,0,0.08261212354916733
INV010833,1,0,0.22831335408683365
INV010834,1,0,0.03695095351347435
INV010835,1,0,0.11394893072863811
INV010836,1,0,0.08512984165773892
INV010837,1,0,0.34073162797472173
INV010838,1,0,0.14228123244159133
INV010839,1,0,0.12656395411096663
INV010840,1,0,0.041986038713258275
INV010841,-1,1,0.4967046578488143
INV010842,1,0,0.16057845634073717
INV010843,1,0,0.0677021287327552
INV010844,1,0,0.06282584446156646
INV010845,1,0,0.043099323231384885
INV010846,1,0,0.02814144984820675
INV010847,1,0,0.05034114066041712
INV010848,1,0,0.20349036249653102
INV010849,1,0,0.19513163092271527
INV010850,1,0,0.07634854644941338
INV010851,1,0,0.17313108707714644
INV010852,1,0,0.03892585899825794
INV010853,-1,1,0.5818154271371624
INV010854,1,0,0.02553070853755759
INV010855,1,0,0.14536321396443175
INV010856,1,0,0.05525655651841274
INV010857,1,0,0.08107465064366103
INV010858,1,0,0.2596988182368644
INV010859,1,0,0.11124170511083419
INV010860,1,0,0.15012118911326142
INV010861,1,0,0.17365359057537696
INV010862,1,0,0.04001781352578872
INV010863,1,0,0.14476055171502972
INV010864,1,0,0.19703113431134517
INV010865,1,0,0.2263527960359557
INV010866,1,0,0.020230735011435484
INV010867,-1,1,0.5602666592558471
INV010868,-1,1,0.545708590283738
INV010869,1,0,0.33337660390691487
INV010870,1,0,0.11422554799110239
INV010871,1,0,0.19456445437286504
INV010872,1,0,0.309681248728236
INV010873,1,0,0.17792449485586753
INV010874,1,0,0.10889847615252418
INV010875,1,0,0.12619155731240211
INV010876,1,0,0.07089164002361127
INV010877,1,0,0.06473211182853648
INV010878,1,0,0.023495694328747693
INV010879,1,0,0.12847755765284963
INV010880,1,0,0.10248348713010497
INV010881,1,0,0.2054432602536398
INV010882,1,0,0.056740360911034377
INV010883,1,0,0.10506412451292584
INV010884,1,0,0.048803530629208336
INV010885,1,0,0.10926006056239905
INV010886,1,0,0.06674575347006165
INV010887,1,0,0.14414128734805756
INV010888,1,0,0.0823523446805172
INV010889,1,0,0.08882453300279783
INV010890,1,0,0.028876544881265186
INV010891,1,0,0.051868116202506934
INV010892,-1,1,0.6801767827302462
INV010893,1,0,0.1521145577535264
INV010894,1,0,0.25348198085906104
INV010895,1,0,0.054146382602717286
INV010896,1,0,0.060759579060186815
INV010897,1,0,0.15368309474956404
INV010898,1,0,0.050298046801085884
INV010899,1,0,0.005071789852703017
INV010900,1,0,0.3282985989642554
INV010901,1,0,0.27849656000962664
INV010902,1,0,0.036601126695780244
INV010903,1,0,0.3429421461879142
INV010904,1,0,0.0566048074815169
INV010905,1,0,0.08280085757333691
INV010906,1,0,0.12526592221905872
INV010907,1,0,0.017072590203411977
INV010908,1,0,0.08826145012051773
INV010909,1,0,0.04541759474914856
INV010910,1,0,0.08445824268796633
INV010911,1,0,0.08437709884087632
INV010912,1,0,0.14059008390594424
INV010913,-1,1,0.5455475557182567
INV010914,1,0,0.04607366234217351
INV010915,1,0,0.014159831912986426
INV010916,-1,1,0.934279728154375
INV010917,1,0,0.07282034973303785
INV010918,1,0,0.2835333171341254
INV010919,1,0,0.051417765666558306
INV010920,1,0,0.07581330859450341
INV010921,1,0,0.05843775972680056
INV010922,1,0,0.13454226956973764
INV010923,1,0,0.04220090324626807
INV010924,1,0,0.14040593020338124
INV010925,1,0,0.022024344680342346
INV010926,1,0,0.14755076310141596
INV010927,-1,1,0.47849388217853384
INV010928,1,0,0.021843481729447257
INV010929,1,0,0.05165951590537452
INV010930,1,0,0.11827082960064722
INV010931,1,0,0.04256789164559216
INV010932,1,0,0.4008593184082984
INV010933,-1,1,0.45484960389261186
INV010934,1,0,0.15428739656205379
INV010935,1,0,0.06480798905640464
INV010936,1,0,0.39439041130107183
INV010937,-1,1,0.6869660393866822
INV010938,1,0,0.10027733120079975
INV010939,1,0,0.3853144221400194
INV010940,1,0,0.1539570870451845
INV010941,1,0,0.0591760773127864
INV010942,1,0,0.04033569506948445
INV010943,1,0,0.04546622384591066
INV010944,1,0,0.07375008061762725
INV010945,1,0,0.13616077429629456
INV010946,1,0,0.03934871420824414
INV010947,1,0,0.04373984097522348
INV010948,1,0,0.12550968524317999
INV010949,1,0,0.057017884179824174
INV010950,1,0,0.04337341465742136
INV010951,1,0,0.14593077058833154
INV010952,-1,1,0.5750578682212271
INV010953,1,0,0.05088733126345679
INV010954,1,0,0.10888381196440136
INV010955,1,0,0.02848232494382149
INV010956,1,0,0.053438600012984304
INV010957,1,0,0.03825919552210808
INV010958,1,0,0.08028628208980505
INV010959,1,0,0.15674784849011186
INV010960,1,0,0.06379134494240675
INV010961,1,0,0.08371969824136952
INV010962,1,0,0.2038171148071088
INV010963,1,0,0.23798473479212523
INV010964,1,0,0.1344272403159691
INV010965,1,0,0.17347000062033235
INV010966,1,0,0.03272623370062101
INV010967,1,0,0.10747440925228949
INV010968,1,0,0.04013310401614729
INV010969,1,0,0.12890867482920954
INV010970,1,0,0.07368101699428962
INV010971,1,0,0.38473839067182175
INV010972,1,0,0.040082922789530004
INV010973,1,0,0.15023355335097335
INV010974,1,0,0.04345903346998426
INV010975,1,0,0.30270836251131955
INV010976,1,0,0.06328051049950577
INV010977,-1,1,0.5971030455505651
INV010978,1,0,0.2733087251174281
INV010979,1,0,0.1144587066059523
INV010980,1,0,0.10934109990295926
INV010981,1,0,0.10907077578631406
INV010982,1,0,0.08199696585212644
INV010983,1,0,0.09371068953861406
INV010984,1,0,0.08408747051912338
INV010985,1,0,0.10330238307239065
INV010986,1,0,0.1578406067945623
INV010987,1,0,0.027111650991951085
INV010988,1,0,0.21502723444495522
INV010989,1,0,0.07316946235786333
INV010990,1,0,0.1548290540357547
INV010991,1,0,0.14617667509402343
INV010992,1,0,0.23726988378025643
INV010993,1,0,0.06073098967333027
INV010994,1,0,0.030505795870485842
INV010995,1,0,0.20761341021218016
INV010996,1,0,0.029866906818902486
INV010997,1,0,0.1067839493798264
INV010998,1,0,0.2186542335518394
INV010999,1,0,0.04212212407677997
INV011000,1,0,0.18180945654407002
INV011001,1,0,0.10038168776473654
INV011002,1,0,0.30382802057773656
INV011003,1,0,0.03162610040658174
INV011004,1,0,0.006054598930859731
INV011005,1,0,0.054666873891962495
INV011006,1,0,0.06533501842183084
INV011007,1,0,0.09977855086779716
INV011008,1,0,0.10768998930891856
INV011009,1,0,0.08269036214612227
INV011010,1,0,0.017347695722371957
INV011011,1,0,0.0682655612510396
INV011012,1,0,0.1211262738304805
INV011013,1,0,0.3143698905480292
INV011014,1,0,0.05911746728794119
INV011015,1,0,0.08358527501234596
INV011016,1,0,0.13826216270202338
INV011017,1,0,0.17430892629075312
INV011018,1,0,0.08114311700062328
INV011019,1,0,0.15859974262702728
INV011020,1,0,0.17942025653555993
INV011021,1,0,0.06340424860218484
INV011022,1,0,0.062286830921650556
INV011023,1,0,0.11943745022790843
INV011024,1,0,0.194168995657783
INV011025,1,0,0.20866783802077335
INV011026,1,0,0.153538420859387
INV011027,1,0,0.17104060618097428
INV011028,1,0,0.09149797680540998
INV011029,1,0,0.0933786280672993
INV011030,1,0,0.08336604792322917
INV011031,1,0,0.06881837518115227
INV011032,1,0,0.2665172634416817
INV011033,1,0,0.14096137560461572
INV011034,1,0,0.17903494404314108
INV011035,1,0,0.3315886512173515
INV011036,1,0,0.015929583784456646
INV011037,1,0,0.02573096225095929
INV011038,1,0,0.06248844683974085
INV011039,1,0,0.05190544076034361
INV011040,1,0,0.14411583552476248
INV011041,1,0,0.40632890975739344
INV011042,1,0,0.04384196786750488
INV011043,1,0,0.046959829355085116
INV011044,1,0,0.020009577686414676
INV011045,1,0,0.09185969104503439
INV011046,1,0,0.21123010558215258
INV011047,1,0,0.19357070324865472
INV011048,1,0,0.10572668968428163
INV011049,1,0,0.08205594823134513
INV011050,1,0,0.061120098228510764
INV011051,1,0,0.05106123525820662
INV011052,1,0,0.029910996716900378
INV011053,1,0,0.12347221711749044
INV011054,1,0,0.20587314630990075
INV011055,1,0,0.14588148149924365
INV011056,1,0,0.08931292812146255
INV011057,-1,1,0.6486810618419002
INV011058,1,0,0.03425405668811599
INV011059,1,0,0.38024554757591505
INV011060,1,0,0.014227640101547498
INV011061,1,0,0.08035343505477388
INV011062,1,0,0.03455868983642151
INV011063,1,0,0.0965334217691328
INV011064,1,0,0.05102352716948534
INV011065,1,0,0.031132925730858015
INV011066,1,0,0.15056392826866727
INV011067,1,0,0.277518707456072
INV011068,1,0,0.10952762625031996
INV011069,1,0,0.09250519831299789
INV011070,1,0,0.028343005251504544
INV011071,1,0,0.16768953206700873
INV011072,1,0,0.08388104784234947
INV011073,-1,1,0.4753947414288482
INV011074,1,0,0.16388086322014764
INV011075,1,0,0.07905467468280825
INV011076,1,0,0.26546364710416304
INV011077,1,0,0.05200514367371537
INV011078,1,0,0.09970355816270057
INV011079,1,0,0.08126766869832432
INV011080,1,0,0.1104579150787378
INV011081,1,0,0.17749535425606913
INV011082,1,0,0.057273360757661936
INV011083,1,0,0.1001772513227223
INV011084,1,0,0.1533646583734014
INV011085,1,0,0.04864839688315733
INV011086,1,0,0.0526285314376449
INV011087,1,0,0.0726390150934196
INV011088,1,0,0.1053379159910437
INV011089,1,0,0.031139936801863655
INV011090,1,0,0.10947251020870787
INV011091,1,0,0.11612290298186564
INV011092,1,0,0.07309811010652101
INV011093,1,0,0.03800704711831497
INV011094,1,0,0.2158676483945397
INV011095,-1,1,0.5810004109654353
INV011096,1,0,0.04848115087693433
INV011097,1,0,0.056325207110920816
INV011098,1,0,0.05443282921024355
INV011099,1,0,0.13778921317941903
INV011100,1,0,0.03388341717618372
INV011101,1,0,0.06457560240367399
INV011102,1,0,0.02066270963378002
INV011103,1,0,0.03907312756772321
INV011104,1,0,0.09256807227710682
INV011105,1,0,0.11872942806615379
INV011106,1,0,0.1277387320958967
INV011107,1,0,0.027535247719405725
INV011108,1,0,0.3492503889228598
INV011109,1,0,0.07686989829345213
INV011110,1,0,0.06059608478494563
INV011111,-1,1,0.45166502176012935
INV011112,1,0,0.08923525215868723
INV011113,1,0,0.05686455118551542
INV011114,1,0,0.37014186158588674
INV011115,1,0,0.02580246819743785
INV011116,1,0,0.0047888154677746585
INV011117,1,0,0.417620854792044
INV011118,1,0,0.06100143573141204
INV011119,1,0,0.0890020711472064
INV011120,1,0,0.11344287064202266
INV011121,1,0,0.27404506110638627
INV011122,1,0,0.044120592946807674
INV011123,1,0,0.05899173434349062
INV011124,1,0,0.05825328387295124
INV011125,1,0,0.11480688121300535
INV011126,1,0,0.09954139946313276
INV011127,1,0,0.22265856117825772
INV011128,1,0,0.18751548371509555
INV011129,1,0,0.09091838628882348
INV011130,1,0,0.018021178266259683
INV011131,1,0,0.20252311370332213
INV011132,1,0,0.08155532933361086
INV011133,1,0,0.044201638646131095
INV011134,1,0,0.16869698038048928
INV011135,1,0,0.05637078467941449
INV011136,1,0,0.07893451452400564
INV011137,1,0,0.21135613444411389
INV011138,1,0,0.06784041279614657
INV011139,1,0,0.08724029540668349
INV011140,1,0,0.1602862598238629
INV011141,1,0,0.038239702222061446
INV011142,1,0,0.39109024659166886
INV011143,1,0,0.1425987701617353
INV011144,1,0,0.19067303156419638
INV011145,1,0,0.09975149478643217
INV011146,1,0,0.09706228564042199
INV011147,1,0,0.214857515950506
INV011148,1,0,0.14537883459675618
INV011149,1,0,0.03174903759970748
INV011150,1,0,0.09733679846041665
INV011151,1,0,0.0523891018335417
INV011152,1,0,0.1895067350367901
INV011153,1,0,0.08195240649458017
INV011154,1,0,0.07798938283577353
INV011155,1,0,0.30073270764954846
INV011156,1,0,0.11902643673481318
INV011157,1,0,0.05358964602862255
INV011158,1,0,0.1652793983677502
INV011159,1,0,0.23094616399650225
INV011160,1,0,0.06934686717137854
INV011161,1,0,0.27312462773467916
INV011162,1,0,0.19560917679666703
INV011163,1,0,0.06036333223102968
INV011164,1,0,0.062409626363131285
INV011165,1,0,0.06360318951725952
INV011166,1,0,0.0939555019602396
INV011167,1,0,0.015439960877050928
INV011168,1,0,0.3743639744303739
INV011169,1,0,0.13211314430653245
INV011170,1,0,0.15309402404350955
INV011171,1,0,0.24027967655880084
INV011172,1,0,0.10889333468395852
INV011173,1,0,0.10380081512234214
INV011174,1,0,0.2000501078046412
INV011175,1,0,0.41284658864414886
INV011176,1,0,0.060810427596040384
INV011177,1,0,0.3707905084062518
INV011178,1,0,0.14520372627190684
INV011179,1,0,0.19488271425378031
INV011180,1,0,0.12243094210532669
INV011181,1,0,0.04093001603934905
INV011182,1,0,0.048802845451549656
INV011183,1,0,0.07631460357359589
INV011184,1,0,0.057488103014659675
INV011185,-1,1,0.5185184760498087
INV011186,1,0,0.01368201641890196
INV011187,1,0,0.2624943005525536
INV011188,1,0,0.1269468581719799
INV011189,1,0,0.08217641503937102
INV011190,1,0,0.1217159534624723
INV011191,1,0,0.03581784530089667
INV011192,1,0,0.09215550093489688
INV011193,1,0,0.18493147948260666
INV011194,1,0,0.05643175329234106
INV011195,1,0,0.07146718575394985
INV011196,1,0,0.11119139993230334
INV011197,1,0,0.0613493816902311
INV011198,-1,1,0.46577703682583543
INV011199,1,0,0.09327327843714989
INV011200,1,0,0.05292842806000836
INV011201,1,0,0.1837191283956264
INV011202,1,0,0.06383170964216903
INV011203,1,0,0.05664743054324832
INV011204,1,0,0.05310422616437934
INV011205,1,0,0.03736415624568013
INV011206,1,0,0.17324099368424226
INV011207,1,0,0.2601238365009642
INV011208,1,0,0.048663352284156615
INV011209,1,0,0.03559873853094006
INV011210,1,0,0.06371210967849951
INV011211,1,0,0.32507359032130245
INV011212,1,0,0.10025044068785151
INV011213,1,0,0.02348810766041743
INV011214,-1,1,0.6493532856205314
INV011215,1,0,0.09291103556723057
INV011216,1,0,0.3444669007462421
INV011217,1,0,0.009037317007475176
INV011218,1,0,0.1752083551516025
INV011219,1,0,0.0771513531941322
INV011220,-1,1,0.5432609473238402
INV011221,1,0,0.17816133031824366
INV011222,1,0,0.19846871714907693
INV011223,1,0,0.08000109402581222
INV011224,1,0,0.016077780558982756
INV011225,1,0,0.21216478938370015
INV011226,1,0,0.07526705250343742
INV011227,1,0,0.11840007125414281
INV011228,1,0,0.01034655743205564
INV011229,1,0,0.130868984648811
INV011230,1,0,0.10437660157814309
INV011231,1,0,0.07853967316000508
INV011232,1,0,0.05902573514909955
INV011233,1,0,0.16022779767714063
INV011234,1,0,0.29961160468574666
INV011235,1,0,0.017761709976268466
INV011236,1,0,0.07710888166785118
INV011237,1,0,0.030990673455562154
INV011238,1,0,0.05012100124308054
INV011239,1,0,0.3177560307262956
INV011240,1,0,0.0257451038613231
INV011241,1,0,0.09180615146765914
INV011242,1,0,0.09140594805518859
INV011243,1,0,0.0946785241602656
INV011244,1,0,0.2765078234690955
INV011245,1,0,0.09008872716033443
INV011246,1,0,0.04676447579261304
INV011247,1,0,0.09793175910257146
INV011248,-1,1,0.42830275547606955
INV011249,1,0,0.2496097256888723
INV011250,1,0,0.03711046455250395
INV011251,1,0,0.03577234817475339
INV011252,1,0,0.1126992610372971
INV011253,-1,1,0.5297435128647171
INV011254,1,0,0.05686404851126628
INV011255,1,0,0.1502853274090835
INV011256,1,0,0.27355968502762334
INV011257,1,0,0.2241199104348164
INV011258,1,0,0.019966766878714598
INV011259,1,0,0.2228060164006818
INV011260,1,0,0.21701136588356706
INV011261,1,0,0.1447146932306066
INV011262,-1,1,0.9349008163975088
INV011263,1,0,0.03003526689933184
INV011264,1,0,0.04227508951990855
INV011265,1,0,0.04208918787521735
INV011266,1,0,0.07183838730063834
INV011267,1,0,0.06600427968620454
INV011268,-1,1,0.46079959212854016
INV011269,1,0,0.06330977942483515
INV011270,1,0,0.12836247898596734
INV011271,1,0,0.06596552508653895
INV011272,1,0,0.17333453240750113
INV011273,1,0,0.20164762111666895
INV011274,1,0,0.054572983664772555
INV011275,1,0,0.02170898815653716
INV011276,1,0,0.07661438819696335
INV011277,1,0,0.10171387401053927
INV011278,1,0,0.23620537648814696
INV011279,1,0,0.03287087417026072
INV011280,1,0,0.06183918538128977
INV011281,1,0,0.20013638349914886
INV011282,1,0,0.02185243549258571
INV011283,1,0,0.2963600188720101
INV011284,1,0,0.12010595546857361
INV011285,1,0,0.050678147172614325
INV011286,1,0,0.37604047825975767
INV011287,1,0,0.26959208431871295
INV011288,1,0,0.21727667686300997
INV011289,1,0,0.0662417271993809
INV011290,1,0,0.41642724845197016
INV011291,1,0,0.029240689984244093
INV011292,1,0,0.16015330493512958
INV011293,1,0,0.2722795784981226
INV011294,1,0,0.09040188770547775
INV011295,1,0,0.10553400781305781
INV011296,1,0,0.10812723822830071
INV011297,1,0,0.03877270539647215
INV011298,1,0,0.24791793925806999
INV011299,1,0,0.05822489652213801
INV011300,1,0,0.048685091322294274
INV011301,1,0,0.17022475497145328
INV011302,-1,1,0.480212753450783
INV011303,1,0,0.2275326744454639
INV011304,1,0,0.037959991223851866
INV011305,1,0,0.049423960478594285
INV011306,1,0,0.05193172445503082
INV011307,1,0,0.295076119936027
INV011308,1,0,0.042381860222816654
INV011309,1,0,0.1471434694254664
INV011310,1,0,0.14988770113260966
INV011311,1,0,0.14919229956617536
INV011312,1,0,0.14021740455808238
INV011313,1,0,0.08291505306718124
INV011314,1,0,0.07063734249781373
INV011315,1,0,0.12656675234031178
INV011316,1,0,0.2948804426544052
INV011317,1,0,0.08091835850931206
INV011318,1,0,0.23867492540635582
INV011319,1,0,0.20849086821197044
INV011320,1,0,0.11052338275196841
INV011321,1,0,0.09717118217511904
INV011322,1,0,0.07256634442492098
INV011323,1,0,0.07976531566625142
INV011324,1,0,0.04929970436589708
INV011325,1,0,0.15585660031292073
INV011326,1,0,0.03691156029223665
INV011327,1,0,0.30398608752784984
INV011328,1,0,0.06664791616477267
INV011329,1,0,0.3004477771874393
INV011330,1,0,0.16049729541362034
INV011331,1,0,0.04849562240798208
INV011332,-1,1,0.4395183307195025
INV011333,1,0,0.21938244794986433
INV011334,1,0,0.08017589683995281
INV011335,1,0,0.07528215899746774
INV011336,1,0,0.007724927314744974
INV011337,1,0,0.03497956645403905
INV011338,1,0,0.07152964988698177
INV011339,1,0,0.18708784897939504
INV011340,1,0,0.042751141312405753
INV011341,1,0,0.06502449221100388
INV011342,1,0,0.06133882410849881
INV011343,1,0,0.0805539885832166
INV011344,1,0,0.020511823691261973
INV011345,1,0,0.061089347589984896
INV011346,1,0,0.1607977370673832
INV011347,1,0,0.05593559624207081
INV011348,1,0,0.07216684896060871
INV011349,1,0,0.07693392325456128
INV011350,1,0,0.022026063226215583
INV011351,1,0,0.04767718405664465
INV011352,1,0,0.04592616073118023
INV011353,1,0,0.06560820511580343
INV011354,1,0,0.09805285246144894
INV011355,1,0,0.2031179526218291
INV011356,1,0,0.06628235433186193
INV011357,1,0,0.09746291705628123
INV011358,1,0,0.0334323909117872
INV011359,1,0,0.1566121503772319
INV011360,1,0,0.05575710434338319
INV011361,1,0,0.11755105064808372
INV011362,-1,1,0.49146281948622345
INV011363,1,0,0.35615928033594957
INV011364,1,0,0.039650511878406715
INV011365,-1,1,0.7540620637989455
INV011366,1,0,0.09370458137280828
INV011367,1,0,0.1099215663636685
INV011368,1,0,0.13462633115798303
INV011369,1,0,0.14430864034220878
INV011370,1,0,0.35804578960977274
INV011371,1,0,0.08654542246364082
INV011372,-1,1,0.48965359849570617
INV011373,1,0,0.06658478999325872
INV011374,1,0,0.11108689830292036
INV011375,1,0,0.054205910754621105
INV011376,1,0,0.058686408379704416
INV011377,1,0,0.033055483249404896
INV011378,1,0,0.03825082581813836
INV011379,1,0,0.055921822706978146
INV011380,1,0,0.03286665740602702
INV011381,1,0,0.046828731335102736
INV011382,1,0,0.04333433984352265
INV011383,1,0,0.07559684887930011
INV011384,1,0,0.20704414107967528
INV011385,1,0,0.1318049566749514
INV011386,1,0,0.3097904048772313
INV011387,1,0,0.05387131085594596
INV011388,1,0,0.2878994630358865
INV011389,1,0,0.1191749430151357
INV011390,1,0,0.09599613158603953
INV011391,1,0,0.05341919864577045
INV011392,1,0,0.22781135566709834
INV011393,1,0,0.2504232963107541
INV011394,1,0,0.18206760400580804
INV011395,1,0,0.1998903232775565
INV011396,1,0,0.1637156541531348
INV011397,1,0,0.2070415342138899
INV011398,1,0,0.08014738726474974
INV011399,1,0,0.033382515835298956
INV011400,1,0,0.07704353092566653
INV011401,1,0,0.06720223233156924
INV011402,1,0,0.04694745445065743
INV011403,1,0,0.13411535788060494
INV011404,1,0,0.15945352954999853
INV011405,1,0,0.16140849567749208
INV011406,-1,1,0.5185184760498087
INV011407,1,0,0.1331821935760815
INV011408,1,0,0.06562796324216415
INV011409,1,0,0.09129819466165497
INV011410,1,0,0.028910561388995094
INV011411,1,0,0.07684512556488131
INV011412,1,0,0.33666272532767094
INV011413,-1,1,0.5398880474628213
INV011414,1,0,0.27142217034357086
INV011415,1,0,0.044196338891533286
INV011416,1,0,0.07645170583661169
INV011417,1,0,0.04180409420550036
INV011418,1,0,0.07912152210514194
INV011419,1,0,0.1262816628264412
INV011420,-1,1,0.5738046636092212
INV011421,1,0,0.0705603080413418
INV011422,1,0,0.02870334041959808
INV011423,1,0,0.059464480458982116
INV011424,1,0,0.0942918843358319
INV011425,1,0,0.04028752138699544
INV011426,1,0,0.40054114504500976
INV011427,1,0,0.11550349478798554
INV011428,1,0,0.05743547159980341
INV011429,1,0,0.03441832463050234
INV011430,1,0,0.26172401252461164
INV011431,1,0,0.03865079094314336
INV011432,1,0,0.37661128274498784
INV011433,1,0,0.025498192566009912
INV011434,1,0,0.1765171669349754
INV011435,1,0,0.09016904472696288
INV011436,1,0,0.20913760706378598
INV011437,1,0,0.04021991218802613
INV011438,1,0,0.20759552135780576
INV011439,1,0,0.03329670495791169
INV011440,1,0,0.09162472037469442
INV011441,1,0,0.15486348521748056
INV011442,1,0,0.0874972976163699
INV011443,1,0,0.023737317936911532
INV011444,1,0,0.17948283631442727
INV011445,1,0,0.09451275120596021
INV011446,1,0,0.09515149783681932
INV011447,1,0,0.07728081079310553
INV011448,1,0,0.1077194472450526
INV011449,1,0,0.07012346413892305
INV011450,1,0,0.22135019145178364
INV011451,1,0,0.07348551813569193
INV011452,1,0,0.013175453372240426
INV011453,-1,1,0.7314809929962637
INV011454,1,0,0.1295589965509746
INV011455,1,0,0.09256734894252626
INV011456,1,0,0.04900431051160242
INV011457,1,0,0.07122096518871285
INV011458,1,0,0.20702469162105963
INV011459,1,0,0.014552886573879296
INV011460,1,0,0.022923294954756125
INV011461,1,0,0.0869988234325478
INV011462,1,0,0.15064933057162078
INV011463,-1,1,0.5913711076408923
INV011464,1,0,0.03671391769175275
INV011465,1,0,0.04430689407888334
INV011466,1,0,0.08416492522887747
INV011467,1,0,0.03717983216687765
INV011468,1,0,0.04793615815358747
INV011469,-1,1,0.420236429596981
INV011470,1,0,0.07117090256815796
INV011471,1,0,0.09855741269209951
INV011472,1,0,0.181087712531437
INV011473,1,0,0.25373387172493955
INV011474,1,0,0.07072165291907331
INV011475,1,0,0.09765794876273853
INV011476,1,0,0.03537002728230247
INV011477,1,0,0.03828085822001606
INV011478,1,0,0.07666191284172796
INV011479,1,0,0.04385661108722704
INV011480,1,0,0.06641931927636481
INV011481,1,0,0.052228530929007796
INV011482,1,0,0.03792602857323703
INV011483,1,0,0.017131968207696666
INV011484,1,0,0.11483864177072486
INV011485,1,0,0.046963197227977566
INV011486,1,0,0.12074977777043724
INV011487,1,0,0.023925873113004405
INV011488,-1,1,0.47733132333390343
INV011489,1,0,0.16566130996796613
INV011490,1,0,0.09904532359116915
INV011491,1,0,0.36607771803742417
INV011492,1,0,0.07423227058923852
INV011493,1,0,0.04830664931941686
INV011494,1,0,0.05405153381779392
INV011495,1,0,0.08209386481961668
INV011496,1,0,0.08497127907607217
INV011497,1,0,0.08015430647779807
INV011498,1,0,0.10341523937790927
INV011499,1,0,0.17414357220012192
INV011500,1,0,0.24546201929938705
INV011501,1,0,0.035191718804269495
INV011502,1,0,0.0748656351471724
INV011503,1,0,0.04269853840324414
INV011504,1,0,0.06620160598767581
INV011505,1,0,0.055929079237046146
INV011506,1,0,0.10214695310350008
INV011507,1,0,0.114476694801793
INV011508,1,0,0.038462739569973974
INV011509,1,0,0.07554373558121469
INV011510,1,0,0.04092790941514617
INV011511,1,0,0.033933553643217235
INV011512,1,0,0.14576781030928965
INV011513,1,0,0.34421632253810436
INV011514,-1,1,0.420236429596981
INV011515,1,0,0.03964361101164584
INV011516,1,0,0.11855858856504711
INV011517,1,0,0.04311223616453188
INV011518,1,0,0.06910472073330712
INV011519,1,0,0.12080723425739678
INV011520,1,0,0.047791097449949284
INV011521,1,0,0.15915587280395377
INV011522,1,0,0.06337139054577179
INV011523,1,0,0.07402542916799415
INV011524,1,0,0.038534798807424255
INV011525,1,0,0.10432042136798014
INV011526,1,0,0.11377482380957413
INV011527,1,0,0.3322126596566707
INV011528,1,0,0.16191348866112942
INV011529,1,0,0.09378385176552739
INV011530,1,0,0.06381765073905292
INV011531,1,0,0.06021378117177675
INV011532,1,0,0.05646150456724019
INV011533,1,0,0.03166731304441302
INV011534,1,0,0.035213174609651905
INV011535,1,0,0.0603853900228449
INV011536,1,0,0.17314368115508297
INV011537,1,0,0.040350874434113525
INV011538,1,0,0.06220188924138958
INV011539,1,0,0.039444098832849946
INV011540,1,0,0.0757135710647865
INV011541,1,0,0.07642736420956445
INV011542,-1,1,0.5352730885213576
INV011543,1,0,0.08738214298098182
INV011544,1,0,0.0743960953053562
INV011545,-1,1,0.606024717337097
INV011546,1,0,0.08257254465163753
INV011547,1,0,0.3135004323362582
INV011548,-1,1,0.45736209396126026
INV011549,1,0,0.02869887996110155
INV011550,1,0,0.20773098970701048
INV011551,1,0,0.1631265314062066
INV011552,1,0,0.05968753711637461
INV011553,1,0,0.030132207119819475
INV011554,1,0,0.05499171901890262
INV011555,1,0,0.007021897143902556
INV011556,1,0,0.15524898891809186
INV011557,1,0,0.09965129651152124
INV011558,1,0,0.13603514219616278
INV011559,-1,1,0.48498297527812273
INV011560,1,0,0.03956530836184806
INV011561,1,0,0.06059515245107508
INV011562,1,0,0.12458472495833756
INV011563,-1,1,0.45946735612598494
INV011564,1,0,0.09727270016205478
INV011565,-1,1,0.5026071017499157
INV011566,1,0,0.022862930259575715
INV011567,1,0,0.05455284922391347
INV011568,1,0,0.11011071827093012
INV011569,1,0,0.06103231247424516
INV011570,1,0,0.09636851178809158
INV011571,1,0,0.04622806889616465
INV011572,-1,1,0.5367590876161106
INV011573,1,0,0.08009421803877916
INV011574,1,0,0.06478781571278708
INV011575,1,0,0.25242270376863485
INV011576,1,0,0.28613246952923016
INV011577,1,0,0.1949097675573207
INV011578,1,0,0.15646443686861422
INV011579,1,0,0.04057292015471464
INV011580,1,0,0.04260346172091268
INV011581,1,0,0.06878243938546678
INV011582,1,0,0.24556692452789255
INV011583,1,0,0.17860271101811243
INV011584,1,0,0.07067815352951827
INV011585,1,0,0.07967551610165693
INV011586,1,0,0.2701643949474087
INV011587,1,0,0.06519341953815265
INV011588,1,0,0.04684423373065618
INV011589,1,0,0.25547412963249316
INV011590,1,0,0.08235314189570671
INV011591,1,0,0.12492447539865739
INV011592,1,0,0.3585551519611133
INV011593,1,0,0.10264113452855635
INV011594,1,0,0.1154284808556552
INV011595,1,0,0.12609337170448717
INV011596,1,0,0.0756101279601165
INV011597,1,0,0.012930006654183606
INV011598,1,0,0.027835419263363522
INV011599,1,0,0.08234012762112135
INV011600,1,0,0.06447787924369482
INV011601,1,0,0.21892610495086248
INV011602,1,0,0.037443643032587494
INV011603,-1,1,0.5130874429356856
INV011604,1,0,0.06203567181664721
INV011605,1,0,0.04935645060744058
INV011606,1,0,0.037886889558182694
INV011607,1,0,0.03805546762808088
INV011608,1,0,0.31508864822622557
INV011609,1,0,0.011302257266691224
INV011610,1,0,0.1435244488046803
INV011611,1,0,0.050984616705390215
INV011612,1,0,0.07570489775855699
INV011613,1,0,0.17924229864031463
INV011614,1,0,0.02660037428754466
INV011615,1,0,0.08502509389543854
INV011616,1,0,0.27718884072362704
INV011617,1,0,0.16436249635827707
INV011618,1,0,0.015988683641910223
INV011619,1,0,0.02705394041540822
INV011620,1,0,0.16739815004372485
INV011621,1,0,0.06746036284758856
INV011622,1,0,0.06565394892052166
INV011623,-1,1,0.7557136543288344
INV011624,1,0,0.148628851078098
INV011625,1,0,0.30886869637739633
INV011626,1,0,0.049801462393439196
INV011627,1,0,0.07465982250857003
INV011628,1,0,0.06746062410074846
INV011629,1,0,0.2286926320822941
INV011630,1,0,0.10361314895719428
INV011631,1,0,0.19181441383098194
INV011632,1,0,0.27506251886481686
INV011633,1,0,0.17973922833508146
INV011634,1,0,0.21042167275725188
INV011635,1,0,0.04482649735546049
INV011636,1,0,0.19177165142445848
INV011637,1,0,0.1716301667408977
INV011638,1,0,0.00782287277140658
INV011639,1,0,0.06203215253897189
INV011640,1,0,0.015645704748616367
INV011641,1,0,0.29095587625862035
INV011642,-1,1,0.5969525369651565
INV011643,1,0,0.03637075097138081
INV011644,1,0,0.06587593132387674
INV011645,1,0,0.07530366397740042
INV011646,1,0,0.06274140430917949
INV011647,1,0,0.30013881056054714
INV011648,1,0,0.09223008648468056
INV011649,1,0,0.05165538901362081
INV011650,1,0,0.051664947790253345
INV011651,1,0,0.04479536246970339
INV011652,1,0,0.3402406260550508
INV011653,1,0,0.3061257430543076
INV011654,1,0,0.03767976388337494
INV011655,1,0,0.06857171535353372
INV011656,1,0,0.062100426374644
INV011657,1,0,0.38095894013048304
INV011658,1,0,0.14627021455498967
INV011659,1,0,0.07160367764967412
INV011660,1,0,0.10051171766468713
INV011661,1,0,0.24292768991827293
INV011662,1,0,0.026736148858300997
INV011663,1,0,0.0403948969647961
INV011664,1,0,0.04777566606396761
INV011665,1,0,0.06283567538893646
INV011666,1,0,0.1599331799607839
INV011667,1,0,0.04706526687255087
INV011668,1,0,0.09188669575142212
INV011669,1,0,0.14602219636353087
INV011670,1,0,0.06723226008335705
INV011671,1,0,0.036259893309321646
INV011672,1,0,0.0923795641611535
INV011673,1,0,0.03389462221725106
INV011674,1,0,0.04982273573421926
INV011675,1,0,0.1708422070323052
INV011676,1,0,0.07172833823141354
INV011677,1,0,0.06702790794506955
INV011678,1,0,0.14783481468757168
INV011679,1,0,0.04995082534488956
INV011680,1,0,0.09404027027171384
INV011681,1,0,0.049722665553940844
INV011682,1,0,0.21341779779491787
INV011683,1,0,0.107478357056025
INV011684,1,0,0.06833014762321582
INV011685,1,0,0.13823914889648506
INV011686,1,0,0.07544573036948203
INV011687,-1,1,0.5541959506750055
INV011688,1,0,0.015185222557696427
INV011689,1,0,0.03920674775788234
INV011690,1,0,0.052922946935701216
INV011691,1,0,0.05709344933789897
INV011692,-1,1,0.4966604332762905
INV011693,1,0,0.03901374058059732
INV011694,1,0,0.09249715446653811
INV011695,-1,1,0.47347008492872944
INV011696,1,0,0.12764210580111887
INV011697,-1,1,0.48284334932967976
INV011698,1,0,0.25799372739716103
INV011699,1,0,0.041395811812844366
INV011700,1,0,0.04861080332444914
INV011701,1,0,0.19936981866004455
INV011702,1,0,0.12188650034850639
INV011703,1,0,0.05168972319119427
INV011704,1,0,0.06270505839429316
INV011705,1,0,0.03816580206847239
INV011706,1,0,0.11396740764679567
INV011707,1,0,0.028135470282552002
INV011708,1,0,0.027593746030204494
INV011709,1,0,0.06934012378759513
INV011710,1,0,0.2491535241008115
INV011711,1,0,0.03400912364621114
INV011712,1,0,0.12232038456682015
INV011713,1,0,0.08197434624827808
INV011714,1,0,0.0456014169244091
INV011715,1,0,0.06982463872439297
INV011716,1,0,0.28319114736728923
INV011717,1,0,0.1347645103926442
INV011718,1,0,0.08006844059477346
INV011719,1,0,0.1982508895295579
INV011720,1,0,0.11761394607940277
INV011721,1,0,0.05662204913004325
INV011722,1,0,0.1855311805853027
INV011723,1,0,0.0819208227666726
INV011724,1,0,0.05588119982833078
INV011725,1,0,0.12676662840189762
INV011726,1,0,0.06538042829549885
INV011727,1,0,0.12936199630632386
INV011728,1,0,0.022187604891367868
INV011729,1,0,0.1400351393177243
INV011730,1,0,0.045225503451914985
INV011731,1,0,0.1885198035130802
INV011732,1,0,0.11880938906481102
INV011733,1,0,0.0319314568582952
INV011734,-1,1,0.47399206767051055
INV011735,1,0,0.03466878912201914
INV011736,1,0,0.06811545800013089
INV011737,1,0,0.2954986162486806
INV011738,1,0,0.09971022588128309
INV011739,1,0,0.09027164576329724
INV011740,1,0,0.08081999213532554
INV011741,1,0,0.019545522968534804
INV011742,1,0,0.16814754336514323
INV011743,1,0,0.15087879759027437
INV011744,1,0,0.41143252308336087
INV011745,1,0,0.14119472916015224
INV011746,1,0,0.0859348961066926
INV011747,1,0,0.1237190339952755
INV011748,1,0,0.40152302156387515
INV011749,1,0,0.3070477364528544
INV011750,1,0,0.06190552704890268
INV011751,1,0,0.0665784678417693
INV011752,1,0,0.04447046543236256
INV011753,1,0,0.04799804386948284
INV011754,1,0,0.1652387915637414
INV011755,1,0,0.09956284016093966
INV011756,1,0,0.049987663958938215
INV011757,1,0,0.1064628629329545
INV011758,1,0,0.08537242945458828
INV011759,1,0,0.07843173264516001
INV011760,1,0,0.07385161844769797
INV011761,1,0,0.30379081979252254
INV011762,1,0,0.09471242498906038
INV011763,1,0,0.37365033234350836
INV011764,1,0,0.11594878063423829
INV011765,1,0,0.0805368409166144
INV011766,1,0,0.040352577787663914
INV011767,1,0,0.0516122241078677
INV011768,1,0,0.16918018284313124
INV011769,1,0,0.10070903970588568
INV011770,1,0,0.018278131045125007
INV011771,1,0,0.07412170349304424
INV011772,1,0,0.07800043530437498
INV011773,1,0,0.04022959123116449
INV011774,1,0,0.09556914224288304
INV011775,1,0,0.01517730513234211
INV011776,1,0,0.15812762785368853
INV011777,1,0,0.09399423064444341
INV011778,1,0,0.3737655766800011
INV011779,1,0,0.04371375901768701
INV011780,1,0,0.01623987586188403
INV011781,1,0,0.16023453232444623
INV011782,1,0,0.07916294283897633
INV011783,1,0,0.05109916608312042
INV011784,1,0,0.09440521659927639
INV011785,1,0,0.04499860444153454
INV011786,1,0,0.03961312258233372
INV011787,1,0,0.08792970773559784
INV011788,1,0,0.355501074456857
INV011789,1,0,0.2096826233384269
INV011790,1,0,0.07958583175188146
INV011791,-1,1,0.5258775196785538
INV011792,1,0,0.10079709674858928
INV011793,1,0,0.20473404550465465
INV011794,-1,1,0.4437025456772885
INV011795,1,0,0.17898644975472042
INV011796,1,0,0.253212323335064
INV011797,1,0,0.2849030858685863
INV011798,-1,1,0.5253568733646822
INV011799,1,0,0.03442898127727953
INV011800,1,0,0.07218926370732706
INV011801,1,0,0.12458123639653097
INV011802,1,0,0.08833914366867651
INV011803,1,0,0.07134913796711911
INV011804,1,0,0.1503684253869453
INV011805,1,0,0.03352870173198013
INV011806,1,0,0.14211414451213444
INV011807,1,0,0.15250823801107072
INV011808,-1,1,0.43050938353301305
INV011809,1,0,0.1659760670697323
INV011810,1,0,0.150873148090728
INV011811,1,0,0.14558262710916128
INV011812,1,0,0.07613918596884157
INV011813,1,0,0.21246689571443533
INV011814,1,0,0.03139491455067985
INV011815,1,0,0.07523056767576013
INV011816,1,0,0.07314841761012814
INV011817,1,0,0.06508282956046267
INV011818,1,0,0.05061502344233395
INV011819,1,0,0.09602220291123348
INV011820,1,0,0.06048933617894174
INV011821,1,0,0.1788950691500053
INV011822,1,0,0.04778689955198112
INV011823,1,0,0.06973904834128028
INV011824,1,0,0.14713387814479736
INV011825,1,0,0.05181703561824235
INV011826,1,0,0.1755311023464445
INV011827,1,0,0.11125485087776757
INV011828,1,0,0.024642998118966638
INV011829,1,0,0.017235517403824775
INV011830,1,0,0.32350635832317265
INV011831,1,0,0.07110832429534512
INV011832,1,0,0.16800498144070275
INV011833,1,0,0.06596203009534428
INV011834,1,0,0.08941677811802927
INV011835,1,0,0.03957357190333337
INV011836,1,0,0.10265472913429838
INV011837,-1,1,0.6575533615334416
INV011838,-1,1,0.4731640294982281
INV011839,1,0,0.11383226280058235
INV011840,1,0,0.03861052909142373
INV011841,1,0,0.3798167727993489
INV011842,1,0,0.26517256400921435
INV011843,1,0,0.06296578673648424
INV011844,1,0,0.03131472679246193
INV011845,-1,1,0.4434940848174947
INV011846,1,0,0.15988820189785596
INV011847,1,0,0.0589337292298775
INV011848,1,0,0.19273861347525795
INV011849,1,0,0.09697298085305836
INV011850,1,0,0.1862781537218746
INV011851,1,0,0.19698219280296198
INV011852,1,0,0.15931132511507382
INV011853,1,0,0.10910065800052277
INV011854,1,0,0.1232541063383172
INV011855,1,0,0.04842230960291291
INV011856,1,0,0.07424542062596207
INV011857,1,0,0.08141575719740518
INV011858,1,0,0.07894186492521027
INV011859,1,0,0.024086027487048554
INV011860,1,0,0.24022643604511423
INV011861,1,0,0.027672872459528614
INV011862,1,0,0.0507120293374399
INV011863,1,0,0.04228902289300638
INV011864,1,0,0.08297168131944442
INV011865,1,0,0.04697810168450728
INV011866,1,0,0.10677411535642721
INV011867,1,0,0.0678388130378893
INV011868,1,0,0.025182485530865314
INV011869,1,0,0.25888186996845286
INV011870,1,0,0.08243573808509733
INV011871,-1,1,0.4777058853967986
INV011872,1,0,0.034181147067768036
INV011873,1,0,0.030650227173878018
INV011874,1,0,0.16184047686807726
INV011875,1,0,0.07380387956674428
INV011876,1,0,0.07146716684915438
INV011877,1,0,0.05011233209211014
INV011878,1,0,0.02409573551096419
INV011879,1,0,0.1326144817658108
INV011880,1,0,0.14020451504467854
INV011881,1,0,0.06808729032832808
INV011882,1,0,0.09331251919131789
INV011883,1,0,0.03972267917827955
INV011884,-1,1,0.6165421488657932
INV011885,1,0,0.053059263488259206
INV011886,1,0,0.19641215215300092
INV011887,1,0,0.03643521793716979
INV011888,-1,1,0.5685675931344415
INV011889,1,0,0.335874999059408
INV011890,1,0,0.09842714292942391
INV011891,1,0,0.08354911937117947
INV011892,-1,1,0.45757495989596264
INV011893,-1,1,0.6992875144889964
INV011894,1,0,0.23360457665945336
INV011895,1,0,0.08029889631225715
INV011896,1,0,0.048350293978634
INV011897,1,0,0.2978704658700062
INV011898,1,0,0.00950407756530423
INV011899,1,0,0.12043709960516855
INV011900,1,0,0.11904187095841892
INV011901,1,0,0.08982860168721028
INV011902,1,0,0.023171981563509234
INV011903,1,0,0.05928247772667457
INV011904,1,0,0.10507589716360875
INV011905,1,0,0.10461383705104414
INV011906,1,0,0.11647459178115867
INV011907,1,0,0.043469863285437095
INV011908,1,0,0.2753050984630481
INV011909,1,0,0.058307662133672764
INV011910,1,0,0.16590750658778544
INV011911,1,0,0.08941556049322823
INV011912,1,0,0.1180660236811515
INV011913,1,0,0.23201667729941913
INV011914,1,0,0.04407661981162455
INV011915,1,0,0.19764272043532027
INV011916,1,0,0.36678135850492155
INV011917,1,0,0.042576460150113966
INV011918,1,0,0.10920111001988725
INV011919,1,0,0.17536523545313631
INV011920,1,0,0.08960229097053181
INV011921,1,0,0.12501301822313082
INV011922,1,0,0.06763592574782369
INV011923,1,0,0.06349907254546806
INV011924,1,0,0.31170119801310325
INV011925,-1,1,0.5961898571710904
INV011926,1,0,0.14707511952761007
INV011927,1,0,0.07638097903470785
INV011928,1,0,0.09509744934885364
INV011929,-1,1,0.4449036587272685
INV011930,1,0,0.04973900841405105
INV011931,1,0,0.08777896318833969
INV011932,1,0,0.14398395634547723
INV011933,1,0,0.051112908333310336
INV011934,1,0,0.17912224225800502
INV011935,-1,1,0.586491591553526
INV011936,1,0,0.30892279424877717
INV011937,1,0,0.2689741276123607
INV011938,1,0,0.04007233238681676
INV011939,1,0,0.10367102193324093
INV011940,1,0,0.03831738315815641
INV011941,1,0,0.17778825909320953
INV011942,1,0,0.0807679495490568
INV011943,1,0,0.03887497292753113
INV011944,1,0,0.13273926854504015
INV011945,1,0,0.03594281314063573
INV011946,1,0,0.09907745169527321
INV011947,1,0,0.06473144317162415
INV011948,1,0,0.07160316778284566
INV011949,1,0,0.09444645618519007
INV011950,1,0,0.11514463323904223
INV011951,1,0,0.13055738537426156
INV011952,1,0,0.17260596613265514
INV011953,1,0,0.10888953862000875
INV011954,1,0,0.05410339404109468
INV011955,1,0,0.26272748377618627
INV011956,1,0,0.3213479708849854
INV011957,1,0,0.1941413643904762
INV011958,-1,1,0.4972705915307897
INV011959,1,0,0.08265594285408705
INV011960,1,0,0.11169792374089613
INV011961,1,0,0.09714057105520377
INV011962,1,0,0.311969515757997
INV011963,1,0,0.20910099443516372
INV011964,1,0,0.19181022177112902
INV011965,1,0,0.1091342712110326
INV011966,1,0,0.052077579150736075
INV011967,1,0,0.15383801484005424
INV011968,1,0,0.22437850509417573
INV011969,1,0,0.06225737144223419
INV011970,1,0,0.13938520352254818
INV011971,1,0,0.13354391351657183
INV011972,1,0,0.31674123092727163
INV011973,1,0,0.08410818206185101
INV011974,1,0,0.03971520669915575
INV011975,1,0,0.09802545182662681
INV011976,1,0,0.10022749404456954
INV011977,1,0,0.1471922238461374
INV011978,1,0,0.28244487268036234
INV011979,1,0,0.13983520808041774
INV011980,1,0,0.28172628279422324
INV011981,1,0,0.27409331233457407
INV011982,1,0,0.09827992373231353
INV011983,1,0,0.015059642558789959
INV011984,1,0,0.14437589971713694
INV011985,1,0,0.08864582427622635
INV011986,1,0,0.16526346613717452
INV011987,1,0,0.16613304484371463
INV011988,1,0,0.030695709795208106
INV011989,1,0,0.1361924208445327
INV011990,1,0,0.0424208693747526
INV011991,-1,1,0.5530433771406822
INV011992,1,0,0.04783837778142961
INV011993,1,0,0.09042416250915827
INV011994,1,0,0.06558350243452413
INV011995,1,0,0.04097027931526043
INV011996,1,0,0.14727986109379781
INV011997,1,0,0.2638696626520374
INV011998,1,0,0.17711554477725408
INV011999,1,0,0.18568736944827005
INV012000,1,0,0.10537840895420533
INV012001,1,0,0.01175300641866773
INV012002,1,0,0.07665547277045665
INV012003,1,0,0.03923163704104868
INV012004,1,0,0.02092978870535091
INV012005,1,0,0.15962003050860368
INV012006,1,0,0.05394582442774638
INV012007,1,0,0.07452944546713489
INV012008,1,0,0.22652765889303328
INV012009,1,0,0.11663410398017308
INV012010,1,0,0.015757985381114007
INV012011,1,0,0.049330728811894334
INV012012,1,0,0.03453899668483065
INV012013,1,0,0.13447284307962773
INV012014,1,0,0.14775254948872066
INV012015,-1,1,0.7331949715608616
INV012016,1,0,0.048088773438076535
INV012017,1,0,0.14500517070937702
INV012018,1,0,0.12848147311168057
INV012019,1,0,0.05051300774787534
INV012020,1,0,0.048356647430857776
INV012021,1,0,0.10823857140894992
INV012022,1,0,0.03732146358349406
INV012023,1,0,0.06987764902636787
INV012024,1,0,0.050280545966934084
INV012025,1,0,0.06941157885504463
INV012026,1,0,0.11453354325964825
INV012027,1,0,0.12575755855652104
INV012028,1,0,0.14759666732833981
INV012029,1,0,0.0495374464455868
INV012030,-1,1,0.6992875144889964
INV012031,1,0,0.03027082548876726
INV012032,1,0,0.07799615852122063
INV012033,1,0,0.026766859544021582
INV012034,1,0,0.38637846470752435
INV012035,1,0,0.2342638357825071
INV012036,1,0,0.05211457410089548
INV012037,-1,1,0.4338266941638128
INV012038,1,0,0.11454190178646752
INV012039,1,0,0.13396697360134766
INV012040,1,0,0.07086675894971306
INV012041,1,0,0.04219024948276318
INV012042,1,0,0.07855926480504008
INV012043,1,0,0.09596508143727962
INV012044,1,0,0.09333387853510629
INV012045,1,0,0.04688538840995506
INV012046,1,0,0.046823277350391865
INV012047,1,0,0.06575849867802327
INV012048,1,0,0.054582485464471496
INV012049,1,0,0.13256307420843733
INV012050,1,0,0.053405707996515686
INV012051,-1,1,0.42517811034462083
INV012052,1,0,0.08258742316083226
INV012053,1,0,0.0870896001582998
INV012054,1,0,0.1470475326691177
INV012055,1,0,0.049020361170200824
INV012056,1,0,0.07672128870801394
INV012057,1,0,0.17915928769115796
INV012058,1,0,0.08129623566344409
INV012059,1,0,0.0613970457443509
INV012060,-1,1,0.4454474065354083
INV012061,-1,1,0.44196959468696173
INV012062,1,0,0.031073408228120013
INV012063,1,0,0.03634680951082653
INV012064,1,0,0.013283189011990134
INV012065,1,0,0.08971317655011042
INV012066,1,0,0.11690056739207651
INV012067,1,0,0.044401289052067014
INV012068,1,0,0.38890371444218935
INV012069,1,0,0.24640423353724625
INV012070,1,0,0.24480612173715519
INV012071,1,0,0.20377132414794888
INV012072,1,0,0.11599065357842915
INV012073,1,0,0.08612193945097281
INV012074,1,0,0.038168974503966106
INV012075,1,0,0.24906999796718765
INV012076,1,0,0.08939675146635898
INV012077,1,0,0.11642026171695483
INV012078,1,0,0.04320120712057852
INV012079,1,0,0.07444414477597588
INV012080,1,0,0.0734801185770626
INV012081,1,0,0.1403706943863541
INV012082,1,0,0.12362659065155757
INV012083,1,0,0.020381116142389667
INV012084,1,0,0.021193576301010097
INV012085,1,0,0.06980019277501577
INV012086,1,0,0.21273344256931875
INV012087,1,0,0.07721721418603718
INV012088,1,0,0.05653910672811531
INV012089,1,0,0.042067338129252445
INV012090,1,0,0.22284185514515892
INV012091,1,0,0.1117222905757428
INV012092,1,0,0.0840287445461069
INV012093,1,0,0.11489525326657078
INV012094,1,0,0.07793064981407177
INV012095,1,0,0.1356783560283958
INV012096,1,0,0.2279028929401142
INV012097,1,0,0.0245557234736299
INV012098,1,0,0.17124555528872884
INV012099,1,0,0.061498141556710205
INV012100,1,0,0.20661710732411973
INV012101,1,0,0.11145455988059319
INV012102,1,0,0.16128346778782915
INV012103,1,0,0.06381648504888313
INV012104,1,0,0.27673366705368135
INV012105,1,0,0.07063740393009413
INV012106,1,0,0.08566946782381178
INV012107,1,0,0.02606934919413877
INV012108,1,0,0.07679600378162345
INV012109,-1,1,0.504963737926524
INV012110,1,0,0.08697522260088268
INV012111,-1,1,0.7903783605186405
INV012112,1,0,0.11095464554108053
INV012113,1,0,0.06997831101123937
INV012114,1,0,0.07254168020390153
INV012115,1,0,0.03879494183551986
INV012116,1,0,0.025192609671534538
INV012117,1,0,0.09276687636477314
INV012118,1,0,0.1049223534246246
INV012119,1,0,0.02544814376619862
INV012120,-1,1,0.5510128053984675
INV012121,1,0,0.04386008597065632
INV012122,1,0,0.40210672365975403
INV012123,1,0,0.1321950530294555
INV012124,1,0,0.026447999959981955
INV012125,1,0,0.11246616196550144
INV012126,1,0,0.06364137697622674
INV012127,1,0,0.11605512616801456
INV012128,1,0,0.16731679150444115
INV012129,1,0,0.0963517905217776
INV012130,1,0,0.037744363300626596
INV012131,1,0,0.21002290967918263
INV012132,1,0,0.09601912789557089
INV012133,1,0,0.11556745962209308
INV012134,1,0,0.17404477689642076
INV012135,1,0,0.07156403631430765
INV012136,1,0,0.04890583257163318
INV012137,1,0,0.06864045084333588
INV012138,-1,1,0.46218262475547256
INV012139,1,0,0.25738084386341925
INV012140,1,0,0.15229780785189165
INV012141,1,0,0.04328965134241905
INV012142,1,0,0.06670144241687181
INV012143,1,0,0.04016024754085136
INV012144,1,0,0.07290350915879218
INV012145,1,0,0.17216579303369764
INV012146,1,0,0.07260646610607559
INV012147,1,0,0.031687737164674344
INV012148,1,0,0.07209611150201471
INV012149,-1,1,0.5328366625236285
INV012150,1,0,0.20061902402324003
INV012151,1,0,0.09533410679686546
INV012152,1,0,0.07613965381781412
INV012153,1,0,0.07050400688738138
INV012154,1,0,0.06112310603669
INV012155,1,0,0.14084625749021432
INV012156,1,0,0.10573751805504986
INV012157,1,0,0.24992953507254753
INV012158,1,0,0.030580296623520468
INV012159,1,0,0.013353868437376484
INV012160,1,0,0.15973036061011125
INV012161,1,0,0.04310025297631897
INV012162,1,0,0.035953822922844964
INV012163,-1,1,0.4680773426336525
INV012164,1,0,0.29812310838610345
INV012165,-1,1,0.5379981482812035
INV012166,1,0,0.034194867232785156
INV012167,1,0,0.19170665202801454
INV012168,1,0,0.05139758641459313
INV012169,1,0,0.15689323835535243
INV012170,1,0,0.04943531799113709
INV012171,1,0,0.03207133970893047
INV012172,1,0,0.0610997142953761
INV012173,1,0,0.0519625859089062
INV012174,1,0,0.15627184480301626
INV012175,1,0,0.05409193793176461
INV012176,1,0,0.0892509330654502
INV012177,1,0,0.06782049952042328
INV012178,1,0,0.1634715732747225
INV012179,1,0,0.022522315712831212
INV012180,1,0,0.10178140825640622
INV012181,1,0,0.05372935997126373
INV012182,1,0,0.048707660828540285
INV012183,1,0,0.05501607150305307
INV012184,1,0,0.036197972945414415
INV012185,-1,1,0.49217757938143447
INV012186,1,0,0.15735616899736066
INV012187,1,0,0.06761761733997543
INV012188,-1,1,0.4321767025813558
INV012189,1,0,0.16088276437563967
INV012190,1,0,0.05030386436749898
INV012191,1,0,0.04675416531176215
INV012192,1,0,0.09233790133745831
INV012193,1,0,0.08156255552384825
INV012194,1,0,0.05669271963252403
INV012195,1,0,0.053118462862354866
INV012196,1,0,0.08109632154757358
INV012197,1,0,0.08510615693356464
INV012198,1,0,0.14606410473238504
INV012199,1,0,0.04468182458305896
INV012200,1,0,0.06856740214416635
INV012201,1,0,0.03420778592046279
INV012202,1,0,0.04756115936320841
INV012203,1,0,0.2879760405040021
INV012204,1,0,0.22087977775662293
INV012205,1,0,0.13092050238886352
INV012206,1,0,0.33046096926304613
INV012207,1,0,0.12374085403924345
INV012208,1,0,0.19039945684063406
INV012209,1,0,0.14064927479609257
INV012210,-1,1,0.4505889483586518
INV012211,1,0,0.0615891755084098
INV012212,1,0,0.14524026418427127
INV012213,1,0,0.3618415222921507
INV012214,1,0,0.16945883610397539
INV012215,1,0,0.05491070192840514
INV012216,1,0,0.1481768244664213
INV012217,1,0,0.03800457301606267
INV012218,1,0,0.17541025573330613
INV012219,1,0,0.10637032773291331
INV012220,1,0,0.3129534192563729
INV012221,1,0,0.21103868766651251
INV012222,1,0,0.0645927693791693
INV012223,1,0,0.17130980228149473
INV012224,1,0,0.07467889952249845
INV012225,1,0,0.2863045433013289
INV012226,-1,1,0.4685199654576123
INV012227,1,0,0.03626543153056622
INV012228,1,0,0.034979651113117946
INV012229,1,0,0.07386500869328863
INV012230,1,0,0.09804535368509865
INV012231,1,0,0.15861780957111796
INV012232,1,0,0.08180619499580626
INV012233,1,0,0.1407464407922285
INV012234,1,0,0.04865328393215874
INV012235,1,0,0.08040873673241317
INV012236,1,0,0.051912459698868346
INV012237,1,0,0.1789514052339669
INV012238,1,0,0.06926835342923718
INV012239,1,0,0.09520510673705686
INV012240,1,0,0.25169244937565666
INV012241,1,0,0.07241876402075352
INV012242,1,0,0.023354627921074508
INV012243,1,0,0.05796629121228412
INV012244,1,0,0.06994318062825804
INV012245,1,0,0.12215498744785096
INV012246,1,0,0.2805819292009508
INV012247,1,0,0.05569893592865911
INV012248,1,0,0.17193803725330478
INV012249,1,0,0.27981761364320823
INV012250,1,0,0.09360593558881063
INV012251,1,0,0.015603438934428029
INV012252,1,0,0.05930338318950546
INV012253,1,0,0.2070565941873307
INV012254,1,0,0.07998287810056565
INV012255,1,0,0.04295894414149893
INV012256,1,0,0.11567383679701335
INV012257,1,0,0.10013650496185521
INV012258,-1,1,0.4908742988196045
INV012259,1,0,0.043876695578412
INV012260,1,0,0.07417121091071925
INV012261,1,0,0.105049313508813
INV012262,1,0,0.3171464709356918
INV012263,1,0,0.055172408911186216
INV012264,1,0,0.05008229373134734
INV012265,1,0,0.11788678151775973
INV012266,1,0,0.1529505724924411
INV012267,1,0,0.2523968720984517
INV012268,1,0,0.05032406892756081
INV012269,1,0,0.05305069163728789
INV012270,1,0,0.08767492937648692
INV012271,1,0,0.04004678696158182
INV012272,1,0,0.23597823568197726
INV012273,1,0,0.1476487326467402
INV012274,1,0,0.09201021627622682
INV012275,1,0,0.21535488529202074
INV012276,-1,1,0.5950505605622823
INV012277,1,0,0.22747006872085504
INV012278,1,0,0.17669894232009792
INV012279,1,0,0.11212711963483635
INV012280,1,0,0.10849577933277346
INV012281,1,0,0.035814852817665874
INV012282,1,0,0.04122005375960025
INV012283,1,0,0.08113350481073558
INV012284,1,0,0.07430224374554208
INV012285,1,0,0.08583841343182898
INV012286,1,0,0.10915634286307828
INV012287,-1,1,0.6981218886188775
INV012288,1,0,0.13298219850075746
INV012289,1,0,0.18962226925950806
INV012290,1,0,0.17509824813871175
INV012291,1,0,0.029056388215401727
INV012292,1,0,0.2816277810556868
INV012293,1,0,0.07610014104454385
INV012294,1,0,0.12822454893504487
INV012295,1,0,0.040430990916095845
INV012296,1,0,0.06817970039664109
INV012297,-1,1,0.42167159390965525
INV012298,1,0,0.2019813833279175
INV012299,1,0,0.02346677129205419
INV012300,1,0,0.02723785633443392
INV012301,1,0,0.041282760107380724
INV012302,1,0,0.11964009445141904
INV012303,1,0,0.22553393730090443
INV012304,1,0,0.04249677827352754
INV012305,1,0,0.09432324682283393
INV012306,1,0,0.05299252505817952
INV012307,1,0,0.09658027883968201
INV012308,1,0,0.004400590664455659
INV012309,1,0,0.043933716494546964
INV012310,1,0,0.09247602572743165
INV012311,1,0,0.13779116246281273
INV012312,1,0,0.09583713155676092
INV012313,1,0,0.04352146419307542
INV012314,1,0,0.1613851319953898
INV012315,1,0,0.21659905113243338
INV012316,1,0,0.11888577511433333
INV012317,1,0,0.04982566232190391
INV012318,1,0,0.1158850823737269
INV012319,1,0,0.08347494668420931
INV012320,1,0,0.04221983067480507
INV012321,1,0,0.01957363018527674
INV012322,1,0,0.03795239450279752
INV012323,1,0,0.06728916609168321
INV012324,1,0,0.03165303148800751
INV012325,1,0,0.08882285584719098
INV012326,1,0,0.04234197194017225
INV012327,1,0,0.13582601894557006
INV012328,1,0,0.09651162239117636
INV012329,1,0,0.15890172117386392
INV012330,1,0,0.03861229166279745
INV012331,1,0,0.3620516568962901
INV012332,1,0,0.31240566788720675
INV012333,1,0,0.042886545725643946
INV012334,1,0,0.10466165212796232
INV012335,1,0,0.0696004088921676
INV012336,1,0,0.2727922303968822
INV012337,1,0,0.06592106217928839
INV012338,1,0,0.05718215925266771
INV012339,1,0,0.18317610214193414
INV012340,1,0,0.25557176757792904
INV012341,1,0,0.059070347813130225
INV012342,1,0,0.08169229206285059
INV012343,1,0,0.10496231728162214
INV012344,1,0,0.11765074583814157
INV012345,1,0,0.03777193596249449
INV012346,1,0,0.09306689271412281
INV012347,1,0,0.04663201878070525
INV012348,1,0,0.18723355573102882
INV012349,1,0,0.2518970723689454
INV012350,1,0,0.14976848313629096
INV012351,1,0,0.03799960355439553
INV012352,1,0,0.11980013592393086
INV012353,1,0,0.07166628365673892
INV012354,1,0,0.12805752183351038
INV012355,1,0,0.043229581503623174
INV012356,1,0,0.08497112491904674
INV012357,1,0,0.09030233340430732
INV012358,1,0,0.057590909218070474
INV012359,1,0,0.14167960640479993
INV012360,1,0,0.0996023119336773
INV012361,1,0,0.3087777050239169
INV012362,1,0,0.12093688074333336
INV012363,1,0,0.339585529391288
INV012364,1,0,0.19336247381645733
INV012365,1,0,0.04202488400033702
INV012366,1,0,0.0554855441235018
INV012367,1,0,0.14765291049841736
INV012368,1,0,0.13312951367576847
INV012369,1,0,0.07322790918039007
INV012370,1,0,0.0756662937445191
INV012371,1,0,0.07537991135286938
INV012372,1,0,0.024538341734298662
INV012373,1,0,0.1697242795919811
INV012374,1,0,0.012455547069861012
INV012375,1,0,0.12424171445645077
INV012376,1,0,0.12009201005937938
INV012377,1,0,0.051718687653877105
INV012378,1,0,0.4140755026872597
INV012379,1,0,0.11934587853285726
INV012380,1,0,0.18240891615752408
INV012381,1,0,0.07689740760787224
INV012382,1,0,0.09434296922564978
INV012383,1,0,0.016975631493809994
INV012384,1,0,0.05829571689217873
INV012385,1,0,0.03403584201551276
INV012386,1,0,0.08392430174902657
INV012387,1,0,0.12451018052436266
INV012388,-1,1,0.499528898107478
INV012389,1,0,0.19666373873301274
INV012390,1,0,0.16050870427305872
INV012391,1,0,0.033088967609703236
INV012392,1,0,0.1145546520736939
INV012393,1,0,0.1202889886375585
INV012394,1,0,0.15648800048060274
INV012395,1,0,0.14321239204762803
INV012396,1,0,0.034305182398649554
INV012397,1,0,0.046217130829869814
INV012398,1,0,0.12948757078066594
INV012399,1,0,0.07672112682174556
INV012400,1,0,0.3292233456283602
INV012401,1,0,0.026551631408367124
INV012402,1,0,0.029812307191382455
INV012403,1,0,0.04961697975179789
INV012404,1,0,0.030520857197085926
INV012405,1,0,0.14071386126447882
INV012406,1,0,0.4136485644455712
INV012407,1,0,0.09169209568677127
INV012408,1,0,0.11652888896790065
INV012409,1,0,0.03749162051392075
INV012410,1,0,0.07522227349342779
INV012411,-1,1,0.5474705210386055
INV012412,1,0,0.013370324464693559
INV012413,1,0,0.21999578304220654
INV012414,1,0,0.024418774791991067
INV012415,1,0,0.04177952924588096
INV012416,1,0,0.05013525345804807
INV012417,1,0,0.035286811917062025
INV012418,-1,1,0.5224136951933182
INV012419,1,0,0.09407712972709029
INV012420,1,0,0.021085104286014775
INV012421,1,0,0.05426223362588836
INV012422,1,0,0.03674211069827827
INV012423,1,0,0.07688893271678673
INV012424,1,0,0.1255881514895715
INV012425,1,0,0.18806704023198992
INV012426,1,0,0.10097632677198565
INV012427,1,0,0.06689852440811697
INV012428,1,0,0.1716304588728381
INV012429,1,0,0.015977571902102163
INV012430,1,0,0.40052886655484427
INV012431,1,0,0.1687212258348227
INV012432,1,0,0.07924414413101923
INV012433,-1,1,0.4678916891319198
INV012434,1,0,0.034174452885229335
INV012435,1,0,0.05319507097989312
INV012436,1,0,0.11454475673066374
INV012437,1,0,0.12519454217944656
INV012438,1,0,0.22585046385302057
INV012439,1,0,0.11713280231336036
INV012440,1,0,0.06213305517944707
INV012441,1,0,0.1944528745966174
INV012442,1,0,0.09720484247066663
INV012443,1,0,0.2985695111214354
INV012444,1,0,0.04380146058801913
INV012445,1,0,0.059306048271844505
INV012446,1,0,0.14418402119461107
INV012447,1,0,0.012028945817890909
INV012448,1,0,0.3632315941828729
INV012449,1,0,0.0529926360499154
INV012450,1,0,0.18785721402612465
INV012451,1,0,0.05154344991608569
INV012452,1,0,0.08340940483076123
INV012453,1,0,0.07682354546912776
INV012454,-1,1,0.4422210884952472
INV012455,1,0,0.2393661343908657
INV012456,1,0,0.05795491946739166
INV012457,1,0,0.09414018492539951
INV012458,1,0,0.15729812222779488
INV012459,1,0,0.05379717663755911
INV012460,1,0,0.07498503270247694
INV012461,1,0,0.04217847233077812
INV012462,1,0,0.06414845671620609
INV012463,1,0,0.06141075661956349
INV012464,1,0,0.012616979149221533
INV012465,1,0,0.11592975800687022
INV012466,1,0,0.032779702517312465
INV012467,1,0,0.21403638267228264
INV012468,1,0,0.22595389556599776
INV012469,1,0,0.22551531735140218
INV012470,1,0,0.12568211613740654
INV012471,1,0,0.04439032337953645
INV012472,1,0,0.06693796605502497
INV012473,1,0,0.08494209980960496
INV012474,1,0,0.06286071657300381
INV012475,1,0,0.13820622547213962
INV012476,1,0,0.03233186943521259
INV012477,1,0,0.2257502429873554
INV012478,-1,1,0.6290062920147645
INV012479,1,0,0.08760032771832077
INV012480,1,0,0.09777150805705011
INV012481,1,0,0.18560321919912842
INV012482,1,0,0.3379304555595969
INV012483,1,0,0.29941208779308054
INV012484,1,0,0.05500961258186508
INV012485,1,0,0.03980312166006792
INV012486,1,0,0.13894599112374298
INV012487,1,0,0.14952996446909186
INV012488,1,0,0.16869264691831898
INV012489,1,0,0.06726840970329558
INV012490,1,0,0.12947742611743834
INV012491,-1,1,0.5843329170729931
INV012492,1,0,0.08087459535592205
INV012493,1,0,0.12167888173170074
INV012494,1,0,0.0440572621467995
INV012495,1,0,0.19553252677279376
INV012496,1,0,0.12134270090425467
INV012497,1,0,0.1297622301584855
INV012498,1,0,0.05954318928589417
INV012499,1,0,0.06467579402506853
INV012500,1,0,0.04730242975571592
INV012501,1,0,0.0869090554871893
INV012502,1,0,0.03525552535254652
INV012503,1,0,0.25220469203984086
INV012504,1,0,0.20153907424896966
INV012505,1,0,0.10665397558890599
INV012506,1,0,0.09465097709010177
INV012507,1,0,0.03966936065766262
INV012508,1,0,0.04341614348559903
INV012509,1,0,0.06691357659440646
INV012510,1,0,0.04251211852941785
INV012511,1,0,0.07176613083783798
INV012512,1,0,0.20037986492351162
INV012513,1,0,0.06817126139854782
INV012514,1,0,0.2679908365942958
INV012515,1,0,0.12468083474558711
INV012516,1,0,0.05457575227138804
INV012517,1,0,0.03834496975840411
INV012518,1,0,0.023834457562066622
INV012519,1,0,0.11034712033791469
INV012520,1,0,0.12086412070763647
INV012521,1,0,0.10614939652778789
INV012522,-1,1,0.46487520475672783
INV012523,1,0,0.139584320636595
INV012524,1,0,0.15684855718207769
INV012525,1,0,0.10418641882936559
INV012526,1,0,0.09207882792129668
INV012527,-1,1,0.4694641029043191
INV012528,1,0,0.08199307016341958
INV012529,1,0,0.13844183366962878
INV012530,1,0,0.14332550880760433
INV012531,1,0,0.040416291333950145
INV012532,1,0,0.06462459015679349
INV012533,1,0,0.18053422335465805
INV012534,1,0,0.15179568409511915
INV012535,1,0,0.08600713530084729
INV012536,1,0,0.04350003154846915
INV012537,-1,1,0.42521922423990394
INV012538,1,0,0.062485584344393004
INV012539,1,0,0.09631677201786853
INV012540,1,0,0.04576522934008167
INV012541,1,0,0.058148657940834604
INV012542,1,0,0.07459836328982718
INV012543,1,0,0.051647224709551125
INV012544,1,0,0.16894103585823017
INV012545,-1,1,0.8387733504916939
INV012546,1,0,0.04377238694566649
INV012547,1,0,0.05041758988404561
INV012548,1,0,0.15140949189998926
INV012549,1,0,0.19128758080232522
INV012550,-1,1,0.4699955111085549
INV012551,1,0,0.0977749902194256
INV012552,1,0,0.11389763688494853
INV012553,1,0,0.027527648206700384
INV012554,1,0,0.023120985194172838
INV012555,1,0,0.08899595639078117
INV012556,1,0,0.12605597811936284
INV012557,1,0,0.09640884044965777
INV012558,1,0,0.1795312257931751
INV012559,1,0,0.05739537521080754
INV012560,1,0,0.20907250152898965
INV012561,1,0,0.1555855295450679
INV012562,1,0,0.15268861609002166
INV012563,1,0,0.07413562291558266
INV012564,1,0,0.14863726191120208
INV012565,1,0,0.06674918786162133
INV012566,1,0,0.017303360919590467
INV012567,1,0,0.22510793624773237
INV012568,1,0,0.09084145515416964
INV012569,1,0,0.04930134390945178
INV012570,1,0,0.19127735681148647
INV012571,1,0,0.04585793455398176
INV012572,1,0,0.17586530846245527
INV012573,1,0,0.05458929634792917
INV012574,1,0,0.13305106963448796
INV012575,1,0,0.2320924497987917
INV012576,1,0,0.1844217318853682
INV012577,1,0,0.13596322668999772
INV012578,1,0,0.09458433654241132
INV012579,1,0,0.059097223120771196
INV012580,1,0,0.04935166942935665
INV012581,1,0,0.216685312823691
INV012582,1,0,0.09633869014148476
INV012583,1,0,0.24029081641073527
INV012584,1,0,0.07541218093746388
INV012585,1,0,0.30784410193134665
INV012586,1,0,0.04051138192629273
INV012587,1,0,0.05110422463054554
INV012588,1,0,0.25780445384785217
INV012589,1,0,0.015062449203265915
INV012590,1,0,0.06687447659084515
INV012591,1,0,0.07301976234717471
INV012592,1,0,0.3680976541298668
INV012593,1,0,0.18950089055167815
INV012594,1,0,0.11578146888637193
INV012595,1,0,0.10829091131183285
INV012596,1,0,0.09464136904920059
INV012597,1,0,0.07037305928648709
INV012598,1,0,0.0943598487299135
INV012599,1,0,0.07485089544362074
INV012600,1,0,0.12247731061573225
INV012601,1,0,0.22754224513024734
INV012602,1,0,0.03715758815198926
INV012603,1,0,0.1909330344440611
INV012604,1,0,0.3684246784127007
INV012605,1,0,0.10661666598145575
INV012606,1,0,0.06653387900392552
INV012607,1,0,0.060342006834387896
INV012608,1,0,0.19201238641813323
INV012609,1,0,0.10171284652914216
INV012610,1,0,0.09330350295601236
INV012611,1,0,0.03561328566401211
INV012612,1,0,0.06837187051576496
INV012613,1,0,0.35876461795580294
INV012614,1,0,0.09639347890581822
INV012615,1,0,0.04857651957730279
INV012616,1,0,0.12073107089736848
INV012617,1,0,0.1663822078259909
INV012618,1,0,0.05842515875710177
INV012619,1,0,0.024480541809285293
INV012620,1,0,0.04800388507315142
INV012621,1,0,0.2818498166655429
INV012622,1,0,0.08970838208813267
INV012623,1,0,0.039369939743763994
INV012624,1,0,0.12388609860568957
INV012625,1,0,0.09722368587456842
INV012626,1,0,0.04904576267423863
INV012627,1,0,0.08908847363158069
INV012628,1,0,0.022189602007584245
INV012629,1,0,0.027116515702076713
INV012630,1,0,0.05235218688255691
INV012631,1,0,0.06845155149757577
INV012632,1,0,0.15077144328683112
INV012633,1,0,0.06812407624585053
INV012634,1,0,0.13550109283181136
INV012635,1,0,0.36727898148132737
INV012636,1,0,0.04962635796674973
INV012637,1,0,0.025956236666411673
INV012638,1,0,0.10702681791343166
INV012639,1,0,0.2608346856467167
INV012640,1,0,0.02917298141819139
INV012641,1,0,0.07334120935745513
INV012642,1,0,0.1558252924798382
INV012643,1,0,0.053802148455013854
INV012644,1,0,0.04577760560847609
INV012645,1,0,0.04365772972937233
INV012646,1,0,0.02750497249942342
INV012647,1,0,0.3103292726661257
INV012648,1,0,0.19842128824287342
INV012649,1,0,0.10191573705199149
INV012650,1,0,0.05663371209448885
INV012651,1,0,0.03972861585241781
INV012652,1,0,0.10592965024144295
INV012653,1,0,0.15071887946294935
INV012654,1,0,0.18282705998032078
INV012655,1,0,0.09299106630637728
INV012656,1,0,0.10048508317318658
INV012657,1,0,0.0816086691033006
INV012658,1,0,0.09935588232711472
INV012659,1,0,0.1772967142595536
INV012660,1,0,0.06132141066090238
INV012661,-1,1,0.9087038555132861
INV012662,1,0,0.018771267863553515
INV012663,1,0,0.2525902017504245
INV012664,1,0,0.20426118552816833
INV012665,1,0,0.39782569557098435
INV012666,1,0,0.11541567311096199
INV012667,1,0,0.05671645070719471
INV012668,1,0,0.22597139404698086
INV012669,1,0,0.044895657809188194
INV012670,1,0,0.056491839637325056
INV012671,1,0,0.06139900390592173
INV012672,1,0,0.34051470837719156
INV012673,1,0,0.060556749010994115
INV012674,1,0,0.20085977830226218
INV012675,1,0,0.030622073507262263
INV012676,1,0,0.026677807912511953
INV012677,1,0,0.08916937586107812
INV012678,1,0,0.07684308423281593
INV012679,1,0,0.04970714576506298
INV012680,1,0,0.016286922716195633
INV012681,1,0,0.09636087282522926
INV012682,1,0,0.24778923569250808
INV012683,1,0,0.0523939396953218
INV012684,1,0,0.3318933343586945
INV012685,1,0,0.15054040958496323
INV012686,1,0,0.21457899070079184
INV012687,1,0,0.15427269913082356
INV012688,1,0,0.050982719712120435
INV012689,-1,1,0.5312720612965861
INV012690,1,0,0.07003756972519365
INV012691,1,0,0.05675869189898949
INV012692,1,0,0.3297793116396919
INV012693,1,0,0.3508772914026198
INV012694,1,0,0.0788364085562786
INV012695,1,0,0.16526476030121182
INV012696,1,0,0.06086865767578224
INV012697,1,0,0.13617047446140845
INV012698,1,0,0.23930399577026684
INV012699,1,0,0.2217655300842774
INV012700,1,0,0.09541101074326964
INV012701,1,0,0.21583864944256226
INV012702,1,0,0.028750655350824654
INV012703,1,0,0.2008677065890045
INV012704,1,0,0.049145660761103306
INV012705,1,0,0.030687591163856515
INV012706,1,0,0.04641488663628252
INV012707,1,0,0.033760816675663774
INV012708,1,0,0.07047973313678636
INV012709,1,0,0.050842810805173416
INV012710,1,0,0.08396681829593673
INV012711,1,0,0.22333048303058456
INV012712,1,0,0.1288844404468175
INV012713,1,0,0.12596273020098245
INV012714,1,0,0.05019031654441054
INV012715,1,0,0.10472716350725342
INV012716,1,0,0.13222135969398738
INV012717,1,0,0.04568413138726703
INV012718,1,0,0.1669498964841036
INV012719,1,0,0.10157914425482278
INV012720,1,0,0.055605076769240515
INV012721,1,0,0.030095040917262207
INV012722,1,0,0.08659869271587335
INV012723,1,0,0.03042449397912555
INV012724,-1,1,0.5839239061627391
INV012725,1,0,0.06604656695056693
INV012726,1,0,0.10335767531963551
INV012727,1,0,0.07973610693147096
INV012728,1,0,0.3899906176495389
INV012729,1,0,0.17491997608777435
INV012730,1,0,0.23729820030279167
INV012731,1,0,0.044655773724970295
INV012732,1,0,0.14396906666744572
INV012733,1,0,0.00802357747272516
INV012734,1,0,0.11630296633745722
INV012735,1,0,0.06818662159456117
INV012736,-1,1,0.6330512380127791
INV012737,1,0,0.11151994341843681
INV012738,1,0,0.07085165055679112
INV012739,1,0,0.1902351614956548
INV012740,1,0,0.03691446560539004
INV012741,1,0,0.03367184640155801
INV012742,1,0,0.15959349418909913
INV012743,1,0,0.08793179242803047
INV012744,1,0,0.029513140536650016
INV012745,1,0,0.030291919851921735
INV012746,1,0,0.3861431977950108
INV012747,1,0,0.08206846189882161
INV012748,1,0,0.15139680434049152
INV012749,1,0,0.17237735393683512
INV012750,1,0,0.042519484906875134
INV012751,1,0,0.10717987292199513
INV012752,1,0,0.05671880893968294
INV012753,1,0,0.05278422974059753
INV012754,1,0,0.08088671669418651
INV012755,1,0,0.10657419938967658
INV012756,1,0,0.39109024659166886
INV012757,1,0,0.05551037770883239
INV012758,1,0,0.320204835329916
INV012759,1,0,0.08039527203568865
INV012760,1,0,0.2151662509880126
INV012761,1,0,0.1833991874788718
INV012762,1,0,0.08664735090617559
INV012763,1,0,0.10145820429981
INV012764,1,0,0.024875405887034106
INV012765,1,0,0.12363520698601425
INV012766,1,0,0.06874160547172949
INV012767,1,0,0.3382980059627005
INV012768,1,0,0.05027942643682079
INV012769,1,0,0.08031348227658375
INV012770,1,0,0.33742263462516464
INV012771,1,0,0.14075361114364776
INV012772,1,0,0.24838595026867852
INV012773,1,0,0.09940267591435101
INV012774,1,0,0.06790731866050775
INV012775,1,0,0.14727886527287248
INV012776,1,0,0.028301083831633742
INV012777,-1,1,0.4768732009942489
INV012778,1,0,0.07132264608080328
INV012779,1,0,0.032312601336593354
INV012780,1,0,0.0769514860965691
INV012781,1,0,0.038510339477701404
INV012782,1,0,0.11227561339300861
INV012783,1,0,0.12438435904245079
INV012784,1,0,0.03093685446746039
INV012785,1,0,0.042738657671774836
INV012786,1,0,0.1398561323865707
INV012787,1,0,0.038236311237728554
INV012788,1,0,0.10605381089029621
INV012789,1,0,0.1430169715416133
INV012790,1,0,0.08583822302285472
INV012791,1,0,0.04829046672468516
INV012792,1,0,0.11616175139244088
INV012793,1,0,0.14060600433405857
INV012794,1,0,0.05547645408535325
INV012795,1,0,0.2066048644178234
INV012796,1,0,0.024332989434942477
INV012797,1,0,0.045518460856573406
INV012798,1,0,0.1687371296698734
INV012799,1,0,0.0912036652614672
INV012800,1,0,0.07632017764907127
INV012801,1,0,0.21718165260600072
INV012802,1,0,0.032494219991190294
INV012803,1,0,0.19187844944906032
INV012804,1,0,0.052422387067763185
INV012805,1,0,0.08879878578575229
INV012806,1,0,0.029750008005029253
INV012807,1,0,0.06650556753696812
INV012808,1,0,0.0453479292614363
INV012809,1,0,0.02433460882812928
INV012810,1,0,0.040922370826139344
INV012811,1,0,0.022274928360957885
INV012812,1,0,0.08233324777506876
INV012813,1,0,0.05423062205304346
INV012814,1,0,0.06171666622996075
INV012815,1,0,0.02367316328335018
INV012816,-1,1,0.4642078354069392
INV012817,1,0,0.09324170235103169
INV012818,1,0,0.04465954140486568
INV012819,1,0,0.05657409006788709
INV012820,1,0,0.06660927741019103
INV012821,1,0,0.028896693821671884
INV012822,1,0,0.08240710931661593
INV012823,1,0,0.3893002494102662
INV012824,1,0,0.021568071391572265
INV012825,1,0,0.0519389702730595
INV012826,1,0,0.23114014836275423
INV012827,1,0,0.16804243125255502
INV012828,1,0,0.0436809277331441
INV012829,1,0,0.1567343284238563
INV012830,1,0,0.09178541552182976
INV012831,1,0,0.01653912829637639
INV012832,1,0,0.039703934131891765
INV012833,1,0,0.08636399329007413
INV012834,-1,1,0.5042359557575358
INV012835,-1,1,0.6843688639101717
INV012836,1,0,0.006787258108917824
INV012837,1,0,0.4092499983923529
INV012838,1,0,0.09410626407022447
INV012839,1,0,0.06920845780755046
INV012840,1,0,0.0668433900024929
INV012841,1,0,0.20045232657938017
INV012842,1,0,0.011367469227133224
INV012843,1,0,0.13464529543107523
INV012844,1,0,0.0983903026326888
INV012845,-1,1,0.5298037616743944
INV012846,1,0,0.02508433502010712
INV012847,1,0,0.058098103375935906
INV012848,1,0,0.05426192345068508
INV012849,1,0,0.13794319032045885
INV012850,1,0,0.06875292232622432
INV012851,1,0,0.2925877982862595
INV012852,1,0,0.22599449432646196
INV012853,1,0,0.16461806909120974
INV012854,-1,1,0.7050937805364458
INV012855,1,0,0.03778759776755611
INV012856,1,0,0.2269128123692251
INV012857,1,0,0.0134151495839427
INV012858,-1,1,0.434558463939446
INV012859,1,0,0.25275439251106824
INV012860,1,0,0.20119136781925248
INV012861,1,0,0.1435367778280368
INV012862,1,0,0.17883946163392994
INV012863,1,0,0.12245679660038987
INV012864,1,0,0.12353447019964198
INV012865,1,0,0.06486341238944343
INV012866,1,0,0.13180507660203575
INV012867,1,0,0.08674759489426402
INV012868,1,0,0.26846338472237896
INV012869,1,0,0.2330438603862935
INV012870,1,0,0.07801632068595278
INV012871,1,0,0.04311673725197933
INV012872,1,0,0.09118625673878317
INV012873,1,0,0.060519459683083365
INV012874,1,0,0.07076060173645243
INV012875,1,0,0.20410530210338695
INV012876,1,0,0.14677652612613182
INV012877,1,0,0.11338288656811803
INV012878,1,0,0.042756063373974945
INV012879,1,0,0.02864536340193968
INV012880,1,0,0.058313355312581416
INV012881,1,0,0.11517613004050273
INV012882,1,0,0.24115900859551817
INV012883,1,0,0.19052457870542805
INV012884,1,0,0.05445926213681661
INV012885,1,0,0.20194248058264735
INV012886,1,0,0.032957339876963816
INV012887,1,0,0.08726533710574547
INV012888,1,0,0.1095680683354068
INV012889,1,0,0.07204215300617604
INV012890,1,0,0.1618826117120965
INV012891,1,0,0.1409692533597742
INV012892,1,0,0.01189981247598769
INV012893,1,0,0.05809629179258432
INV012894,1,0,0.16857909124653273
INV012895,-1,1,0.4238345217790016
INV012896,1,0,0.03341309516068637
INV012897,1,0,0.06604171283201091
INV012898,1,0,0.15584267237006796
INV012899,1,0,0.1001862501077612
INV012900,1,0,0.0517612465259665
INV012901,1,0,0.10506298185480459
INV012902,1,0,0.05385483636295086
INV012903,1,0,0.08667356451135487
INV012904,1,0,0.0703258164322711
INV012905,1,0,0.16260685053588106
INV012906,1,0,0.3900433432271
INV012907,1,0,0.19631740116603563
INV012908,1,0,0.08377806563792184
INV012909,1,0,0.1322846891493136
INV012910,1,0,0.08980263781312275
INV012911,1,0,0.04446829426595563
INV012912,1,0,0.010887245829760951
INV012913,1,0,0.1656410861875964
INV012914,1,0,0.08029435377261081
INV012915,1,0,0.02679579630476072
INV012916,1,0,0.08263200786314417
INV012917,1,0,0.1301521473954355
INV012918,1,0,0.14133522561823
INV012919,1,0,0.06462909569318175
INV012920,1,0,0.06977889658423217
INV012921,1,0,0.17938670557619432
INV012922,1,0,0.04682182572777579
INV012923,1,0,0.16186018256218204
INV012924,1,0,0.18578239681273975
INV012925,1,0,0.0555430376162511
INV012926,1,0,0.30703119963634673
INV012927,1,0,0.38735621325972713
INV012928,1,0,0.24649515525228985
INV012929,1,0,0.1948724027393921
INV012930,1,0,0.12166175083136967
INV012931,1,0,0.06134443110967837
INV012932,1,0,0.08197777728947182
INV012933,1,0,0.05567640344135125
INV012934,1,0,0.05875766766379823
INV012935,1,0,0.0797438369677354
INV012936,1,0,0.04297161528525486
INV012937,1,0,0.05722730847526585
INV012938,1,0,0.09527521781240562
INV012939,1,0,0.1787097834082592
INV012940,1,0,0.1004410947960025
INV012941,1,0,0.09758471558205356
INV012942,1,0,0.06523839451784663
INV012943,1,0,0.2196564285929969
INV012944,1,0,0.026091655632024723
INV012945,1,0,0.08770978061466884
INV012946,1,0,0.09766448456787437
INV012947,1,0,0.32013528841274486
INV012948,1,0,0.2167037244007069
INV012949,1,0,0.2355190117596226
INV012950,1,0,0.13286537504468168
INV012951,1,0,0.053447833729848425
INV012952,-1,1,0.44145628794062336
INV012953,1,0,0.07528712545751697
INV012954,1,0,0.04367276740438056
INV012955,1,0,0.03551360735825703
INV012956,1,0,0.10786531537428473
INV012957,1,0,0.18101378283762232
INV012958,1,0,0.07536183143458923
INV012959,1,0,0.12304344047778254
INV012960,1,0,0.08943020516438213
INV012961,1,0,0.05630364743502581
INV012962,1,0,0.023886301848258896
INV012963,1,0,0.034417219324266494
INV012964,1,0,0.08825177529401967
INV012965,1,0,0.05876054431950538
INV012966,1,0,0.059008683164558234
INV012967,1,0,0.15497379076966855
INV012968,1,0,0.06087951383243332
INV012969,1,0,0.07139031980259154
INV012970,1,0,0.11105443985268709
INV012971,1,0,0.3401274111050789
INV012972,1,0,0.17623349232592642
INV012973,1,0,0.0320497824691289
INV012974,1,0,0.12435259307468564
INV012975,1,0,0.032918732758662035
INV012976,1,0,0.032219793455181986
INV012977,1,0,0.09069733202332726
INV012978,-1,1,0.5758465860377863
INV012979,1,0,0.324383852992809
INV012980,1,0,0.05065836530883736
INV012981,1,0,0.19929463430173147
INV012982,1,0,0.0083957784309834
INV012983,1,0,0.053238942036245705
INV012984,1,0,0.03828451464544644
INV012985,1,0,0.008725896181028042
INV012986,1,0,0.11719415653786398
INV012987,1,0,0.027224324441935985
INV012988,1,0,0.11686939154425784
INV012989,1,0,0.012885031030277345
INV012990,1,0,0.0257180759002324
INV012991,1,0,0.04090052388865428
INV012992,1,0,0.026498030272842223
INV012993,1,0,0.200906271866431
INV012994,1,0,0.035057832839844316
INV012995,1,0,0.12809808851333274
INV012996,1,0,0.2327439729093763
INV012997,1,0,0.19829311145295697
INV012998,1,0,0.10070748233229009
INV012999,1,0,0.1851814761389607
INV013000,1,0,0.19562049586702962
INV013001,1,0,0.17053089291525347
INV013002,1,0,0.13309013476052856
INV013003,1,0,0.15008843093430851
INV013004,1,0,0.21932452731464153
INV013005,1,0,0.04656940378104319
INV013006,1,0,0.11064808331660365
INV013007,1,0,0.06477721021622689
INV013008,1,0,0.16972397978627712
INV013009,1,0,0.0395740083151748
INV013010,-1,1,0.5029181435515246
INV013011,1,0,0.1824489259752717
INV013012,1,0,0.12760501734733826
INV013013,1,0,0.20549062564707068
INV013014,1,0,0.10836673019870595
INV013015,-1,1,0.47332362351102775
INV013016,1,0,0.3379390244118509
INV013017,1,0,0.05995866002900003
INV013018,1,0,0.10579282399685958
INV013019,1,0,0.11709619204414926
INV013020,1,0,0.11993158373942998
INV013021,1,0,0.2860108744717818
INV013022,1,0,0.2188157280107624
INV013023,1,0,0.0920349321394388
INV013024,1,0,0.13294886439952183
INV013025,1,0,0.07730888800017136
INV013026,1,0,0.22285891453109138
INV013027,1,0,0.043798331702170824
INV013028,1,0,0.05799882567915636
INV013029,1,0,0.06341286799064032
INV013030,1,0,0.10726120823629971
INV013031,1,0,0.05241300431384479
INV013032,1,0,0.16215024059387245
INV013033,1,0,0.04743294343289596
INV013034,1,0,0.1733988814288204
INV013035,1,0,0.028139762221759835
INV013036,1,0,0.15690286358699215
INV013037,1,0,0.062076951877683105
INV013038,1,0,0.05951298009565587
INV013039,1,0,0.017044560838615243
INV013040,1,0,0.26290698285066766
INV013041,1,0,0.04474800354772464
INV013042,1,0,0.10079110640260709
INV013043,1,0,0.11350477350810731
INV013044,1,0,0.046090669999511405
INV013045,1,0,0.08213623690760868
INV013046,1,0,0.11146778851033598
INV013047,1,0,0.0054624602936675275
INV013048,1,0,0.4033863543266827
INV013049,1,0,0.12312535541803893
INV013050,1,0,0.06142718087722092
INV013051,1,0,0.34403051120479294
INV013052,1,0,0.08561697691038764
INV013053,1,0,0.24394950373525168
INV013054,1,0,0.08763462930225309
INV013055,1,0,0.04525081983318292
INV013056,1,0,0.09641626950183826
INV013057,-1,1,0.7032910260913677
INV013058,1,0,0.1648375442967227
INV013059,1,0,0.09268249032492189
INV013060,1,0,0.09672286955077938
INV013061,1,0,0.11346912631271396
INV013062,1,0,0.41637747968211863
INV013063,1,0,0.06196104554662869
INV013064,1,0,0.04988632418082369
INV013065,1,0,0.18781959691027694
INV013066,1,0,0.23942674681629147
INV013067,1,0,0.08815657827747111
INV013068,1,0,0.1672457378117846
INV013069,1,0,0.07193897836364548
INV013070,1,0,0.02080010242890197
INV013071,1,0,0.034710950042472696
INV013072,-1,1,0.46399941412899887
INV013073,1,0,0.341079509897723
INV013074,1,0,0.0842931180863916
INV013075,1,0,0.03776438970894939
INV013076,1,0,0.11548665305137037
INV013077,1,0,0.06261838426354373
INV013078,1,0,0.03770962154657807
INV013079,1,0,0.2319245892648369
INV013080,1,0,0.10973090358026602
INV013081,1,0,0.09176778201735994
INV013082,1,0,0.09137042588401859
INV013083,1,0,0.05228057777542379
INV013084,1,0,0.1439864465774976
INV013085,1,0,0.16163425436201254
INV013086,1,0,0.24100563534963698
INV013087,-1,1,0.562205167738032
INV013088,1,0,0.09353246148950779
INV013089,1,0,0.043142101122759666
INV013090,1,0,0.042653510619537115
INV013091,1,0,0.11907432662506469
INV013092,1,0,0.059829064017685694
INV013093,1,0,0.35407948834235475
INV013094,1,0,0.04473072540231714
INV013095,1,0,0.03996864802300888
INV013096,1,0,0.03479190991966267
INV013097,1,0,0.03243917667989
INV013098,1,0,0.010788484897614645
INV013099,1,0,0.2208919686052037
INV013100,1,0,0.07626865472310898
INV013101,1,0,0.08419052329110582
INV013102,1,0,0.06410410566242451
INV013103,1,0,0.19144949226198577
INV013104,1,0,0.1582279134722931
INV013105,1,0,0.06591714440204416
INV013106,1,0,0.09514887373041316
INV013107,1,0,0.1878357508369069
INV013108,1,0,0.04172527938761663
INV013109,1,0,0.12311730560417038
INV013110,-1,1,0.7023619722928591
INV013111,1,0,0.1931629300251342
INV013112,1,0,0.1459304182304091
INV013113,1,0,0.05776457364199598
INV013114,1,0,0.049406953274863975
INV013115,1,0,0.055831717884419846
INV013116,1,0,0.029310061343112516
INV013117,1,0,0.01953428084170478
INV013118,1,0,0.054690099717866675
INV013119,1,0,0.11951583204048001
INV013120,1,0,0.050392357253702905
INV013121,1,0,0.05965106570911643
INV013122,1,0,0.10949136487237496
INV013123,1,0,0.14878496318893852
INV013124,1,0,0.09215817676419978
INV013125,1,0,0.07015841820386176
INV013126,1,0,0.3855186431183741
INV013127,1,0,0.10046820906460448
INV013128,1,0,0.05973554802462217
INV013129,1,0,0.059417541912677715
INV013130,1,0,0.06943776743232358
INV013131,1,0,0.07639203384320487
INV013132,1,0,0.16250928922662675
INV013133,1,0,0.0716460133931847
INV013134,1,0,0.11131614160940595
INV013135,1,0,0.03284172031083868
INV013136,1,0,0.11738630873288701
INV013137,1,0,0.11149289467781323
INV013138,1,0,0.03400573431527817
INV013139,1,0,0.059004469050073186
INV013140,1,0,0.0937946019015597
INV013141,1,0,0.2480084657342742
INV013142,1,0,0.0494922027014167
INV013143,1,0,0.1534728023981881
INV013144,1,0,0.16377662575441565
INV013145,1,0,0.052039607623665246
INV013146,1,0,0.05630063018235536
INV013147,1,0,0.08181423785649114
INV013148,1,0,0.13123143140296914
INV013149,1,0,0.06981742913891559
INV013150,-1,1,0.45885539147326776
INV013151,1,0,0.34821870644767283
INV013152,1,0,0.24339972688148817
INV013153,1,0,0.044822633945430165
INV013154,1,0,0.28932333537078103
INV013155,-1,1,0.936797265891928
INV013156,1,0,0.06516334911701345
INV013157,1,0,0.0631055501909168
INV013158,1,0,0.17363469888188016
INV013159,1,0,0.07215806858827231
INV013160,1,0,0.20302563286626135
INV013161,1,0,0.05101118809194422
INV013162,1,0,0.06851091629404392
INV013163,1,0,0.10719627898973692
INV013164,1,0,0.0041522897451920365
INV013165,1,0,0.08661446145186334
INV013166,1,0,0.19863790906828846
INV013167,1,0,0.16758792183951865
INV013168,1,0,0.03864322761316833
INV013169,1,0,0.054062931063962684
INV013170,1,0,0.3014242767244376
INV013171,1,0,0.04512087981494916
INV013172,1,0,0.01706088710501467
INV013173,1,0,0.047861129364311535
INV013174,1,0,0.08829712858819623
INV013175,1,0,0.20466441241617542
INV013176,1,0,0.09071607380742851
INV013177,1,0,0.02229240462888645
INV013178,1,0,0.05219555776425415
INV013179,1,0,0.211062671123116
INV013180,1,0,0.08410079676563095
INV013181,1,0,0.14061526535212426
INV013182,1,0,0.3495983892756655
INV013183,1,0,0.06414610296490346
INV013184,-1,1,0.4684128593674676
INV013185,1,0,0.15213625739880382
INV013186,1,0,0.06362256180795617
INV013187,1,0,0.06891060757302961
INV013188,1,0,0.0044826850955670475
INV013189,1,0,0.033302175738005826
INV013190,1,0,0.09922795419104423
INV013191,1,0,0.11805431858566547
INV013192,1,0,0.31292198813730115
INV013193,-1,1,0.4238253047942483
INV013194,1,0,0.03355286424041436
INV013195,1,0,0.368181208776875
INV013196,1,0,0.059500234245047114
INV013197,1,0,0.19774750122429852
INV013198,1,0,0.20501371020695863
INV013199,1,0,0.18716156906778778
INV013200,1,0,0.15653978829622744
INV013201,1,0,0.11093543624183431
INV013202,1,0,0.01652770679803729
INV013203,1,0,0.06514816966925494
INV013204,1,0,0.25687261405738854
INV013205,1,0,0.04238677973457275
INV013206,-1,1,0.45504736768997717
INV013207,1,0,0.24227059904011608
INV013208,1,0,0.047819399148941406
INV013209,1,0,0.26636031707905333
INV013210,1,0,0.07084743313102206
INV013211,1,0,0.11450715946804624
INV013212,1,0,0.03523987281884088
INV013213,1,0,0.13135831478122093
INV013214,1,0,0.09717043587989396
INV013215,-1,1,0.8394470521438554
INV013216,1,0,0.039791674786358734
INV013217,1,0,0.01794678559786357
INV013218,1,0,0.04511300964153028
INV013219,1,0,0.0880255605930783
INV013220,1,0,0.17762386135456576
INV013221,1,0,0.0689388555972733
INV013222,1,0,0.027709787966055083
INV013223,1,0,0.38381461225450775
INV013224,1,0,0.09947240200390793
INV013225,1,0,0.21009370609037487
INV013226,1,0,0.18546647121416915
INV013227,1,0,0.05922597255052001
INV013228,1,0,0.16102922588128377
INV013229,1,0,0.044448550418990235
INV013230,1,0,0.4094105629657848
INV013231,1,0,0.0676267409841478
INV013232,1,0,0.28274149727672043
INV013233,1,0,0.06632792820925448
INV013234,1,0,0.0802889688450807
INV013235,1,0,0.06138242887697348
INV013236,1,0,0.07141237894416605
INV013237,1,0,0.039088890243371074
INV013238,-1,1,0.48049293746804683
INV013239,1,0,0.2562305935851685
INV013240,1,0,0.21791447362988858
INV013241,1,0,0.0815642752733408
INV013242,1,0,0.08782674205030466
INV013243,-1,1,0.4408678495718981
INV013244,1,0,0.2684664589499587
INV013245,1,0,0.03895154466950269
INV013246,1,0,0.06753394224391143
INV013247,1,0,0.1302839112569086
INV013248,1,0,0.0966373824936881
INV013249,1,0,0.26747343266484674
INV013250,1,0,0.1577387180221688
INV013251,1,0,0.03864649319748811
INV013252,1,0,0.041094373487034416
INV013253,1,0,0.032480677110456
INV013254,-1,1,0.5067917959619664
INV013255,1,0,0.16517659477560767
INV013256,1,0,0.11331949330848223
INV013257,1,0,0.12540711385476205
INV013258,1,0,0.04273072222446916
INV013259,1,0,0.12481018394036555
INV013260,1,0,0.04576512239046516
INV013261,1,0,0.20200969960992604
INV013262,1,0,0.07455740027706662
INV013263,1,0,0.11046621776243946
INV013264,1,0,0.03305388209021416
INV013265,1,0,0.08609049495895449
INV013266,1,0,0.16904988770733959
INV013267,1,0,0.03801121522652422
INV013268,1,0,0.045594994145423916
INV013269,1,0,0.05766213923152727
INV013270,1,0,0.39118414987936007
INV013271,1,0,0.11964398336928571
INV013272,1,0,0.03340080035685753
INV013273,1,0,0.2066488176192253
INV013274,1,0,0.40683224481812325
INV013275,1,0,0.14725323090287018
INV013276,1,0,0.07218016655648797
INV013277,1,0,0.14057473437913845
INV013278,1,0,0.10489302108727301
INV013279,1,0,0.3134311646274759
INV013280,1,0,0.04237776222852701
INV013281,1,0,0.23941870589539355
INV013282,1,0,0.20524871838106856
INV013283,1,0,0.21183573609294895
INV013284,1,0,0.12277732174615294
INV013285,1,0,0.05598829552207763
INV013286,1,0,0.05369507939382247
INV013287,1,0,0.1272971322496599
INV013288,1,0,0.1814719244958816
INV013289,1,0,0.3205248118575827
INV013290,-1,1,0.4238674507923421
INV013291,1,0,0.05349595577638011
INV013292,1,0,0.09579784158843718
INV013293,1,0,0.28724079436966443
INV013294,1,0,0.19042997358649927
INV013295,-1,1,0.6187697807374181
INV013296,-1,1,0.5581842366706778
INV013297,1,0,0.07396669953242273
INV013298,1,0,0.08876502365723313
INV013299,-1,1,0.42737359290926696
INV013300,1,0,0.20956561034540086
INV013301,1,0,0.03810934553174827
INV013302,1,0,0.27881713113696155
INV013303,1,0,0.1489253237679853
INV013304,1,0,0.20838162755795736
INV013305,1,0,0.08525873498627315
INV013306,-1,1,0.43588811462762966
INV013307,1,0,0.19210323806094734
INV013308,1,0,0.06106319830563967
INV013309,1,0,0.12682033580662339
INV013310,1,0,0.08444157491942111
INV013311,-1,1,0.555903488472324
INV013312,1,0,0.06398415676348423
INV013313,1,0,0.06899665199246838
INV013314,1,0,0.17410441166557275
INV013315,1,0,0.23470804147448995
INV013316,1,0,0.037848924516428045
INV013317,1,0,0.049566737954492256
INV013318,1,0,0.07245742980945712
INV013319,1,0,0.017575515736471238
INV013320,1,0,0.04732726343624811
INV013321,1,0,0.11500250401670123
INV013322,1,0,0.10888954908323671
INV013323,1,0,0.05599710708648291
INV013324,1,0,0.035251752617945664
INV013325,1,0,0.21062387522302387
INV013326,1,0,0.24214081850296462
INV013327,1,0,0.06796317596221235
INV013328,-1,1,0.47475336191379625
INV013329,1,0,0.417620854792044
INV013330,1,0,0.062047525063356986
INV013331,1,0,0.03985315417960431
INV013332,1,0,0.02690523835243717
INV013333,1,0,0.15985985223855373
INV013334,1,0,0.269502786772505
INV013335,1,0,0.0537401511115948
INV013336,1,0,0.01101044685961829
INV013337,1,0,0.16294363283326377
INV013338,-1,1,0.4791627578415521
INV013339,1,0,0.10140448115651905
INV013340,1,0,0.29479984894017763
INV013341,-1,1,0.524521987913113
INV013342,1,0,0.05331506844647442
INV013343,1,0,0.14255187008048636
INV013344,-1,1,0.7656021838115076
INV013345,1,0,0.029188191136347953
INV013346,1,0,0.17029314035222107
INV013347,1,0,0.08479683451317402
INV013348,1,0,0.18452565698482354
INV013349,1,0,0.09115238316633471
INV013350,1,0,0.08928366797613761
INV013351,1,0,0.0549857544494938
INV013352,1,0,0.061275569828897536
INV013353,1,0,0.04972836223529661
INV013354,-1,1,0.4306836263514868
INV013355,1,0,0.29122061781000086
INV013356,1,0,0.1683091336755378
INV013357,1,0,0.08583737198582436
INV013358,1,0,0.12592164682560428
INV013359,1,0,0.034094241554052954
INV013360,1,0,0.10024432303032245
INV013361,1,0,0.19015941810793036
INV013362,1,0,0.03934156688698569
INV013363,1,0,0.16010598190057468
INV013364,1,0,0.06593936885833605
INV013365,1,0,0.10848867142692147
INV013366,1,0,0.1809193820549264
INV013367,1,0,0.048800170172818395
INV013368,1,0,0.16169420286380354
INV013369,1,0,0.12197666033418622
INV013370,1,0,0.11500212167360753
INV013371,1,0,0.05803274281458111
INV013372,1,0,0.07100408041782247
INV013373,1,0,0.12697364892653135
INV013374,1,0,0.23666976678682117
INV013375,1,0,0.04152001402007899
INV013376,1,0,0.10917637188333963
INV013377,1,0,0.029363821471068287
INV013378,1,0,0.04748634356701316
INV013379,1,0,0.027882297740355326
INV013380,1,0,0.08291633085748605
INV013381,1,0,0.05941294942273006
INV013382,1,0,0.09871624143920886
INV013383,-1,1,0.6134436751345557
INV013384,-1,1,1.0
INV013385,1,0,0.03397849385731268
INV013386,1,0,0.24826128613183512
INV013387,1,0,0.08989064798535744
INV013388,1,0,0.027389216651147418
INV013389,1,0,0.2197945311333312
INV013390,1,0,0.07580994928901563
INV013391,1,0,0.04063809239936962
INV013392,1,0,0.01904128073855595
INV013393,1,0,0.057853871405456885
INV013394,-1,1,0.8890225762780464
INV013395,1,0,0.07980829702951454
INV013396,1,0,0.14257026815723445
INV013397,1,0,0.10387537772796775
INV013398,1,0,0.030201709765360504
INV013399,1,0,0.09865215376562583
INV013400,1,0,0.058646682039847124
INV013401,1,0,0.2317074428920955
INV013402,1,0,0.02245202337297033
INV013403,1,0,0.14537152810793796
INV013404,1,0,0.06364591671628277
INV013405,1,0,0.041660580645715525
INV013406,1,0,0.0254659254500443
INV013407,1,0,0.05380442795561954
INV013408,1,0,0.1960786749505396
INV013409,1,0,0.04091720650796824
INV013410,1,0,0.11962012934134512
INV013411,1,0,0.048066355217943946
INV013412,1,0,0.03229523039975248
INV013413,-1,1,0.49953257739188145
INV013414,1,0,0.06424335832141656
INV013415,1,0,0.0914864792298455
INV013416,1,0,0.04990526023133189
INV013417,1,0,0.3149473321207261
INV013418,1,0,0.11102314547623218
INV013419,1,0,0.10730666903309606
INV013420,-1,1,0.5063456339320063
INV013421,1,0,0.10772627994373489
INV013422,1,0,0.15334280988495327
INV013423,1,0,0.2664884343538941
INV013424,1,0,0.4048107350208156
INV013425,1,0,0.17638692127729746
INV013426,1,0,0.12853486612723286
INV013427,1,0,0.12402829335683974
INV013428,1,0,0.04244588829020764
INV013429,1,0,0.03990262290467877
INV013430,1,0,0.055872987745113886
INV013431,1,0,0.02614189716791717
INV013432,1,0,0.20115342312640777
INV013433,1,0,0.18754436329888027
INV013434,1,0,0.1339868182139616
INV013435,1,0,0.0206544686092335
INV013436,1,0,0.09689065575221675
INV013437,1,0,0.06760551664340306
INV013438,1,0,0.13165467979331252
INV013439,1,0,0.060715967798097625
INV013440,1,0,0.06632035086856633
INV013441,-1,1,0.8836571518310811
INV013442,1,0,0.13099984123952232
INV013443,1,0,0.04182980289976653
INV013444,1,0,0.04524942576466507
INV013445,1,0,0.054733805050410346
INV013446,1,0,0.18537230757423995
INV013447,1,0,0.10502567386756607
INV013448,1,0,0.16173428836741024
INV013449,1,0,0.25031597071809863
INV013450,1,0,0.08597035145073693
INV013451,1,0,0.07625584906637764
INV013452,1,0,0.06631636564341643
INV013453,1,0,0.05765004758797083
INV013454,1,0,0.1962883238727262
INV013455,1,0,0.17624258309445098
INV013456,1,0,0.03963242836683715
INV013457,1,0,0.14262627245165813
INV013458,1,0,0.11017428856885958
INV013459,1,0,0.2707511449131374
INV013460,1,0,0.2612257113285945
INV013461,1,0,0.03284450268412183
INV013462,1,0,0.05261093279920299
INV013463,1,0,0.050019936572892526
INV013464,1,0,0.06831015214935479
INV013465,1,0,0.022278965569396035
INV013466,1,0,0.2256597361667543
INV013467,1,0,0.03957089472532913
INV013468,1,0,0.11021714321498564
INV013469,1,0,0.06992438005461084
INV013470,1,0,0.2481536359727246
INV013471,1,0,0.12105282224661815
INV013472,1,0,0.10474269137956295
INV013473,1,0,0.07739675029081514
INV013474,1,0,0.060019090444169046
INV013475,1,0,0.15508274902857921
INV013476,1,0,0.10717858663523479
INV013477,1,0,0.4075759513995812
INV013478,-1,1,0.7101197167288624
INV013479,1,0,0.1858638401885726
INV013480,-1,1,0.48069632473527896
INV013481,1,0,0.14864954600179484
INV013482,1,0,0.17985607326684583
INV013483,1,0,0.07450418297901626
INV013484,1,0,0.04673869521333171
INV013485,1,0,0.017965803089897578
INV013486,1,0,0.04090464784083114
INV013487,1,0,0.052856837432055506
INV013488,1,0,0.06296946242068686
INV013489,1,0,0.13112268196017784
INV013490,1,0,0.2276936369994157
INV013491,1,0,0.4159807899321114
INV013492,1,0,0.028982175681638935
INV013493,1,0,0.1647478401840754
INV013494,1,0,0.15843396442440352
INV013495,1,0,0.10281675630541917
INV013496,1,0,0.12403848188188447
INV013497,1,0,0.05453192699587302
INV013498,1,0,0.12785396572509763
INV013499,1,0,0.040070227754019846
INV013500,1,0,0.22096091225322095
INV013501,-1,1,0.8571502795184249
INV013502,1,0,0.07339260041968428
INV013503,1,0,0.05100111354712667
INV013504,1,0,0.03916987264245467
INV013505,1,0,0.11705634382958238
INV013506,1,0,0.23506121064665125
INV013507,1,0,0.13089306074035967
INV013508,1,0,0.059004539679297884
INV013509,-1,1,0.4428536221406951
INV013510,1,0,0.09819625132413214
INV013511,1,0,0.11136615820403536
INV013512,1,0,0.005941217385924966
INV013513,-1,1,0.47032362941101924
INV013514,1,0,0.025889955672927466
INV013515,1,0,0.05795799255700548
INV013516,1,0,0.09945361462266203
INV013517,1,0,0.0942004876092032
INV013518,1,0,0.1194506789318007
INV013519,1,0,0.07847975430819981
INV013520,1,0,0.11308140869814416
INV013521,1,0,0.050392023500318565
INV013522,1,0,0.23518384676759554
INV013523,1,0,0.010338464395639558
INV013524,1,0,0.10281573002526274
INV013525,1,0,0.07779679404816327
INV013526,1,0,0.0707622694900782
INV013527,1,0,0.043211498062476435
INV013528,1,0,0.03717443568503598
INV013529,1,0,0.07399901002189839
INV013530,1,0,0.02649887808378131
INV013531,1,0,0.16424731157089237
INV013532,1,0,0.18795825339777084
INV013533,1,0,0.16455249579221418
INV013534,1,0,0.21871987181601416
INV013535,1,0,0.14263482157312327
INV013536,1,0,0.057400035356368034
INV013537,1,0,0.13041095211663048
INV013538,1,0,0.11463524143333265
INV013539,1,0,0.2656290723302729
INV013540,1,0,0.07589122341681243
INV013541,1,0,0.0652392197027492
INV013542,1,0,0.04933448362154402
INV013543,1,0,0.0873517887273892
INV013544,1,0,0.14007702392631963
INV013545,1,0,0.1061493806393477
INV013546,1,0,0.15020252521161384
INV013547,1,0,0.0504289717559661
INV013548,1,0,0.06155547122066222
INV013549,1,0,0.05502350374585126
INV013550,1,0,0.17020222805809085
INV013551,1,0,0.07077419135465901
INV013552,1,0,0.08133887991939953
INV013553,1,0,0.04890343692252954
INV013554,1,0,0.1730334195607319
INV013555,1,0,0.2123933922258171
INV013556,-1,1,0.5478403974383549
INV013557,1,0,0.33196908370245837
INV013558,1,0,0.11118114794026525
INV013559,1,0,0.22296526490835947
INV013560,-1,1,0.6298506646855003
INV013561,1,0,0.027702761181734526
INV013562,1,0,0.0083291864264831
INV013563,1,0,0.29902058660747716
INV013564,1,0,0.08434583905004074
INV013565,1,0,0.044409310069411005
INV013566,1,0,0.22762984724277907
INV013567,1,0,0.040559011070346734
INV013568,1,0,0.20526768748819446
INV013569,1,0,0.031049256445811153
INV013570,1,0,0.12572491800235103
INV013571,1,0,0.13303201804601866
INV013572,1,0,0.009182078452704048
INV013573,1,0,0.046906849771885306
INV013574,1,0,0.10432779044771065
INV013575,1,0,0.20753183745261167
INV013576,1,0,0.10658917215788324
INV013577,1,0,0.004053732065001252
INV013578,1,0,0.06552784159256474
INV013579,-1,1,0.4320767957445269
INV013580,1,0,0.17318420807590298
INV013581,1,0,0.13069924484341927
INV013582,-1,1,0.8350331948332027
INV013583,1,0,0.23930779110671524
INV013584,1,0,0.06391670895748276
INV013585,1,0,0.05745437588106512
INV013586,1,0,0.040968702711372484
INV013587,1,0,0.07670667497593978
INV013588,1,0,0.21689793631068224
INV013589,1,0,0.044885863672650766
INV013590,1,0,0.022612428835943516
INV013591,1,0,0.044506790172808765
INV013592,1,0,0.05828919443226977
INV013593,1,0,0.07534318001020732
INV013594,1,0,0.021961983236454843
INV013595,1,0,0.07972561192933145
INV013596,1,0,0.046531742217168194
INV013597,1,0,0.04091290094370708
INV013598,1,0,0.2133091108540097
INV013599,1,0,0.04649536808706006
INV013600,1,0,0.07801570033872815
INV013601,1,0,0.10311873990939642
INV013602,1,0,0.03623551432799335
INV013603,1,0,0.12724077490511396
INV013604,1,0,0.21095183597630726
INV013605,1,0,0.10761041071285739
INV013606,1,0,0.06112337777660238
INV013607,1,0,0.1841256349942727
INV013608,1,0,0.1506360389715203
INV013609,1,0,0.13457743387675747
INV013610,1,0,0.06872031599205557
INV013611,1,0,0.15757758353312704
INV013612,1,0,0.2261597945874277
INV013613,-1,1,0.44943385062073626
INV013614,1,0,0.08779970388819468
INV013615,1,0,0.08460876578586624
INV013616,1,0,0.09010705685523905
INV013617,-1,1,0.43978830635300686
INV013618,1,0,0.17469525143003772
INV013619,1,0,0.06702126159005725
INV013620,1,0,0.02868074966940906
INV013621,1,0,0.058312375344718934
INV013622,1,0,0.017230535340212492
INV013623,1,0,0.19484275820774086
INV013624,1,0,0.22137896740784457
INV013625,1,0,0.19798440211345986
INV013626,1,0,0.04339230074719155
INV013627,1,0,0.2912568263200887
INV013628,1,0,0.18828008980745364
INV013629,-1,1,0.44726320983486545
INV013630,1,0,0.038112573020251096
INV013631,1,0,0.08763376251669933
INV013632,1,0,0.3025655474073503
INV013633,1,0,0.20238452782719166
INV013634,1,0,0.14491181228286218
INV013635,1,0,0.16672593578312872
INV013636,1,0,0.21464692639305918
INV013637,1,0,0.0953790594626568
INV013638,1,0,0.03186279881990221
INV013639,1,0,0.06229621329261638
INV013640,1,0,0.05672502526889862
INV013641,1,0,0.2371235711364649
INV013642,1,0,0.29484213866266484
INV013643,1,0,0.16830982291095406
INV013644,1,0,0.21767261990434858
INV013645,1,0,0.05033440996052883
INV013646,1,0,0.1401395350076723
INV013647,1,0,0.15368746809803252
INV013648,1,0,0.02840323913804862
INV013649,1,0,0.09239090397466156
INV013650,1,0,0.22841002636316923
INV013651,1,0,0.0808050814660142
INV013652,-1,1,0.4565439966136695
INV013653,1,0,0.3326316190750272
INV013654,1,0,0.10790740199208576
INV013655,1,0,0.05402217161324471
INV013656,1,0,0.1953517678657438
INV013657,1,0,0.15348906146663335
INV013658,1,0,0.2169088339952728
INV013659,1,0,0.1104136391947538
INV013660,1,0,0.04527462228511883
INV013661,1,0,0.04617529420021831
INV013662,1,0,0.003742086970418602
INV013663,1,0,0.2047865554545534
INV013664,1,0,0.1036386307387234
INV013665,1,0,0.22889296846386867
INV013666,1,0,0.03835610091955725
INV013667,1,0,0.08455462983797682
INV013668,1,0,0.08210944763070428
INV013669,1,0,0.04688259550154067
INV013670,1,0,0.054803732686707116
INV013671,1,0,0.02201503904184278
INV013672,1,0,0.3407078340169138
INV013673,1,0,0.06589108386414275
INV013674,-1,1,0.45692191529461795
INV013675,1,0,0.07075593179514737
INV013676,1,0,0.04491858272506471
INV013677,1,0,0.026271234754854406
INV013678,1,0,0.04369818545649945
INV013679,1,0,0.36562016419095855
INV013680,1,0,0.07565828955764518
INV013681,1,0,0.03848232106985609
INV013682,1,0,0.39295283825540483
INV013683,1,0,0.042188007109724555
INV013684,1,0,0.04027949377744663
INV013685,1,0,0.10562558572082041
INV013686,1,0,0.057227315885257445
INV013687,1,0,0.11098979307692362
INV013688,1,0,0.18213942035650188
INV013689,1,0,0.07599714741258241
INV013690,1,0,0.22622039418634313
INV013691,1,0,0.3599516398744505
INV013692,1,0,0.029325738570194347
INV013693,1,0,0.12997520940494978
INV013694,1,0,0.07330555911176427
INV013695,1,0,0.2245385841578239
INV013696,1,0,0.04867965519236222
INV013697,1,0,0.07678030967553148
INV013698,1,0,0.12576080268980586
INV013699,1,0,0.03953369478408966
INV013700,1,0,0.021943370476106793
INV013701,1,0,0.27910767695212657
INV013702,1,0,0.09842435723646045
INV013703,1,0,0.1611796735350415
INV013704,1,0,0.027636091671976566
INV013705,1,0,0.014244455121222084
INV013706,1,0,0.058445246887134795
INV013707,1,0,0.05687354121695881
INV013708,1,0,0.08566948760359493
INV013709,1,0,0.16665187550568594
INV013710,1,0,0.06588946584611813
INV013711,1,0,0.10092473421807725
INV013712,1,0,0.07589864860085982
INV013713,1,0,0.03442690690809877
INV013714,1,0,0.11334384628288581
INV013715,1,0,0.14102828819915175
INV013716,1,0,0.08543207545360594
INV013717,1,0,0.1100686757418607
INV013718,1,0,0.09186889780293112
INV013719,1,0,0.19622505563373727
INV013720,1,0,0.07455355676275098
INV013721,1,0,0.0842465175317447
INV013722,1,0,0.09357986803775559
INV013723,1,0,0.035653102686106844
INV013724,1,0,0.25538828014378234
INV013725,1,0,0.11455712851281487
INV013726,1,0,0.0898459029260898
INV013727,1,0,0.10833792758267653
INV013728,1,0,0.16917792704968537
INV013729,1,0,0.03204534892336926
INV013730,1,0,0.18027721318808665
INV013731,1,0,0.08159037081824456
INV013732,1,0,0.03459564749838878
INV013733,1,0,0.0676907320061635
INV013734,1,0,0.06997721647908503
INV013735,1,0,0.03088772863958943
INV013736,1,0,0.17476000739723227
INV013737,1,0,0.07622464377916234
INV013738,1,0,0.12329357171567637
INV013739,1,0,0.0994424879481543
INV013740,1,0,0.06364959090261005
INV013741,1,0,0.052139462543698535
INV013742,1,0,0.029168392946376315
INV013743,1,0,0.054875637875201354
INV013744,1,0,0.10294360390524337
INV013745,1,0,0.03404362159680854
INV013746,1,0,0.05690424894140452
INV013747,1,0,0.04919426374548365
INV013748,1,0,0.03682068178016932
INV013749,1,0,0.18280478222358307
INV013750,1,0,0.14506697621889977
INV013751,1,0,0.11210089414028027
INV013752,1,0,0.058386799259593336
INV013753,1,0,0.21775951433761212
INV013754,1,0,0.04552554715876466
INV013755,1,0,0.18335393225184118
INV013756,1,0,0.11937639406745508
INV013757,1,0,0.24903466534832064
INV013758,1,0,0.06677879584148694
INV013759,1,0,0.06465629019504879
INV013760,1,0,0.06808109044483439
INV013761,1,0,0.05227829639155032
INV013762,1,0,0.03546358507260132
INV013763,1,0,0.1792089354550118
INV013764,1,0,0.040486701806783904
INV013765,1,0,0.06958942487068073
INV013766,1,0,0.11127350426060767
INV013767,1,0,0.10011988229745106
INV013768,1,0,0.023328557171077218
INV013769,1,0,0.11447672708405889
INV013770,1,0,0.143749013164429
INV013771,1,0,0.05153257961700495
INV013772,1,0,0.10668526972837919
INV013773,1,0,0.10998096572325453
INV013774,1,0,0.3692400146745972
INV013775,1,0,0.15074067842495717
INV013776,1,0,0.028057077857655766
INV013777,1,0,0.13245612690922307
INV013778,1,0,0.1889341453043911
INV013779,1,0,0.12250043909559089
INV013780,1,0,0.08653384551372259
INV013781,1,0,0.21856599718976427
INV013782,1,0,0.18104189973178791
INV013783,1,0,0.3968506854851858
INV013784,1,0,0.053527494071361786
INV013785,1,0,0.06412991103976605
INV013786,1,0,0.413948055912746
INV013787,1,0,0.07353662395226153
INV013788,1,0,0.27212634271587505
INV013789,1,0,0.0527412121346894
INV013790,1,0,0.0859854688632691
INV013791,1,0,0.20816159715321192
INV013792,1,0,0.2271466620059824
INV013793,1,0,0.28458599965673426
INV013794,1,0,0.1218100354649538
INV013795,1,0,0.2678816466430636
INV013796,1,0,0.09391798748108272
INV013797,1,0,0.07237760666232261
INV013798,1,0,0.06376373443847205
INV013799,1,0,0.0679584671010046
INV013800,1,0,0.0732063225514993
INV013801,1,0,0.06534828645337305
INV013802,1,0,0.09667779762711785
INV013803,1,0,0.0740277419076291
INV013804,1,0,0.04736977463363585
INV013805,1,0,0.29248254340850716
INV013806,1,0,0.029308953341250395
INV013807,1,0,0.11279222489642649
INV013808,1,0,0.17741957261055055
INV013809,1,0,0.09332214916003423
INV013810,1,0,0.06078732608990719
INV013811,1,0,0.15719715058619638
INV013812,1,0,0.2508685032448807
INV013813,-1,1,0.4657700730418244
INV013814,1,0,0.06945247906102203
INV013815,1,0,0.13189778043933184
INV013816,-1,1,0.5079356718449622
INV013817,1,0,0.07612253550573325
INV013818,1,0,0.01700287017420849
INV013819,1,0,0.05077579686308118
INV013820,1,0,0.23268254003099167
INV013821,1,0,0.0701434758507548
INV013822,1,0,0.11285404301179906
INV013823,1,0,0.09213442124387466
INV013824,1,0,0.03343674107379645
INV013825,1,0,0.061612380829455964
INV013826,1,0,0.06271097175167081
INV013827,1,0,0.027539869508175323
INV013828,1,0,0.05384142620998414
INV013829,1,0,0.060515040410840486
INV013830,1,0,0.04086464008233903
INV013831,-1,1,0.4945473212079167
INV013832,1,0,0.18660379664624283
INV013833,1,0,0.15852056444926846
INV013834,-1,1,0.5705763291396793
INV013835,1,0,0.2498726949731101
INV013836,1,0,0.2436049736949105
INV013837,1,0,0.15825722566744074
INV013838,1,0,0.028405633701807393
INV013839,1,0,0.36513350958367036
INV013840,1,0,0.04616416366953019
INV013841,1,0,0.10106323389830997
INV013842,1,0,0.26155041547652486
INV013843,1,0,0.08211181263920801
INV013844,1,0,0.06027594071860675
INV013845,1,0,0.08055688638364256
INV013846,1,0,0.06174193346716285
INV013847,1,0,0.015142120651914354
INV013848,1,0,0.0819428444442665
INV013849,1,0,0.01989227411917729
INV013850,1,0,0.1955589210037289
INV013851,1,0,0.08307537888130555
INV013852,1,0,0.09217765840049623
INV013853,1,0,0.11987467852339781
INV013854,1,0,0.1399059370250653
INV013855,1,0,0.17896296729872377
INV013856,1,0,0.18658322661885887
INV013857,1,0,0.0932275065473932
INV013858,1,0,0.05621421285870904
INV013859,1,0,0.05573227282118058
INV013860,1,0,0.03916415380991798
INV013861,1,0,0.021160130796984384
INV013862,1,0,0.34701259040452054
INV013863,1,0,0.07547647665380683
INV013864,1,0,0.07270146058960372
INV013865,1,0,0.2354875360887813
INV013866,1,0,0.08154152549092093
INV013867,1,0,0.10855429990101251
INV013868,1,0,0.06190636024632641
INV013869,1,0,0.22643433783641567
INV013870,1,0,0.10418242643699911
INV013871,-1,1,0.6400338445877105
INV013872,1,0,0.07148751103428054
INV013873,1,0,0.09316421134631116
INV013874,1,0,0.18204249720655194
INV013875,1,0,0.057870092813606146
INV013876,1,0,0.04084281743498439
INV013877,1,0,0.20931118436258242
INV013878,1,0,0.09923107413312908
INV013879,1,0,0.04617679019756151
INV013880,1,0,0.02963766893705368
INV013881,1,0,0.08402254257346056
INV013882,1,0,0.09924109226664424
INV013883,1,0,0.04749318876082687
INV013884,1,0,0.2619706597146156
INV013885,1,0,0.0352405705352458
INV013886,1,0,0.2949341966290095
INV013887,-1,1,0.4379281632324833
INV013888,1,0,0.04421995151368825
INV013889,1,0,0.16039012338934291
INV013890,1,0,0.1009401871614247
INV013891,-1,1,0.423442567034106
INV013892,1,0,0.13731766300273207
INV013893,1,0,0.02761387655157991
INV013894,1,0,0.08861446386619778
INV013895,1,0,0.0864367690208153
INV013896,1,0,0.09763429691596125
INV013897,1,0,0.07211347534573587
INV013898,1,0,0.08810917285388524
INV013899,1,0,0.1727939981459551
INV013900,1,0,0.02246227196125446
INV013901,1,0,0.3413392792994197
INV013902,1,0,0.05532835387175532
INV013903,1,0,0.11979294368040348
INV013904,1,0,0.06576404186049371
INV013905,1,0,0.022996364045487504
INV013906,1,0,0.14166880200671786
INV013907,1,0,0.24479453696527695
INV013908,1,0,0.1044779984367146
INV013909,1,0,0.07145869807166784
INV013910,1,0,0.10358615210931275
INV013911,1,0,0.17246681596915764
INV013912,1,0,0.18065144588610524
INV013913,1,0,0.05037418138393022
INV013914,1,0,0.10751965247690164
INV013915,1,0,0.02533179144604895
INV013916,1,0,0.09278073540488471
INV013917,1,0,0.0380024922173949
INV013918,1,0,0.1886240390431497
INV013919,1,0,0.11915121648182417
INV013920,1,0,0.11563750202494917
INV013921,1,0,0.026243205675118297
INV013922,1,0,0.05584097098152583
INV013923,1,0,0.04441096561933052
INV013924,1,0,0.064570233792094
INV013925,1,0,0.06545884665074467
INV013926,-1,1,0.42535398772090355
INV013927,1,0,0.1007205475390549
INV013928,1,0,0.07446398134974917
INV013929,1,0,0.1463501308810627
INV013930,1,0,0.07467776876071339
INV013931,1,0,0.04271279033362769
INV013932,1,0,0.1593540724651633
INV013933,1,0,0.06733676176119581
INV013934,1,0,0.23893474178325955
INV013935,1,0,0.02220434173810829
INV013936,1,0,0.41729838732637115
INV013937,1,0,0.10138728142423029
INV013938,1,0,0.18074413841351908
INV013939,1,0,0.11095964625009205
INV013940,1,0,0.06834982026292959
INV013941,1,0,0.07819849893051829
INV013942,1,0,0.11144211261708951
INV013943,1,0,0.18107605308665414
INV013944,1,0,0.09534988467556435
INV013945,1,0,0.17553100566045596
INV013946,1,0,0.07891706353885455
INV013947,1,0,0.06137425857818776
INV013948,1,0,0.04965862402570512
INV013949,1,0,0.16285691002416106
INV013950,1,0,0.11035589912194578
INV013951,1,0,0.11653233789038636
INV013952,1,0,0.12092995621605523
INV013953,1,0,0.17572766554681774
INV013954,1,0,0.01743009545140076
INV013955,1,0,0.08253812965931806
INV013956,1,0,0.2866568558948044
INV013957,1,0,0.0993430259682176
INV013958,1,0,0.20709856772718416
INV013959,1,0,0.350175133456988
INV013960,-1,1,0.5755177156647948
INV013961,1,0,0.04964375878037907
INV013962,1,0,0.0501063505552596
INV013963,1,0,0.27908724542792757
INV013964,1,0,0.04752453923846153
INV013965,1,0,0.07615520767012163
INV013966,1,0,0.13735627777826748
INV013967,1,0,0.02484301463260523
INV013968,1,0,0.08775176010521706
INV013969,1,0,0.17768883084152517
INV013970,1,0,0.009556665680687878
INV013971,1,0,0.08098409348986044
INV013972,1,0,0.20381767022870642
INV013973,1,0,0.0304088139770487
INV013974,1,0,0.07940858849993952
INV013975,1,0,0.21895508351443962
INV013976,1,0,0.19222370950799256
INV013977,1,0,0.3010466364721853
INV013978,1,0,0.1288872942795261
INV013979,1,0,0.13141987640990113
INV013980,1,0,0.06340384999027195
INV013981,1,0,0.22504302692263894
INV013982,1,0,0.3759506912281697
INV013983,1,0,0.061975114016098835
INV013984,1,0,0.16366162122149103
INV013985,1,0,0.23755403359065508
INV013986,1,0,0.23388945809227088
INV013987,1,0,0.22282414487017094
INV013988,1,0,0.1337835178344737
INV013989,1,0,0.1928416500246062
INV013990,1,0,0.2785487504976568
INV013991,1,0,0.12820341006290834
INV013992,1,0,0.050867685940054835
INV013993,1,0,0.11165823052897768
INV013994,1,0,0.2288571524805188
INV013995,1,0,0.36869605350885193
INV013996,1,0,0.043841878669220964
INV013997,1,0,0.09136843784391317
INV013998,1,0,0.24094923430167375
INV013999,1,0,0.19665635892132965
INV014000,1,0,0.02781126204010376
INV014001,1,0,0.21463000534000687
INV014002,1,0,0.20370147457840912
INV014003,1,0,0.05478595702211974
INV014004,1,0,0.030276782590983705
INV014005,1,0,0.02399886577069652
INV014006,1,0,0.05616711223152083
INV014007,-1,1,0.5713515386280835
INV014008,1,0,0.06636399499823994
INV014009,1,0,0.10383123980406618
INV014010,1,0,0.20064171691334134
INV014011,1,0,0.04955790007395927
INV014012,1,0,0.24509894952125424
INV014013,1,0,0.06754734055523073
INV014014,1,0,0.013996508435755802
INV014015,1,0,0.13862616652138104
INV014016,1,0,0.0989763972250619
INV014017,1,0,0.19799595981586074
INV014018,1,0,0.11784772586840868
INV014019,1,0,0.28514202091371676
INV014020,1,0,0.0441282868255223
INV014021,1,0,0.08677177461604443
INV014022,1,0,0.09442057360170795
INV014023,1,0,0.39309838696399635
INV014024,1,0,0.1708276661014825
INV014025,1,0,0.22698799171764877
INV014026,1,0,0.07172395065634196
INV014027,1,0,0.045521928739020986
INV014028,1,0,0.061972271225059924
INV014029,1,0,0.13202606521019808
INV014030,-1,1,0.6630928486050379
INV014031,1,0,0.10477149203763733
INV014032,1,0,0.04066020203865358
INV014033,1,0,0.11296453405531846
INV014034,1,0,0.14351926668040035
INV014035,1,0,0.09081778060066362
INV014036,1,0,0.21034504155007697
INV014037,1,0,0.12597321942684236
INV014038,1,0,0.0847781930509072
INV014039,1,0,0.07219176918073095
INV014040,1,0,0.1092548481118573
INV014041,1,0,0.12304538764444521
INV014042,1,0,0.06095208092408264
INV014043,1,0,0.26228733899899975
INV014044,1,0,0.019485933880225095
INV014045,1,0,0.09931705910776625
INV014046,1,0,0.051316840837047746
INV014047,1,0,0.07278048381353257
INV014048,1,0,0.265176341501749
INV014049,1,0,0.31154498212688797
INV014050,1,0,0.10498911474346212
INV014051,1,0,0.03139265355242662
INV014052,1,0,0.04460496731274417
INV014053,1,0,0.1407787256872234
INV014054,1,0,0.12403521029156374
INV014055,1,0,0.20725110292192087
INV014056,-1,1,0.753816319783574
INV014057,1,0,0.07130018460258691
INV014058,1,0,0.11981609644889771
INV014059,-1,1,0.5047064879779225
INV014060,1,0,0.03038484439134608
INV014061,1,0,0.07535297213843332
INV014062,1,0,0.024044615523741906
INV014063,1,0,0.11388652926113346
INV014064,1,0,0.01736365749910903
INV014065,1,0,0.19708383633363868
INV014066,1,0,0.07700097303008951
INV014067,1,0,0.3400299295668839
INV014068,1,0,0.023707702947474263
INV014069,1,0,0.10096016667195026
INV014070,1,0,0.11270440041000664
INV014071,1,0,0.06853123892461577
INV014072,1,0,0.09691918072183264
INV014073,-1,1,0.5800966546748889
INV014074,1,0,0.038022778953546936
INV014075,1,0,0.249245772462797
INV014076,1,0,0.20526742260001207
INV014077,1,0,0.044021136885443866
INV014078,1,0,0.03642589111559535
INV014079,1,0,0.11451620215141717
INV014080,1,0,0.06671795817158739
INV014081,1,0,0.06418270030117465
INV014082,1,0,0.10990026256288839
INV014083,1,0,0.11320577080021316
INV014084,-1,1,0.45555879904027563
INV014085,1,0,0.06632864942737304
INV014086,-1,1,0.5409663657273216
INV014087,1,0,0.05507427560447206
INV014088,1,0,0.06512990037397998
INV014089,1,0,0.044475157450879765
INV014090,1,0,0.14429640150181433
INV014091,1,0,0.22928895719122108
INV014092,1,0,0.20857068403619924
INV014093,-1,1,0.5456482434193599
INV014094,1,0,0.14716568474681097
INV014095,1,0,0.10357805116141741
INV014096,1,0,0.07564949635591724
INV014097,1,0,0.06581545503926668
INV014098,1,0,0.15820094771093718
INV014099,1,0,0.12753666727538807
INV014100,1,0,0.10416923743787965
INV014101,1,0,0.12660374840324137
INV014102,1,0,0.0533814019963303
INV014103,1,0,0.24506629181721837
INV014104,1,0,0.21452012278784985
INV014105,1,0,0.011740519013206057
INV014106,1,0,0.1056226995692147
INV014107,1,0,0.13098262851646653
INV014108,-1,1,0.546185213739131
INV014109,1,0,0.055290529972683335
INV014110,1,0,0.07694701096963251
INV014111,1,0,0.19035020420164842
INV014112,1,0,0.09153413470052599
INV014113,1,0,0.13130847370395346
INV014114,1,0,0.0603608056112443
INV014115,1,0,0.026259761098722707
INV014116,1,0,0.025076499805570238
INV014117,1,0,0.1001664867845207
INV014118,1,0,0.38750367973801236
INV014119,1,0,0.14770393667368295
INV014120,1,0,0.361740345554524
INV014121,1,0,0.17434534563640794
INV014122,1,0,0.16074386152209985
INV014123,1,0,0.41350241946961286
INV014124,1,0,0.0911949994366019
INV014125,1,0,0.14495870150451315
INV014126,1,0,0.06139865276286917
INV014127,1,0,0.1522604217483792
INV014128,1,0,0.3665944336919636
INV014129,1,0,0.3752931306200444
INV014130,1,0,0.09664506519464766
INV014131,1,0,0.1774013597198766
INV014132,1,0,0.03344085839764005
INV014133,1,0,0.06439164653137919
INV014134,1,0,0.09631759309526522
INV014135,1,0,0.1272114035714343
INV014136,1,0,0.02500526370525451
INV014137,1,0,0.042443203315559785
INV014138,1,0,0.25916885969142783
INV014139,1,0,0.025096625617770985
INV014140,1,0,0.042116746705263386
INV014141,1,0,0.03910592777524927
INV014142,1,0,0.22905113986406792
INV014143,1,0,0.3796245109336132
INV014144,1,0,0.10766228863346199
INV014145,1,0,0.029840539743875495
INV014146,1,0,0.06857811950836307
INV014147,1,0,0.05441860195263742
INV014148,1,0,0.20936449537056928
INV014149,1,0,0.062052609883294724
INV014150,1,0,0.4151627402145578
INV014151,1,0,0.011572636787545157
INV014152,1,0,0.09599331143543911
INV014153,1,0,0.06318566625845762
INV014154,1,0,0.0637290989253993
INV014155,1,0,0.09849721550718119
INV014156,1,0,0.033911672050895174
INV014157,1,0,0.08149206699978757
INV014158,1,0,0.011069598665114524
INV014159,1,0,0.0807079520286177
INV014160,1,0,0.09780008388774142
INV014161,1,0,0.04320661137059242
INV014162,1,0,0.11649820109367388
INV014163,1,0,0.071716426646947
INV014164,1,0,0.09586510278949709
INV014165,1,0,0.22862519080518232
INV014166,1,0,0.1637478281025794
INV014167,1,0,0.07413372673705419
INV014168,1,0,0.06773000577126483
INV014169,1,0,0.11452002248362549
INV014170,1,0,0.0479913808227248
INV014171,1,0,0.025508698223381733
INV014172,-1,1,0.4930275858512573
INV014173,1,0,0.02337163338841877
INV014174,1,0,0.06160553880386969
INV014175,1,0,0.053874040193835376
INV014176,1,0,0.14749416919196862
INV014177,1,0,0.07443737026863928
INV014178,1,0,0.10309626558497402
INV014179,1,0,0.148086914219292
INV014180,1,0,0.03228651411130442
INV014181,1,0,0.11015565970398448
INV014182,1,0,0.06493045293231614
INV014183,1,0,0.04820791585228249
INV014184,1,0,0.17595719229418363
INV014185,1,0,0.042547854229213394
INV014186,1,0,0.20820799648227706
INV014187,1,0,0.05467402573426946
INV014188,1,0,0.05636446029445071
INV014189,1,0,0.16494447496690387
INV014190,-1,1,0.555396036605643
INV014191,1,0,0.18750450619395723
INV014192,1,0,0.15346142260690468
INV014193,1,0,0.003432784632156471
INV014194,1,0,0.06162395313870669
INV014195,1,0,0.18322942369898707
INV014196,1,0,0.1820410167158055
INV014197,1,0,0.06457007416395696
INV014198,1,0,0.029714779835495444
INV014199,1,0,0.32530697425597616
INV014200,1,0,0.11392314439132901
INV014201,1,0,0.12320588009938258
INV014202,1,0,0.24721065512672946
INV014203,1,0,0.0233937651584526
INV014204,1,0,0.24114212936518142
INV014205,1,0,0.14875634237440033
INV014206,1,0,0.10007569182859516
INV014207,1,0,0.26508345452545956
INV014208,1,0,0.2830360527815465
INV014209,1,0,0.19419394578495353
INV014210,1,0,0.1653231408457098
INV014211,1,0,0.074178965801259
INV014212,1,0,0.06612164654596275
INV014213,1,0,0.04112756076645144
INV014214,1,0,0.1427409245134886
INV014215,1,0,0.023942227274001273
INV014216,1,0,0.2398331636975257
INV014217,1,0,0.006934511222399585
INV014218,1,0,0.09845088104304167
INV014219,1,0,0.14571024953620434
INV014220,1,0,0.01895103931619267
INV014221,1,0,0.39109940641073326
INV014222,1,0,0.18882263191705348
INV014223,1,0,0.13013013929151232
INV014224,1,0,0.20978855530237306
INV014225,1,0,0.07028658426161523
INV014226,1,0,0.11175778779450024
INV014227,1,0,0.05909520908569392
INV014228,1,0,0.3056448542480255
INV014229,1,0,0.08095311803782114
INV014230,1,0,0.16135851591421674
INV014231,1,0,0.1288983717615898
INV014232,1,0,0.10961368102243124
INV014233,1,0,0.19099840280475797
INV014234,1,0,0.114556245411808
INV014235,1,0,0.026552616751895304
INV014236,1,0,0.11903409764677873
INV014237,1,0,0.08287120215895383
INV014238,1,0,0.06254849096443836
INV014239,1,0,0.1082355109404675
INV014240,1,0,0.05555573390136146
INV014241,-1,1,0.5835893767434089
INV014242,1,0,0.29315438816615597
INV014243,1,0,0.17030456610389902
INV014244,1,0,0.06077772604770724
INV014245,1,0,0.08539615452732598
INV014246,1,0,0.06363043558763033
INV014247,1,0,0.05288218146925067
INV014248,1,0,0.24819640195976111
INV014249,1,0,0.029360925374535513
INV014250,1,0,0.052516896895562694
INV014251,1,0,0.08544026387450016
INV014252,1,0,0.012673887438133599
INV014253,-1,1,0.6238996578320903
INV014254,1,0,0.05278975262755426
INV014255,1,0,0.2585176265561426
INV014256,1,0,0.26105911498097206
INV014257,1,0,0.07944794369873269
INV014258,1,0,0.08450582660971326
INV014259,1,0,0.15413686909879976
INV014260,1,0,0.08762398619368206
INV014261,1,0,0.10630700026719193
INV014262,1,0,0.02871720587207885
INV014263,1,0,0.05745801756567035
INV014264,1,0,0.12613590857288437
INV014265,1,0,0.01847551136648651
INV014266,1,0,0.058991895475922373
INV014267,1,0,0.14827263039748972
INV014268,1,0,0.15256384220745783
INV014269,1,0,0.40783007273718064
INV014270,1,0,0.12777956695895562
INV014271,1,0,0.11827300179092322
INV014272,1,0,0.05893756518165112
INV014273,1,0,0.02504452073120736
INV014274,1,0,0.4153457489013658
INV014275,1,0,0.044140778696026534
INV014276,1,0,0.0340242871416124
INV014277,1,0,0.0539674275799872
INV014278,1,0,0.06393786730270058
INV014279,1,0,0.0455618454251353
INV014280,1,0,0.07238555542491422
INV014281,1,0,0.06130988793182715
INV014282,1,0,0.34379935649629345
INV014283,1,0,0.037118092135501705
INV014284,1,0,0.05545966099110934
INV014285,1,0,0.3882381470327086
INV014286,1,0,0.16835211379745832
INV014287,1,0,0.07875764533612309
INV014288,1,0,0.12117220975464751
INV014289,1,0,0.16113073528099411
INV014290,1,0,0.15951482336846415
INV014291,1,0,0.0379558043346259
INV014292,1,0,0.2105105613746451
INV014293,-1,1,0.4627999696451714
INV014294,1,0,0.04404645118922248
INV014295,1,0,0.12338285386219269
INV014296,1,0,0.03958917000987441
INV014297,1,0,0.0945563879736652
INV014298,1,0,0.08616498040691722
INV014299,1,0,0.04429922936278854
INV014300,1,0,0.40490441748708444
INV014301,1,0,0.11917070691516755
INV014302,1,0,0.08210791889125967
INV014303,1,0,0.2153461993071042
INV014304,1,0,0.10357000831927778
INV014305,1,0,0.05576982163945164
INV014306,1,0,0.09294360291743374
INV014307,1,0,0.026037484119881844
INV014308,1,0,0.16713181263464877
INV014309,1,0,0.14455929227402356
INV014310,1,0,0.07873813505499924
INV014311,1,0,0.16848430962841965
INV014312,1,0,0.04320323488826711
INV014313,1,0,0.09574867802608963
INV014314,1,0,0.07975926546377479
INV014315,1,0,0.0908194335142195
INV014316,1,0,0.07719226051783366
INV014317,1,0,0.01086606285107047
INV014318,1,0,0.07646564830154479
INV014319,1,0,0.04091240036301817
INV014320,1,0,0.09787850823685337
INV014321,1,0,0.09517563222930535
INV014322,1,0,0.04491435719386764
INV014323,1,0,0.01941597071694232
INV014324,1,0,0.07925406587171015
INV014325,1,0,0.04014527913635678
INV014326,1,0,0.04957152969602728
INV014327,1,0,0.32922716660535706
INV014328,1,0,0.11120724555408722
INV014329,1,0,0.09595931369291301
INV014330,1,0,0.09065362612194786
INV014331,1,0,0.174347680789518
INV014332,1,0,0.0805614277627684
INV014333,1,0,0.014572918533108022
INV014334,1,0,0.02400998979213456
INV014335,1,0,0.228858432774235
INV014336,1,0,0.0435195162541485
INV014337,1,0,0.027165086102450844
INV014338,1,0,0.06757812143548372
INV014339,1,0,0.05193648352716318
INV014340,1,0,0.20118189738661052
INV014341,1,0,0.1368256404725448
INV014342,1,0,0.06750165827786767
INV014343,1,0,0.03735711826869285
INV014344,1,0,0.14639367091924135
INV014345,1,0,0.24611707453013135
INV014346,1,0,0.06312940291031546
INV014347,1,0,0.1637864445791219
INV014348,1,0,0.20087118410006916
INV014349,1,0,0.1815120287410935
INV014350,1,0,0.04126622306844441
INV014351,1,0,0.2105798054392264
INV014352,1,0,0.19400096434214992
INV014353,1,0,0.03455736573253471
INV014354,1,0,0.01767401380981599
INV014355,1,0,0.1726451088485757
INV014356,1,0,0.05280590497502396
INV014357,1,0,0.13425321811788274
INV014358,1,0,0.1262072285996986
INV014359,1,0,0.10095347140783033
INV014360,1,0,0.17597383669991773
INV014361,1,0,0.09897938438311188
INV014362,1,0,0.10473170403837694
INV014363,1,0,0.06420605606046767
INV014364,1,0,0.13768082187190644
INV014365,1,0,0.09432527354824984
INV014366,1,0,0.040448681308909176
INV014367,1,0,0.08724122102026627
INV014368,1,0,0.05426195242598414
INV014369,1,0,0.03627898443469075
INV014370,1,0,0.17833756958677002
INV014371,1,0,0.14683684601901129
INV014372,1,0,0.3620024835028568
INV014373,-1,1,0.4597499319036452
INV014374,1,0,0.07354714411258405
INV014375,1,0,0.06581396896590254
INV014376,-1,1,0.5339966965655436
INV014377,1,0,0.002137713731875479
INV014378,1,0,0.10022874378323854
INV014379,1,0,0.03150165747378723
INV014380,1,0,0.07592142704437682
INV014381,1,0,0.26138113193908447
INV014382,1,0,0.07034681305146387
INV014383,1,0,0.08818780803334156
INV014384,1,0,0.1544511295452141
INV014385,-1,1,0.4966191420855552
INV014386,1,0,0.21635915234331102
INV014387,1,0,0.0480656597947308
INV014388,1,0,0.22078069530732963
INV014389,1,0,0.05203398449077697
INV014390,1,0,0.15338728226527415
INV014391,1,0,0.10520986239280909
INV014392,1,0,0.07257642497451912
INV014393,1,0,0.11655659920983544
INV014394,1,0,0.08894619429933326
INV014395,-1,1,0.654804861686104
INV014396,1,0,0.06813851840603477
INV014397,1,0,0.03217874499931575
INV014398,1,0,0.12063310488850013
INV014399,1,0,0.022158284682778546
INV014400,1,0,0.046697112572858586
INV014401,1,0,0.18153897839773095
INV014402,1,0,0.17116676184927873
INV014403,1,0,0.07543568442334103
INV014404,1,0,0.05100100408405335
INV014405,1,0,0.029505876298941226
INV014406,1,0,0.061202964209711455
INV014407,1,0,0.03174445443270509
INV014408,1,0,0.20467831192151142
INV014409,1,0,0.016772301819336047
INV014410,1,0,0.3982840170068234
INV014411,1,0,0.1037034999037672
INV014412,1,0,0.07394242837769144
INV014413,-1,1,0.4299674606372622
INV014414,1,0,0.010058833969995256
INV014415,1,0,0.08146649690978416
INV014416,1,0,0.047305038947928264
INV014417,1,0,0.049723716924710774
INV014418,1,0,0.13977252244374516
INV014419,1,0,0.09248623505340839
INV014420,1,0,0.14134017373925953
INV014421,1,0,0.06240217070971947
INV014422,1,0,0.08214655974989099
INV014423,1,0,0.17252102952842482
INV014424,1,0,0.050664320863007956
INV014425,1,0,0.173654312733203
INV014426,1,0,0.10579403948572631
INV014427,1,0,0.04194034125284255
INV014428,1,0,0.33471581892303787
INV014429,1,0,0.0775046275652254
INV014430,1,0,0.07038888479669601
INV014431,1,0,0.2855582177989345
INV014432,1,0,0.04717753275107108
INV014433,-1,1,0.5676037707720307
INV014434,1,0,0.13863415739035012
INV014435,1,0,0.03038353497588612
INV014436,1,0,0.07485398134594237
INV014437,1,0,0.1611732650835176
INV014438,1,0,0.033523288577393555
INV014439,1,0,0.09138297086361885
INV014440,1,0,0.10569786605380885
INV014441,1,0,0.07470390616904157
INV014442,1,0,0.08469095935419231
INV014443,1,0,0.1272134547239831
INV014444,1,0,0.16156487422418644
INV014445,1,0,0.07477524620861092
INV014446,1,0,0.15724628176101274
INV014447,1,0,0.05737126332591964
INV014448,1,0,0.031872242233769374
INV014449,1,0,0.016515366693780207
INV014450,1,0,0.07764787913331692
INV014451,1,0,0.12058074702940969
INV014452,1,0,0.030029010832506944
INV014453,1,0,0.055171972878848376
INV014454,1,0,0.14455588498625976
INV014455,1,0,0.07135836064793977
INV014456,1,0,0.05605442012582195
INV014457,1,0,0.06513914825645935
INV014458,-1,1,0.5255815835528621
INV014459,1,0,0.1007582566700712
INV014460,1,0,0.07909625183361611
INV014461,1,0,0.03700200703143625
INV014462,1,0,0.21469077260696093
INV014463,1,0,0.09508707610477832
INV014464,1,0,0.2076598921815345
INV014465,1,0,0.05272763186067402
INV014466,1,0,0.04066172178195401
INV014467,1,0,0.1286661173870448
INV014468,1,0,0.35184671300098325
INV014469,1,0,0.10324587118890387
INV014470,1,0,0.17536065076770505
INV014471,1,0,0.041225630243210194
INV014472,1,0,0.30591839686802486
INV014473,1,0,0.11321357309176634
INV014474,1,0,0.09046497437157959
INV014475,1,0,0.07385862273590776
INV014476,1,0,0.033566819830630784
INV014477,1,0,0.06994475123590137
INV014478,1,0,0.17472401837057033
INV014479,1,0,0.06508329749070162
INV014480,1,0,0.03330026979282579
INV014481,1,0,0.02443925106200786
INV014482,1,0,0.16088079491489524
INV014483,1,0,0.16549415858487804
INV014484,1,0,0.13411337944605048
INV014485,1,0,0.14299860020869545
INV014486,1,0,0.1563823270916009
INV014487,1,0,0.07544706983136983
INV014488,1,0,0.031223786855065338
INV014489,1,0,0.13704594634732511
INV014490,1,0,0.02880024497966914
INV014491,1,0,0.15832410500041338
INV014492,1,0,0.05513980964351544
INV014493,1,0,0.10878040469366508
INV014494,1,0,0.10728023857671662
INV014495,1,0,0.06258933854639856
INV014496,1,0,0.06762686221868905
INV014497,1,0,0.15876173319704687
INV014498,1,0,0.11614035956518558
INV014499,1,0,0.25510853156908725
INV014500,1,0,0.05433934634219676
INV014501,1,0,0.37373845749440443
INV014502,1,0,0.030237109634777444
INV014503,1,0,0.0516462880610505
INV014504,1,0,0.36749179131543636
INV014505,1,0,0.0580978882133977
INV014506,1,0,0.08342173947587629
INV014507,1,0,0.05184517989947746
INV014508,1,0,0.03106775678998684
INV014509,1,0,0.18048148275731773
INV014510,1,0,0.06806977699885426
INV014511,1,0,0.0641742870832805
INV014512,1,0,0.0793680177646987
INV014513,1,0,0.09645022895187691
INV014514,1,0,0.036773811961129645
INV014515,1,0,0.25651096421875863
INV014516,1,0,0.07180860816714615
INV014517,1,0,0.2584526816354022
INV014518,1,0,0.09717509305326291
INV014519,1,0,0.04895872525034822
INV014520,1,0,0.07744160824553327
INV014521,1,0,0.12281351930024337
INV014522,1,0,0.08434728376106472
INV014523,1,0,0.03794795093917748
INV014524,1,0,0.2913720349370889
INV014525,1,0,0.05876452946148243
INV014526,1,0,0.06909991868504657
INV014527,1,0,0.12051876335592755
INV014528,1,0,0.07797910144772117
INV014529,-1,1,0.49060334616836854
INV014530,1,0,0.14285816376667745
INV014531,1,0,0.10322358937247478
INV014532,1,0,0.05180354857656592
INV014533,1,0,0.12627105689322451
INV014534,1,0,0.2030804130541845
INV014535,1,0,0.03343558484194899
INV014536,1,0,0.034720084354434265
INV014537,1,0,0.15726998063036798
INV014538,1,0,0.10199249194571491
INV014539,1,0,0.14041625294788895
INV014540,1,0,0.03707657439731386
INV014541,1,0,0.09609738879518669
INV014542,1,0,0.38556021404599855
INV014543,1,0,0.05873070510363106
INV014544,1,0,0.013915512431046547
INV014545,1,0,0.011869060299937907
INV014546,1,0,0.05189541973230278
INV014547,1,0,0.13233840949131012
INV014548,1,0,0.055438061579866534
INV014549,1,0,0.1829742090838212
INV014550,1,0,0.010000206364050255
INV014551,1,0,0.08988960205249155
INV014552,1,0,0.32193006533170715
INV014553,1,0,0.0909869566225115
INV014554,1,0,0.30643110496118553
INV014555,1,0,0.07323816442194293
INV014556,1,0,0.031325766305755835
INV014557,1,0,0.15302538418037673
INV014558,1,0,0.0802027785971485
INV014559,1,0,0.10340218958986526
INV014560,1,0,0.10606936389977459
INV014561,-1,1,0.44437784292424226
INV014562,1,0,0.05974905609014275
INV014563,1,0,0.08222488294890126
INV014564,1,0,0.07435963724120845
INV014565,1,0,0.18719788333296833
INV014566,1,0,0.11559089972051918
INV014567,1,0,0.07403028336730533
INV014568,1,0,0.1825711821692493
INV014569,1,0,0.024995688131248403
INV014570,1,0,0.16745373904176744
INV014571,1,0,0.014066596222860132
INV014572,1,0,0.05375973212513856
INV014573,1,0,0.09210204117627625
INV014574,1,0,0.11569276268658478
INV014575,1,0,0.04620550710270445
INV014576,1,0,0.2659159803735613
INV014577,1,0,0.10188101559187798
INV014578,1,0,0.04872653062645932
INV014579,1,0,0.06390861628883633
INV014580,1,0,0.273907835857767
INV014581,1,0,0.11772823522913407
INV014582,1,0,0.03956110793330037
INV014583,1,0,0.09654785056736302
INV014584,1,0,0.3082917755654472
INV014585,-1,1,0.4208808495608765
INV014586,1,0,0.0948529774598757
INV014587,1,0,0.051024557994909805
INV014588,1,0,0.04165225091580511
INV014589,1,0,0.06064324530251973
INV014590,1,0,0.04826597876275503
INV014591,1,0,0.07318986639197368
INV014592,1,0,0.05763578024274815
INV014593,1,0,0.17789174122886664
INV014594,1,0,0.08324902337637925
INV014595,1,0,0.04029355875803775
INV014596,1,0,0.02962481129299277
INV014597,1,0,0.12041909503968133
INV014598,1,0,0.09721199105811358
INV014599,1,0,0.11184158230381933
INV014600,1,0,0.02864976130048569
INV014601,1,0,0.07308095624457844
INV014602,1,0,0.06715791898838339
INV014603,1,0,0.0537831653814742
INV014604,1,0,0.17574415375471608
INV014605,1,0,0.05084823180049814
INV014606,1,0,0.09875600091131964
INV014607,1,0,0.019021493439147517
INV014608,1,0,0.10806960083521104
INV014609,1,0,0.0739332565939993
INV014610,1,0,0.2622548461080721
INV014611,1,0,0.05653055165078682
INV014612,-1,1,0.5465409653336453
INV014613,1,0,0.025791370281380892
INV014614,1,0,0.062255780536123115
INV014615,1,0,0.028759839330964935
INV014616,1,0,0.1966103594885149
INV014617,-1,1,0.5273887798718145
INV014618,1,0,0.11577242057037436
INV014619,1,0,0.14098673445137652
INV014620,1,0,0.12617370407027023
INV014621,1,0,0.14066791411170249
INV014622,1,0,0.049135301993929736
INV014623,1,0,0.18122171635854334
INV014624,1,0,0.10718096472126679
INV014625,1,0,0.3320822834115308
INV014626,1,0,0.029525156316039344
INV014627,1,0,0.08837043675124721
INV014628,1,0,0.05421308788034014
INV014629,1,0,0.2655732628907578
INV014630,1,0,0.12274840098614788
INV014631,1,0,0.3592952933948609
INV014632,1,0,0.16639373521092812
INV014633,1,0,0.02459030600146381
INV014634,1,0,0.012846344286162126
INV014635,1,0,0.051701820185885164
INV014636,-1,1,0.4437025456772885
INV014637,1,0,0.05058871544985663
INV014638,1,0,0.1335028557222022
INV014639,1,0,0.10896631207723809
INV014640,-1,1,0.8271348319363727
INV014641,1,0,0.2402723521667331
INV014642,1,0,0.10711097090669597
INV014643,1,0,0.06961557979835385
INV014644,1,0,0.04243672411448361
INV014645,1,0,0.14460475942697648
INV014646,1,0,0.0440403254156257
INV014647,1,0,0.15486107250516581
INV014648,1,0,0.08770420918065437
INV014649,1,0,0.046985179634516025
INV014650,1,0,0.049239327537119994
INV014651,1,0,0.016767490167623973
INV014652,1,0,0.11705568783194699
INV014653,1,0,0.3015359949268152
INV014654,1,0,0.05188782960854902
INV014655,1,0,0.07130108539577702
INV014656,1,0,0.3008144545839589
INV014657,1,0,0.03679938651919136
INV014658,1,0,0.19036372391080014
INV014659,1,0,0.16857980540718012
INV014660,1,0,0.027618087825652043
INV014661,1,0,0.050540038456373754
INV014662,1,0,0.01734483217566667
INV014663,1,0,0.07256034508859391
INV014664,-1,1,0.45572665744234325
INV014665,-1,1,0.43074037076296723
INV014666,1,0,0.0890311137717464
INV014667,1,0,0.14141403347003018
INV014668,1,0,0.10835214325081438
INV014669,-1,1,0.6244485239444287
INV014670,1,0,0.30764795937740563
INV014671,1,0,0.13092158977067533
INV014672,1,0,0.039638925613753095
INV014673,-1,1,0.7726482920553056
INV014674,1,0,0.10400276312516948
INV014675,1,0,0.21119504445671847
INV014676,1,0,0.09134840914479288
INV014677,1,0,0.14241972242745182
INV014678,1,0,0.06839136815422488
INV014679,1,0,0.39952270447412025
INV014680,1,0,0.08349293287164301
INV014681,1,0,0.1166081681427398
INV014682,1,0,0.10942545748212518
INV014683,1,0,0.036578113471552355
INV014684,-1,1,0.45479169511918716
INV014685,1,0,0.039877900110899284
INV014686,1,0,0.10887167385511563
INV014687,1,0,0.2227993658883256
INV014688,1,0,0.019459545905284942
INV014689,1,0,0.17611861212624585
INV014690,1,0,0.269411060892253
INV014691,1,0,0.4048107350208156
INV014692,1,0,0.12362733871214644
INV014693,1,0,0.10190665730413966
INV014694,-1,1,0.6722117898667105
INV014695,1,0,0.09486879039517704
INV014696,1,0,0.039950902548527525
INV014697,1,0,0.03557709681848192
INV014698,1,0,0.027549866543412887
INV014699,1,0,0.12848459005866972
INV014700,1,0,0.06901144576456184
INV014701,1,0,0.16294090792127974
INV014702,1,0,0.2845086998275205
INV014703,1,0,0.17715736343600033
INV014704,1,0,0.18573612961374256
INV014705,1,0,0.04364350117320914
INV014706,1,0,0.058717844684321736
INV014707,1,0,0.05275949058041889
INV014708,-1,1,0.4946294819108864
INV014709,1,0,0.061133229379208315
INV014710,1,0,0.30865607413645707
INV014711,1,0,0.10805420379480407
INV014712,1,0,0.1302632380107968
INV014713,1,0,0.03837927739797
INV014714,1,0,0.07294551862479061
INV014715,1,0,0.11388184712861905
INV014716,1,0,0.12589197883968217
INV014717,1,0,0.34905859998327304
INV014718,-1,1,0.46287498698116064
INV014719,1,0,0.16687854279975717
INV014720,1,0,0.10638103271260467
INV014721,1,0,0.24880075156593953
INV014722,1,0,0.10385924001899799
INV014723,1,0,0.07502715571569415
INV014724,1,0,0.17282631725765243
INV014725,1,0,0.046275412768326245
INV014726,1,0,0.041894814333860435
INV014727,1,0,0.1089967380008584
INV014728,1,0,0.027911313725670305
INV014729,1,0,0.23354806170515374
INV014730,1,0,0.14955098604884903
INV014731,1,0,0.06579648698457864
INV014732,1,0,0.11996768908599713
INV014733,1,0,0.3592410999932863
INV014734,1,0,0.04777750776062696
INV014735,1,0,0.09081967382421965
INV014736,1,0,0.09162560944386354
INV014737,1,0,0.05420679712849548
INV014738,1,0,0.04091104488369512
INV014739,1,0,0.03392910844469482
INV014740,1,0,0.053511590897321944
INV014741,1,0,0.06533990315452161
INV014742,1,0,0.2790250659762496
INV014743,1,0,0.1019672188595974
INV014744,-1,1,0.632242392998174
INV014745,1,0,0.07927446502772535
INV014746,1,0,0.40952320819455584
INV014747,1,0,0.04959336224221661
INV014748,1,0,0.24184836061973755
INV014749,1,0,0.066511138408666
INV014750,1,0,0.22710292104947988
INV014751,1,0,0.17695682475365002
INV014752,1,0,0.17546915810211958
INV014753,1,0,0.08135863764466678
INV014754,1,0,0.06008899726968845
INV014755,1,0,0.06493002026114511
INV014756,1,0,0.29085868244613794
INV014757,1,0,0.3735964030520555
INV014758,1,0,0.24421061025133167
INV014759,1,0,0.26778260842903423
INV014760,-1,1,0.5487382161071477
INV014761,1,0,0.04333127994376587
INV014762,1,0,0.022140278946512628
INV014763,1,0,0.08962028655756127
INV014764,1,0,0.07405111646436695
INV014765,1,0,0.049520933931384695
INV014766,1,0,0.21901698278750514
INV014767,1,0,0.1256050291285953
INV014768,1,0,0.08014205595570063
INV014769,1,0,0.13466470377728088
INV014770,1,0,0.2624137043508823
INV014771,1,0,0.13335887087473797
INV014772,1,0,0.0789060280424292
INV014773,1,0,0.0349010189515924
INV014774,1,0,0.09219638409420448
INV014775,1,0,0.03376805909722828
INV014776,1,0,0.3279174166714628
INV014777,1,0,0.08432243682929122
INV014778,1,0,0.06874652598170909
INV014779,1,0,0.035963611335210054
INV014780,-1,1,0.47292572571971364
INV014781,1,0,0.2265495569508682
INV014782,1,0,0.05315439527328681
INV014783,1,0,0.0727173126687428
INV014784,-1,1,0.44018593453300564
INV014785,1,0,0.042127395657359935
INV014786,1,0,0.10647233097012426
INV014787,1,0,0.38040947246109513
INV014788,1,0,0.14098101962975002
INV014789,1,0,0.09121311914195353
INV014790,1,0,0.03463238598532019
INV014791,1,0,0.13813765313679133
INV014792,1,0,0.0727187860671152
INV014793,1,0,0.146537628510387
INV014794,1,0,0.09028593483482376
INV014795,1,0,0.054036798923889684
INV014796,1,0,0.09633193657920318
INV014797,1,0,0.06083932620910299
INV014798,1,0,0.16449020045605564
INV014799,1,0,0.3663529573516063
INV014800,1,0,0.10521166325542451
INV014801,1,0,0.23623720911628004
INV014802,1,0,0.07701834038983217
INV014803,1,0,0.012290427038655844
INV014804,1,0,0.21663368684751588
INV014805,1,0,0.045180025514074525
INV014806,1,0,0.04733902141001598
INV014807,1,0,0.23276087318340347
INV014808,1,0,0.030911841291242418
INV014809,1,0,0.053124669764356085
INV014810,1,0,0.03860058836050349
INV014811,1,0,0.012573627515640567
INV014812,1,0,0.021182339090530987
INV014813,1,0,0.09149252154817762
INV014814,1,0,0.08182839218506567
INV014815,1,0,0.028222572505836534
INV014816,-1,1,0.6823750540433774
INV014817,1,0,0.06374633769020822
INV014818,1,0,0.1274060761111059
INV014819,-1,1,0.49675755084409384
INV014820,1,0,0.06856319048948273
INV014821,1,0,0.048273028848214446
INV014822,1,0,0.04465222681076807
INV014823,1,0,0.10581139376560769
INV014824,1,0,0.05711591492303977
INV014825,1,0,0.1799408914355079
INV014826,1,0,0.3304992302229419
INV014827,1,0,0.13110801627199153
INV014828,1,0,0.1377585485516177
INV014829,1,0,0.06560375669191154
INV014830,1,0,0.018560380539344338
INV014831,1,0,0.1481171889820239
INV014832,1,0,0.09407396607662506
INV014833,1,0,0.1273588636351856
INV014834,1,0,0.2609994752217687
INV014835,1,0,0.09651880560510041
INV014836,1,0,0.11039004536685715
INV014837,1,0,0.12453052051596529
INV014838,1,0,0.05245393431223198
INV014839,1,0,0.059846202762016944
INV014840,1,0,0.1713220907971453
INV014841,1,0,0.035132465285629286
INV014842,1,0,0.1276145574148494
INV014843,1,0,0.07305223096193297
INV014844,1,0,0.04515623210294927
INV014845,1,0,0.023739346527515446
INV014846,1,0,0.15973036743084837
INV014847,1,0,0.0881881329408597
INV014848,1,0,0.11735528143693665
INV014849,1,0,0.03244305433808051
INV014850,1,0,0.18794329204878696
INV014851,1,0,0.03506235778398919
INV014852,1,0,0.008471284482038956
INV014853,1,0,0.033370695682955996
INV014854,1,0,0.019749516529927118
INV014855,1,0,0.059181790397251736
INV014856,1,0,0.10538337972415962
INV014857,1,0,0.05154840370439766
INV014858,1,0,0.10341357888706142
INV014859,1,0,0.2744136252885095
INV014860,1,0,0.05147525659050414
INV014861,1,0,0.2527399963010491
INV014862,1,0,0.1905841629290477
INV014863,1,0,0.024393213054584018
INV014864,1,0,0.09129181348336257
INV014865,1,0,0.033136155476102394
INV014866,1,0,0.055234999917794396
INV014867,1,0,0.045792263940371385
INV014868,1,0,0.15552501827059162
INV014869,1,0,0.029862282509399127
INV014870,1,0,0.05787578618594602
INV014871,1,0,0.07855317924372589
INV014872,1,0,0.18693339941432774
INV014873,1,0,0.0202584462035912
INV014874,1,0,0.2614856060432271
INV014875,1,0,0.11884394438260797
INV014876,1,0,0.18772013413130398
INV014877,1,0,0.026419111850939363
INV014878,1,0,0.1729762291204047
INV014879,1,0,0.05029532026983824
INV014880,1,0,0.13652941632641416
INV014881,-1,1,0.514675015434014
INV014882,-1,1,0.46503494118837224
INV014883,1,0,0.0999602672619838
INV014884,1,0,0.04357200999171358
INV014885,1,0,0.059540162661381735
INV014886,1,0,0.19354423871082865
INV014887,1,0,0.12565421067333998
INV014888,1,0,0.06756290317627381
INV014889,1,0,0.0551551157249157
INV014890,1,0,0.17136058466918527
INV014891,1,0,0.06293202164277643
INV014892,1,0,0.2243830931126412
INV014893,-1,1,0.4298882870008067
INV014894,1,0,0.14532423729597344
INV014895,1,0,0.10786747937013004
INV014896,1,0,0.10101307716644994
INV014897,1,0,0.14315325451037655
INV014898,1,0,0.198582776977471
INV014899,1,0,0.026205717438812132
INV014900,1,0,0.16934733113011313
INV014901,1,0,0.050615870526292565
INV014902,1,0,0.11737205172271836
INV014903,-1,1,0.4242924736438562
INV014904,1,0,0.08436178901636342
INV014905,1,0,0.024033339545191098
INV014906,1,0,0.13254657273677578
INV014907,1,0,0.055139749687079846
INV014908,1,0,0.12110589944268027
INV014909,1,0,0.02172760046901399
INV014910,1,0,0.11649302193772768
INV014911,1,0,0.3613844768753078
INV014912,1,0,0.06886969360115963
INV014913,1,0,0.0707738638214506
INV014914,1,0,0.04693074123855317
INV014915,1,0,0.10982884752484373
INV014916,1,0,0.162598766741137
INV014917,1,0,0.11299652999052394
INV014918,1,0,0.028764335290070064
INV014919,1,0,0.0995051090153665
INV014920,1,0,0.12044327021365168
INV014921,1,0,0.23216347105809176
INV014922,1,0,0.07980839822615998
INV014923,1,0,0.017945438195511226
INV014924,1,0,0.13405726382509928
INV014925,1,0,0.1740212116988326
INV014926,1,0,0.0774237600325284
INV014927,1,0,0.0210023020660198
INV014928,1,0,0.029393545487921575
INV014929,1,0,0.04033466192241832
INV014930,1,0,0.04642062463836635
INV014931,1,0,0.02791569046412637
INV014932,1,0,0.0994365146521013
INV014933,1,0,0.2625687245735664
INV014934,1,0,0.08179505827203433
INV014935,1,0,0.13696358844845943
INV014936,1,0,0.14636974780552986
INV014937,1,0,0.12456822774425279
INV014938,1,0,0.09483216042566371
INV014939,1,0,0.04453452842937565
INV014940,1,0,0.4142865021635152
INV014941,-1,1,0.4283848973564075
INV014942,1,0,0.19002762637348208
INV014943,1,0,0.34268517375577373
INV014944,1,0,0.13901738951586007
INV014945,1,0,0.11158218860924322
INV014946,1,0,0.03421431127460511
INV014947,1,0,0.1264396261070675
INV014948,1,0,0.0198308190401978
INV014949,1,0,0.05213680019802327
INV014950,1,0,0.20362907119340123
INV014951,1,0,0.14320246836030953
INV014952,1,0,0.07273207681815752
INV014953,1,0,0.2559478909339761
INV014954,1,0,0.04459695897424976
INV014955,1,0,0.06373477200017796
INV014956,1,0,0.18124802408507013
INV014957,1,0,0.12106813588943968
INV014958,1,0,0.11703123485416347
INV014959,1,0,0.18392672929309237
INV014960,1,0,0.11158729868945517
INV014961,1,0,0.05851400131190153
INV014962,1,0,0.21751309344953185
INV014963,1,0,0.09608704121244738
INV014964,1,0,0.06402671427105268
INV014965,1,0,0.14157138288753157
INV014966,1,0,0.08528176972743935
INV014967,1,0,0.3013100517602508
INV014968,1,0,0.12138532608448596
INV014969,-1,1,0.5004344605501464
INV014970,1,0,0.23703700262017738
INV014971,1,0,0.03365726297680637
INV014972,1,0,0.026984530723278572
INV014973,1,0,0.05187904490515821
INV014974,1,0,0.1742211426791065
INV014975,1,0,0.1375723948967
INV014976,1,0,0.1688974587588064
INV014977,1,0,0.13723128287488118
INV014978,1,0,0.1442552129852636
INV014979,1,0,0.025601441660532475
INV014980,1,0,0.1428863648956075
INV014981,1,0,0.12470483905063404
INV014982,1,0,0.06328998648565358
INV014983,1,0,0.13110778439858745
INV014984,1,0,0.05686840967380954
INV014985,1,0,0.11360340822014488
INV014986,1,0,0.30419234754956204
INV014987,1,0,0.04913681237053683
INV014988,1,0,0.10345356080870799
INV014989,1,0,0.027131592121192597
INV014990,1,0,0.301151502424466
INV014991,1,0,0.03351053159316697
INV014992,1,0,0.08730602975780763
INV014993,1,0,0.3821791778513061
INV014994,1,0,0.23351409261858228
INV014995,1,0,0.14561532856804968
INV014996,1,0,0.19321347049765308
INV014997,1,0,0.1535436812068778
INV014998,1,0,0.1031451369029649
INV014999,-1,1,0.42145635517637753
INV015000,1,0,0.16178550343688575
INV015001,1,0,0.07489622943084594
INV015002,1,0,0.18546545281816754
INV015003,1,0,0.016792678373094855
INV015004,-1,1,0.4934866506790562
INV015005,1,0,0.3019233225035365
INV015006,1,0,0.2546417415170186
INV015007,1,0,0.11536476781025873
INV015008,1,0,0.13040265001879936
INV015009,1,0,0.07802091701686373
INV015010,1,0,0.03063707583378743
INV015011,1,0,0.07185030046601604
INV015012,1,0,0.09008548786138668
INV015013,1,0,0.1786111977281039
INV015014,1,0,0.04130093453303782
INV015015,1,0,0.04110133227860831
INV015016,1,0,0.09996476951089707
INV015017,1,0,0.2877322100908794
INV015018,1,0,0.37145446568311524
INV015019,1,0,0.041049123033543175
INV015020,1,0,0.24071311267868567
INV015021,1,0,0.06680277294076731
INV015022,1,0,0.029017429618197685
INV015023,1,0,0.1728402246377196
INV015024,1,0,0.1135663217145041
INV015025,1,0,0.23687787309410627
INV015026,1,0,0.09630210361732294
INV015027,1,0,0.0923933639098356
INV015028,1,0,0.1467022299018311
INV015029,1,0,0.11145970592627541
INV015030,1,0,0.10976261781833134
INV015031,1,0,0.07170014932723869
INV015032,1,0,0.14150967228594566
INV015033,1,0,0.2416709545605513
INV015034,1,0,0.05921918643308594
INV015035,1,0,0.040424107566828
INV015036,1,0,0.1296933909557628
INV015037,1,0,0.03997093588710877
INV015038,1,0,0.07231029867993602
INV015039,1,0,0.056771505784889924
INV015040,1,0,0.21779839607775947
INV015041,1,0,0.06425853557148908
INV015042,1,0,0.019268652112089755
INV015043,1,0,0.0763536278937938
INV015044,1,0,0.2972838908923531
INV015045,1,0,0.11167076003231742
INV015046,1,0,0.047378052550609555
INV015047,1,0,0.15562756018397075
INV015048,1,0,0.1455066474613039
INV015049,1,0,0.09239098583810118
INV015050,1,0,0.06639082238957494
INV015051,1,0,0.03184313439446793
INV015052,1,0,0.3620986050316128
INV015053,1,0,0.032365688874580835
INV015054,1,0,0.07713105762476155
INV015055,1,0,0.027159000416062472
INV015056,1,0,0.04382593747576614
INV015057,1,0,0.11482496427128254
INV015058,1,0,0.05881725043566481
INV015059,1,0,0.06103409974126054
INV015060,1,0,0.06856991955799663
INV015061,1,0,0.07582135753791201
INV015062,1,0,0.27288805661129073
INV015063,1,0,0.033685653182664706
INV015064,1,0,0.22494809834501703
INV015065,1,0,0.12086565180077177
INV015066,-1,1,0.8879905753715084
INV015067,1,0,0.20851010679384685
INV015068,1,0,0.010172888551268426
INV015069,1,0,0.07227137578384014
INV015070,1,0,0.23104211892230486
INV015071,1,0,0.21867255315895281
INV015072,1,0,0.09742415748946784
INV015073,1,0,0.3611669151052716
INV015074,1,0,0.19948259378028393
INV015075,1,0,0.10874948521810905
INV015076,1,0,0.10722528030922182
INV015077,1,0,0.2944900206064687
INV015078,1,0,0.11865118512194849
INV015079,1,0,0.09852179144272996
INV015080,1,0,0.14854122776764977
INV015081,1,0,0.2188307731318322
INV015082,1,0,0.07732255738549469
INV015083,1,0,0.10647314930288186
INV015084,1,0,0.03892193571299145
INV015085,1,0,0.0454969471766498
INV015086,1,0,0.13097594700244983
INV015087,1,0,0.16569636158356035
INV015088,1,0,0.051164743778022374
INV015089,1,0,0.14598592147551426
INV015090,1,0,0.10001708103037626
INV015091,1,0,0.11005183133133639
INV015092,1,0,0.05075462145480324
INV015093,1,0,0.1416678217178162
INV015094,1,0,0.17732007524111995
INV015095,1,0,0.4088392634077601
INV015096,1,0,0.11368611806975462
INV015097,1,0,0.10628127144917122
INV015098,1,0,0.12655344585264716
INV015099,1,0,0.12005400127156501
INV015100,1,0,0.04855179462785685
INV015101,1,0,0.09484722791490614
INV015102,1,0,0.2408720539898084
INV015103,1,0,0.031838938579481404
INV015104,1,0,0.020382053164715842
INV015105,1,0,0.18929309747527637
INV015106,1,0,0.04412444822809673
INV015107,1,0,0.13869248682367719
INV015108,1,0,0.1649449755696314
INV015109,1,0,0.07341291706712151
INV015110,1,0,0.03472555109428032
INV015111,1,0,0.054138077671971346
INV015112,-1,1,0.759761058063885
INV015113,1,0,0.11595000088009028
INV015114,1,0,0.2353252980374251
INV015115,1,0,0.042804283030000743
INV015116,1,0,0.15298637500295806
INV015117,1,0,0.04739852657033122
INV015118,1,0,0.02398177080623729
INV015119,1,0,0.18892294154216557
INV015120,1,0,0.27925677513862046
INV015121,1,0,0.04973882122386588
INV015122,1,0,0.018749359454608726
INV015123,1,0,0.03259091272159424
INV015124,1,0,0.14842675996016808
INV015125,1,0,0.11275737249163442
INV015126,1,0,0.08414402674837405
INV015127,1,0,0.08009533275635793
INV015128,1,0,0.15650799448238736
INV015129,1,0,0.07246010653100644
INV015130,1,0,0.11360039207358523
INV015131,1,0,0.07817011383620845
INV015132,1,0,0.04776819958936641
INV015133,1,0,0.04882858014398873
INV015134,1,0,0.03496271599417121
INV015135,1,0,0.08258319101657638
INV015136,1,0,0.05403802208399599
INV015137,1,0,0.07869513259132228
INV015138,1,0,0.0462243184854287
INV015139,1,0,0.072672489447654
INV015140,-1,1,0.5028316438209971
INV015141,1,0,0.017153608377312023
INV015142,1,0,0.026916601762669454
INV015143,1,0,0.3444534178263228
INV015144,1,0,0.13734212223087733
INV015145,1,0,0.19137672878274511
INV015146,1,0,0.1054936647579857
INV015147,1,0,0.11494800617751963
INV015148,1,0,0.1141080083236122
INV015149,1,0,0.2681015034560085
INV015150,1,0,0.12384891315004228
INV015151,1,0,0.22461785745084734
INV015152,1,0,0.12506296139730622
INV015153,1,0,0.1884045466623084
INV015154,1,0,0.051614907733536684
INV015155,1,0,0.22816780202837908
INV015156,1,0,0.10017056661469935
INV015157,1,0,0.12411642931301586
INV015158,1,0,0.07744949479601793
INV015159,1,0,0.06809410519119026
INV015160,1,0,0.30139947232482267
INV015161,1,0,0.07805020286883872
INV015162,1,0,0.17059154721938233
INV015163,1,0,0.041342714029324455
INV015164,1,0,0.03501765492292615
INV015165,1,0,0.37194536776003767
INV015166,-1,1,0.534102383750079
INV015167,1,0,0.12445192081013767
INV015168,1,0,0.024199403283726106
INV015169,1,0,0.23377826003668775
INV015170,1,0,0.17471070505571004
INV015171,1,0,0.4053350953026392
INV015172,1,0,0.06330717363395363
INV015173,1,0,0.04710133616595333
INV015174,1,0,0.10933276888607293
INV015175,1,0,0.07334198886884384
INV015176,1,0,0.08402922296386282
INV015177,1,0,0.0548787318688923
INV015178,1,0,0.10472352203676008
INV015179,1,0,0.14876816510165164
INV015180,1,0,0.04044074315645489
INV015181,1,0,0.27430154338231827
INV015182,1,0,0.08303864975679943
INV015183,1,0,0.048358868004162364
INV015184,1,0,0.04899119206681125
INV015185,1,0,0.10630026979468153
INV015186,1,0,0.08413945782657821
INV015187,1,0,0.23288234899864485
INV015188,1,0,0.0905255110331066
INV015189,1,0,0.15352407651155078
INV015190,1,0,0.16343474775577552
INV015191,1,0,0.0928073770158454
INV015192,1,0,0.36749972103150863
INV015193,1,0,0.08318046858560563
INV015194,1,0,0.38551999043922924
INV015195,1,0,0.04692527349113333
INV015196,1,0,0.06417505105399558
INV015197,1,0,0.15713450343808552
INV015198,1,0,0.18089656199509302
INV015199,1,0,0.1345968905918554
INV015200,1,0,0.08928870739435751
INV015201,1,0,0.1207472081608575
INV015202,1,0,0.17072183750423303
INV015203,1,0,0.10819156334722758
INV015204,1,0,0.042747899238895944
INV015205,1,0,0.04555929418621099
INV015206,1,0,0.048604771237099734
INV015207,1,0,0.09764280208770959
INV015208,1,0,0.041906632598390725
INV015209,1,0,0.09699266240557922
INV015210,1,0,0.16999060326654683
INV015211,1,0,0.3897691491811033
INV015212,1,0,0.07155094370597997
INV015213,1,0,0.037756778484998345
INV015214,1,0,0.06921022383737988
INV015215,1,0,0.04391086613616636
INV015216,1,0,0.1451115568286123
INV015217,1,0,0.06248915056074663
INV015218,1,0,0.11107254264076012
INV015219,1,0,0.006914259217020623
INV015220,1,0,0.25651076034437903
INV015221,1,0,0.09201810219170369
INV015222,1,0,0.10089760194907918
INV015223,1,0,0.04154073257557317
INV015224,1,0,0.18192037276825537
INV015225,1,0,0.05266309705600125
INV015226,1,0,0.08232519823868457
INV015227,1,0,0.19576739846642288
INV015228,1,0,0.15020035040531052
INV015229,1,0,0.17069084835895218
INV015230,-1,1,0.45534551028968767
INV015231,1,0,0.16725462729863128
INV015232,1,0,0.050723676068861946
INV015233,1,0,0.1055816303994393
INV015234,1,0,0.01749866637320371
INV015235,1,0,0.1847559128817224
INV015236,1,0,0.08915598880462121
INV015237,1,0,0.07188924933894819
INV015238,1,0,0.22855260463072682
INV015239,1,0,0.12642862205047656
INV015240,1,0,0.09197326676419415
INV015241,1,0,0.23287442296615413
INV015242,1,0,0.07097131421378147
INV015243,1,0,0.16538100890959334
INV015244,1,0,0.06593714404710295
INV015245,1,0,0.23251461738892967
INV015246,1,0,0.07192626878678961
INV015247,1,0,0.2629484183367463
INV015248,1,0,0.06810724845105356
INV015249,-1,1,0.5118738643224923
INV015250,1,0,0.05029214755066528
INV015251,1,0,0.0724844545777862
INV015252,1,0,0.1060129845676446
INV015253,1,0,0.26876960145909534
INV015254,1,0,0.1607184993320031
INV015255,1,0,0.08920024086916865
INV015256,-1,1,0.7792597386662531
INV015257,1,0,0.20793362316451566
INV015258,1,0,0.07228132510643927
INV015259,1,0,0.15122821611710932
INV015260,1,0,0.08742699400075778
INV015261,1,0,0.19570072884384665
INV015262,1,0,0.06982362339342028
INV015263,1,0,0.03698439533591303
INV015264,1,0,0.1089189830547471
INV015265,1,0,0.03722022144793722
INV015266,1,0,0.20367421583413312
INV015267,1,0,0.0353289413870491
INV015268,1,0,0.04745167182142901
INV015269,1,0,0.03702755367231982
INV015270,1,0,0.20142096527736972
INV015271,1,0,0.08472237423664175
INV015272,1,0,0.14858638162556054
INV015273,1,0,0.08732881310340851
INV015274,1,0,0.1314157573944338
INV015275,1,0,0.08935090877030723
INV015276,1,0,0.12617134882576803
INV015277,1,0,0.01972722314023252
INV015278,1,0,0.35666068586503336
INV015279,1,0,0.06794039139531034
INV015280,1,0,0.3115584210139211
INV015281,1,0,0.0980495259322462
INV015282,1,0,0.06965879911075343
INV015283,1,0,0.026917764170310998
INV015284,1,0,0.1422045543222341
INV015285,1,0,0.05136562200161411
INV015286,1,0,0.055087214101553296
INV015287,1,0,0.30952959670839364
INV015288,1,0,0.1286633584945521
INV015289,1,0,0.10848502129557776
INV015290,1,0,0.0948457182796138
INV015291,1,0,0.05645098406698969
INV015292,1,0,0.07620504712372891
INV015293,1,0,0.06016338822854113
INV015294,1,0,0.12148484866059611
INV015295,1,0,0.22743871845595998
INV015296,1,0,0.05926009436109855
INV015297,1,0,0.05750229156614098
INV015298,1,0,0.017277148263676594
INV015299,1,0,0.04117760991764432
INV015300,1,0,0.12827665598369
INV015301,1,0,0.11342114770089452
INV015302,1,0,0.06521332647736998
INV015303,1,0,0.24004623191401595
INV015304,1,0,0.09247537361196488
INV015305,1,0,0.13942895821750695
INV015306,1,0,0.06285104238434665
INV015307,1,0,0.047730106176604295
INV015308,1,0,0.09062902314666846
INV015309,1,0,0.04172410897111569
INV015310,1,0,0.029744716102051396
INV015311,1,0,0.13205740309224098
INV015312,1,0,0.12403742406715566
INV015313,1,0,0.035545322452950494
INV015314,1,0,0.04244148889114995
INV015315,1,0,0.10550701711095573
INV015316,1,0,0.10665665333166265
INV015317,1,0,0.1387683403403279
INV015318,1,0,0.10858966177579227
INV015319,1,0,0.37311199972083453
INV015320,1,0,0.11274026761696099
INV015321,1,0,0.15016770679107497
INV015322,1,0,0.0584903639794091
INV015323,1,0,0.17840693124616486
INV015324,1,0,0.14544369117640088
INV015325,1,0,0.07723520407014636
INV015326,1,0,0.07498883284779112
INV015327,1,0,0.26714136789482146
INV015328,1,0,0.048073428316232146
INV015329,1,0,0.12958965253228077
INV015330,1,0,0.07599359584640795
INV015331,1,0,0.0718198298431807
INV015332,1,0,0.03863664589060965
INV015333,1,0,0.05204563661726377
INV015334,1,0,0.09334874421174834
INV015335,1,0,0.06204143471076788
INV015336,1,0,0.040706033716770104
INV015337,1,0,0.08943380294779223
INV015338,1,0,0.16628505573975724
INV015339,1,0,0.3855081858547618
INV015340,1,0,0.09162252853970619
INV015341,1,0,0.16900546418831128
INV015342,1,0,0.03726100001363749
INV015343,1,0,0.06249811042154488
INV015344,1,0,0.062428883394201655
INV015345,1,0,0.008215878573119683
INV015346,-1,1,0.47786082128381563
INV015347,-1,1,0.4970795499305739
INV015348,1,0,0.015774281401310493
INV015349,1,0,0.12180472186645779
INV015350,1,0,0.0735416713088488
INV015351,1,0,0.04177610048940623
INV015352,1,0,0.040734619443555824
INV015353,1,0,0.2505396473282598
INV015354,1,0,0.06610596742885957
INV015355,1,0,0.05423153045999176
INV015356,1,0,0.10616124529287364
INV015357,1,0,0.029130543597222024
INV015358,1,0,0.1381354488718701
INV015359,1,0,0.07629988213648727
INV015360,1,0,0.26493326618195173
INV015361,1,0,0.11048555532524748
INV015362,1,0,0.06898610428377551
INV015363,1,0,0.06623361232078638
INV015364,1,0,0.16368002777125548
INV015365,1,0,0.036395983369411154
INV015366,1,0,0.09663252088438574
INV015367,1,0,0.099818927583239
INV015368,1,0,0.2799995657488636
INV015369,1,0,0.26467483387179036
INV015370,1,0,0.13658962834178084
INV015371,1,0,0.10397414895631206
INV015372,1,0,0.09331387438117567
INV015373,1,0,0.20558394250265302
INV015374,1,0,0.054311925911626466
INV015375,1,0,0.029511922057225644
INV015376,1,0,0.07724420527426482
INV015377,1,0,0.09573118945289132
INV015378,1,0,0.06347140181849756
INV015379,1,0,0.04341115883186969
INV015380,1,0,0.06877374025516965
INV015381,1,0,0.10129119412404275
INV015382,1,0,0.17214270457965394
INV015383,1,0,0.039080186469778885
INV015384,1,0,0.10610725831691542
INV015385,1,0,0.2827192932272323
INV015386,1,0,0.10202870964295056
INV015387,1,0,0.026250330683876142
INV015388,1,0,0.12094701127152213
INV015389,1,0,0.04018408378771263
INV015390,1,0,0.04770952769619629
INV015391,1,0,0.05514470233509531
INV015392,1,0,0.0645180433208998
INV015393,1,0,0.08953476521679485
INV015394,1,0,0.30233080847635246
INV015395,1,0,0.0541397221827778
INV015396,1,0,0.28877355928217674
INV015397,1,0,0.0547017207261977
INV015398,1,0,0.2896724413029246
INV015399,1,0,0.12207839063944831
INV015400,1,0,0.08513540558149639
INV015401,1,0,0.04111139199415476
INV015402,1,0,0.11089574819098869
INV015403,1,0,0.08956209763026257
INV015404,1,0,0.09741441295639405
INV015405,1,0,0.05888265184106473
INV015406,1,0,0.04592205044327579
INV015407,1,0,0.03138999906477016
INV015408,1,0,0.019578602256573308
INV015409,1,0,0.05047189463411462
INV015410,1,0,0.16999752692049802
INV015411,1,0,0.018609583168187893
INV015412,1,0,0.15095125443813082
INV015413,1,0,0.11988253553002007
INV015414,1,0,0.07319266752650516
INV015415,1,0,0.024180221474273535
INV015416,1,0,0.05340762508230446
INV015417,1,0,0.3183620537838053
INV015418,1,0,0.11953130315221475
INV015419,1,0,0.34062086287952964
INV015420,1,0,0.20574297827556362
INV015421,-1,1,0.5635191182003108
INV015422,1,0,0.13823995828595625
INV015423,1,0,0.03417528346903605
INV015424,1,0,0.13215881495596427
INV015425,1,0,0.07793456592065161
INV015426,1,0,0.06797777795341478
INV015427,1,0,0.03310055367013579
INV015428,1,0,0.1295742463110516
INV015429,1,0,0.092931171572301
INV015430,1,0,0.09411221861407945
INV015431,1,0,0.07595387029734886
INV015432,1,0,0.05881199996643142
INV015433,1,0,0.08692782467075523
INV015434,1,0,0.12090713569386889
INV015435,1,0,0.07491227117551665
INV015436,1,0,0.1263622583278637
INV015437,1,0,0.03368143521670823
INV015438,1,0,0.10759399227314759
INV015439,1,0,0.29131235755110635
INV015440,1,0,0.10798108575929626
INV015441,1,0,0.05981313181841363
INV015442,1,0,0.08088261194440045
INV015443,-1,1,0.6648714103194177
INV015444,1,0,0.09117043950545875
INV015445,1,0,0.04174960789388176
INV015446,1,0,0.040171189019416305
INV015447,1,0,0.08825784875273428
INV015448,1,0,0.03468779851427918
INV015449,1,0,0.0343525595705513
INV015450,1,0,0.04417270109305066
INV015451,1,0,0.09525699640042916
INV015452,1,0,0.03469107464490167
INV015453,1,0,0.07653427588592274
INV015454,1,0,0.037848645258993015
INV015455,1,0,0.09025102591802743
INV015456,1,0,0.03184892218465559
INV015457,1,0,0.0625449511486789
INV015458,1,0,0.09046234782743698
INV015459,1,0,0.06260931189289787
INV015460,1,0,0.29276897362852733
INV015461,-1,1,0.4387925406701267
INV015462,1,0,0.07933641605233242
INV015463,-1,1,0.5269952043459457
INV015464,1,0,0.16401275148206812
INV015465,1,0,0.049188051120337056
INV015466,1,0,0.20285414490505438
INV015467,1,0,0.11176062589681772
INV015468,-1,1,0.5378034222442108
INV015469,1,0,0.17781415507343526
INV015470,1,0,0.06872048094514766
INV015471,1,0,0.22881465983790095
INV015472,1,0,0.08688420329671014
INV015473,1,0,0.04248436684775582
INV015474,1,0,0.026665621229103733
INV015475,1,0,0.10863437593765253
INV015476,1,0,0.07517182692708452
INV015477,1,0,0.08189913660346684
INV015478,1,0,0.07158298137277698
INV015479,1,0,0.017234309089975253
INV015480,1,0,0.26155775223418004
INV015481,1,0,0.10725670176329714
INV015482,1,0,0.3415963143446273
INV015483,1,0,0.027704017912526673
INV015484,1,0,0.15415721898834434
INV015485,1,0,0.009288509336333097
INV015486,1,0,0.06893153077354448
INV015487,1,0,0.4184013739502079
INV015488,1,0,0.2962244550690512
INV015489,1,0,0.22858876680898313
INV015490,1,0,0.09937810367672557
INV015491,1,0,0.04067030608239749
INV015492,1,0,0.17601301988210893
INV015493,1,0,0.08902630764247334
INV015494,1,0,0.10155460833785426
INV015495,1,0,0.293444131119703
INV015496,1,0,0.16626001903265436
INV015497,1,0,0.24870279917061983
INV015498,1,0,0.14647839997303805
INV015499,1,0,0.1278402905624305
INV015500,1,0,0.2425915170701371
INV015501,1,0,0.04451322393727076
INV015502,1,0,0.17188378289549028
INV015503,1,0,0.4081701150563835
INV015504,1,0,0.059537200330813146
INV015505,1,0,0.23318619287848308
INV015506,1,0,0.032390101059208753
INV015507,1,0,0.1899388041252157
INV015508,1,0,0.01718910399356704
INV015509,1,0,0.12415631121815895
INV015510,1,0,0.19663920669382928
INV015511,1,0,0.06349905767472637
INV015512,1,0,0.02603912391027393
INV015513,1,0,0.21422261284336724
INV015514,1,0,0.17197532657565318
INV015515,1,0,0.1741753826584715
INV015516,1,0,0.07793392425505667
INV015517,1,0,0.08993459412467981
INV015518,1,0,0.03486797140105861
INV015519,1,0,0.18882136728624865
INV015520,1,0,0.06997994353821016
INV015521,1,0,0.2785809320426844
INV015522,1,0,0.06886650919374794
INV015523,1,0,0.26570343125583457
INV015524,1,0,0.03538734077193474
INV015525,1,0,0.06074815311755406
INV015526,1,0,0.027241776767031992
INV015527,1,0,0.08210492842306065
INV015528,1,0,0.07881825885951217
INV015529,1,0,0.09735638788876888
INV015530,1,0,0.08485166920220352
INV015531,1,0,0.06431193819063218
INV015532,1,0,0.07839775690628231
INV015533,1,0,0.13956413954638297
INV015534,1,0,0.24463915348023116
INV015535,1,0,0.06857891944150868
INV015536,1,0,0.06748527200553593
INV015537,-1,1,0.6905123126109581
INV015538,1,0,0.09166397720637452
INV015539,1,0,0.09606863049223278
INV015540,1,0,0.11065485077015422
INV015541,1,0,0.052189233520197977
INV015542,1,0,0.033625430342283755
INV015543,1,0,0.10241869000572007
INV015544,1,0,0.0701150362699203
INV015545,1,0,0.08798320529129523
INV015546,1,0,0.19107242975486452
INV015547,1,0,0.05600254853794209
INV015548,1,0,0.058849089172677865
INV015549,1,0,0.08902106512229599
INV015550,1,0,0.18253323213075537
INV015551,1,0,0.09123756805109139
INV015552,1,0,0.15377066049254814
INV015553,1,0,0.020360859305670706
INV015554,1,0,0.03705512852925521
INV015555,1,0,0.050319505340496985
INV015556,1,0,0.25027745424532194
INV015557,1,0,0.08885162061266688
INV015558,1,0,0.05965465307103122
INV015559,1,0,0.13303090899091008
INV015560,1,0,0.08814652948072274
INV015561,1,0,0.2309403385109745
INV015562,1,0,0.2408903981240942
INV015563,1,0,0.37402052062854724
INV015564,1,0,0.17997585927513746
INV015565,1,0,0.0858769002250612
INV015566,1,0,0.08899424852701161
INV015567,1,0,0.14589401504768962
INV015568,1,0,0.04663227896525063
INV015569,-1,1,0.47004136654428325
INV015570,1,0,0.12880728314851503
INV015571,-1,1,0.5979318574599815
INV015572,1,0,0.10578120397776918
INV015573,1,0,0.10486088023983943
INV015574,1,0,0.059598136223029764
INV015575,1,0,0.13117675916435584
INV015576,1,0,0.24903598096258991
INV015577,1,0,0.028884715833760385
INV015578,1,0,0.26075815244224804
INV015579,1,0,0.16684661745509158
INV015580,1,0,0.012456008548178603
INV015581,1,0,0.057501342538224046
INV015582,-1,1,0.5052667037794856
INV015583,1,0,0.139585545274657
INV015584,1,0,0.391273554532345
INV015585,1,0,0.13781777696084882
INV015586,1,0,0.26718589462469117
INV015587,1,0,0.09206900362246952
INV015588,1,0,0.21442928101848624
INV015589,1,0,0.2866115795960112
INV015590,1,0,0.1397031038377248
INV015591,1,0,0.09670098715799447
INV015592,1,0,0.04548339071560638
INV015593,1,0,0.06029908867185519
INV015594,1,0,0.13092252468341237
INV015595,1,0,0.21116108255458663
INV015596,1,0,0.10512548710868759
INV015597,1,0,0.10955709099337839
INV015598,1,0,0.2975490100403291
INV015599,1,0,0.18379491248145555
INV015600,1,0,0.15528024684161545
INV015601,1,0,0.09003481334932756
INV015602,1,0,0.12594858866182382
INV015603,1,0,0.2863952706096946
INV015604,1,0,0.13908415471132846
INV015605,1,0,0.22920921255759716
INV015606,1,0,0.09469190449306794
INV015607,1,0,0.24943574301964108
INV015608,1,0,0.1596358877900614
INV015609,1,0,0.08429553027994889
INV015610,1,0,0.06806392463466662
INV015611,1,0,0.10057847013693384
INV015612,1,0,0.1138695411788972
INV015613,1,0,0.1534682836779472
INV015614,1,0,0.15904111046825997
INV015615,1,0,0.08443460237156042
INV015616,1,0,0.0455328492051192
INV015617,1,0,0.042804139422927524
INV015618,1,0,0.06154585630285838
INV015619,1,0,0.15069804959753397
INV015620,1,0,0.09977186558182177
INV015621,1,0,0.11005413072081544
INV015622,1,0,0.03388682278676565
INV015623,1,0,0.4109945286191927
INV015624,1,0,0.12221702338009909
INV015625,1,0,0.06403149552620346
INV015626,1,0,0.24643406242247062
INV015627,1,0,0.0532279335986086
INV015628,1,0,0.15091743811385133
INV015629,1,0,0.1846298821486633
INV015630,1,0,0.025074601419973554
INV015631,1,0,0.07359301884472598
INV015632,1,0,0.08488620095616066
INV015633,1,0,0.17105497902152475
INV015634,1,0,0.043677368990405856
INV015635,-1,1,0.5037829813091633
INV015636,1,0,0.11293456023968419
INV015637,1,0,0.07194102615839372
INV015638,1,0,0.07978122857308195
INV015639,1,0,0.13647497745020803
INV015640,1,0,0.09905309444418792
INV015641,1,0,0.07218891494461022
INV015642,1,0,0.15744636108306898
INV015643,1,0,0.08353667478245522
INV015644,1,0,0.09860006283109635
INV015645,1,0,0.17198334639142954
INV015646,1,0,0.049616951202016805
INV015647,1,0,0.13302267024719558
INV015648,1,0,0.25802218448629066
INV015649,1,0,0.047131174060934075
INV015650,1,0,0.08151255473925417
INV015651,1,0,0.0912948556945711
INV015652,1,0,0.0878980556846246
INV015653,1,0,0.17993522559660663
INV015654,1,0,0.018003590830789885
INV015655,-1,1,0.5027171195961295
INV015656,1,0,0.3207808816438038
INV015657,1,0,0.08643805940715281
INV015658,1,0,0.09394581385027834
INV015659,1,0,0.12233135911451017
INV015660,1,0,0.07996369409839965
INV015661,1,0,0.04404056762210816
INV015662,1,0,0.02309328134280039
INV015663,1,0,0.24413783019841084
INV015664,-1,1,0.5355390718416828
INV015665,1,0,0.10327535774983777
INV015666,1,0,0.09625514832275965
INV015667,1,0,0.13915622236619635
INV015668,1,0,0.07178555519185008
INV015669,1,0,0.01967555374478915
INV015670,1,0,0.18511756528459888
INV015671,1,0,0.060074145998706405
INV015672,1,0,0.03882940255444441
INV015673,1,0,0.17642363094630992
INV015674,1,0,0.08932169682014537
INV015675,1,0,0.14006446225864866
INV015676,1,0,0.050721606956834676
INV015677,1,0,0.11309480676905495
INV015678,1,0,0.1992319570354212
INV015679,1,0,0.053288720490579596
INV015680,1,0,0.05797342141254927
INV015681,1,0,0.07038097274636107
INV015682,1,0,0.3212935698558287
INV015683,1,0,0.10059388671671615
INV015684,1,0,0.057435480649310776
INV015685,-1,1,0.42263575411237775
INV015686,1,0,0.26753352838551603
INV015687,1,0,0.034350201537160736
INV015688,1,0,0.08773035979911341
INV015689,1,0,0.19747204241757724
INV015690,1,0,0.07483360803089216
INV015691,1,0,0.024757797494746558
INV015692,1,0,0.34542424667839416
INV015693,1,0,0.048818808345087186
INV015694,1,0,0.15546749857081654
INV015695,1,0,0.046045706246435156
INV015696,1,0,0.07387774928078554
INV015697,1,0,0.07103610525737465
INV015698,1,0,0.10138636574119259
INV015699,1,0,0.07186532457223614
INV015700,1,0,0.12823047763796122
INV015701,1,0,0.11955690556887454
INV015702,1,0,0.04694362870352162
INV015703,1,0,0.12607992646882357
INV015704,1,0,0.1683460455629998
INV015705,1,0,0.029321673865517643
INV015706,1,0,0.19982414616214664
INV015707,1,0,0.13876488373144996
INV015708,1,0,0.14811062223256408
INV015709,1,0,0.02574896321363282
INV015710,1,0,0.13887310437276928
INV015711,1,0,0.4092044878607771
INV015712,1,0,0.2771676452220624
INV015713,1,0,0.06786659374956454
INV015714,1,0,0.054226847302868884
INV015715,1,0,0.028245498097647703
INV015716,1,0,0.057335897710351164
INV015717,1,0,0.046268062214489016
INV015718,1,0,0.1247505400885681
INV015719,1,0,0.0747412865319819
INV015720,1,0,0.052618047217519635
INV015721,1,0,0.08711319248456349
INV015722,1,0,0.03605057420353457
INV015723,1,0,0.07050693837773193
INV015724,1,0,0.12023784393624364
INV015725,1,0,0.2114867661110019
INV015726,1,0,0.03810409126977464
INV015727,1,0,0.08916833744362125
INV015728,1,0,0.06030050705367286
INV015729,1,0,0.27638322534614246
INV015730,1,0,0.10225593167595146
INV015731,1,0,0.11442905763332259
INV015732,1,0,0.3214942261235967
INV015733,1,0,0.15921994611532
INV015734,1,0,0.08522662123865749
INV015735,1,0,0.13942859856019943
INV015736,1,0,0.05895093728492716
INV015737,1,0,0.11963561460699759
INV015738,1,0,0.18944578741440413
INV015739,1,0,0.10407890793120511
INV015740,1,0,0.1528250047640823
INV015741,1,0,0.044707859376637106
INV015742,1,0,0.17712246264168396
INV015743,1,0,0.03583399130004415
INV015744,1,0,0.10753086774829393
INV015745,1,0,0.14265979958062977
INV015746,1,0,0.07145253807598181
INV015747,1,0,0.05565025997547481
INV015748,1,0,0.03890703170044667
INV015749,1,0,0.036636617565816404
INV015750,1,0,0.051081396059032454
INV015751,1,0,0.08020761863291678
INV015752,1,0,0.13640757203318776
INV015753,-1,1,0.43351355969532723
INV015754,1,0,0.032341699435461016
INV015755,1,0,0.13419909114932133
INV015756,1,0,0.03506440835666936
INV015757,1,0,0.06424316501315226
INV015758,1,0,0.05736743945173298
INV015759,1,0,0.1890051171269548
INV015760,1,0,0.29276824080840913
INV015761,1,0,0.028766340607504742
INV015762,1,0,0.09720236989335469
INV015763,1,0,0.03756294257568922
INV015764,-1,1,0.7677245872115961
INV015765,1,0,0.352635589620896
INV015766,1,0,0.41442704503656946
INV015767,1,0,0.10663217764504287
INV015768,1,0,0.1259869700905625
INV015769,1,0,0.10838596055253429
INV015770,1,0,0.08998121011030988
INV015771,1,0,0.12552217118537928
INV015772,1,0,0.052149750573919455
INV015773,1,0,0.07485289171852082
INV015774,1,0,0.036771174431583474
INV015775,1,0,0.06392829712879011
INV015776,1,0,0.05420101523133562
INV015777,-1,1,0.48171031041588924
INV015778,1,0,0.10114284479686003
INV015779,1,0,0.08023303659757874
INV015780,1,0,0.03992700574856735
INV015781,1,0,0.14738024345317455
INV015782,1,0,0.39132725663831275
INV015783,1,0,0.2753911545572298
INV015784,1,0,0.19608316527489006
INV015785,1,0,0.07272291435314594
INV015786,1,0,0.1210675908998473
INV015787,1,0,0.1762897554506555
INV015788,1,0,0.06355523274064771
INV015789,1,0,0.18357271271328549
INV015790,1,0,0.22310250603006687
INV015791,1,0,0.063569156367443
INV015792,1,0,0.08066327633832523
INV015793,1,0,0.06549343298373814
INV015794,1,0,0.12992670554282013
INV015795,1,0,0.03711650282351992
INV015796,-1,1,0.4533643665568109
INV015797,1,0,0.3037413312877648
INV015798,1,0,0.1031779646882369
INV015799,1,0,0.26811963589324167
INV015800,1,0,0.11028991330553102
INV015801,1,0,0.06889595209459208
INV015802,1,0,0.14002517867000364
INV015803,1,0,0.0715329849541271
INV015804,1,0,0.11984601458431149
INV015805,1,0,0.11748490953816494
INV015806,1,0,0.10743818045825945
INV015807,1,0,0.16348679349422604
INV015808,1,0,0.08220233618536758
INV015809,1,0,0.10478514794937122
INV015810,1,0,0.01304771130322806
INV015811,1,0,0.24392810447947502
INV015812,1,0,0.13941494121530082
INV015813,1,0,0.08729496318012864
INV015814,1,0,0.10128390216334024
INV015815,1,0,0.22109346910277597
INV015816,-1,1,0.5338900902171723
INV015817,1,0,0.09792035938573676
INV015818,1,0,0.24902987600785714
INV015819,1,0,0.14832550977223638
INV015820,1,0,0.10257003754606948
INV015821,1,0,0.2209957697042234
INV015822,1,0,0.09217762055234158
INV015823,1,0,0.040929665983674916
INV015824,1,0,0.06310964174823375
INV015825,1,0,0.12458079892591464
INV015826,1,0,0.09818170135338132
INV015827,1,0,0.15485905642664413
INV015828,1,0,0.07237487092387453
INV015829,1,0,0.11018939592178197
INV015830,1,0,0.11824864659603891
INV015831,1,0,0.05556153494315643
INV015832,1,0,0.08981641383183453
INV015833,1,0,0.07046206173381123
INV015834,1,0,0.019160114213771423
INV015835,1,0,0.09337604869434242
INV015836,1,0,0.18416694106393589
INV015837,1,0,0.10995128866907596
INV015838,1,0,0.03992390707748495
INV015839,1,0,0.07657510676518953
INV015840,1,0,0.04017498551316241
INV015841,1,0,0.05374780772970181
INV015842,-1,1,0.44411627637911044
INV015843,1,0,0.06642992492026874
INV015844,1,0,0.13435371159957735
INV015845,1,0,0.14459718259219154
INV015846,1,0,0.049958134732329317
INV015847,1,0,0.06744844701944373
INV015848,1,0,0.05224171734823717
INV015849,-1,1,0.48370731682496015
INV015850,1,0,0.050297277530230534
INV015851,1,0,0.04024139485896831
INV015852,1,0,0.16547347533552073
INV015853,1,0,0.2366707109025471
INV015854,1,0,0.21673767714416875
INV015855,1,0,0.04391918318370789
INV015856,1,0,0.08264402375819588
INV015857,1,0,0.02386693423114904
INV015858,1,0,0.23030718705725078
INV015859,1,0,0.14338780080381155
INV015860,1,0,0.08644870002100219
INV015861,1,0,0.19770387434270054
INV015862,1,0,0.11635156367694857
INV015863,1,0,0.33220214817924704
INV015864,1,0,0.05670838323409221
INV015865,1,0,0.1074556590531974
INV015866,1,0,0.04120265156097817
INV015867,1,0,0.157087108100084
INV015868,1,0,0.1895791838441009
INV015869,1,0,0.4056475536539724
INV015870,-1,1,0.4519473896529121
INV015871,1,0,0.11754416375330537
INV015872,1,0,0.053945653593673114
INV015873,1,0,0.079613224395365
INV015874,1,0,0.061466421830092835
INV015875,1,0,0.10375407720505207
INV015876,1,0,0.06586434186566617
INV015877,1,0,0.07150635949105223
INV015878,1,0,0.1569217931648234
INV015879,1,0,0.11520879214066446
INV015880,1,0,0.045908073192149144
INV015881,1,0,0.09636440642987425
INV015882,1,0,0.10023786920081867
INV015883,1,0,0.08935620736260075
INV015884,1,0,0.07416891541469474
INV015885,1,0,0.0758127900736105
INV015886,1,0,0.06582235051570193
INV015887,1,0,0.03142492727975277
INV015888,1,0,0.2043970130936607
INV015889,1,0,0.03994971811880771
INV015890,1,0,0.14697672053869099
INV015891,1,0,0.058342885300729314
INV015892,1,0,0.06493731877031791
INV015893,1,0,0.16600569970665033
INV015894,1,0,0.049785558243368645
INV015895,1,0,0.2474791236070176
INV015896,1,0,0.14447002442290116
INV015897,1,0,0.10693470562274088
INV015898,1,0,0.25697016727606514
INV015899,1,0,0.046340444324778234
INV015900,1,0,0.18353729599739999
INV015901,1,0,0.06917546849223517
INV015902,1,0,0.052408259848992306
INV015903,1,0,0.08818074680282074
INV015904,1,0,0.16529334647516872
INV015905,1,0,0.1968076061661272
INV015906,1,0,0.06521890170555213
INV015907,1,0,0.02492954308644036
INV015908,1,0,0.03727802882132617
INV015909,1,0,0.11012214524704747
INV015910,1,0,0.05082607225795909
INV015911,1,0,0.24983696825374183
INV015912,1,0,0.13488670047497042
INV015913,1,0,0.06923279249775438
INV015914,1,0,0.06133128440040408
INV015915,1,0,0.3316413158034833
INV015916,1,0,0.18233206604195593
INV015917,1,0,0.040161105000903044
INV015918,1,0,0.04857167366883395
INV015919,1,0,0.15639594418252267
INV015920,1,0,0.03748761771846007
INV015921,1,0,0.05404031622685869
INV015922,1,0,0.06270295789179128
INV015923,1,0,0.07746617210286662
INV015924,1,0,0.058931951563235815
INV015925,1,0,0.05787084013180686
INV015926,1,0,0.06921795533860357
INV015927,1,0,0.049254984482156455
INV015928,1,0,0.17098855602251367
INV015929,1,0,0.025489005942209247
INV015930,-1,1,0.7209743159072622
INV015931,1,0,0.11805042940009502
INV015932,1,0,0.4024426957790823
INV015933,1,0,0.2678930368233071
INV015934,1,0,0.07307293493066093
INV015935,-1,1,0.45616946590997043
INV015936,1,0,0.07416354677372816
INV015937,1,0,0.02095869570891429
INV015938,-1,1,0.4923139140505514
INV015939,1,0,0.3904934610737733
INV015940,1,0,0.029684469323384307
INV015941,1,0,0.29032730839611404
INV015942,1,0,0.2634672692332097
INV015943,1,0,0.20848231437214557
INV015944,1,0,0.014926873219193525
INV015945,1,0,0.11895438786819178
INV015946,1,0,0.07259013307515319
INV015947,1,0,0.10599679191099524
INV015948,1,0,0.27749092116087903
INV015949,1,0,0.03572907157733962
INV015950,1,0,0.17279565292222943
INV015951,1,0,0.0643897144319656
INV015952,1,0,0.16709850596406245
INV015953,1,0,0.0465268617881911
INV015954,1,0,0.07417198863234463
INV015955,1,0,0.044295078337674175
INV015956,1,0,0.04785606609458234
INV015957,1,0,0.07191965115468764
INV015958,1,0,0.028260506922213113
INV015959,1,0,0.040605368275165865
INV015960,1,0,0.09177969935188493
INV015961,1,0,0.20582925685336198
INV015962,1,0,0.03822383174068547
INV015963,-1,1,0.5009800101643443
INV015964,1,0,0.08935329438087218
INV015965,1,0,0.1154713244219349
INV015966,1,0,0.1575196112749348
INV015967,1,0,0.04444675103432979
INV015968,1,0,0.039032773526605405
INV015969,-1,1,0.6501007428159197
INV015970,1,0,0.07831683037084379
INV015971,1,0,0.029625466867055864
INV015972,1,0,0.15602608961497924
INV015973,1,0,0.10013263125063562
INV015974,1,0,0.11080158139962155
INV015975,1,0,0.19282622506148817
INV015976,1,0,0.09705071158167813
INV015977,1,0,0.04481819155720684
INV015978,1,0,0.08919067310104999
INV015979,1,0,0.05307262865804352
INV015980,1,0,0.22609084568370877
INV015981,1,0,0.07262984192348464
INV015982,1,0,0.07909680952978086
INV015983,1,0,0.13968371690515638
INV015984,-1,1,0.4331790341211078
INV015985,1,0,0.07498362705169619
INV015986,1,0,0.07426637714193232
INV015987,1,0,0.12477388292143995
INV015988,1,0,0.08990729884749316
INV015989,1,0,0.21291090307087054
INV015990,1,0,0.04386977342154318
INV015991,1,0,0.16872897428925862
INV015992,1,0,0.04019978853436776
INV015993,1,0,0.05369999610450083
INV015994,1,0,0.08144484150733143
INV015995,1,0,0.18677527265888164
INV015996,1,0,0.09493036855674969
INV015997,1,0,0.06207481742834689
INV015998,1,0,0.13000653773646106
INV015999,1,0,0.06534221354622706
INV016000,1,0,0.08452527250617026
INV016001,-1,1,0.6141876292211339
INV016002,1,0,0.07338810736119183
INV016003,1,0,0.11828989846814782
INV016004,1,0,0.12409098878291076
INV016005,1,0,0.10142248147073556
INV016006,1,0,0.04460882478226359
INV016007,1,0,0.14715608984913725
INV016008,1,0,0.3195579126019836
INV016009,1,0,0.1153260110721115
INV016010,1,0,0.020632779516569996
INV016011,1,0,0.08300322285358287
INV016012,1,0,0.2449368428857576
INV016013,1,0,0.21929253164381488
INV016014,1,0,0.14877260421798405
INV016015,1,0,0.14544905975937064
INV016016,1,0,0.11561825993801778
INV016017,1,0,0.10500389876587826
INV016018,1,0,0.22402788500672036
INV016019,1,0,0.32710076313234493
INV016020,1,0,0.035195093539855914
INV016021,1,0,0.0364145390874465
INV016022,1,0,0.2002054023319348
INV016023,1,0,0.22964788551077175
INV016024,1,0,0.07895982244046328
INV016025,1,0,0.08830898577295557
INV016026,1,0,0.3555200386500603
INV016027,1,0,0.04960332325534937
INV016028,1,0,0.14519041823605403
INV016029,1,0,0.1622642059062258
INV016030,1,0,0.06664758776132672
INV016031,1,0,0.2907368658951561
INV016032,1,0,0.0591801488143083
INV016033,1,0,0.03259867260351277
INV016034,1,0,0.07548494770168689
INV016035,1,0,0.12735932793663055
INV016036,1,0,0.09484476370921428
INV016037,1,0,0.08438399536478314
INV016038,1,0,0.09839018356044252
INV016039,1,0,0.2083312940652505
INV016040,1,0,0.049724303334844414
INV016041,1,0,0.10738723373551817
INV016042,1,0,0.2042142837326596
INV016043,1,0,0.23891676337668863
INV016044,1,0,0.05977852915386392
INV016045,1,0,0.06252012953915313
INV016046,1,0,0.024764101192194347
INV016047,1,0,0.04394656597066385
INV016048,1,0,0.06711102944120233
INV016049,1,0,0.030721131179205313
INV016050,1,0,0.05906028369216652
INV016051,1,0,0.035769967619539676
INV016052,1,0,0.042916011271273584
INV016053,1,0,0.039034529176423374
INV016054,1,0,0.1527609426499041
INV016055,-1,1,0.5472768356054906
INV016056,1,0,0.299545247797337
INV016057,1,0,0.06512705170912829
INV016058,1,0,0.06108659002330251
INV016059,1,0,0.06265039043085126
INV016060,1,0,0.19294397374604144
INV016061,1,0,0.16076026952876935
INV016062,1,0,0.07267523282551812
INV016063,1,0,0.08378416027835589
INV016064,1,0,0.030163720872495213
INV016065,1,0,0.11388795542137851
INV016066,1,0,0.037899439517495456
INV016067,1,0,0.08911830124518384
INV016068,1,0,0.09449392273314432
INV016069,1,0,0.05059943816769369
INV016070,1,0,0.06913835757103105
INV016071,1,0,0.07010552027206941
INV016072,1,0,0.12115762840102179
INV016073,1,0,0.09189151685435078
INV016074,-1,1,0.9024450055024549
INV016075,1,0,0.12512145008300177
INV016076,1,0,0.12534591563019853
INV016077,1,0,0.14681343667834953
INV016078,1,0,0.1351238559258919
INV016079,1,0,0.023483014340343975
INV016080,1,0,0.21744073489887147
INV016081,1,0,0.1451307889799672
INV016082,1,0,0.054443521661457495
INV016083,1,0,0.03656128646175375
INV016084,1,0,0.004808567062318821
INV016085,1,0,0.14014187081682303
INV016086,1,0,0.17630506375703325
INV016087,1,0,0.06749176706211527
INV016088,1,0,0.00347294596492344
INV016089,1,0,0.10418991463999548
INV016090,1,0,0.025870660411500417
INV016091,1,0,0.09624105290704255
INV016092,1,0,0.23278635695985492
INV016093,1,0,0.19176739676644866
INV016094,1,0,0.07070573622685554
INV016095,1,0,0.20372549765675
INV016096,1,0,0.034410277608993324
INV016097,1,0,0.10744080709810026
INV016098,1,0,0.10250850714784285
INV016099,1,0,0.038390059151473754
INV016100,1,0,0.07767035756422853
INV016101,1,0,0.2660472894104693
INV016102,1,0,0.03867956256160617
INV016103,1,0,0.06094326402786076
INV016104,1,0,0.008773416998250107
INV016105,1,0,0.11199886821162647
INV016106,1,0,0.20356324263440168
INV016107,1,0,0.022433722909034764
INV016108,1,0,0.04976523820155676
INV016109,1,0,0.20758909062042752
INV016110,1,0,0.058018760571390035
INV016111,1,0,0.06259989347373714
INV016112,1,0,0.06715651470322882
INV016113,1,0,0.2220684564899857
INV016114,1,0,0.21029339224257268
INV016115,1,0,0.18680741707287352
INV016116,1,0,0.2025580410832284
INV016117,1,0,0.27137101979202405
INV016118,1,0,0.32276351152537786
INV016119,1,0,0.057854808172123254
INV016120,1,0,0.2055227937177862
INV016121,1,0,0.030028153419000142
INV016122,1,0,0.06607542443202265
INV016123,1,0,0.15330216757289578
INV016124,1,0,0.036309780008568625
INV016125,1,0,0.11009244884603121
INV016126,1,0,0.32349222891754054
INV016127,1,0,0.06358172531631755
INV016128,1,0,0.055766489698238074
INV016129,-1,1,0.6116525851681166
INV016130,1,0,0.05000201229752078
INV016131,1,0,0.16955690049178102
INV016132,1,0,0.17087243374242872
INV016133,1,0,0.20900048829836634
INV016134,1,0,0.07879248450979177
INV016135,1,0,0.10426619364210409
INV016136,1,0,0.16578460376089557
INV016137,1,0,0.29604755241131164
INV016138,1,0,0.03202158086506799
INV016139,1,0,0.18608185235152966
INV016140,1,0,0.07252479124123105
INV016141,1,0,0.08972346901024761
INV016142,1,0,0.03526383633144229
INV016143,1,0,0.173919580644757
INV016144,1,0,0.12645317281930904
INV016145,1,0,0.0912473244247093
INV016146,1,0,0.06008765776005258
INV016147,1,0,0.058101780446732414
INV016148,1,0,0.08609138406158277
INV016149,1,0,0.1011353818038083
INV016150,1,0,0.19910098541615204
INV016151,1,0,0.1809507340812945
INV016152,1,0,0.12633384046519824
INV016153,1,0,0.22317170175449846
INV016154,1,0,0.19227923924488105
INV016155,1,0,0.1114763491950749
INV016156,1,0,0.05649400381294167
INV016157,1,0,0.011147674940915142
INV016158,1,0,0.09398642826882689
INV016159,1,0,0.04815334416914545
INV016160,1,0,0.07518771727844982
INV016161,1,0,0.176805344624607
INV016162,1,0,0.1389595895119874
INV016163,1,0,0.05333920738174452
INV016164,1,0,0.1109460857095216
INV016165,1,0,0.06819756471878945
INV016166,1,0,0.11442326580866882
INV016167,1,0,0.011114609289642825
INV016168,-1,1,0.42679860024181276
INV016169,-1,1,0.4395183307195025
INV016170,1,0,0.2962686283818736
INV016171,1,0,0.03908312873052179
INV016172,1,0,0.23794165158220998
INV016173,1,0,0.10607931404073954
INV016174,1,0,0.10492161775793238
INV016175,-1,1,0.49700025971565265
INV016176,1,0,0.058593321759041986
INV016177,1,0,0.11388713993185201
INV016178,1,0,0.04331354071419734
INV016179,1,0,0.26922615068845895
INV016180,1,0,0.030439998417945643
INV016181,1,0,0.09326411366803447
INV016182,1,0,0.09485037599632277
INV016183,1,0,0.0512095868330689
INV016184,1,0,0.06090011795074492
INV016185,-1,1,0.4327512986753504
INV016186,1,0,0.08433945758824785
INV016187,1,0,0.2539536556294676
INV016188,1,0,0.22163748799500738
INV016189,1,0,0.06890101275561988
INV016190,1,0,0.08806746756801294
INV016191,1,0,0.13913422992229169
INV016192,1,0,0.1593301180642687
INV016193,1,0,0.34988987298621993
INV016194,1,0,0.043439894312573835
INV016195,1,0,0.056977241154800407
INV016196,1,0,0.14928630143006372
INV016197,-1,1,0.5286697999802319
INV016198,1,0,0.07908066686805787
INV016199,1,0,0.08388198443113842
INV016200,1,0,0.06877926903466274
INV016201,1,0,0.1166788257567045
INV016202,1,0,0.2069484836156567
INV016203,1,0,0.33670753150716787
INV016204,1,0,0.18706799001397983
INV016205,1,0,0.12559071992606188
INV016206,1,0,0.054418914761099696
INV016207,1,0,0.09731349551232613
INV016208,1,0,0.03472835893049403
INV016209,1,0,0.12019379180098484
INV016210,1,0,0.1863252408766001
INV016211,1,0,0.12444551778183105
INV016212,1,0,0.18340529197972194
INV016213,1,0,0.03181364303732911
INV016214,1,0,0.04432461444007575
INV016215,1,0,0.06384521538095413
INV016216,1,0,0.12196305774561156
INV016217,-1,1,0.6023040114425096
INV016218,1,0,0.0859852931713107
INV016219,1,0,0.07973337121397787
INV016220,1,0,0.029491574332547912
INV016221,1,0,0.049066763519291116
INV016222,1,0,0.09655397039411519
INV016223,1,0,0.07900476792018468
INV016224,-1,1,0.5238588839789131
INV016225,1,0,0.1293624220605259
INV016226,1,0,0.04544069842209204
INV016227,1,0,0.09858192916382924
INV016228,1,0,0.04033438311255829
INV016229,1,0,0.23390945340034297
INV016230,1,0,0.12247147042710935
INV016231,1,0,0.13520902843294086
INV016232,1,0,0.17208880383593023
INV016233,1,0,0.11129826959199705
INV016234,1,0,0.1956160402754336
INV016235,1,0,0.2842176514290767
INV016236,1,0,0.11996990560403718
INV016237,1,0,0.03285852179811882
INV016238,-1,1,0.47856154008820684
INV016239,1,0,0.03106005582471337
INV016240,1,0,0.06033633643096604
INV016241,1,0,0.1868181769620783
INV016242,1,0,0.03738225574013549
INV016243,1,0,0.0556151330406477
INV016244,1,0,0.4185078359322274
INV016245,1,0,0.1380657365420554
INV016246,1,0,0.04039188713511088
INV016247,1,0,0.0632869085772014
INV016248,1,0,0.03796748461831271
INV016249,1,0,0.045469846762526855
INV016250,1,0,0.09627558286638603
INV016251,1,0,0.22147319066672586
INV016252,1,0,0.046384604186916575
INV016253,1,0,0.06707364648819852
INV016254,1,0,0.22288298096396883
INV016255,1,0,0.06610166987079817
INV016256,1,0,0.17562683037330293
INV016257,1,0,0.30343186827686125
INV016258,1,0,0.05195682786226523
INV016259,1,0,0.04094669476611376
INV016260,1,0,0.07859517068262
INV016261,1,0,0.03561090520949929
INV016262,1,0,0.20451202281462694
INV016263,1,0,0.01649753858880851
INV016264,1,0,0.022260454560454834
INV016265,1,0,0.0668622079483252
INV016266,1,0,0.1306326326641528
INV016267,1,0,0.15305789435677752
INV016268,1,0,0.20042029922394203
INV016269,1,0,0.1390638373426679
INV016270,1,0,0.3401095792108719
INV016271,1,0,0.10944248524712355
INV016272,1,0,0.21750095031341804
INV016273,1,0,0.06977159483975595
INV016274,1,0,0.09900662803317606
INV016275,-1,1,0.5677964509331376
INV016276,1,0,0.05743248767822991
INV016277,1,0,0.0611376932673664
INV016278,1,0,0.17970782666368323
INV016279,1,0,0.015922226234254454
INV016280,1,0,0.2327415725326695
INV016281,1,0,0.14832146322397974
INV016282,1,0,0.16122321725250197
INV016283,1,0,0.17608683443928771
INV016284,1,0,0.1563668774264114
INV016285,1,0,0.07229597876114265
INV016286,1,0,0.08761284211780859
INV016287,1,0,0.03668235966379498
INV016288,1,0,0.2021668423613661
INV016289,1,0,0.04566968885783784
INV016290,1,0,0.1643441633730069
INV016291,1,0,0.09652904375212333
INV016292,1,0,0.09607261052217186
INV016293,1,0,0.10369117453987718
INV016294,1,0,0.16321989219410085
INV016295,1,0,0.08095455519695091
INV016296,1,0,0.3323873624017448
INV016297,1,0,0.05954416293546038
INV016298,1,0,0.1521927706029149
INV016299,1,0,0.213475052860176
INV016300,1,0,0.1672710081268133
INV016301,1,0,0.09708781842227314
INV016302,1,0,0.011817928149033714
INV016303,1,0,0.3566188490614398
INV016304,1,0,0.08672698486635083
INV016305,1,0,0.034213067752726235
INV016306,1,0,0.03898157883533017
INV016307,1,0,0.08770066137029109
INV016308,1,0,0.048134188421710855
INV016309,1,0,0.07420171282063377
INV016310,1,0,0.028967969157636983
INV016311,1,0,0.026488583823959265
INV016312,1,0,0.0441760489270679
INV016313,1,0,0.26536137647829466
INV016314,1,0,0.04170874710054009
INV016315,1,0,0.135325707749409
INV016316,-1,1,0.4352140975487347
INV016317,1,0,0.10186103534142701
INV016318,1,0,0.19924548200392547
INV016319,1,0,0.06138344113047787
INV016320,1,0,0.037107675801441246
INV016321,1,0,0.12485252193727141
INV016322,1,0,0.05890710941812844
INV016323,1,0,0.0763560822007139
INV016324,1,0,0.11321889137641679
INV016325,1,0,0.1877734361076583
INV016326,1,0,0.018367208183341865
INV016327,1,0,0.19117335812735428
INV016328,-1,1,0.4422069238229313
INV016329,1,0,0.09254609054812872
INV016330,-1,1,0.4677014549372328
INV016331,1,0,0.18275275342236205
INV016332,1,0,0.1629520909885778
INV016333,1,0,0.056941495253935624
INV016334,1,0,0.04599469855565337
INV016335,1,0,0.08788712926352632
INV016336,1,0,0.11753077468714491
INV016337,1,0,0.346622872879714
INV016338,-1,1,0.4726426297930672
INV016339,1,0,0.3102005626624323
INV016340,1,0,0.10748987262135173
INV016341,1,0,0.1353973097676874
INV016342,1,0,0.07092019440743533
INV016343,-1,1,0.7684905927144771
INV016344,1,0,0.04490282537607294
INV016345,1,0,0.07941645065057076
INV016346,1,0,0.09585422183302811
INV016347,1,0,0.07106835453834855
INV016348,1,0,0.2994056709015845
INV016349,1,0,0.14809250814217012
INV016350,1,0,0.02978907008828817
INV016351,1,0,0.2622828987736203
INV016352,1,0,0.0394807925567705
INV016353,1,0,0.07201875690548257
INV016354,1,0,0.11639122959322473
INV016355,-1,1,0.4672731387685882
INV016356,1,0,0.06517697889319493
INV016357,1,0,0.3160564607951669
INV016358,1,0,0.04958469133889976
INV016359,1,0,0.1691128046835589
INV016360,1,0,0.16015711025536233
INV016361,1,0,0.13030639686517742
INV016362,1,0,0.2408379542483326
INV016363,1,0,0.05860855705117808
INV016364,1,0,0.1265354544339031
INV016365,1,0,0.09233101009062829
INV016366,1,0,0.09119993584128173
INV016367,1,0,0.05314208970373077
INV016368,1,0,0.20567867994314884
INV016369,1,0,0.11337666360434297
INV016370,1,0,0.03321736796215447
INV016371,1,0,0.17755588411823026
INV016372,1,0,0.058331324864879366
INV016373,1,0,0.05094031033966546
INV016374,1,0,0.10372960426187196
INV016375,1,0,0.07998435620615353
INV016376,1,0,0.023392052745264853
INV016377,1,0,0.21537545245240813
INV016378,1,0,0.27401406144265583
INV016379,1,0,0.07660285396654139
INV016380,1,0,0.09002339773540663
INV016381,1,0,0.0641023609061326
INV016382,1,0,0.12450353262198781
INV016383,1,0,0.0808142530667725
INV016384,1,0,0.19456669901599288
INV016385,1,0,0.061700902658245876
INV016386,1,0,0.05775136399911905
INV016387,1,0,0.2907611216867471
INV016388,1,0,0.09384774563164486
INV016389,1,0,0.20523252072547327
INV016390,1,0,0.0541989014518425
INV016391,1,0,0.03562444708638311
INV016392,1,0,0.06078749644694953
INV016393,-1,1,0.5963332341659835
INV016394,1,0,0.08785939244158075
INV016395,1,0,0.20747760918603753
INV016396,1,0,0.16240877647840837
INV016397,1,0,0.042128358543970776
INV016398,1,0,0.12740878455399068
INV016399,1,0,0.0788357296729184
INV016400,1,0,0.10985940768346575
INV016401,1,0,0.11374713763737662
INV016402,1,0,0.0475842383405782
INV016403,1,0,0.14650573025036578
INV016404,1,0,0.09090464123244053
INV016405,1,0,0.026952684757805025
INV016406,1,0,0.05587835534576834
INV016407,1,0,0.4167634856326678
INV016408,1,0,0.03758576180930757
INV016409,1,0,0.06724602714203046
INV016410,1,0,0.18183942775364592
INV016411,1,0,0.03784380828459675
INV016412,1,0,0.09948876692141176
INV016413,1,0,0.058346377250239743
INV016414,1,0,0.08404562997816084
INV016415,1,0,0.02914648710401864
INV016416,1,0,0.25432264279661077
INV016417,1,0,0.2067566855124105
INV016418,1,0,0.18142141016333152
INV016419,1,0,0.12363720317922669
INV016420,1,0,0.09656712485996188
INV016421,1,0,0.20578957045964713
INV016422,1,0,0.04673500437582636
INV016423,1,0,0.14118871711765285
INV016424,1,0,0.05591276231883918
INV016425,1,0,0.08011224644034981
INV016426,1,0,0.0761731175267136
INV016427,1,0,0.07525747814656666
INV016428,1,0,0.14786894764285677
INV016429,1,0,0.03646552979333511
INV016430,1,0,0.06646381970271562
INV016431,1,0,0.020839194008628797
INV016432,1,0,0.10920061934775195
INV016433,-1,1,0.5189851241080263
INV016434,1,0,0.2660972320582948
INV016435,1,0,0.15258330476885243
INV016436,1,0,0.07425021476342651
INV016437,1,0,0.05194270693360877
INV016438,1,0,0.1325403557808777
INV016439,1,0,0.025221433134134306
INV016440,1,0,0.041000354743586
INV016441,1,0,0.2283774243351811
INV016442,1,0,0.03628575677228896
INV016443,1,0,0.0858657112350045
INV016444,1,0,0.11922512258451089
INV016445,1,0,0.38756192186470506
INV016446,1,0,0.15488122140361857
INV016447,1,0,0.18783433797307714
INV016448,1,0,0.026620451177291393
INV016449,1,0,0.06462035556732189
INV016450,1,0,0.027882388586177777
INV016451,1,0,0.06285086876438568
INV016452,1,0,0.08349725240070031
INV016453,1,0,0.26488986822792043
INV016454,1,0,0.09590242855297268
INV016455,1,0,0.14225602043214366
INV016456,1,0,0.03411977007136948
INV016457,1,0,0.19453457995833565
INV016458,1,0,0.1100936706527572
INV016459,1,0,0.19033405952698862
INV016460,1,0,0.20810306456519478
INV016461,1,0,0.05920896951410716
INV016462,1,0,0.05106596140563986
INV016463,1,0,0.15688096435975168
INV016464,1,0,0.08927684559116213
INV016465,1,0,0.0360236514479139
INV016466,1,0,0.09146890012535637
INV016467,1,0,0.11155561577970356
INV016468,1,0,0.11375813123211885
INV016469,1,0,0.18984200952477337
INV016470,1,0,0.17471079719923754
INV016471,1,0,0.1234797444347129
INV016472,1,0,0.10399613970321775
INV016473,1,0,0.08135638001567469
INV016474,1,0,0.12386675383082546
INV016475,-1,1,0.5318353666648328
INV016476,1,0,0.18911675166000488
INV016477,1,0,0.07233462942191934
INV016478,1,0,0.35340677095952255
INV016479,1,0,0.04176169077699649
INV016480,1,0,0.05469042637418097
INV016481,1,0,0.10135441908712645
INV016482,1,0,0.048979950318550215
INV016483,1,0,0.08878249615047164
INV016484,1,0,0.22859276814744647
INV016485,1,0,0.04573311767210136
INV016486,1,0,0.14223154861443546
INV016487,1,0,0.03927636444491565
INV016488,1,0,0.15805310034827602
INV016489,-1,1,0.7722310852990942
INV016490,1,0,0.03284728857110981
INV016491,1,0,0.0380119625941382
INV016492,1,0,0.014927110192005004
INV016493,1,0,0.08658172645642037
INV016494,1,0,0.08029363002570979
INV016495,1,0,0.20130480662851769
INV016496,1,0,0.16226751127147715
INV016497,1,0,0.08019469909975149
INV016498,1,0,0.10286364136226249
INV016499,1,0,0.24584594341818347
INV016500,1,0,0.12303244366397272
INV016501,1,0,0.10978474809275167
INV016502,1,0,0.11423119546398436
INV016503,1,0,0.03267536053422723
INV016504,1,0,0.08286555017902596
INV016505,1,0,0.04852170569870586
INV016506,1,0,0.05986566537312606
INV016507,1,0,0.05082271410117303
INV016508,1,0,0.03850649178061498
INV016509,1,0,0.08149527533295893
INV016510,1,0,0.0504248619619534
INV016511,1,0,0.05161583358773184
INV016512,-1,1,0.6068421640082416
INV016513,1,0,0.17895883430734827
INV016514,1,0,0.011442076071909349
INV016515,1,0,0.13155509425198592
INV016516,1,0,0.08738148154215693
INV016517,1,0,0.32741224115609174
INV016518,1,0,0.09467115049364645
INV016519,1,0,0.048561793526851096
INV016520,1,0,0.08527841507785208
INV016521,1,0,0.09034186084656393
INV016522,-1,1,0.42521922423990394
INV016523,1,0,0.035928042514013686
INV016524,1,0,0.033663819854852194
INV016525,1,0,0.08970423214242798
INV016526,1,0,0.07789591950654157
INV016527,1,0,0.17368845005032194
INV016528,1,0,0.05985128005770121
INV016529,1,0,0.16777401738158074
INV016530,1,0,0.047982095881934285
INV016531,1,0,0.34850662914812786
INV016532,1,0,0.15049944433655812
INV016533,1,0,0.1424433857259713
INV016534,-1,1,0.6739837108542269
INV016535,1,0,0.20678789162329012
INV016536,1,0,0.13191546535495616
INV016537,1,0,0.07019006969322962
INV016538,1,0,0.053171808717892344
INV016539,1,0,0.2054898551065473
INV016540,1,0,0.01834928249882957
INV016541,1,0,0.13763454889583127
INV016542,1,0,0.10245384161277414
INV016543,1,0,0.04036510372729215
INV016544,1,0,0.05635859942705609
INV016545,1,0,0.39066713622187377
INV016546,1,0,0.05242981543927201
INV016547,1,0,0.07847852343153318
INV016548,1,0,0.04318158129346647
INV016549,1,0,0.018855481483568776
INV016550,1,0,0.05578954546136891
INV016551,1,0,0.16025295635502917
INV016552,1,0,0.05793633346746727
INV016553,1,0,0.1235044725663046
INV016554,1,0,0.10623495274586894
INV016555,1,0,0.11584465513202008
INV016556,1,0,0.045249081188840704
INV016557,1,0,0.082962660765687
INV016558,1,0,0.10066724963236903
INV016559,1,0,0.05131639052148454
INV016560,1,0,0.07289136509514015
INV016561,1,0,0.33096771615110165
INV016562,1,0,0.1513994212185879
INV016563,1,0,0.14200918562014198
INV016564,1,0,0.09237732405235065
INV016565,1,0,0.09993256787605186
INV016566,1,0,0.14307465367229263
INV016567,-1,1,0.6336470281813049
INV016568,1,0,0.19321187801713463
INV016569,1,0,0.13541171410222652
INV016570,1,0,0.05209359117694095
INV016571,1,0,0.0668484123957731
INV016572,-1,1,0.4439304560225237
INV016573,1,0,0.09567509634833822
INV016574,1,0,0.11163766420567452
INV016575,1,0,0.0707841441149899
INV016576,1,0,0.04706801205003789
INV016577,1,0,0.0572312937857194
INV016578,1,0,0.12560787048390404
INV016579,1,0,0.030502299408310635
INV016580,1,0,0.05965982033629138
INV016581,1,0,0.07824678115240524
INV016582,1,0,0.07531696505502694
INV016583,1,0,0.06196138969315388
INV016584,1,0,0.21721913875796411
INV016585,1,0,0.07267142491538818
INV016586,1,0,0.16333498330715393
INV016587,1,0,0.26932110558257977
INV016588,1,0,0.07252382491567926
INV016589,1,0,0.030940678467418204
INV016590,1,0,0.07141044508760158
INV016591,1,0,0.13122832420559113
INV016592,1,0,0.17140267994387243
INV016593,1,0,0.06753321037201213
INV016594,1,0,0.11916670317741368
INV016595,1,0,0.11627200680545197
INV016596,1,0,0.14907435013616288
INV016597,1,0,0.11665227896809877
INV016598,1,0,0.16750980979741145
INV016599,1,0,0.2405434755648287
INV016600,1,0,0.022179182364553247
INV016601,1,0,0.11587918729879539
INV016602,1,0,0.09220798968060809
INV016603,1,0,0.08209383273531391
INV016604,1,0,0.41466568386450253
INV016605,1,0,0.11002741369075746
INV016606,1,0,0.11872016445503733
INV016607,1,0,0.03428257803637936
INV016608,1,0,0.04108286820046651
INV016609,1,0,0.01744181074649262
INV016610,-1,1,0.9848125584667952
INV016611,1,0,0.20914307623250267
INV016612,1,0,0.022270262149683924
INV016613,1,0,0.10035012598959356
INV016614,1,0,0.06871341441287482
INV016615,1,0,0.04512278248256917
INV016616,1,0,0.1406238933561822
INV016617,1,0,0.1655790995056333
INV016618,1,0,0.05389450297979338
INV016619,1,0,0.0761147892700297
INV016620,1,0,0.10766791555452301
INV016621,1,0,0.22195037141215984
INV016622,1,0,0.06752293822751076
INV016623,1,0,0.0785610182502886
INV016624,1,0,0.05577686196393573
INV016625,1,0,0.15623020103422136
INV016626,1,0,0.04128903004894672
INV016627,1,0,0.12137408776876507
INV016628,1,0,0.05019741627156383
INV016629,1,0,0.04603922848541876
INV016630,1,0,0.1605436607981985
INV016631,1,0,0.062068219549927084
INV016632,1,0,0.14118756451915151
INV016633,1,0,0.0882739962149227
INV016634,1,0,0.10072670028539145
INV016635,1,0,0.08793494984754906
INV016636,1,0,0.15257288421432635
INV016637,1,0,0.06116807508867458
INV016638,-1,1,0.4454474065354083
INV016639,1,0,0.11481472337586987
INV016640,1,0,0.07491457863057308
INV016641,1,0,0.05476253439302529
INV016642,1,0,0.05477261693825041
INV016643,1,0,0.06798811770267726
INV016644,1,0,0.09959974770344888
INV016645,1,0,0.06104742317046682
INV016646,1,0,0.1393141073495023
INV016647,1,0,0.16266446910027163
INV016648,1,0,0.04708553932914978
INV016649,1,0,0.014198870329300195
INV016650,1,0,0.1745835081400919
INV016651,1,0,0.09529694759699542
INV016652,1,0,0.20729820059288628
INV016653,1,0,0.2395540777492077
INV016654,1,0,0.025300170968434347
INV016655,1,0,0.16276056774073167
INV016656,1,0,0.22292029829967286
INV016657,1,0,0.07276648955859578
INV016658,1,0,0.04403889038074962
INV016659,1,0,0.0671772700039873
INV016660,1,0,0.06046165192822759
INV016661,1,0,0.05138269210801122
INV016662,1,0,0.11213084656960398
INV016663,1,0,0.06343227966829142
INV016664,1,0,0.07289042116764377
INV016665,1,0,0.1959593257075467
INV016666,1,0,0.03758851507054747
INV016667,-1,1,0.5200715982393492
INV016668,1,0,0.08036358646659908
INV016669,1,0,0.08208376441594008
INV016670,1,0,0.1789123534857245
INV016671,1,0,0.11487564277981405
INV016672,1,0,0.08098407288913749
INV016673,1,0,0.055357354440727834
INV016674,1,0,0.04366261580370795
INV016675,1,0,0.16364275490479885
INV016676,1,0,0.08516938446305447
INV016677,-1,1,0.44142514305373176
INV016678,1,0,0.04166736507437265
INV016679,1,0,0.009860303404308957
INV016680,1,0,0.057574015571110984
INV016681,1,0,0.02464626472741809
INV016682,1,0,0.3354694383583532
INV016683,1,0,0.22544405955137853
INV016684,1,0,0.043024983572574255
INV016685,1,0,0.33400299321613164
INV016686,1,0,0.04365316204369259
INV016687,1,0,0.06990373239678188
INV016688,1,0,0.05451177883131909
INV016689,1,0,0.040673903925291265
INV016690,1,0,0.1730125096744842
INV016691,1,0,0.12232908292636098
INV016692,1,0,0.18851087090169236
INV016693,1,0,0.10417596495075329
INV016694,1,0,0.025098426787533924
INV016695,1,0,0.07680827902245002
INV016696,1,0,0.07885901074908527
INV016697,1,0,0.0663074706975879
INV016698,1,0,0.07052614908064954
INV016699,-1,1,0.46387310059914794
INV016700,1,0,0.03534611477823045
INV016701,1,0,0.039140943970304355
INV016702,1,0,0.18248705597188325
INV016703,1,0,0.16369311725236266
INV016704,1,0,0.12902928460883745
INV016705,1,0,0.04390427213347001
INV016706,1,0,0.022588202119990942
INV016707,1,0,0.1584711626110453
INV016708,1,0,0.0516194789415352
INV016709,1,0,0.07811798287459204
INV016710,1,0,0.0714492081695126
INV016711,1,0,0.060959219939078914
INV016712,1,0,0.0720299475475818
INV016713,1,0,0.023661981981693586
INV016714,1,0,0.22850421672391175
INV016715,1,0,0.08321588050600036
INV016716,1,0,0.24472104687566598
INV016717,1,0,0.054648954206774056
INV016718,1,0,0.020842370878556307
INV016719,-1,1,0.9489845825123493
INV016720,1,0,0.08302360666569918
INV016721,1,0,0.19335769572423855
INV016722,1,0,0.3038073732218946
INV016723,1,0,0.32797258952364844
INV016724,1,0,0.08712219548210914
INV016725,1,0,0.060697482875745556
INV016726,1,0,0.3923971312639301
INV016727,-1,1,0.45885539147326776
INV016728,1,0,0.23835698549012485
INV016729,1,0,0.04294061950316299
INV016730,1,0,0.07564904452759648
INV016731,1,0,0.020465827179378067
INV016732,1,0,0.15128410094358039
INV016733,1,0,0.21133995892677673
INV016734,1,0,0.1662032489375984
INV016735,1,0,0.3174256599880558
INV016736,1,0,0.019872875440057426
INV016737,1,0,0.18203556038477495
INV016738,1,0,0.0321476017359551
INV016739,1,0,0.1279251447626587
INV016740,1,0,0.24592750520022563
INV016741,1,0,0.26142201906593343
INV016742,1,0,0.015850892210824554
INV016743,1,0,0.1244191009513399
INV016744,1,0,0.3449488900167847
INV016745,1,0,0.12736595135891954
INV016746,1,0,0.06825233150517351
INV016747,1,0,0.051017302180380246
INV016748,1,0,0.095208959956415
INV016749,1,0,0.1261116805505751
INV016750,1,0,0.24494988512939742
INV016751,1,0,0.07853253216381992
INV016752,1,0,0.2328371510277648
INV016753,1,0,0.2286127612070632
INV016754,1,0,0.031799152412139924
INV016755,1,0,0.029195900423783158
INV016756,1,0,0.12992029764767118
INV016757,1,0,0.01587178112046729
INV016758,1,0,0.13909917528958465
INV016759,1,0,0.26192214430991845
INV016760,1,0,0.14737756913259933
INV016761,1,0,0.08035758779361979
INV016762,1,0,0.04692516338492312
INV016763,-1,1,0.7501035001367456
INV016764,1,0,0.07224702960751357
INV016765,1,0,0.050857392479053055
INV016766,1,0,0.1498089132250917
INV016767,1,0,0.10314368750827534
INV016768,1,0,0.14453609181082205
INV016769,1,0,0.11988886215047573
INV016770,1,0,0.10093548922440214
INV016771,1,0,0.05677468244832281
INV016772,1,0,0.011541941649181858
INV016773,1,0,0.06460301429767847
INV016774,-1,1,0.6144403082439549
INV016775,1,0,0.06372156245856997
INV016776,1,0,0.13781213781097823
INV016777,1,0,0.05604889599631565
INV016778,1,0,0.41071045842872106
INV016779,1,0,0.09389527982299006
INV016780,1,0,0.041309043542674354
INV016781,1,0,0.044602517269488155
INV016782,1,0,0.07964757867013336
INV016783,1,0,0.11713319634740153
INV016784,1,0,0.2630438009792748
INV016785,1,0,0.21152711804080773
INV016786,1,0,0.1680563699701666
INV016787,1,0,0.2117204550885328
INV016788,1,0,0.379446374737157
INV016789,1,0,0.021295667372333973
INV016790,1,0,0.17005986908426285
INV016791,1,0,0.09648444969407927
INV016792,1,0,0.05506208574703236
INV016793,1,0,0.05481082507094157
INV016794,1,0,0.11147882996519057
INV016795,1,0,0.11228808349236992
INV016796,1,0,0.07714517968668091
INV016797,1,0,0.21204611484105665
INV016798,1,0,0.1387148170736725
INV016799,1,0,0.22823534424321198
INV016800,1,0,0.07954222368961483
INV016801,1,0,0.10173224669030477
INV016802,1,0,0.07145214700284393
INV016803,1,0,0.02580611519710785
INV016804,1,0,0.20084527458720255
INV016805,1,0,0.1974142548939599
INV016806,1,0,0.3726069534120219
INV016807,1,0,0.1867576820449658
INV016808,1,0,0.03914367439667661
INV016809,1,0,0.04886213266747988
INV016810,1,0,0.17993726609138083
INV016811,1,0,0.2960165436406829
INV016812,1,0,0.24515695134359872
INV016813,1,0,0.04446308809531529
INV016814,1,0,0.04114372221937459
INV016815,1,0,0.036372190334812544
INV016816,1,0,0.05971641818984027
INV016817,1,0,0.03553923921995297
INV016818,1,0,0.17490346355850372
INV016819,1,0,0.03318774390933323
INV016820,1,0,0.0451109671165248
INV016821,1,0,0.37418814351508917
INV016822,1,0,0.10435107000192194
INV016823,1,0,0.042405958953138735
INV016824,1,0,0.07184631563808909
INV016825,1,0,0.09209616488982078
INV016826,1,0,0.154159867524618
INV016827,1,0,0.07005875982784995
INV016828,1,0,0.3363718266144964
INV016829,-1,1,0.514055762789076
INV016830,1,0,0.10401567991179816
INV016831,1,0,0.02964174354225553
INV016832,1,0,0.08038212445609072
INV016833,1,0,0.08096613524711824
INV016834,-1,1,0.865564872352625
INV016835,1,0,0.03713259125430062
INV016836,1,0,0.03992986970315524
INV016837,1,0,0.08529753693033115
INV016838,1,0,0.06984420962079575
INV016839,1,0,0.06963321958833808
INV016840,1,0,0.079379780493766
INV016841,1,0,0.07960982780833037
INV016842,1,0,0.07810684902209769
INV016843,1,0,0.0490040887614852
INV016844,1,0,0.03358424998153875
INV016845,1,0,0.1802434649701839
INV016846,1,0,0.15353729205456668
INV016847,-1,1,0.6687555018894256
INV016848,1,0,0.2186160523615914
INV016849,1,0,0.08783329719348186
INV016850,1,0,0.06135788580428384
INV016851,1,0,0.20226721416831334
INV016852,1,0,0.09721358203748001
INV016853,1,0,0.07177862469467723
INV016854,1,0,0.06260919756224617
INV016855,-1,1,0.7036193873336546
INV016856,1,0,0.05613050070908961
INV016857,1,0,0.030857720999742433
INV016858,1,0,0.03560764613827904
INV016859,1,0,0.03024575829133419
INV016860,-1,1,0.5949296183610286
INV016861,1,0,0.09987821666437789
INV016862,1,0,0.0974804625498333
INV016863,1,0,0.06977620201308059
INV016864,1,0,0.10578607571833816
INV016865,1,0,0.10778941768018882
INV016866,-1,1,0.568890763988054
INV016867,1,0,0.03085629739158487
INV016868,1,0,0.07328833879395905
INV016869,1,0,0.07155172667977094
INV016870,1,0,0.4050777012208624
INV016871,1,0,0.1033905020067755
INV016872,1,0,0.09492713422968424
INV016873,1,0,0.1823484118844739
INV016874,1,0,0.2845926787526392
INV016875,1,0,0.28347606027713845
INV016876,1,0,0.2538270767204506
INV016877,1,0,0.049209158252272386
INV016878,1,0,0.0658886792873993
INV016879,1,0,0.14965259500868777
INV016880,1,0,0.10972387777607803
INV016881,1,0,0.042201360172585835
INV016882,-1,1,0.46641155886398417
INV016883,1,0,0.20134132709140803
INV016884,1,0,0.051662059452094344
INV016885,1,0,0.07969803208362992
INV016886,1,0,0.23631133587092001
INV016887,1,0,0.1957632197374786
INV016888,1,0,0.07239793578362579
INV016889,1,0,0.21123418469445546
INV016890,1,0,0.1515973669116667
INV016891,1,0,0.1063445447031363
INV016892,1,0,0.023923420435762836
INV016893,1,0,0.06999491744630115
INV016894,1,0,0.07269490665936597
INV016895,-1,1,0.6765951603901638
INV016896,1,0,0.07548039126587591
INV016897,1,0,0.05231463206783792
INV016898,1,0,0.057624035362050345
INV016899,-1,1,0.5235682269703257
INV016900,-1,1,0.5972849219758303
INV016901,1,0,0.13646784690778
INV016902,1,0,0.1426602129659486
INV016903,1,0,0.145214511428941
INV016904,1,0,0.06202153708967563
INV016905,1,0,0.2194777038584236
INV016906,1,0,0.04545524213711507
INV016907,1,0,0.14139653201530852
INV016908,1,0,0.12714239480995593
INV016909,1,0,0.17256940131070087
INV016910,1,0,0.05690857152649626
INV016911,1,0,0.32125185947454665
INV016912,1,0,0.0544725818760238
INV016913,1,0,0.02917012689753063
INV016914,1,0,0.3202852377621579
INV016915,1,0,0.10499078994029333
INV016916,1,0,0.05200555062016536
INV016917,1,0,0.08329038856559683
INV016918,1,0,0.04484409817231155
INV016919,1,0,0.048503575639871316
INV016920,1,0,0.2038563733565994
INV016921,1,0,0.04625473093452259
INV016922,1,0,0.10888366411038507
INV016923,1,0,0.10086191790442012
INV016924,-1,1,0.4685199654576123
INV016925,1,0,0.06941631477888142
INV016926,1,0,0.1578734830839944
INV016927,1,0,0.0908295000850701
INV016928,1,0,0.05544290988713822
INV016929,1,0,0.2778876917848866
INV016930,1,0,0.051228725147667374
INV016931,1,0,0.053315842053488605
INV016932,1,0,0.11043782275095995
INV016933,1,0,0.0313569749560469
INV016934,1,0,0.12143855575375866
INV016935,-1,1,0.5386803879885997
INV016936,-1,1,0.6267926889902732
INV016937,1,0,0.0693239965898523
INV016938,1,0,0.08669690245234536
INV016939,1,0,0.08269835915491511
INV016940,1,0,0.1405834663301344
INV016941,1,0,0.06654905967885562
INV016942,1,0,0.10226247317627755
INV016943,1,0,0.09696098651901607
INV016944,1,0,0.19577332782045312
INV016945,1,0,0.06565441259055906
INV016946,1,0,0.04363205016280326
INV016947,1,0,0.08811858360065902
INV016948,1,0,0.0536090922906824
INV016949,1,0,0.20319610303775698
INV016950,1,0,0.07361847488348358
INV016951,1,0,0.3671778302865792
INV016952,1,0,0.048289109080331294
INV016953,1,0,0.04094699756842642
INV016954,1,0,0.13457130930358327
INV016955,1,0,0.1359577051467127
INV016956,1,0,0.03210249239235266
INV016957,1,0,0.05697129733577886
INV016958,1,0,0.11948013467128857
INV016959,1,0,0.2602268363343788
INV016960,1,0,0.0635726788864193
INV016961,1,0,0.06896524705489898
INV016962,1,0,0.04961015814127398
INV016963,1,0,0.26549900251330544
INV016964,1,0,0.09520374776767768
INV016965,1,0,0.3828289591711541
INV016966,1,0,0.06179744486725064
INV016967,1,0,0.1809705111473991
INV016968,1,0,0.06795584918767765
INV016969,1,0,0.08809608663648229
INV016970,-1,1,0.7517653919512011
INV016971,1,0,0.043703214733523794
INV016972,1,0,0.050867345677639626
INV016973,1,0,0.3658353898593605
INV016974,1,0,0.04582571802765807
INV016975,1,0,0.09724557200744437
INV016976,1,0,0.04432550202006583
INV016977,1,0,0.06604445424763351
INV016978,1,0,0.20344925574250844
INV016979,1,0,0.101492463477356
INV016980,1,0,0.04075556140326857
INV016981,1,0,0.07075351861741244
INV016982,1,0,0.014823649339680098
INV016983,1,0,0.0694373163989813
INV016984,-1,1,0.47731344736891845
INV016985,1,0,0.05448200969643921
INV016986,1,0,0.07444973487021014
INV016987,1,0,0.09138874544463858
INV016988,1,0,0.07887784082948303
INV016989,1,0,0.03495952019361974
INV016990,1,0,0.07284883166104039
INV016991,1,0,0.07165458300020255
INV016992,1,0,0.15568626691935475
INV016993,1,0,0.060894228938098954
INV016994,1,0,0.16310974729123476
INV016995,1,0,0.14436194209738676
INV016996,1,0,0.13377513999072393
INV016997,1,0,0.04237508949927214
INV016998,1,0,0.06502694509380898
INV016999,1,0,0.09869432511184009
INV017000,1,0,0.21481785902032846
INV017001,1,0,0.29626669184219234
INV017002,1,0,0.09216079611778953
INV017003,1,0,0.11386455232048542
INV017004,1,0,0.05852491652192875
INV017005,1,0,0.03378294171405515
INV017006,1,0,0.13631015820626088
INV017007,1,0,0.018126026881551013
INV017008,1,0,0.11033494869078748
INV017009,1,0,0.12435675235338578
INV017010,1,0,0.04510437477670212
INV017011,1,0,0.044951347520467755
INV017012,1,0,0.2329067338686185
INV017013,1,0,0.10789588989424574
INV017014,1,0,0.16556154962176903
INV017015,1,0,0.07594694300412949
INV017016,1,0,0.08088540912042856
INV017017,1,0,0.1739614227291665
INV017018,1,0,0.06918812332752541
INV017019,1,0,0.1327626850167048
INV017020,1,0,0.15010690565462786
INV017021,1,0,0.05858101080554131
INV017022,1,0,0.07687607060376907
INV017023,1,0,0.11108929731955297
INV017024,1,0,0.05735817517899158
INV017025,1,0,0.04360600388515596
INV017026,1,0,0.1901017353849748
INV017027,1,0,0.054584536553171734
INV017028,1,0,0.04454898150929537
INV017029,1,0,0.05200984950266799
INV017030,1,0,0.024950350405500366
INV017031,1,0,0.09819766567475773
INV017032,1,0,0.05537260331398207
INV017033,1,0,0.17796984590824236
INV017034,1,0,0.16100416132378553
INV017035,1,0,0.0932142326793895
INV017036,1,0,0.0451850764303793
INV017037,1,0,0.07005558148762311
INV017038,1,0,0.10420470039222077
INV017039,1,0,0.08787620328962811
INV017040,1,0,0.05747465413447694
INV017041,1,0,0.1547426905509768
INV017042,1,0,0.03217010207274849
INV017043,1,0,0.019316061045795963
INV017044,1,0,0.08985735860404932
INV017045,1,0,0.1655629630894679
INV017046,1,0,0.22652019822559002
INV017047,1,0,0.05268593355016479
INV017048,1,0,0.10351564751866
INV017049,1,0,0.20771263276490387
INV017050,1,0,0.18423368346143876
INV017051,1,0,0.0895063836518957
INV017052,1,0,0.011813610813729078
INV017053,1,0,0.05105113068610802
INV017054,1,0,0.06808334937405151
INV017055,1,0,0.04946962639557837
INV017056,1,0,0.03969494277653013
INV017057,1,0,0.09912216718170906
INV017058,1,0,0.16834285038865912
INV017059,1,0,0.11617165307266838
INV017060,1,0,0.02678839500088796
INV017061,1,0,0.014122915468203752
INV017062,1,0,0.03781151239207981
INV017063,1,0,0.17260216980289075
INV017064,1,0,0.03627398829890098
INV017065,1,0,0.01455391298573245
INV017066,1,0,0.037110259396045876
INV017067,1,0,0.057364438712184905
INV017068,1,0,0.12408802980710412
INV017069,1,0,0.2693827468125546
INV017070,1,0,0.22793045006606363
INV017071,1,0,0.08234699323899035
INV017072,1,0,0.13740511124577823
INV017073,1,0,0.052441067222954975
INV017074,1,0,0.2312303591101131
INV017075,1,0,0.11787030919552093
INV017076,1,0,0.173266421018745
INV017077,1,0,0.0687052237965146
INV017078,1,0,0.02717485284988199
INV017079,1,0,0.06414272584480005
INV017080,1,0,0.2766893021943608
INV017081,1,0,0.29683910963119603
INV017082,1,0,0.05015044737885637
INV017083,1,0,0.08050881105985734
INV017084,1,0,0.15458232355064755
INV017085,1,0,0.05398514371344123
INV017086,1,0,0.019904780539408588
INV017087,1,0,0.08816495892672489
INV017088,1,0,0.047482455485097316
INV017089,1,0,0.050676668296939766
INV017090,1,0,0.04109493126654419
INV017091,1,0,0.0873299833232984
INV017092,1,0,0.22170109235116117
INV017093,1,0,0.13004904843680765
INV017094,1,0,0.07941416950941245
INV017095,1,0,0.10563097385312233
INV017096,1,0,0.10023503566446205
INV017097,1,0,0.25375311314834864
INV017098,1,0,0.10363509300546782
INV017099,1,0,0.08858003294763893
INV017100,1,0,0.12335621706191364
INV017101,1,0,0.049116365276237306
INV017102,1,0,0.19419898697581614
INV017103,1,0,0.06532782497634057
INV017104,1,0,0.05795074351886147
INV017105,1,0,0.07683127627714757
INV017106,1,0,0.19679383868616424
INV017107,-1,1,0.5815438315521142
INV017108,-1,1,0.5310258268789003
INV017109,1,0,0.05643312393214626
INV017110,1,0,0.0388383859101214
INV017111,1,0,0.08315843264244502
INV017112,1,0,0.07781018506645547
INV017113,1,0,0.09950681863115712
INV017114,1,0,0.045094704540525235
INV017115,1,0,0.04802809662331665
INV017116,1,0,0.18158047579559225
INV017117,1,0,0.22288482661942988
INV017118,1,0,0.02135325123743206
INV017119,1,0,0.052332232952523046
INV017120,1,0,0.06917173139216938
INV017121,1,0,0.1351651002378656
INV017122,1,0,0.32678618663549924
INV017123,1,0,0.10751200296234475
INV017124,1,0,0.03315200496975832
INV017125,1,0,0.1568357833243398
INV017126,1,0,0.17782441845107666
INV017127,1,0,0.054128152214284686
INV017128,1,0,0.10831334896829098
INV017129,-1,1,0.5832737746317013
INV017130,1,0,0.03437227327805826
INV017131,1,0,0.05934030554087553
INV017132,1,0,0.0531192065373069
INV017133,1,0,0.059799471078117436
INV017134,1,0,0.04336319523321267
INV017135,1,0,0.1565771393894317
INV017136,1,0,0.38363107971150917
INV017137,1,0,0.08029049548643262
INV017138,1,0,0.1474476301361056
INV017139,1,0,0.23489324196125155
INV017140,1,0,0.13660394530127193
INV017141,1,0,0.3260481052462571
INV017142,1,0,0.0675870841972128
INV017143,1,0,0.2779047201074383
INV017144,1,0,0.10078610873753106
INV017145,1,0,0.06528545006877733
INV017146,1,0,0.048265061180375976
INV017147,1,0,0.031240700838454625
INV017148,1,0,0.06358042380259099
INV017149,1,0,0.12450271939916793
INV017150,1,0,0.07761163262896442
INV017151,1,0,0.05443744055947128
INV017152,1,0,0.1231396271380952
INV017153,1,0,0.22972956623392257
INV017154,1,0,0.054318901256345115
INV017155,1,0,0.12498242027085495
INV017156,1,0,0.04761678239614644
INV017157,1,0,0.22664519627217813
INV017158,1,0,0.11800489127167509
INV017159,-1,1,0.6620976755223164
INV017160,1,0,0.1765436515030701
INV017161,1,0,0.3530486726983859
INV017162,1,0,0.17523574737949713
INV017163,1,0,0.34620767604526986
INV017164,-1,1,0.439240465757965
INV017165,1,0,0.3297140281487593
INV017166,1,0,0.08727267995924189
INV017167,1,0,0.0903247602484896
INV017168,1,0,0.0908947091526699
INV017169,1,0,0.017309225445863326
INV017170,1,0,0.033458336208146575
INV017171,1,0,0.0526303884757235
INV017172,1,0,0.08631510182613439
INV017173,1,0,0.060178673958702765
INV017174,1,0,0.11558800739662156
INV017175,1,0,0.026395480895673368
INV017176,1,0,0.17368335519958236
INV017177,1,0,0.04223491683899841
INV017178,1,0,0.07376004436153295
INV017179,1,0,0.03733754950069391
INV017180,1,0,0.02488513528233524
INV017181,1,0,0.1648527860867746
INV017182,1,0,0.1279775059860005
INV017183,1,0,0.09085131486404277
INV017184,1,0,0.09513902149962372
INV017185,1,0,0.04166942303120797
INV017186,1,0,0.20304544137034528
INV017187,1,0,0.29187434411849733
INV017188,1,0,0.04073179656551491
INV017189,-1,1,0.8855591683051568
INV017190,1,0,0.08725009825354121
INV017191,1,0,0.12877027138144903
INV017192,1,0,0.2736986329681815
INV017193,1,0,0.23805923709876822
INV017194,1,0,0.15195069911832004
INV017195,1,0,0.028575372256938108
INV017196,1,0,0.09878984594578233
INV017197,1,0,0.1006440637972266
INV017198,1,0,0.21990806278174982
INV017199,1,0,0.09752188011230632
INV017200,1,0,0.3542471405238659
INV017201,1,0,0.04683922857946103
INV017202,1,0,0.09394797272900289
INV017203,1,0,0.265490963532644
INV017204,1,0,0.03994312819619974
INV017205,1,0,0.15596628560016979
INV017206,1,0,0.017561493823349567
INV017207,1,0,0.05447805037000191
INV017208,1,0,0.0965470316546281
INV017209,1,0,0.03625809597233389
INV017210,1,0,0.06821530185663861
INV017211,1,0,0.0392004739185346
INV017212,1,0,0.11852130858911675
INV017213,1,0,0.046280034348761614
INV017214,1,0,0.24544995528889973
INV017215,1,0,0.2778170033520788
INV017216,1,0,0.04228154007706918
INV017217,1,0,0.15737936961674465
INV017218,1,0,0.4019098922268577
INV017219,1,0,0.11007798389921675
INV017220,1,0,0.15309311284673174
INV017221,1,0,0.13530945632831298
INV017222,1,0,0.18804897086755495
INV017223,1,0,0.09727564768250924
INV017224,1,0,0.07188134356570794
INV017225,1,0,0.15659033477713594
INV017226,-1,1,0.528847974003117
INV017227,1,0,0.2568996496782573
INV017228,1,0,0.3206121919502219
INV017229,1,0,0.16304231687446394
INV017230,-1,1,0.7858139954632866
INV017231,1,0,0.05974908831215655
INV017232,1,0,0.14961101016142733
INV017233,1,0,0.20353067358014415
INV017234,-1,1,0.4238253047942483
INV017235,1,0,0.17190849431025468
INV017236,1,0,0.2665117098167388
INV017237,1,0,0.1791328392842528
INV017238,1,0,0.12001140130574384
INV017239,1,0,0.09349883967254123
INV017240,1,0,0.04339422696880854
INV017241,1,0,0.0703424751595417
INV017242,1,0,0.34295860697087155
INV017243,1,0,0.1719019306144226
INV017244,1,0,0.013571232200942442
INV017245,1,0,0.069253624815261
INV017246,1,0,0.01897301985032128
INV017247,1,0,0.08438754391503374
INV017248,1,0,0.06774113643313298
INV017249,1,0,0.10439957660143996
INV017250,1,0,0.03551433330996652
INV017251,1,0,0.14031190212596695
INV017252,1,0,0.1668505664582689
INV017253,1,0,0.15710909245628768
INV017254,1,0,0.06147274271713332
INV017255,1,0,0.08382021284124434
INV017256,1,0,0.008731180467769866
INV017257,1,0,0.03906239280056895
INV017258,1,0,0.08774919371063315
INV017259,1,0,0.2969744161497856
INV017260,1,0,0.09881399344772915
INV017261,1,0,0.032702184757328084
INV017262,1,0,0.09070961773192893
INV017263,1,0,0.0908707708387448
INV017264,1,0,0.022992426015384555
INV017265,1,0,0.030765285198847345
INV017266,1,0,0.027069562381164012
INV017267,1,0,0.059982291833070245
INV017268,1,0,0.35195388978444886
INV017269,1,0,0.11339857900943336
INV017270,1,0,0.03267512023413032
INV017271,1,0,0.06635747693858257
INV017272,1,0,0.05158194892224091
INV017273,1,0,0.22199095253699108
INV017274,1,0,0.09606216666565674
INV017275,1,0,0.06455846030323333
INV017276,1,0,0.07784773660617432
INV017277,1,0,0.11037191491572157
INV017278,1,0,0.2817406308202722
INV017279,1,0,0.04835668051109486
INV017280,1,0,0.11990982611295418
INV017281,1,0,0.03879004210918951
INV017282,1,0,0.31991770750760745
INV017283,1,0,0.1855036608979762
INV017284,1,0,0.07223947044519073
INV017285,1,0,0.023512646363495367
INV017286,1,0,0.11903464526263084
INV017287,-1,1,0.6015196322277625
INV017288,1,0,0.11180099200782943
INV017289,1,0,0.029305428015516083
INV017290,1,0,0.022731263244388226
INV017291,1,0,0.20787878536832025
INV017292,1,0,0.04297972220099739
INV017293,1,0,0.04256911425603896
INV017294,-1,1,0.5908042720591601
INV017295,1,0,0.06644714883393958
INV017296,1,0,0.011910598989070072
INV017297,1,0,0.04001850959868859
INV017298,1,0,0.17378092935655218
INV017299,1,0,0.020822319909352464
INV017300,1,0,0.20038770592438163
INV017301,1,0,0.35431739937990686
INV017302,1,0,0.04579208592463688
INV017303,1,0,0.10341399530951625
INV017304,1,0,0.0840726288707483
INV017305,1,0,0.06415638983832915
INV017306,1,0,0.28230951902274354
INV017307,1,0,0.1829965623406466
INV017308,1,0,0.3764029496013545
INV017309,1,0,0.007049747898250617
INV017310,1,0,0.0847359248546525
INV017311,1,0,0.09424654927976919
INV017312,1,0,0.02102534498957077
INV017313,1,0,0.19977991734614592
INV017314,1,0,0.14897824837272583
INV017315,-1,1,0.5550229703380993
INV017316,1,0,0.09382337469032177
INV017317,1,0,0.05172141677158032
INV017318,-1,1,0.7655897719854191
INV017319,1,0,0.17544828841271426
INV017320,1,0,0.03547737209486228
INV017321,1,0,0.04439733863343511
INV017322,1,0,0.1126663693808052
INV017323,1,0,0.15737402565714614
INV017324,1,0,0.0318087935403983
INV017325,1,0,0.08901048346269132
INV017326,1,0,0.04822754241018413
INV017327,-1,1,0.43845323268258796
INV017328,-1,1,0.5744146326520457
INV017329,1,0,0.12719281497113685
INV017330,1,0,0.08542607821198984
INV017331,1,0,0.11789362470352742
INV017332,1,0,0.07010581392999905
INV017333,1,0,0.017215257347149817
INV017334,1,0,0.2123927485788276
INV017335,1,0,0.07160304366980316
INV017336,1,0,0.10752952757161643
INV017337,1,0,0.1159590119047106
INV017338,1,0,0.042258366611586724
INV017339,1,0,0.0350566727064904
INV017340,1,0,0.10853020787601367
INV017341,1,0,0.08662631053563757
INV017342,1,0,0.19487020619876036
INV017343,1,0,0.0803983470723478
INV017344,1,0,0.08426335588550006
INV017345,1,0,0.04658762335925611
INV017346,1,0,0.28245260488043866
INV017347,1,0,0.325507685184646
INV017348,1,0,0.04665545526530791
INV017349,1,0,0.1152096873356977
INV017350,1,0,0.02288828724605783
INV017351,1,0,0.032130525480395265
INV017352,1,0,0.0638258024023358
INV017353,1,0,0.1588436293131912
INV017354,1,0,0.10851339150745229
INV017355,1,0,0.13718778715539512
INV017356,1,0,0.33545456645000116
INV017357,1,0,0.09221898940972334
INV017358,1,0,0.13163963046843838
INV017359,1,0,0.049880693204941005
INV017360,1,0,0.16674236183991442
INV017361,1,0,0.2765182214013525
INV017362,1,0,0.09123693955851389
INV017363,1,0,0.1074128065497705
INV017364,1,0,0.03990819590831529
INV017365,1,0,0.040950103981352334
INV017366,1,0,0.09083424936475326
INV017367,1,0,0.0648933868917235
INV017368,1,0,0.06408958844778316
INV017369,1,0,0.29640834896831614
INV017370,1,0,0.03785167929516475
INV017371,1,0,0.08394628132868909
INV017372,1,0,0.03688098544201202
INV017373,1,0,0.23896387896117705
INV017374,1,0,0.030633602621772674
INV017375,1,0,0.15690247689744205
INV017376,1,0,0.03183389396669771
INV017377,1,0,0.07289935130873701
INV017378,1,0,0.08145326969394937
INV017379,1,0,0.19080709621186234
INV017380,1,0,0.023223472206089918
INV017381,1,0,0.09306368364735056
INV017382,1,0,0.1204974539014804
INV017383,1,0,0.05537617442592347
INV017384,1,0,0.07599303691131663
INV017385,1,0,0.28523835055402397
INV017386,1,0,0.0592469615423445
INV017387,1,0,0.16089898468030778
INV017388,1,0,0.09158927831719059
INV017389,1,0,0.06143492673986049
INV017390,1,0,0.0829917110097097
INV017391,1,0,0.1765624601126935
INV017392,1,0,0.1475574618469143
INV017393,1,0,0.1264922941421895
INV017394,1,0,0.12423039323395263
INV017395,1,0,0.054010402759552364
INV017396,1,0,0.0282905369878333
INV017397,1,0,0.2650506263690952
INV017398,1,0,0.21758011904352928
INV017399,1,0,0.26171857761705064
INV017400,1,0,0.22008721242327714
INV017401,1,0,0.07034994549951869
INV017402,1,0,0.2664306574515124
INV017403,1,0,0.2279119689700075
INV017404,1,0,0.09212308800225118
INV017405,1,0,0.049563754156962625
INV017406,1,0,0.08328539256479732
INV017407,1,0,0.0604891979728315
INV017408,1,0,0.05641522262616736
INV017409,1,0,0.10418928815339319
INV017410,1,0,0.054853992544617265
INV017411,1,0,0.3478885016822376
INV017412,1,0,0.0441521156582929
INV017413,1,0,0.1255464702537398
INV017414,1,0,0.06644233849609375
INV017415,1,0,0.16245450624850818
INV017416,1,0,0.021600363920175676
INV017417,1,0,0.0878255965373472
INV017418,1,0,0.1662414410539671
INV017419,1,0,0.08015623470671653
INV017420,1,0,0.06814946469843468
INV017421,1,0,0.0670837725583913
INV017422,1,0,0.06091846076758349
INV017423,1,0,0.054876786135726156
INV017424,1,0,0.06129450090580284
INV017425,1,0,0.22149587135991494
INV017426,1,0,0.17805537816255204
INV017427,1,0,0.020699592956323374
INV017428,-1,1,0.48198568142340137
INV017429,1,0,0.37593528915027125
INV017430,1,0,0.17292932489864746
INV017431,1,0,0.1892727656955486
INV017432,1,0,0.024885402972649677
INV017433,1,0,0.1678140990170567
INV017434,1,0,0.10119888813826304
INV017435,1,0,0.052195210622636753
INV017436,1,0,0.1398974769977635
INV017437,1,0,0.13113253768742855
INV017438,1,0,0.06208037163410309
INV017439,1,0,0.10335429754340701
INV017440,1,0,0.11413715112476323
INV017441,1,0,0.14354795651840382
INV017442,1,0,0.16554272926025312
INV017443,1,0,0.03500197560703729
INV017444,1,0,0.04711936843866293
INV017445,1,0,0.031154790422744567
INV017446,1,0,0.3719024675956766
INV017447,1,0,0.10138239495077393
INV017448,1,0,0.3393052445496675
INV017449,1,0,0.04970352309897357
INV017450,1,0,0.07747342552507314
INV017451,1,0,0.15061160722308292
INV017452,1,0,0.13577618641452177
INV017453,1,0,0.06815728675110494
INV017454,-1,1,0.7778337389840229
INV017455,1,0,0.029514830366021417
INV017456,1,0,0.031929636293496634
INV017457,1,0,0.1886038034605484
INV017458,1,0,0.08820942513202638
INV017459,1,0,0.04961087762813699
INV017460,1,0,0.30947994391014205
INV017461,1,0,0.10026541571102726
INV017462,1,0,0.20224644381070353
INV017463,1,0,0.32361230081023123
INV017464,1,0,0.040371649840108624
INV017465,1,0,0.07871679855617415
INV017466,1,0,0.09034809068633776
INV017467,1,0,0.12751191103527443
INV017468,1,0,0.05583947067677509
INV017469,1,0,0.13642396352046063
INV017470,1,0,0.24813767471289966
INV017471,1,0,0.019307041162663113
INV017472,1,0,0.11748175185483208
INV017473,1,0,0.042798933542559245
INV017474,1,0,0.09049972217512012
INV017475,1,0,0.11203401945026918
INV017476,1,0,0.09670330115044502
INV017477,1,0,0.06791958731423461
INV017478,1,0,0.05790195572123097
INV017479,1,0,0.1751263054926725
INV017480,1,0,0.083061033748482
INV017481,1,0,0.16883545425182905
INV017482,1,0,0.06047141064105639
INV017483,1,0,0.16519393234108448
INV017484,1,0,0.1123668038262049
INV017485,1,0,0.22331276688132726
INV017486,-1,1,0.4290470523830964
INV017487,-1,1,0.6732338368543088
INV017488,1,0,0.08258302479837816
INV017489,1,0,0.16149653669528433
INV017490,1,0,0.08302439583419546
INV017491,1,0,0.06140199582640463
INV017492,1,0,0.356450027369875
INV017493,1,0,0.0335735158975954
INV017494,1,0,0.032427303591862244
INV017495,1,0,0.1255772627566053
INV017496,1,0,0.05760807318760113
INV017497,1,0,0.045858565865474946
INV017498,1,0,0.05643747138528527
INV017499,1,0,0.11220966885656518
INV017500,1,0,0.17535655195161104
INV017501,1,0,0.14868987007317658
INV017502,1,0,0.0316400894247319
INV017503,1,0,0.2859205629984543
INV017504,1,0,0.11297030900144486
INV017505,-1,1,0.48379983434710344
INV017506,1,0,0.04316649359316814
INV017507,1,0,0.09145782252348966
INV017508,1,0,0.10592274281861432
INV017509,1,0,0.18306654942112113
INV017510,-1,1,0.5188372296632909
INV017511,1,0,0.1752894843514259
INV017512,1,0,0.08008367520268841
INV017513,1,0,0.039846024342632576
INV017514,1,0,0.09593529104534199
INV017515,1,0,0.053605412120942816
INV017516,1,0,0.15510937158926666
INV017517,1,0,0.16170654780779398
INV017518,1,0,0.06255843547798182
INV017519,1,0,0.11786408718270772
INV017520,1,0,0.0661962839450993
INV017521,1,0,0.05843800862887868
INV017522,1,0,0.409301343077995
INV017523,1,0,0.06340591559700604
INV017524,1,0,0.19851589818715593
INV017525,1,0,0.31794280530552327
INV017526,1,0,0.03282716742294367
INV017527,1,0,0.20707108870467605
INV017528,1,0,0.2607775376709865
INV017529,1,0,0.1400317186176469
INV017530,1,0,0.08081529014316584
INV017531,1,0,0.07108084858482164
INV017532,1,0,0.09789692855248809
INV017533,1,0,0.13919125836314422
INV017534,1,0,0.06800706399230647
INV017535,1,0,0.02703264642458974
INV017536,1,0,0.053639665703574015
INV017537,1,0,0.16197588155010773
INV017538,1,0,0.0807345690847588
INV017539,1,0,0.052004455841688925
INV017540,1,0,0.23284060290027161
INV017541,1,0,0.12534228504003392
INV017542,1,0,0.02336888152477972
INV017543,1,0,0.06186671807768106
INV017544,1,0,0.17876442046305555
INV017545,1,0,0.047991337215884895
INV017546,1,0,0.09111476314149405
INV017547,1,0,0.18139774357386046
INV017548,1,0,0.03640837597026404
INV017549,1,0,0.043845647142882
INV017550,1,0,0.3563203853963057
INV017551,1,0,0.2944275989892495
INV017552,1,0,0.0236347580321595
INV017553,1,0,0.05532975564822707
INV017554,1,0,0.0678174936473841
INV017555,1,0,0.04066375496494042
INV017556,1,0,0.15123567340169156
INV017557,1,0,0.04802201804988616
INV017558,1,0,0.24353322726619514
INV017559,-1,1,0.5121655630850784
INV017560,-1,1,0.824074337948374
INV017561,1,0,0.05181010010248841
INV017562,1,0,0.12368669130787678
INV017563,1,0,0.24494429714633195
INV017564,1,0,0.14107147638746678
INV017565,1,0,0.04912606679673718
INV017566,1,0,0.10534244815902631
INV017567,1,0,0.12727561591111988
INV017568,1,0,0.05007760270183216
INV017569,1,0,0.08121637121441129
INV017570,1,0,0.026809231214646338
INV017571,1,0,0.03347682773132106
INV017572,1,0,0.25239190942581596
INV017573,1,0,0.05119316795835021
INV017574,1,0,0.18371704204598305
INV017575,1,0,0.02510090930164245
INV017576,1,0,0.05199665417852798
INV017577,1,0,0.11306310085538167
INV017578,1,0,0.0688348968370518
INV017579,1,0,0.030265277131219587
INV017580,1,0,0.016560923742705274
INV017581,1,0,0.2002989691781911
INV017582,1,0,0.1710740387675868
INV017583,1,0,0.04759022062435244
INV017584,1,0,0.1495721180040167
INV017585,1,0,0.31516844692714396
INV017586,1,0,0.23997976498471307
INV017587,1,0,0.18805067943676046
INV017588,1,0,0.061286447631598934
INV017589,1,0,0.08381714318692156
INV017590,1,0,0.03498665508287954
INV017591,1,0,0.17493559213386345
INV017592,1,0,0.04748493536620903
INV017593,1,0,0.08358355798642755
INV017594,1,0,0.06554787178055431
INV017595,1,0,0.0260201677355552
INV017596,1,0,0.040498929638278475
INV017597,1,0,0.2501672879780304
INV017598,1,0,0.11815433157798207
INV017599,1,0,0.05847549967168275
INV017600,1,0,0.060111047966336865
INV017601,1,0,0.06364832845178246
INV017602,-1,1,0.5275693355346185
INV017603,1,0,0.14768825397007573
INV017604,1,0,0.03268314969921186
INV017605,1,0,0.15996176351074473
INV017606,1,0,0.10071578558654681
INV017607,1,0,0.03771181093300624
INV017608,-1,1,0.5263596626102217
INV017609,1,0,0.034712130097214626
INV017610,1,0,0.07640978457039084
INV017611,-1,1,0.4677014549372328
INV017612,1,0,0.0784188816710887
INV017613,1,0,0.06135705215396415
INV017614,-1,1,0.7706866937287022
INV017615,1,0,0.0817733722403146
INV017616,1,0,0.041752316674607506
INV017617,1,0,0.07039401508889273
INV017618,1,0,0.2031668989997782
INV017619,1,0,0.29095631857793885
INV017620,1,0,0.16771173353796232
INV017621,1,0,0.19365000125197387
INV017622,1,0,0.06197177217681354
INV017623,1,0,0.024356493207162707
INV017624,1,0,0.09630320088553941
INV017625,1,0,0.03791590889490676
INV017626,1,0,0.2834890205620205
INV017627,1,0,0.0836097983099483
INV017628,1,0,0.08644307764859707
INV017629,1,0,0.09094164403041481
INV017630,1,0,0.22985052936022365
INV017631,-1,1,0.6065274231422422
INV017632,1,0,0.08840658989055854
INV017633,1,0,0.162531259176354
INV017634,-1,1,0.4647270189901299
INV017635,1,0,0.05192868536378119
INV017636,1,0,0.13881441842060133
INV017637,1,0,0.13329498835424608
INV017638,1,0,0.06234135334875019
INV017639,1,0,0.13390772654335564
INV017640,1,0,0.09457354378148451
INV017641,1,0,0.2090467012991392
INV017642,1,0,0.07097362385620552
INV017643,1,0,0.19270638945609006
INV017644,1,0,0.16600606003501805
INV017645,1,0,0.2588797725564876
INV017646,1,0,0.05992883049235117
INV017647,1,0,0.24238176536839984
INV017648,1,0,0.3716621652257167
INV017649,1,0,0.0874440027769149
INV017650,1,0,0.06823438917520584
INV017651,1,0,0.26958795486270165
INV017652,1,0,0.043920867471617955
INV017653,1,0,0.05675322555847557
INV017654,1,0,0.15304753574906255
INV017655,1,0,0.04765063559348627
INV017656,1,0,0.07742029935908128
INV017657,1,0,0.005781952573882762
INV017658,1,0,0.05072466503172541
INV017659,1,0,0.0429977324721961
INV017660,1,0,0.04849684906210265
INV017661,1,0,0.07898470817460022
INV017662,1,0,0.028943092351318297
INV017663,1,0,0.1370699096021098
INV017664,1,0,0.05481796188957018
INV017665,1,0,0.039552422786725286
INV017666,1,0,0.0885099011856983
INV017667,1,0,0.07198368428334762
INV017668,1,0,0.05248532076285203
INV017669,1,0,0.09074591661034978
INV017670,1,0,0.15488872664123562
INV017671,1,0,0.031122340157838973
INV017672,1,0,0.03771379999260007
INV017673,1,0,0.0522201358474441
INV017674,1,0,0.18513655213422003
INV017675,1,0,0.026475073108833753
INV017676,1,0,0.044805282620860136
INV017677,1,0,0.03657992652309199
INV017678,1,0,0.09518409016543726
INV017679,1,0,0.12507203351569535
INV017680,1,0,0.02788369664226418
INV017681,1,0,0.08497181357171898
INV017682,1,0,0.3372338414810372
INV017683,1,0,0.05162205077496485
INV017684,-1,1,0.4877559771801724
INV017685,1,0,0.047516793604121484
INV017686,1,0,0.09899606219183879
INV017687,1,0,0.09261649042005153
INV017688,1,0,0.08698097032989915
INV017689,1,0,0.18378730535749468
INV017690,1,0,0.1438889725000453
INV017691,1,0,0.09531070865305045
INV017692,1,0,0.06473469077967318
INV017693,1,0,0.147301935479028
INV017694,1,0,0.03744395836019676
INV017695,1,0,0.3106631131928408
INV017696,1,0,0.037267780303595475
INV017697,1,0,0.07590523542661591
INV017698,-1,1,0.4895280764370211
INV017699,1,0,0.17371468570817958
INV017700,1,0,0.0662560655465416
INV017701,1,0,0.19591977001492497
INV017702,1,0,0.07758920462293972
INV017703,1,0,0.2057972274336114
INV017704,1,0,0.07001952171883716
INV017705,1,0,0.06858094353543946
INV017706,1,0,0.05093226628496103
INV017707,1,0,0.33135175603352307
INV017708,1,0,0.13014397773849337
INV017709,1,0,0.22506618539534845
INV017710,1,0,0.048321623570961564
INV017711,1,0,0.06781757110883592
INV017712,1,0,0.15374114786427442
INV017713,1,0,0.13542566582624754
INV017714,1,0,0.11461327449668653
INV017715,1,0,0.08258378310678907
INV017716,1,0,0.13267086663990305
INV017717,1,0,0.09612655302235741
INV017718,1,0,0.06712669403064134
INV017719,1,0,0.20039904670964437
INV017720,1,0,0.08226869297409216
INV017721,1,0,0.13890122545440742
INV017722,1,0,0.052989815849027525
INV017723,-1,1,0.844845320786612
INV017724,1,0,0.2356271547938127
INV017725,1,0,0.1003096359183546
INV017726,1,0,0.33249214313744946
INV017727,1,0,0.21712548537123116
INV017728,1,0,0.25667452483557146
INV017729,1,0,0.008122421023621734
INV017730,1,0,0.04564028489957128
INV017731,1,0,0.12741306236847635
INV017732,1,0,0.16942316641191063
INV017733,-1,1,0.43968310242589115
INV017734,1,0,0.2972449803175327
INV017735,1,0,0.09751448432900854
INV017736,1,0,0.01650632668795118
INV017737,1,0,0.15790511956969788
INV017738,1,0,0.315643596490763
INV017739,1,0,0.09669956748498991
INV017740,1,0,0.04600469741544108
INV017741,1,0,0.1821413418872542
INV017742,1,0,0.2360526305691334
INV017743,1,0,0.1562346852153185
INV017744,1,0,0.09329298142554417
INV017745,1,0,0.04522152973408233
INV017746,1,0,0.10759204020409963
INV017747,1,0,0.13593533654384793
INV017748,1,0,0.24156630712640395
INV017749,1,0,0.08403258204141037
INV017750,1,0,0.0987807015670645
INV017751,1,0,0.10397778861929326
INV017752,1,0,0.18222786866602336
INV017753,1,0,0.16804798786017364
INV017754,1,0,0.052249483943027544
INV017755,1,0,0.2680445064810181
INV017756,1,0,0.14667160885478306
INV017757,1,0,0.17843249400903485
INV017758,1,0,0.26201563969045183
INV017759,1,0,0.06938207781996168
INV017760,1,0,0.07393911981664054
INV017761,1,0,0.04739258002187136
INV017762,1,0,0.03539233110748633
INV017763,1,0,0.12106898189980564
INV017764,1,0,0.10483477289094945
INV017765,1,0,0.236823623519361
INV017766,1,0,0.038040754700811426
INV017767,1,0,0.0358928938646327
INV017768,1,0,0.1425364878196791
INV017769,1,0,0.07735840109314221
INV017770,1,0,0.19669589793529374
INV017771,1,0,0.030398433107564553
INV017772,1,0,0.07253193723674825
INV017773,1,0,0.20344037384298364
INV017774,1,0,0.06818911821381336
INV017775,1,0,0.10215780890576778
INV017776,1,0,0.1620702061115235
INV017777,-1,1,0.45104621307975257
INV017778,1,0,0.24064311009305941
INV017779,1,0,0.030327569441372392
INV017780,1,0,0.05090259435439473
INV017781,1,0,0.12537683383356824
INV017782,1,0,0.11674879420472
INV017783,1,0,0.1703183794501892
INV017784,1,0,0.11449051232887467
INV017785,1,0,0.15925169905754677
INV017786,1,0,0.11047697485602577
INV017787,1,0,0.13039839884054907
INV017788,1,0,0.4129499208376811
INV017789,1,0,0.04432849750435821
INV017790,1,0,0.339071373589311
INV017791,1,0,0.3479002408551952
INV017792,1,0,0.12179884664114175
INV017793,-1,1,0.4723418146081904
INV017794,1,0,0.13813105017062816
INV017795,1,0,0.11519819344653819
INV017796,1,0,0.020973783098964947
INV017797,1,0,0.025155827679549422
INV017798,1,0,0.05587429739541875
INV017799,1,0,0.06976947136115594
INV017800,1,0,0.06142012251408359
INV017801,1,0,0.20468564328417396
INV017802,-1,1,0.4404626621441504
INV017803,1,0,0.3658438571790875
INV017804,1,0,0.13276878017978286
INV017805,1,0,0.01305261288631651
INV017806,1,0,0.20724412642991213
INV017807,1,0,0.04707007518249743
INV017808,1,0,0.033315177094846195
INV017809,1,0,0.054271626064874345
INV017810,1,0,0.017261893115134905
INV017811,1,0,0.09176652434154366
INV017812,1,0,0.16771686096309088
INV017813,1,0,0.16841354028036506
INV017814,1,0,0.19074657670905443
INV017815,1,0,0.12297557330343589
INV017816,1,0,0.1284924539944205
INV017817,1,0,0.2553760113114123
INV017818,1,0,0.10141557421725607
INV017819,1,0,0.0952252528706235
INV017820,1,0,0.1279546496871543
INV017821,1,0,0.17207564573974618
INV017822,1,0,0.11669458607374816
INV017823,-1,1,0.4193793456947059
INV017824,1,0,0.2677723818900006
INV017825,1,0,0.3410410728510498
INV017826,1,0,0.19788851325028958
INV017827,1,0,0.15385570370995866
INV017828,1,0,0.04794424369241856
INV017829,1,0,0.032809018550676965
INV017830,1,0,0.08131038733085375
INV017831,1,0,0.06344405789693708
INV017832,1,0,0.13354605357146937
INV017833,1,0,0.0648130509711401
INV017834,1,0,0.2065404166046694
INV017835,1,0,0.27614844433054064
INV017836,1,0,0.2157592550920774
INV017837,1,0,0.28412673083461976
INV017838,1,0,0.05463045058602932
INV017839,-1,1,0.44526625286046384
INV017840,1,0,0.07465226971015111
INV017841,1,0,0.05690577707995084
INV017842,1,0,0.024104446506685116
INV017843,1,0,0.06162728800200143
INV017844,1,0,0.14994104181059303
INV017845,1,0,0.06166233355829109
INV017846,1,0,0.05919516992965611
INV017847,1,0,0.14587606350703458
INV017848,1,0,0.1751541607744304
INV017849,1,0,0.19022113077808173
INV017850,1,0,0.049762188038854675
INV017851,1,0,0.13344425724594808
INV017852,-1,1,0.8898943496121179
INV017853,1,0,0.19610246780197207
INV017854,1,0,0.03935719592648906
INV017855,1,0,0.08010561644873446
INV017856,1,0,0.13451042106105263
INV017857,1,0,0.05018612702850933
INV017858,1,0,0.18357927514954267
INV017859,1,0,0.06736666923197496
INV017860,1,0,0.11462081757353954
INV017861,1,0,0.05669653838445105
INV017862,1,0,0.07688458777705053
INV017863,1,0,0.19061795444589286
INV017864,1,0,0.12575573198415024
INV017865,1,0,0.29263507587882487
INV017866,1,0,0.02771728199547002
INV017867,1,0,0.05873116400216767
INV017868,1,0,0.09175119206532108
INV017869,1,0,0.07372489315016277
INV017870,1,0,0.1758094955099631
INV017871,1,0,0.11464531466942549
INV017872,1,0,0.09641570245524196
INV017873,1,0,0.05540302214336306
INV017874,1,0,0.04487134427852209
INV017875,1,0,0.014782238626804152
INV017876,1,0,0.07357809943319127
INV017877,1,0,0.03488272633779494
INV017878,1,0,0.053314997194807597
INV017879,1,0,0.05473483779235761
INV017880,1,0,0.1924743963161847
INV017881,1,0,0.10111207771105053
INV017882,1,0,0.08134124466510213
INV017883,1,0,0.08056179492748297
INV017884,1,0,0.07849708524265482
INV017885,1,0,0.25918638438929936
INV017886,1,0,0.33666158744449376
INV017887,1,0,0.17721021666158868
INV017888,1,0,0.1350785267368082
INV017889,1,0,0.3790567997263299
INV017890,1,0,0.07843098789967515
INV017891,1,0,0.10168905621669667
INV017892,1,0,0.18428722652849786
INV017893,1,0,0.39675177155077523
INV017894,-1,1,0.43620366275254596
INV017895,1,0,0.10614847622181027
INV017896,1,0,0.23390240794113681
INV017897,1,0,0.0823076102119302
INV017898,1,0,0.09171874679197689
INV017899,1,0,0.0358992261900161
INV017900,-1,1,0.42508483041064743
INV017901,1,0,0.019743754545100665
INV017902,1,0,0.07820584354191724
INV017903,1,0,0.2125408788683104
INV017904,-1,1,0.5727585178268607
INV017905,1,0,0.06318412803704714
INV017906,1,0,0.18966147748162376
INV017907,1,0,0.06387627566906232
INV017908,1,0,0.1382801060810533
INV017909,1,0,0.05435369100595785
INV017910,1,0,0.32130975668616696
INV017911,1,0,0.024068842714307016
INV017912,1,0,0.17790123252520065
INV017913,1,0,0.06395420943270422
INV017914,1,0,0.017501703049178845
INV017915,1,0,0.3008377405564917
INV017916,1,0,0.15250004827381022
INV017917,1,0,0.07793561770839656
INV017918,1,0,0.01826254758277115
INV017919,1,0,0.03499248618294623
INV017920,1,0,0.09729387262053796
INV017921,1,0,0.10523302706065006
INV017922,1,0,0.22209285823738212
INV017923,1,0,0.07296332955081587
INV017924,1,0,0.05421731920132126
INV017925,1,0,0.09482352161479461
INV017926,1,0,0.04948109358592076
INV017927,1,0,0.0582078423206025
INV017928,-1,1,0.5350312688579393
INV017929,1,0,0.0455976423639829
INV017930,1,0,0.022664699830948605
INV017931,1,0,0.10339753133876912
INV017932,1,0,0.08205123054313108
INV017933,1,0,0.021840093029726497
INV017934,1,0,0.41189770202215714
INV017935,1,0,0.0876627224386039
INV017936,1,0,0.09083481530364458
INV017937,1,0,0.16144870584485482
INV017938,1,0,0.22258667115355313
INV017939,1,0,0.07008344682568846
INV017940,-1,1,0.640170825186598
INV017941,1,0,0.17224211680735682
INV017942,1,0,0.08857554092662216
INV017943,1,0,0.07396827003681573
INV017944,1,0,0.2756698966804165
INV017945,1,0,0.18641057755725923
INV017946,1,0,0.06876915139814797
INV017947,1,0,0.12516167583850618
INV017948,1,0,0.10326573942078564
INV017949,1,0,0.05964763734205677
INV017950,1,0,0.08265610536477278
INV017951,1,0,0.11421847997757936
INV017952,1,0,0.07874128087679015
INV017953,1,0,0.19268476833768614
INV017954,1,0,0.03318231388128395
INV017955,1,0,0.07255769185533748
INV017956,1,0,0.16945260218844097
INV017957,1,0,0.21726654156274552
INV017958,1,0,0.10060870859809312
INV017959,1,0,0.10049059660664297
INV017960,1,0,0.08186821886726683
INV017961,1,0,0.12527013516824748
INV017962,1,0,0.035917714837670346
INV017963,1,0,0.2763432135885422
INV017964,-1,1,0.8760474063302008
INV017965,1,0,0.07498430459428962
INV017966,1,0,0.04218805701490103
INV017967,1,0,0.3326847427016902
INV017968,1,0,0.1464503841054323
INV017969,1,0,0.030507003328037633
INV017970,1,0,0.16262948761691037
INV017971,1,0,0.0617579499174046
INV017972,1,0,0.05288126024017354
INV017973,1,0,0.08761664830069667
INV017974,1,0,0.09237853405192231
INV017975,1,0,0.0492376944320878
INV017976,1,0,0.1453197663997752
INV017977,1,0,0.046631635086535214
INV017978,1,0,0.2260716160052465
INV017979,1,0,0.0719908456896738
INV017980,1,0,0.108390822724234
INV017981,1,0,0.19989585355070166
INV017982,1,0,0.09863956444223358
INV017983,1,0,0.18112801884760685
INV017984,1,0,0.07481246734898794
INV017985,1,0,0.05485839920913204
INV017986,1,0,0.04546915751896742
INV017987,1,0,0.03726548437320616
INV017988,1,0,0.051420193065580815
INV017989,1,0,0.06427216269795472
INV017990,1,0,0.10955665327425475
INV017991,1,0,0.28513508750808386
INV017992,1,0,0.23925889608806472
INV017993,1,0,0.033121160987978474
INV017994,1,0,0.1342582676149654
INV017995,1,0,0.035540699118864316
INV017996,1,0,0.0749480788090703
INV017997,1,0,0.030771658236541197
INV017998,1,0,0.2260681739792584
INV017999,1,0,0.1557956327780978
INV018000,1,0,0.07473968980017964
INV018001,1,0,0.21103132328489835
INV018002,1,0,0.121141884713088
INV018003,1,0,0.0575046529491052
INV018004,1,0,0.29845347722790955
INV018005,1,0,0.20191596543399287
INV018006,1,0,0.17256468836643168
INV018007,1,0,0.050117018764641946
INV018008,1,0,0.18735756930259204
INV018009,1,0,0.11421593011397979
INV018010,1,0,0.28847312643271705
INV018011,1,0,0.23425887876003154
INV018012,1,0,0.12771961596024603
INV018013,1,0,0.020315153449946725
INV018014,1,0,0.08305342023827987
INV018015,1,0,0.15788452052125238
INV018016,1,0,0.03662687337464696
INV018017,1,0,0.05594026427203758
INV018018,1,0,0.0966544756079706
INV018019,1,0,0.028915608714236162
INV018020,1,0,0.0977526996867604
INV018021,1,0,0.0473106049478626
INV018022,1,0,0.01497208809947229
INV018023,1,0,0.21696520834331132
INV018024,-1,1,0.45514697961884515
INV018025,1,0,0.13675854983579946
INV018026,1,0,0.038646287780100194
INV018027,1,0,0.05563408820452225
INV018028,1,0,0.05517807754082258
INV018029,1,0,0.04903515023001387
INV018030,1,0,0.025408144703344543
INV018031,1,0,0.07600771761211099
INV018032,1,0,0.12728798248917877
INV018033,1,0,0.23466589905057644
INV018034,1,0,0.051376801903640204
INV018035,1,0,0.22463291587130962
INV018036,1,0,0.03230147579282004
INV018037,1,0,0.0281275880477767
INV018038,1,0,0.06711958118135958
INV018039,1,0,0.05036691345606843
INV018040,1,0,0.08435025374407955
INV018041,1,0,0.061823944868973066
INV018042,1,0,0.26902733849782406
INV018043,1,0,0.05254597772906903
INV018044,1,0,0.07367142247535793
INV018045,1,0,0.06335929770534234
INV018046,1,0,0.10098990721786413
INV018047,1,0,0.15811922402940012
INV018048,1,0,0.12038000794136518
INV018049,1,0,0.023767680921336014
INV018050,1,0,0.044128289914237145
INV018051,1,0,0.32099321671918035
INV018052,1,0,0.2954365303027855
INV018053,1,0,0.10078706741195619
INV018054,1,0,0.06145323846178106
INV018055,1,0,0.07877289251025105
INV018056,1,0,0.05339576842347262
INV018057,1,0,0.12235743476465183
INV018058,1,0,0.040433548690101226
INV018059,1,0,0.22915843130023536
INV018060,1,0,0.2603846938547583
INV018061,1,0,0.1583379734424116
INV018062,1,0,0.03307794028889863
INV018063,1,0,0.17270785765454252
INV018064,1,0,0.15611715505114432
INV018065,1,0,0.0578927719085511
INV018066,1,0,0.2366218696806863
INV018067,1,0,0.13519837189241118
INV018068,1,0,0.2135162741731226
INV018069,1,0,0.07592677039702238
INV018070,1,0,0.04188560353071795
INV018071,1,0,0.23677330075939326
INV018072,1,0,0.052809467226075164
INV018073,1,0,0.3104581039698068
INV018074,1,0,0.21481503826071585
INV018075,1,0,0.0942812331823424
INV018076,1,0,0.21668861396754982
INV018077,1,0,0.14697869497589316
INV018078,1,0,0.13549117451481346
INV018079,1,0,0.04794809728657591
INV018080,1,0,0.12244940708632965
INV018081,1,0,0.04018707143450347
INV018082,1,0,0.15608119291314668
INV018083,1,0,0.3976317670270924
INV018084,1,0,0.02666776838100673
INV018085,1,0,0.112393758836271
INV018086,1,0,0.045267368213876655
INV018087,1,0,0.051565699123877276
INV018088,1,0,0.044767058337143804
INV018089,1,0,0.0862999058276887
INV018090,1,0,0.19099671720637984
INV018091,1,0,0.3716147861091044
INV018092,1,0,0.18721294958462886
INV018093,1,0,0.2043134543350738
INV018094,1,0,0.024580774369042616
INV018095,1,0,0.053221746897922854
INV018096,1,0,0.0638133231745929
INV018097,1,0,0.28159621260739465
INV018098,1,0,0.03831959876660574
INV018099,1,0,0.2228055793135163
INV018100,1,0,0.24031506077898557
INV018101,1,0,0.04272168040300673
INV018102,1,0,0.10358899527136575
INV018103,1,0,0.06889563555722333
INV018104,1,0,0.09344958822550573
INV018105,1,0,0.059118335535522044
INV018106,1,0,0.08198278504137212
INV018107,1,0,0.055433876705650434
INV018108,1,0,0.09092206895600728
INV018109,1,0,0.052916046249382245
INV018110,1,0,0.03464857931615445
INV018111,1,0,0.16514665663574662
INV018112,1,0,0.06754501274632124
INV018113,1,0,0.16110736659226502
INV018114,1,0,0.03511544957529322
INV018115,1,0,0.07504887765807845
INV018116,1,0,0.06657149460619007
INV018117,-1,1,0.5680056052118986
INV018118,1,0,0.07890564364866745
INV018119,1,0,0.19938131885055319
INV018120,1,0,0.12293500289149109
INV018121,1,0,0.16585817592903476
INV018122,1,0,0.0409337507045405
INV018123,1,0,0.17058954777184707
INV018124,1,0,0.035019840928328404
INV018125,1,0,0.03397761079837474
INV018126,1,0,0.2299205151120545
INV018127,1,0,0.059785472370079085
INV018128,1,0,0.09869247155134679
INV018129,1,0,0.04122971366558319
INV018130,1,0,0.20298054033749438
INV018131,1,0,0.027497964090631374
INV018132,1,0,0.07423846573015352
INV018133,1,0,0.13844035588519968
INV018134,1,0,0.0515520006425721
INV018135,1,0,0.036541823612607764
INV018136,1,0,0.21913514949842341
INV018137,1,0,0.10559932106416403
INV018138,-1,1,0.4561037054758165
INV018139,1,0,0.03269700384082834
INV018140,1,0,0.16243591352824888
INV018141,1,0,0.09907798932831853
INV018142,1,0,0.032546098661808985
INV018143,1,0,0.1199354984355472
INV018144,1,0,0.0652288723523588
INV018145,1,0,0.08659880916817282
INV018146,1,0,0.04115522748791072
INV018147,1,0,0.06599917632545027
INV018148,1,0,0.19594358975165477
INV018149,1,0,0.17519311191551643
INV018150,1,0,0.3184420002135679
INV018151,1,0,0.05471103411036889
INV018152,1,0,0.1724157896059078
INV018153,1,0,0.08692575362126845
INV018154,-1,1,0.7414811100390108
INV018155,1,0,0.02775394933337766
INV018156,1,0,0.0264076780261432
INV018157,1,0,0.2784775233079659
INV018158,1,0,0.06210184566386869
INV018159,1,0,0.2669108671292193
INV018160,1,0,0.0704169509031187
INV018161,1,0,0.4024983091967051
INV018162,1,0,0.15924848911777548
INV018163,1,0,0.06786472476709457
INV018164,1,0,0.06169189406218587
INV018165,1,0,0.09029074918571757
INV018166,1,0,0.37002795656083315
INV018167,1,0,0.09926412150093387
INV018168,1,0,0.06846591951271895
INV018169,1,0,0.0857747020993599
INV018170,1,0,0.0790173417300141
INV018171,1,0,0.07281428586109145
INV018172,1,0,0.07623654240657844
INV018173,1,0,0.04291437929004504
INV018174,1,0,0.14077782454106158
INV018175,-1,1,0.4583260743586645
INV018176,1,0,0.06091605623326367
INV018177,1,0,0.050630374554122747
INV018178,1,0,0.06250521372247841
INV018179,1,0,0.11124920837422504
INV018180,1,0,0.16814814076902004
INV018181,1,0,0.04929658372416413
INV018182,1,0,0.16989847987780587
INV018183,-1,1,0.525221704973453
INV018184,1,0,0.08980438885669084
INV018185,1,0,0.2131786587439061
INV018186,1,0,0.4149359262205504
INV018187,1,0,0.09750060078804518
INV018188,1,0,0.14158659784103184
INV018189,1,0,0.04529622378313901
INV018190,1,0,0.2612157897209217
INV018191,-1,1,0.5037829813091633
INV018192,1,0,0.06428581430851667
INV018193,1,0,0.02605885202704449
INV018194,1,0,0.07373451418860297
INV018195,1,0,0.08666054848917724
INV018196,1,0,0.21729737516574837
INV018197,1,0,0.18227976277973026
INV018198,1,0,0.04681091761551013
INV018199,1,0,0.06329108405443548
INV018200,1,0,0.10464294393304542
INV018201,1,0,0.11269061074386665
INV018202,1,0,0.021721342188819274
INV018203,1,0,0.0202571563518327
INV018204,1,0,0.07896795558120462
INV018205,1,0,0.19394695374514134
INV018206,1,0,0.11708828669067163
INV018207,-1,1,0.4694641029043191
INV018208,1,0,0.16077724741013646
INV018209,-1,1,0.6149633215081816
INV018210,-1,1,0.4928752294199126
INV018211,1,0,0.037851930426708855
INV018212,1,0,0.03375079644886229
INV018213,1,0,0.075432525509958
INV018214,1,0,0.3008211939975185
INV018215,1,0,0.1566847311937004
INV018216,1,0,0.20561324261813604
INV018217,1,0,0.08374796581245343
INV018218,1,0,0.060697879492418526
INV018219,1,0,0.06188446716582901
INV018220,1,0,0.09898928898480047
INV018221,1,0,0.11330616055828192
INV018222,-1,1,0.4641527856012938
INV018223,1,0,0.18173776119298354
INV018224,1,0,0.1043621764170882
INV018225,1,0,0.2348563682608314
INV018226,1,0,0.12740020623088658
INV018227,1,0,0.12430062285244857
INV018228,1,0,0.1239567352214476
INV018229,1,0,0.017912241199412655
INV018230,1,0,0.37316226518903345
INV018231,1,0,0.04251391906212505
INV018232,1,0,0.09652353239494413
INV018233,1,0,0.14672710542887
INV018234,1,0,0.06202351238878229
INV018235,1,0,0.10503637281792105
INV018236,1,0,0.059093925569623146
INV018237,1,0,0.10096372598666123
INV018238,1,0,0.12724688348406443
INV018239,1,0,0.13184874446904749
INV018240,1,0,0.39845229518871256
INV018241,1,0,0.11988449461344898
INV018242,1,0,0.04978193321017799
INV018243,1,0,0.03602192810835322
INV018244,1,0,0.0655009667192661
INV018245,1,0,0.19394431891902836
INV018246,1,0,0.2281521280189116
INV018247,1,0,0.10188842035329654
INV018248,1,0,0.0369233734896395
INV018249,1,0,0.02552971756191373
INV018250,1,0,0.05564321922709024
INV018251,1,0,0.052686339228010824
INV018252,1,0,0.2196807491774577
INV018253,1,0,0.10192933715317197
INV018254,1,0,0.39157080480359796
INV018255,1,0,0.09500083153056157
INV018256,1,0,0.08268402354817345
INV018257,1,0,0.07610724303715424
INV018258,1,0,0.15243054338745773
INV018259,1,0,0.1485009152665418
INV018260,1,0,0.04632696017835529
INV018261,1,0,0.19714589777725322
INV018262,1,0,0.26576541101116813
INV018263,1,0,0.1388979374298483
INV018264,1,0,0.03782624556556147
INV018265,1,0,0.17611538046318057
INV018266,1,0,0.048585746026517884
INV018267,1,0,0.32161781674387213
INV018268,1,0,0.1616820179440469
INV018269,1,0,0.05481522988346123
INV018270,1,0,0.22120377329927507
INV018271,1,0,0.07404756334116865
INV018272,1,0,0.16452996722314323
INV018273,1,0,0.051870403399822775
INV018274,1,0,0.19579324939534873
INV018275,1,0,0.13574027319843843
INV018276,1,0,0.09566790593093773
INV018277,1,0,0.08264777178112799
INV018278,1,0,0.08130300932669815
INV018279,1,0,0.07635545543400232
INV018280,1,0,0.10701040068055392
INV018281,1,0,0.08173162810468351
INV018282,1,0,0.0869141259408844
INV018283,1,0,0.1347569587636875
INV018284,1,0,0.0505995674739246
INV018285,-1,1,0.4201180694260124
INV018286,1,0,0.03845337362555362
INV018287,1,0,0.14143303255757747
INV018288,1,0,0.1423378223019344
INV018289,1,0,0.37672253084591756
INV018290,1,0,0.08136662227335946
INV018291,1,0,0.05273871084477197
INV018292,1,0,0.3347116189083236
INV018293,1,0,0.032924466279126305
INV018294,1,0,0.02870333892201493
INV018295,-1,1,0.4988202860005217
INV018296,1,0,0.2843716556116295
INV018297,1,0,0.1292712620139462
INV018298,1,0,0.051342122493154646
INV018299,-1,1,0.514581240299585
INV018300,1,0,0.20110513367800933
INV018301,1,0,0.056351290217347104
INV018302,1,0,0.12363010626511055
INV018303,1,0,0.15854624315268284
INV018304,1,0,0.07249387652793102
INV018305,1,0,0.13832162195541944
INV018306,1,0,0.06445375290747943
INV018307,1,0,0.215592618203847
INV018308,1,0,0.03939806328212195
INV018309,-1,1,0.5176270212199751
INV018310,1,0,0.16036748315643318
INV018311,1,0,0.04119659967659773
INV018312,1,0,0.0739975152715069
INV018313,1,0,0.15769804553707345
INV018314,1,0,0.0472116431891273
INV018315,1,0,0.32708399816726513
INV018316,1,0,0.12905161803811238
INV018317,-1,1,0.5564871635855735
INV018318,1,0,0.03962447189565732
INV018319,1,0,0.24085454935354236
INV018320,1,0,0.03981577237437796
INV018321,1,0,0.10122514780886357
INV018322,1,0,0.055600036378225685
INV018323,1,0,0.3598435796311148
INV018324,1,0,0.07818484473530382
INV018325,1,0,0.260586934888788
INV018326,1,0,0.2108366781448509
INV018327,1,0,0.10310139227222248
INV018328,1,0,0.05611723114752635
INV018329,1,0,0.17099886618803478
INV018330,1,0,0.13724611430118558
INV018331,1,0,0.05121481636205349
INV018332,1,0,0.0172979964381205
INV018333,1,0,0.32985479342331936
INV018334,1,0,0.07355668296812272
INV018335,1,0,0.11949959795846336
INV018336,-1,1,0.46575465787879183
INV018337,1,0,0.03130219582443447
INV018338,1,0,0.0786310912866503
INV018339,-1,1,0.4421303868611364
INV018340,1,0,0.19256966588569993
INV018341,1,0,0.08102353976894867
INV018342,1,0,0.2376358088260132
INV018343,1,0,0.061653556797699634
INV018344,1,0,0.026053987406221266
INV018345,1,0,0.0669000880044993
INV018346,1,0,0.23756739750933473
INV018347,1,0,0.11382011014532609
INV018348,1,0,0.20025432568364385
INV018349,1,0,0.37672399626327696
INV018350,1,0,0.053744352981100724
INV018351,-1,1,0.4320824295795692
INV018352,1,0,0.24606918464606115
INV018353,1,0,0.09591508763159515
INV018354,1,0,0.05749134134972968
INV018355,1,0,0.08699246319515276
INV018356,1,0,0.054678354501829445
INV018357,1,0,0.2834404621680816
INV018358,1,0,0.09412627669877349
INV018359,1,0,0.40862605722086526
INV018360,1,0,0.02922666448373947
INV018361,1,0,0.04854254383488331
INV018362,1,0,0.08453567188421944
INV018363,1,0,0.14699763572254695
INV018364,1,0,0.07693337280510144
INV018365,1,0,0.12404148591341697
INV018366,1,0,0.08576216806075765
INV018367,-1,1,0.540889799043009
INV018368,1,0,0.05327629178155263
INV018369,1,0,0.0841543859815028
INV018370,1,0,0.17147628958490563
INV018371,1,0,0.05339850667745223
INV018372,1,0,0.1350585791983889
INV018373,1,0,0.12792636711779537
INV018374,1,0,0.02862866591246574
INV018375,1,0,0.25970343021871883
INV018376,1,0,0.031181326443041606
INV018377,1,0,0.16570399273773495
INV018378,-1,1,0.6991571411991342
INV018379,1,0,0.04129052042589101
INV018380,1,0,0.06990944058742941
INV018381,1,0,0.020318832473265956
INV018382,1,0,0.07342449141153938
INV018383,-1,1,0.6064478346930365
INV018384,1,0,0.05138095348488619
INV018385,1,0,0.020709940193348115
INV018386,1,0,0.021182142254145837
INV018387,1,0,0.11347261222100952
INV018388,1,0,0.04601702666300825
INV018389,1,0,0.09466404628045821
INV018390,1,0,0.017451279172192392
INV018391,1,0,0.06732930040560925
INV018392,1,0,0.08823263435637088
INV018393,1,0,0.11589477367603399
INV018394,1,0,0.04952969096715453
INV018395,1,0,0.049438764864901806
INV018396,1,0,0.09980544288160438
INV018397,1,0,0.1760630426577609
INV018398,1,0,0.1596084867852873
INV018399,1,0,0.02626183066329487
INV018400,1,0,0.168816840845914
INV018401,1,0,0.14642003488441388
INV018402,-1,1,0.47886347858867373
INV018403,1,0,0.05392088963300192
INV018404,1,0,0.07146276431489082
INV018405,1,0,0.10771560447017776
INV018406,1,0,0.1142368642726606
INV018407,1,0,0.12950642113904057
INV018408,1,0,0.06254236747174449
INV018409,1,0,0.07797633546142603
INV018410,1,0,0.2919040630901069
INV018411,1,0,0.18117053518824033
INV018412,1,0,0.08442924445723116
INV018413,1,0,0.20411197664342112
INV018414,1,0,0.10268605646404129
INV018415,1,0,0.008888304202484308
INV018416,1,0,0.11927626333877124
INV018417,1,0,0.10072291734338235
INV018418,1,0,0.1980805685810583
INV018419,1,0,0.1499616372166875
INV018420,1,0,0.157654150546688
INV018421,1,0,0.06463081851638887
INV018422,1,0,0.0540360375593556
INV018423,1,0,0.203213352033401
INV018424,1,0,0.13920942593910154
INV018425,1,0,0.21137770166977493
INV018426,1,0,0.03930313510832026
INV018427,1,0,0.06851466862017273
INV018428,1,0,0.109402613799552
INV018429,1,0,0.05672560261146744
INV018430,1,0,0.1843140253357148
INV018431,1,0,0.09061440285579742
INV018432,1,0,0.08740021779876288
INV018433,1,0,0.17737344963368085
INV018434,1,0,0.051376229283239684
INV018435,1,0,0.04792502385799339
INV018436,1,0,0.03862716211772244
INV018437,1,0,0.08890694030487523
INV018438,1,0,0.13834340244489254
INV018439,1,0,0.09790211518749524
INV018440,1,0,0.16178190321084268
INV018441,1,0,0.08098807948722547
INV018442,1,0,0.06275259087395449
INV018443,1,0,0.21225851724086275
INV018444,1,0,0.07411352387202153
INV018445,1,0,0.1706584496299898
INV018446,1,0,0.07748815293593107
INV018447,1,0,0.04499995498286267
INV018448,1,0,0.10614309475404608
INV018449,1,0,0.035772658087783016
INV018450,1,0,0.1746222618642149
INV018451,1,0,0.2548129789095575
INV018452,1,0,0.3410754313368658
INV018453,1,0,0.1264511484398443
INV018454,1,0,0.19979575854928852
INV018455,-1,1,0.6632897866653121
INV018456,1,0,0.061814833490471406
INV018457,1,0,0.009898925454556293
INV018458,1,0,0.04304749918409757
INV018459,1,0,0.2744238432455353
INV018460,1,0,0.3896081273142372
INV018461,1,0,0.020318840412496188
INV018462,1,0,0.13926898899616583
INV018463,-1,1,0.5640029528121424
INV018464,1,0,0.16961659397732715
INV018465,1,0,0.07061991817928855
INV018466,1,0,0.11666081751369879
INV018467,1,0,0.12618291486999594
INV018468,1,0,0.034520820187157714
INV018469,1,0,0.17575262984844725
INV018470,1,0,0.28101574950195074
INV018471,1,0,0.15209548767323397
INV018472,1,0,0.2517980760799052
INV018473,1,0,0.11119146143726673
INV018474,1,0,0.16844955213430304
INV018475,-1,1,0.43272430491919917
INV018476,1,0,0.05905863640896595
INV018477,1,0,0.04608330076395464
INV018478,1,0,0.18654228674721307
INV018479,1,0,0.09814958530725879
INV018480,1,0,0.07307537234471659
INV018481,1,0,0.08077386449857317
INV018482,1,0,0.10107875555260064
INV018483,1,0,0.09791795546595058
INV018484,1,0,0.08665453985837435
INV018485,1,0,0.059759987516019616
INV018486,1,0,0.3835379903871144
INV018487,1,0,0.1346478374383351
INV018488,1,0,0.1114826886868878
INV018489,1,0,0.029435215521973205
INV018490,1,0,0.07638451121064259
INV018491,1,0,0.025573241289487084
INV018492,1,0,0.0869559724002707
INV018493,1,0,0.2690738876923662
INV018494,1,0,0.08024518155105378
INV018495,1,0,0.22365166720585025
INV018496,1,0,0.37752891462947386
INV018497,1,0,0.3346342657015814
INV018498,1,0,0.0652140833066837
INV018499,1,0,0.141041556862801
INV018500,1,0,0.10471332002794624
INV018501,1,0,0.05397587992756815
INV018502,1,0,0.15564393142920277
INV018503,1,0,0.051215373617126664
INV018504,1,0,0.1488331875393052
INV018505,1,0,0.01719575655452088
INV018506,1,0,0.3016354668109475
INV018507,-1,1,0.7093370199130385
INV018508,1,0,0.0659163760242903
INV018509,1,0,0.12738821227164016
INV018510,1,0,0.27966357766266503
INV018511,1,0,0.15040108555621118
INV018512,1,0,0.0779306305999402
INV018513,1,0,0.021972921489640966
INV018514,1,0,0.18036040474738052
INV018515,1,0,0.06538441195024182
INV018516,1,0,0.08809637115888203
INV018517,1,0,0.3008920181240333
INV018518,1,0,0.19364083491007514
INV018519,1,0,0.07027808217344494
INV018520,1,0,0.0970837011622749
INV018521,1,0,0.28218334879782225
INV018522,1,0,0.13656683995466262
INV018523,1,0,0.15680532249599283
INV018524,1,0,0.11957432439745136
INV018525,1,0,0.1274461687601059
INV018526,1,0,0.11713487637525964
INV018527,1,0,0.05130740580421974
INV018528,1,0,0.09710267440971977
INV018529,1,0,0.0684362461350375
INV018530,1,0,0.1270833150842884
INV018531,1,0,0.11801953814701109
INV018532,1,0,0.10885262255764967
INV018533,1,0,0.159633663985434
INV018534,1,0,0.23534441424947009
INV018535,1,0,0.2890352188414235
INV018536,1,0,0.040185605987488306
INV018537,1,0,0.044265320843124345
INV018538,1,0,0.07290450847018472
INV018539,1,0,0.08377012660112416
INV018540,1,0,0.08790006071673856
INV018541,1,0,0.21182871167486103
INV018542,1,0,0.014671679854570326
INV018543,1,0,0.1072754464237236
INV018544,1,0,0.15423357861436404
INV018545,1,0,0.17496442510664803
INV018546,1,0,0.14696408455109758
INV018547,1,0,0.04808985572349265
INV018548,1,0,0.3132223038375062
INV018549,1,0,0.04143877473974823
INV018550,1,0,0.10483579836157056
INV018551,1,0,0.037762711147530145
INV018552,1,0,0.18499859777192568
INV018553,1,0,0.07276244380365592
INV018554,1,0,0.1347895757299514
INV018555,1,0,0.13957921886827765
INV018556,1,0,0.14541694616468143
INV018557,-1,1,0.4245606988555899
INV018558,1,0,0.15946737905116545
INV018559,1,0,0.2631035128561343
INV018560,1,0,0.032691201199486826
INV018561,1,0,0.07159331132368393
INV018562,1,0,0.03475235890329603
INV018563,1,0,0.39081051718158005
INV018564,1,0,0.09901635944587321
INV018565,1,0,0.36940795435425267
INV018566,1,0,0.030729138992788996
INV018567,1,0,0.08481635999928339
INV018568,1,0,0.09541900703839797
INV018569,1,0,0.10766021904878681
INV018570,-1,1,0.6012628208252568
INV018571,1,0,0.03395368328423028
INV018572,1,0,0.31192724378834985
INV018573,-1,1,0.4237301073155805
INV018574,1,0,0.055617564938507634
INV018575,1,0,0.09316280435332783
INV018576,-1,1,0.42313588002436914
INV018577,1,0,0.04881022005003885
INV018578,1,0,0.09327761004546911
INV018579,1,0,0.16577001937242927
INV018580,1,0,0.3536410720820625
INV018581,1,0,0.12083032154958102
INV018582,-1,1,0.8036076323333189
INV018583,1,0,0.06087481427471178
INV018584,1,0,0.16852600497313452
INV018585,1,0,0.22945548934050092
INV018586,1,0,0.11066317424729509
INV018587,1,0,0.21442656392756723
INV018588,1,0,0.3938463408924147
INV018589,1,0,0.03998379254443591
INV018590,1,0,0.33871733833459605
INV018591,1,0,0.05341001924738021
INV018592,1,0,0.1561425442082093
INV018593,-1,1,0.45897405952574544
INV018594,1,0,0.3606699320046526
INV018595,1,0,0.17051388745225693
INV018596,1,0,0.08673781634109022
INV018597,1,0,0.04008233853576998
INV018598,1,0,0.16641551037611246
INV018599,1,0,0.015929153278132244
INV018600,1,0,0.3801378384818461
INV018601,1,0,0.2579881917604484
INV018602,1,0,0.06810637751198792
INV018603,1,0,0.05705259210426686
INV018604,1,0,0.06954120785193207
INV018605,1,0,0.22666739749608336
INV018606,1,0,0.08647034014557181
INV018607,1,0,0.10342955331132153
INV018608,1,0,0.06812954606346726
INV018609,1,0,0.060486386156748076
INV018610,1,0,0.10810128005677332
INV018611,1,0,0.10424246547941389
INV018612,1,0,0.0899334449720089
INV018613,1,0,0.0645929496734447
INV018614,1,0,0.1414063388984478
INV018615,-1,1,0.43351355969532723
INV018616,1,0,0.1621184639658155
INV018617,1,0,0.35017694130138516
INV018618,1,0,0.05616324138940378
INV018619,1,0,0.34051011639018436
INV018620,1,0,0.0666840265506553
INV018621,1,0,0.1111852616866163
INV018622,1,0,0.08532171596440237
INV018623,1,0,0.11273780696738431
INV018624,1,0,0.050846136654650105
INV018625,1,0,0.28622239845773023
INV018626,1,0,0.2321653043438511
INV018627,1,0,0.07818996323904524
INV018628,1,0,0.052739218010916744
INV018629,1,0,0.030325645335683136
INV018630,1,0,0.13113151141838497
INV018631,1,0,0.1354988245036473
INV018632,1,0,0.06814214308555731
INV018633,1,0,0.04877330850163273
INV018634,1,0,0.16259706410774835
INV018635,1,0,0.09234947435061207
INV018636,1,0,0.2783528332423668
INV018637,1,0,0.04220034274980907
INV018638,1,0,0.18078498377963564
INV018639,1,0,0.2599103867905039
INV018640,1,0,0.18878432496102585
INV018641,1,0,0.09632170362095452
INV018642,1,0,0.32794189976885096
INV018643,1,0,0.06326936630638734
INV018644,1,0,0.12293018769335082
INV018645,-1,1,0.5625848913312893
INV018646,1,0,0.3081709392703967
INV018647,1,0,0.08653353869276917
INV018648,1,0,0.23988464912161384
INV018649,-1,1,0.7938140214243179
INV018650,1,0,0.08268182538330822
INV018651,-1,1,0.47681799613361775
INV018652,1,0,0.09789949715455516
INV018653,1,0,0.1604975973347284
INV018654,1,0,0.0600214942576268
INV018655,1,0,0.0059591041735843914
INV018656,1,0,0.08104228778579389
INV018657,1,0,0.16964020401742952
INV018658,1,0,0.17800552105069467
INV018659,1,0,0.03682154932419235
INV018660,1,0,0.05983545428900497
INV018661,1,0,0.024038666387051894
INV018662,1,0,0.08112593138875919
INV018663,1,0,0.28955844269958025
INV018664,1,0,0.2552103336763519
INV018665,1,0,0.03293566768414002
INV018666,1,0,0.0976233167229882
INV018667,1,0,0.17072224229497304
INV018668,1,0,0.038006869809024395
INV018669,1,0,0.029769900517929913
INV018670,1,0,0.05695025967881656
INV018671,1,0,0.16734290977730884
INV018672,1,0,0.07898654400382346
INV018673,1,0,0.0040993568000435516
INV018674,1,0,0.05640949940503251
INV018675,1,0,0.07494358399743802
INV018676,1,0,0.05140344579005181
INV018677,1,0,0.14202746038457426
INV018678,1,0,0.07921102153893392
INV018679,1,0,0.026877685327200567
INV018680,1,0,0.25907328404345853
INV018681,-1,1,0.4641029655789113
INV018682,1,0,0.17131423774575602
INV018683,1,0,0.07874176389754119
INV018684,1,0,0.21063555502405684
INV018685,1,0,0.042467929099352035
INV018686,1,0,0.1415852625956497
INV018687,1,0,0.1310922507605938
INV018688,1,0,0.07994213009140544
INV018689,1,0,0.021672568692736285
INV018690,1,0,0.06408532818751714
INV018691,1,0,0.06384802244637874
INV018692,1,0,0.04779558993183719
INV018693,1,0,0.08659568397542627
INV018694,1,0,0.07905606590224801
INV018695,1,0,0.054541577435394915
INV018696,1,0,0.13534052650167577
INV018697,1,0,0.035103218479503796
INV018698,1,0,0.012928616146928602
INV018699,1,0,0.40538274296623833
INV018700,1,0,0.16938207962289492
INV018701,1,0,0.03942756286217305
INV018702,1,0,0.17037055171981547
INV018703,1,0,0.049515936997704096
INV018704,1,0,0.06524906616524413
INV018705,1,0,0.017442876658423794
INV018706,1,0,0.20607645804031147
INV018707,1,0,0.1976870067559169
INV018708,1,0,0.04718769050966883
INV018709,1,0,0.07732244785988163
INV018710,1,0,0.13132282196952932
INV018711,1,0,0.14103140069196815
INV018712,1,0,0.18764108544653046
INV018713,1,0,0.0860708435151012
INV018714,1,0,0.05157371236649487
INV018715,1,0,0.04818226916653959
INV018716,1,0,0.40132095045528715
INV018717,1,0,0.21574237451087472
INV018718,-1,1,0.6136818478326085
INV018719,1,0,0.27880797060465795
INV018720,1,0,0.06683775851840486
INV018721,1,0,0.24550146675058568
INV018722,1,0,0.09611340591617287
INV018723,1,0,0.02465915751692535
INV018724,1,0,0.09783872751032019
INV018725,1,0,0.30439899662054437
INV018726,1,0,0.10734428394161968
INV018727,1,0,0.02346833318786341
INV018728,1,0,0.20627361203113506
INV018729,1,0,0.03906428744681034
INV018730,1,0,0.023917927102159585
INV018731,1,0,0.10018277022064169
INV018732,1,0,0.2069109774626314
INV018733,1,0,0.06852816990985698
INV018734,1,0,0.08833215510388888
INV018735,1,0,0.054070185667519796
INV018736,1,0,0.07849256961976225
INV018737,1,0,0.2926115448951457
INV018738,1,0,0.06995893258394974
INV018739,1,0,0.0371603862586556
INV018740,1,0,0.2594596848804608
INV018741,1,0,0.1474372998523185
INV018742,-1,1,0.4338880442581587
INV018743,1,0,0.01680892432472242
INV018744,1,0,0.03901549374379272
INV018745,1,0,0.10195515344959763
INV018746,1,0,0.3393264724080997
INV018747,1,0,0.08433358153269713
INV018748,1,0,0.06435001690315469
INV018749,1,0,0.17588493885419215
INV018750,1,0,0.09506127080259467
INV018751,1,0,0.07610728919452067
INV018752,1,0,0.050478598434532604
INV018753,-1,1,0.5737667978429158
INV018754,1,0,0.05678407884120114
INV018755,1,0,0.06283987579216482
INV018756,1,0,0.05541785472845925
INV018757,1,0,0.07997572121003971
INV018758,1,0,0.36914653350004123
INV018759,1,0,0.3250424767035369
INV018760,1,0,0.011813341253115516
INV018761,1,0,0.059866801322178864
INV018762,1,0,0.04382172881082013
INV018763,1,0,0.12287936806074441
INV018764,1,0,0.04008292482365986
INV018765,1,0,0.036573744312388745
INV018766,1,0,0.18707162948695552
INV018767,1,0,0.0833980505285462
INV018768,1,0,0.0321376616898013
INV018769,1,0,0.05504528643404053
INV018770,1,0,0.028618282863791894
INV018771,1,0,0.1435591188666551
INV018772,-1,1,0.4657700730418244
INV018773,1,0,0.12497877812251856
INV018774,1,0,0.23897717403347518
INV018775,1,0,0.03729729230940752
INV018776,1,0,0.21889023827113063
INV018777,1,0,0.012604627593524367
INV018778,1,0,0.05539899074993521
INV018779,1,0,0.04039439481876435
INV018780,1,0,0.0957797734108722
INV018781,1,0,0.16562807011413647
INV018782,1,0,0.06610577095339021
INV018783,1,0,0.04437916769072602
INV018784,1,0,0.09854383431720433
INV018785,-1,1,0.44151180758880526
INV018786,1,0,0.10983781159224007
INV018787,1,0,0.15952501998083493
INV018788,1,0,0.08711301098092
INV018789,1,0,0.12304928612240336
INV018790,1,0,0.35210943858711585
INV018791,1,0,0.022214689528308358
INV018792,1,0,0.12241328301723294
INV018793,1,0,0.0739634526683065
INV018794,1,0,0.08125075839862203
INV018795,1,0,0.04240331785431938
INV018796,1,0,0.15195481334600008
INV018797,1,0,0.17246634636043123
INV018798,1,0,0.05725048093250503
INV018799,1,0,0.044806807186201635
INV018800,1,0,0.11107600933395978
INV018801,1,0,0.08878618635197764
INV018802,1,0,0.11658686839771161
INV018803,1,0,0.10836799589592373
INV018804,1,0,0.048711866313035854
INV018805,1,0,0.17906098977941354
INV018806,1,0,0.2998433215959811
INV018807,1,0,0.09748447333772706
INV018808,1,0,0.028442068162905027
INV018809,1,0,0.04982205793919608
INV018810,1,0,0.15245738035458997
INV018811,1,0,0.06915708108993276
INV018812,1,0,0.11516792372008272
INV018813,1,0,0.069851035055627
INV018814,1,0,0.32840695618405186
INV018815,1,0,0.12290283090821502
INV018816,1,0,0.04541686346781594
INV018817,1,0,0.045112048825636374
INV018818,1,0,0.17592121247823883
INV018819,1,0,0.09656805087554425
INV018820,1,0,0.07165919526273357
INV018821,1,0,0.09468229820454825
INV018822,1,0,0.29839879982552187
INV018823,1,0,0.10886615634285539
INV018824,1,0,0.08352700022197244
INV018825,1,0,0.034514123822075485
INV018826,1,0,0.11277826096545451
INV018827,1,0,0.010941948270722656
INV018828,1,0,0.11004211036204187
INV018829,1,0,0.19045516962293652
INV018830,1,0,0.056857962466961544
INV018831,1,0,0.3440893231358864
INV018832,1,0,0.08154828602755522
INV018833,1,0,0.036905796782532765
INV018834,-1,1,0.4301694738717894
INV018835,1,0,0.020936669408022027
INV018836,1,0,0.13377782678654856
INV018837,1,0,0.26391139515903145
INV018838,1,0,0.07949135001979164
INV018839,1,0,0.34513727500954744
INV018840,1,0,0.12316990171475783
INV018841,1,0,0.04799889573416554
INV018842,1,0,0.18587287887622675
INV018843,1,0,0.025891431342389106
INV018844,1,0,0.04762647602344677
INV018845,1,0,0.10250636846774999
INV018846,1,0,0.05680591074688574
INV018847,1,0,0.1796861557420336
INV018848,1,0,0.05122263463173592
INV018849,1,0,0.06291543533058748
INV018850,1,0,0.18508686528271318
INV018851,1,0,0.0757115062444426
INV018852,1,0,0.20278981697923723
INV018853,1,0,0.08399014083062671
INV018854,1,0,0.09802009740940373
INV018855,1,0,0.020045591843267097
INV018856,1,0,0.029311661383908342
INV018857,1,0,0.12284721945449528
INV018858,1,0,0.09161911687093847
INV018859,1,0,0.05881216319134732
INV018860,1,0,0.13449676068159072
INV018861,1,0,0.0698282772999391
INV018862,1,0,0.08384020628927372
INV018863,1,0,0.07642419506233661
INV018864,1,0,0.40125396768502225
INV018865,1,0,0.03692160195416825
INV018866,1,0,0.08961827019021518
INV018867,1,0,0.057656287668571594
INV018868,1,0,0.08201125716792275
INV018869,1,0,0.09404213788144085
INV018870,1,0,0.04819354406138281
INV018871,1,0,0.15000983017492706
INV018872,1,0,0.16417407994642474
INV018873,1,0,0.1433572897267176
INV018874,1,0,0.053727157774389585
INV018875,1,0,0.0989986860622542
INV018876,1,0,0.08450412305657166
INV018877,1,0,0.15094421635767094
INV018878,1,0,0.16020711169285856
INV018879,1,0,0.3102269994364419
INV018880,1,0,0.1888029501288572
INV018881,1,0,0.055668833956960206
INV018882,1,0,0.05090794781012145
INV018883,1,0,0.14175247542134145
INV018884,1,0,0.15189144542162814
INV018885,1,0,0.1632383629423246
INV018886,1,0,0.23090743753217485
INV018887,1,0,0.04806446704539057
INV018888,1,0,0.4171578602934586
INV018889,1,0,0.059113688021668054
INV018890,1,0,0.2315920322659416
INV018891,1,0,0.03328500191988676
INV018892,1,0,0.19137659064523607
INV018893,1,0,0.24526540774864763
INV018894,1,0,0.05787860005902995
INV018895,1,0,0.15198082003516486
INV018896,1,0,0.04890538831421988
INV018897,1,0,0.17022839007560658
INV018898,1,0,0.0770957841350904
INV018899,1,0,0.06363506747654098
INV018900,1,0,0.04826676083006156
INV018901,1,0,0.10856863864468175
INV018902,1,0,0.05747909264580403
INV018903,1,0,0.023660911478537907
INV018904,1,0,0.07215467428515131
INV018905,-1,1,0.4935733440003999
INV018906,1,0,0.03961226774986454
INV018907,1,0,0.2982192997628609
INV018908,1,0,0.15738486746417218
INV018909,1,0,0.027449125725956397
INV018910,1,0,0.021922301839637708
INV018911,1,0,0.07485413522500844
INV018912,1,0,0.36264246946431494
INV018913,1,0,0.027994530515658957
INV018914,1,0,0.17952238441124388
INV018915,1,0,0.07733282389958325
INV018916,1,0,0.09563022801538212
INV018917,1,0,0.029910244391838686
INV018918,1,0,0.07062037747704873
INV018919,1,0,0.2190538602958874
INV018920,-1,1,0.4975301035124531
INV018921,1,0,0.05883183808465087
INV018922,1,0,0.06279242100775524
INV018923,1,0,0.2023492537791371
INV018924,1,0,0.12690537870825347
INV018925,1,0,0.26789480779088365
INV018926,1,0,0.12256363661271384
INV018927,1,0,0.04952045367832297
INV018928,1,0,0.053960951159457114
INV018929,-1,1,0.4598570156369168
INV018930,1,0,0.09133113805291135
INV018931,1,0,0.1790256092670325
INV018932,1,0,0.023745279476974693
INV018933,1,0,0.05012298195502168
INV018934,1,0,0.19468180819006153
INV018935,1,0,0.13320762505120953
INV018936,1,0,0.2585979198603274
INV018937,1,0,0.05162863222437307
INV018938,1,0,0.31302806173725783
INV018939,1,0,0.011083019210446148
INV018940,1,0,0.04087530710870976
INV018941,1,0,0.08023370752090832
INV018942,1,0,0.21253646943863172
INV018943,1,0,0.133629424535338
INV018944,1,0,0.05269421369777238
INV018945,1,0,0.07319537507926956
INV018946,1,0,0.15072704661502467
INV018947,-1,1,0.8428501894205976
INV018948,1,0,0.16110136693590604
INV018949,1,0,0.04238847642945852
INV018950,1,0,0.32304681965347576
INV018951,1,0,0.15042580680076756
INV018952,1,0,0.13232441435525763
INV018953,1,0,0.04693425189700192
INV018954,1,0,0.1569710459711959
INV018955,1,0,0.10175538440175148
INV018956,1,0,0.09071085824798672
INV018957,1,0,0.03340371350092759
INV018958,1,0,0.12529913399971948
INV018959,1,0,0.04845124880224231
INV018960,1,0,0.2023689267059784
INV018961,1,0,0.03135945797153216
INV018962,1,0,0.0795101558851838
INV018963,1,0,0.04579517221886467
INV018964,1,0,0.24869246132236558
INV018965,1,0,0.12006298019242072
INV018966,1,0,0.04300472488680963
INV018967,1,0,0.045634865690889634
INV018968,1,0,0.06976724099003777
INV018969,1,0,0.09824131939560991
INV018970,1,0,0.09965861365306741
INV018971,1,0,0.13086947189985138
INV018972,1,0,0.2372837650542856
INV018973,1,0,0.3000611048217978
INV018974,1,0,0.04470746828100879
INV018975,1,0,0.08576873028909933
INV018976,1,0,0.22047608335738852
INV018977,1,0,0.09225288415254884
INV018978,1,0,0.1873854484306602
INV018979,1,0,0.24890053216379274
INV018980,1,0,0.036615295116374194
INV018981,1,0,0.12592681805052133
INV018982,1,0,0.1561094351677918
INV018983,1,0,0.17849290012208488
INV018984,1,0,0.210666848014116
INV018985,1,0,0.1960917842394047
INV018986,1,0,0.06209917626622633
INV018987,1,0,0.04997516929521156
INV018988,1,0,0.025525954521286184
INV018989,1,0,0.02843070900768588
INV018990,1,0,0.2764489920089198
INV018991,1,0,0.10356998124056582
INV018992,1,0,0.02745095128984267
INV018993,1,0,0.036381337893282725
INV018994,1,0,0.026948659888002283
INV018995,1,0,0.06384966175070161
INV018996,1,0,0.05060657865000244
INV018997,1,0,0.17493232685844862
INV018998,1,0,0.18467284765699019
INV018999,1,0,0.10006145076830106
INV019000,1,0,0.11012862647510226
INV019001,1,0,0.05524476528396601
INV019002,1,0,0.20052913643284948
INV019003,1,0,0.02041610031949155
INV019004,-1,1,0.46641155886398417
INV019005,1,0,0.09371399851078388
INV019006,1,0,0.14354152211341478
INV019007,1,0,0.16445233701262357
INV019008,1,0,0.02607059586696107
INV019009,1,0,0.06592074018636977
INV019010,-1,1,0.6574633886069259
INV019011,1,0,0.17023029298876352
INV019012,1,0,0.02704909978268334
INV019013,1,0,0.04526804788462807
INV019014,1,0,0.030501170137489802
INV019015,1,0,0.12023836986419542
INV019016,-1,1,0.6246760332171414
INV019017,1,0,0.1925700738916599
INV019018,1,0,0.2648268563999431
INV019019,1,0,0.23333802392821235
INV019020,1,0,0.12173542638733023
INV019021,1,0,0.019198864567997687
INV019022,1,0,0.23738221743410837
INV019023,1,0,0.004349670453261658
INV019024,1,0,0.09406026679123111
INV019025,1,0,0.20992224111059984
INV019026,1,0,0.18641063656727466
INV019027,1,0,0.04921500362688281
INV019028,1,0,0.06743283693402786
INV019029,1,0,0.07551178843552576
INV019030,1,0,0.08209848390781939
INV019031,1,0,0.09450624329643091
INV019032,1,0,0.030882060612660963
INV019033,1,0,0.03372610113216383
INV019034,1,0,0.32800093669627256
INV019035,1,0,0.02714553257501552
INV019036,1,0,0.0862774940997852
INV019037,1,0,0.24316700895175483
INV019038,1,0,0.2805027409083155
INV019039,1,0,0.3127866545877752
INV019040,1,0,0.0712041304554816
INV019041,1,0,0.029031791926728393
INV019042,1,0,0.17504148959292673
INV019043,1,0,0.03705341941454438
INV019044,1,0,0.17773819060515603
INV019045,1,0,0.33642038564667065
INV019046,1,0,0.06339485831624961
INV019047,1,0,0.10294594815392445
INV019048,1,0,0.07985736357257829
INV019049,1,0,0.05835910751025565
INV019050,1,0,0.15936105202709885
INV019051,1,0,0.04902701554363726
INV019052,-1,1,0.48883539663789555
INV019053,1,0,0.09788621585837266
INV019054,1,0,0.3404254931429684
INV019055,1,0,0.17297767525809826
INV019056,1,0,0.2080776343039842
INV019057,1,0,0.04932361279353175
INV019058,1,0,0.3427330885941958
INV019059,-1,1,0.4678543568652987
INV019060,1,0,0.09939055016580098
INV019061,1,0,0.30042492856114605
INV019062,1,0,0.11365321379269851
INV019063,1,0,0.07964037027324125
INV019064,1,0,0.1530784221477391
INV019065,1,0,0.3426315069794586
INV019066,1,0,0.07626794035972626
INV019067,1,0,0.10813917664391515
INV019068,1,0,0.12287958568024232
INV019069,1,0,0.2063380136852411
INV019070,1,0,0.044787933035885005
INV019071,1,0,0.12852618230805418
INV019072,1,0,0.14557876960529723
INV019073,1,0,0.2536214826727888
INV019074,1,0,0.0699583739877985
INV019075,1,0,0.1550555236819357
INV019076,1,0,0.151577995724321
INV019077,1,0,0.017301338417197696
INV019078,1,0,0.10429673047527924
INV019079,1,0,0.2551954366779306
INV019080,1,0,0.09550899211484853
INV019081,1,0,0.19711279345909205
INV019082,1,0,0.02250899212067592
INV019083,1,0,0.032981878888675584
INV019084,1,0,0.03449450230827408
INV019085,1,0,0.28438431318511437
INV019086,1,0,0.228978462454559
INV019087,1,0,0.09061278888830214
INV019088,1,0,0.09261058165437809
INV019089,1,0,0.04011263949866305
INV019090,1,0,0.1546859224835892
INV019091,1,0,0.0922965602636211
INV019092,1,0,0.03554972159825845
INV019093,1,0,0.04720062927417268
INV019094,1,0,0.29392672968653244
INV019095,1,0,0.048941133104395906
INV019096,1,0,0.059178692767309304
INV019097,1,0,0.07664498157095477
INV019098,1,0,0.08137947843279486
INV019099,1,0,0.027939936966755053
INV019100,1,0,0.04701813797142447
INV019101,1,0,0.04767036803413546
INV019102,1,0,0.09901932196918539
INV019103,1,0,0.3473741907088392
INV019104,1,0,0.06280309096997226
INV019105,1,0,0.027069090734834895
INV019106,1,0,0.09616665431880071
INV019107,1,0,0.19206820385752543
INV019108,1,0,0.01671596033875737
INV019109,1,0,0.0656639098959547
INV019110,-1,1,0.6583366440909624
INV019111,1,0,0.3020471663172604
INV019112,1,0,0.17314847887324755
INV019113,1,0,0.04901593059727249
INV019114,1,0,0.04798731609692816
INV019115,1,0,0.3356718705992199
INV019116,1,0,0.10113583178460696
INV019117,1,0,0.16761748282063818
INV019118,1,0,0.16713755640596378
INV019119,1,0,0.1676942172635682
INV019120,1,0,0.052915365553664474
INV019121,1,0,0.031557793578253945
INV019122,1,0,0.04830807757898055
INV019123,1,0,0.05463570731907772
INV019124,1,0,0.18188094666021629
INV019125,1,0,0.054517067047285546
INV019126,1,0,0.15875223891554074
INV019127,1,0,0.05268787562842256
INV019128,1,0,0.09609967632023668
INV019129,1,0,0.05849517003748506
INV019130,1,0,0.3695567822481507
INV019131,1,0,0.07627027944104516
INV019132,1,0,0.33673225499301457
INV019133,1,0,0.1418427119641696
INV019134,1,0,0.04591219211096329
INV019135,1,0,0.08404627108159686
INV019136,1,0,0.1689324296742321
INV019137,1,0,0.3014906362249005
INV019138,1,0,0.021616205554789585
INV019139,1,0,0.05519543691251865
INV019140,1,0,0.03674836185513661
INV019141,1,0,0.012155601382338456
INV019142,1,0,0.18664014917900298
INV019143,1,0,0.04206885810669732
INV019144,1,0,0.03723472629883928
INV019145,1,0,0.03643325176077521
INV019146,1,0,0.07208849035983116
INV019147,1,0,0.10895998303927666
INV019148,-1,1,0.4459678935366523
INV019149,1,0,0.32684370399805457
INV019150,-1,1,0.5034304213762063
INV019151,1,0,0.25456105718640565
INV019152,1,0,0.08174155546536296
INV019153,1,0,0.14403143132457683
INV019154,1,0,0.10889536059715964
INV019155,1,0,0.06150748592560338
INV019156,1,0,0.019940798630191277
INV019157,1,0,0.09849125600912322
INV019158,1,0,0.03711547716435237
INV019159,1,0,0.04877932740295208
INV019160,1,0,0.06704848520892001
INV019161,1,0,0.15395523480128573
INV019162,1,0,0.10134906916194483
INV019163,1,0,0.07693663957207549
INV019164,1,0,0.31132131916571965
INV019165,1,0,0.10655260816473679
INV019166,1,0,0.04958400950545094
INV019167,1,0,0.12992932909722277
INV019168,1,0,0.11719740817501112
INV019169,1,0,0.08317347112140205
INV019170,1,0,0.13084955188246547
INV019171,1,0,0.022040547412917832
INV019172,-1,1,0.6822245632153134
INV019173,1,0,0.2103466733505735
INV019174,1,0,0.07419261954070215
INV019175,1,0,0.10264477355183876
INV019176,1,0,0.03584774396401792
INV019177,1,0,0.017194495597673682
INV019178,-1,1,0.6490090068478956
INV019179,1,0,0.08755456598434508
INV019180,1,0,0.03563760080265914
INV019181,1,0,0.045318374496147326
INV019182,1,0,0.030940253200980167
INV019183,1,0,0.09183183419779634
INV019184,1,0,0.032349644140040955
INV019185,1,0,0.07366608006567922
INV019186,1,0,0.02582107231168909
INV019187,1,0,0.06898643217651552
INV019188,1,0,0.01641051294988075
INV019189,1,0,0.13700442302987617
INV019190,1,0,0.07409486114810014
INV019191,1,0,0.054754162226938984
INV019192,1,0,0.06733610765314683
INV019193,1,0,0.12304781755150435
INV019194,1,0,0.02485916506012127
INV019195,1,0,0.11551406625830693
INV019196,1,0,0.21149052878756175
INV019197,1,0,0.08978632914436997
INV019198,1,0,0.044960256571157126
INV019199,1,0,0.1643079848818013
INV019200,1,0,0.046277969827755554
INV019201,1,0,0.10482440131889213
INV019202,1,0,0.04336723530428542
INV019203,1,0,0.015283698933479422
INV019204,1,0,0.05386845629033338
INV019205,1,0,0.08242207275628344
INV019206,1,0,0.06420553576209959
INV019207,-1,1,0.5128260364279292
INV019208,1,0,0.05622183467678664
INV019209,1,0,0.14891732212770548
INV019210,1,0,0.16250703023826724
INV019211,1,0,0.05331632341539877
INV019212,1,0,0.19649003184740307
INV019213,1,0,0.29547845989588656
INV019214,-1,1,0.7225621718063542
INV019215,1,0,0.09348090914615624
INV019216,1,0,0.10774304453131062
INV019217,1,0,0.27110772127335364
INV019218,1,0,0.4171578602934586
INV019219,1,0,0.07088537955682125
INV019220,1,0,0.056285161385027614
INV019221,1,0,0.2653682447505243
INV019222,1,0,0.15437651467683017
INV019223,1,0,0.08499273620915195
INV019224,1,0,0.14671538129540404
INV019225,1,0,0.08292742287028546
INV019226,1,0,0.07887738859780194
INV019227,1,0,0.06415661464261399
INV019228,1,0,0.08668443706745038
INV019229,1,0,0.08406898477986346
INV019230,1,0,0.04931532736209676
INV019231,1,0,0.07646019914098041
INV019232,1,0,0.09267446331976946
INV019233,1,0,0.1982953739778374
INV019234,-1,1,0.45512801029863376
INV019235,1,0,0.2518649180913824
INV019236,1,0,0.1496448168566192
INV019237,1,0,0.38637846470752435
INV019238,1,0,0.16094888758193215
INV019239,1,0,0.06395566195531181
INV019240,1,0,0.24994976285707682
INV019241,1,0,0.14228357877865566
INV019242,-1,1,0.49565520113549655
INV019243,1,0,0.08912714652950601
INV019244,1,0,0.11695964470860158
INV019245,1,0,0.09479152208073569
INV019246,1,0,0.09306283074015878
INV019247,-1,1,0.45642077370034884
INV019248,1,0,0.052510077715866375
INV019249,1,0,0.07987879910253717
INV019250,1,0,0.13573092101711773
INV019251,1,0,0.18753650541174566
INV019252,1,0,0.06982811698304957
INV019253,1,0,0.19042925817129724
INV019254,1,0,0.08694355788744319
INV019255,1,0,0.011379803897605007
INV019256,1,0,0.03486846372814207
INV019257,1,0,0.06810539424887578
INV019258,1,0,0.09934496475805574
INV019259,1,0,0.08029436169487572
INV019260,-1,1,0.5835300606272539
INV019261,1,0,0.055691085269255924
INV019262,1,0,0.10452407976347672
INV019263,1,0,0.1328791345704955
INV019264,1,0,0.12455648268074031
INV019265,-1,1,0.45287958796602457
INV019266,1,0,0.14195886272399247
INV019267,1,0,0.13183056417810868
INV019268,1,0,0.09229260409739505
INV019269,1,0,0.05244625657527233
INV019270,1,0,0.40564082598100193
INV019271,1,0,0.04982172159884479
INV019272,-1,1,0.7110705792604417
INV019273,1,0,0.2259946671887645
INV019274,1,0,0.13868278276962084
INV019275,1,0,0.08908441378977423
INV019276,1,0,0.03306561866759465
INV019277,1,0,0.07921745545781134
INV019278,1,0,0.15275429360666234
INV019279,1,0,0.18740360632348416
INV019280,1,0,0.13390538552854275
INV019281,1,0,0.09969282428271163
INV019282,1,0,0.2698332660359306
INV019283,1,0,0.0069088581249672956
INV019284,1,0,0.18758400334688682
INV019285,1,0,0.1383804219017692
INV019286,1,0,0.0586711226575594
INV019287,1,0,0.4105482997022406
INV019288,1,0,0.07067728008395381
INV019289,1,0,0.08001262999146673
INV019290,1,0,0.07122845951772096
INV019291,1,0,0.0316514319700163
INV019292,1,0,0.02354867011870885
INV019293,1,0,0.17381321251106935
INV019294,1,0,0.045918438929723
INV019295,1,0,0.0592333863137679
INV019296,1,0,0.057504017608552005
INV019297,1,0,0.25181454901574357
INV019298,1,0,0.24431095472031836
INV019299,1,0,0.2347570462441798
INV019300,1,0,0.17021184287700214
INV019301,1,0,0.13431188961402818
INV019302,-1,1,0.4313552121308086
INV019303,1,0,0.06215463371882921
INV019304,1,0,0.3244168510803893
INV019305,1,0,0.04826696222135288
INV019306,1,0,0.3623534963079508
INV019307,1,0,0.12345181203858908
INV019308,1,0,0.058198729467861914
INV019309,1,0,0.1225486120962233
INV019310,1,0,0.4081701150563835
INV019311,1,0,0.04926053779330755
INV019312,1,0,0.03243359973023724
INV019313,1,0,0.19741245246948622
INV019314,1,0,0.049249334549492305
INV019315,1,0,0.07936498200859024
INV019316,1,0,0.09416864946420321
INV019317,1,0,0.10123899253162938
INV019318,1,0,0.15447271601010992
INV019319,1,0,0.024260109036255282
INV019320,1,0,0.06597204259323267
INV019321,1,0,0.09451743930329325
INV019322,1,0,0.0788944855069629
INV019323,1,0,0.17182713434133715
INV019324,1,0,0.10601781265283096
INV019325,1,0,0.08944302628123345
INV019326,1,0,0.043886033916277364
INV019327,1,0,0.1429841083583261
INV019328,1,0,0.15634553727026387
INV019329,1,0,0.07166300947966027
INV019330,1,0,0.08470283226832995
INV019331,1,0,0.3242567278999867
INV019332,1,0,0.030091458742470593
INV019333,1,0,0.2105420991071662
INV019334,1,0,0.14673076618267003
INV019335,1,0,0.2748121721231094
INV019336,1,0,0.12950419971112756
INV019337,1,0,0.057581925443899645
INV019338,-1,1,0.6564841519516448
INV019339,1,0,0.07164116009354231
INV019340,1,0,0.08187311336529839
INV019341,1,0,0.08333528709095567
INV019342,1,0,0.09387972557675107
INV019343,-1,1,0.49684762466463817
INV019344,1,0,0.09128101557586311
INV019345,1,0,0.12275350826066689
INV019346,1,0,0.41843660555424106
INV019347,1,0,0.0254503906790745
INV019348,1,0,0.17448590876577955
INV019349,1,0,0.1539916379891738
INV019350,1,0,0.28136436577045126
INV019351,1,0,0.0403776843170733
INV019352,1,0,0.016781078830372234
INV019353,1,0,0.18805539895059614
INV019354,1,0,0.14126532364816044
INV019355,1,0,0.15701873648259393
INV019356,1,0,0.18732560718660704
INV019357,1,0,0.06805453479396195
INV019358,1,0,0.06209056458171513
INV019359,1,0,0.06139279862095813
INV019360,-1,1,0.6141334242681685
INV019361,1,0,0.2711659022656122
INV019362,1,0,0.13708545811561398
INV019363,1,0,0.10200431573425899
INV019364,1,0,0.02452606749753326
INV019365,1,0,0.07036602222717356
INV019366,1,0,0.0552804128964435
INV019367,1,0,0.06755770557793507
INV019368,1,0,0.10396822716161806
INV019369,1,0,0.34778457810957175
INV019370,1,0,0.114255074419553
INV019371,1,0,0.06310069008764245
INV019372,1,0,0.06915568843635461
INV019373,1,0,0.043829885305557016
INV019374,1,0,0.08211267953625907
INV019375,1,0,0.24377983737826153
INV019376,1,0,0.3040661364138115
INV019377,1,0,0.14455329088328028
INV019378,1,0,0.0907978620833903
INV019379,1,0,0.06083215305835465
INV019380,1,0,0.07211557282523438
INV019381,1,0,0.09041204094970004
INV019382,1,0,0.14445645446996094
INV019383,1,0,0.06755949067961586
INV019384,1,0,0.04691170505147405
INV019385,1,0,0.047865894068481435
INV019386,1,0,0.14988713043132113
INV019387,1,0,0.03232701883178573
INV019388,1,0,0.08635961269632329
INV019389,1,0,0.04943825052434706
INV019390,1,0,0.15080615817901402
INV019391,1,0,0.03788471463041255
INV019392,-1,1,0.5232358926961971
INV019393,1,0,0.0591671063944416
INV019394,1,0,0.04982735140555564
INV019395,-1,1,0.6161167787208135
INV019396,1,0,0.0916742127136599
INV019397,1,0,0.07626833038808975
INV019398,1,0,0.10437650832345019
INV019399,1,0,0.013594806912457706
INV019400,1,0,0.18504081476744333
INV019401,1,0,0.051075215365692345
INV019402,1,0,0.2590008003018906
INV019403,1,0,0.05328364968627926
INV019404,1,0,0.20838892915185575
INV019405,1,0,0.14777637206958152
INV019406,1,0,0.06101314901990903
INV019407,1,0,0.15153206856125137
INV019408,1,0,0.24797793315476485
INV019409,1,0,0.12421019806335516
INV019410,1,0,0.32323462038946327
INV019411,1,0,0.0483573746629445
INV019412,1,0,0.15665031041632066
INV019413,1,0,0.07620973091855873
INV019414,1,0,0.20828038945416666
INV019415,1,0,0.03787940145043048
INV019416,1,0,0.07220687517508462
INV019417,1,0,0.05885106013483677
INV019418,1,0,0.17985164605961035
INV019419,1,0,0.08614842351530015
INV019420,1,0,0.18136678115627153
INV019421,1,0,0.08431109479337896
INV019422,1,0,0.09761492612547641
INV019423,1,0,0.07700509481310006
INV019424,1,0,0.18071774808974456
INV019425,1,0,0.06178436087504351
INV019426,1,0,0.08872113342322148
INV019427,1,0,0.15939525708587657
INV019428,1,0,0.06176119192123153
INV019429,1,0,0.09151054158501347
INV019430,1,0,0.06405264042193207
INV019431,1,0,0.0779633712090595
INV019432,1,0,0.16164989025147578
INV019433,1,0,0.21255606323818077
INV019434,1,0,0.036570841059591644
INV019435,1,0,0.26688064195824385
INV019436,1,0,0.20763192445419154
INV019437,1,0,0.11432390780518692
INV019438,1,0,0.05541861329083114
INV019439,1,0,0.05834916601148266
INV019440,1,0,0.25243629840786325
INV019441,-1,1,0.5206925138254375
INV019442,1,0,0.08582995917551468
INV019443,1,0,0.06271316445570176
INV019444,1,0,0.12171716171746423
INV019445,1,0,0.2523131942921109
INV019446,1,0,0.03644749923481987
INV019447,1,0,0.07228758618635071
INV019448,1,0,0.04669465324419613
INV019449,-1,1,0.4445429460044584
INV019450,1,0,0.2523703558204094
INV019451,-1,1,0.49764263974111295
INV019452,1,0,0.09149248025151377
INV019453,1,0,0.30799882982756094
INV019454,1,0,0.06718538841774452
INV019455,1,0,0.2105760790990518
INV019456,1,0,0.046890007223887836
INV019457,1,0,0.16872852849689748
INV019458,1,0,0.33296060957467644
INV019459,1,0,0.152141087714387
INV019460,1,0,0.18784523117808546
INV019461,1,0,0.0919266826538429
INV019462,1,0,0.09066439944841233
INV019463,1,0,0.023097981281976612
INV019464,1,0,0.41450877655425233
INV019465,1,0,0.04460251655609616
INV019466,1,0,0.059559343374395966
INV019467,1,0,0.13176701289063683
INV019468,1,0,0.08809412849932298
INV019469,1,0,0.20730488605180156
INV019470,1,0,0.09016800954069179
INV019471,1,0,0.044732688367281226
INV019472,1,0,0.1619268311315476
INV019473,1,0,0.12914795871114843
INV019474,1,0,0.09200002756469142
INV019475,1,0,0.039707478176566155
INV019476,1,0,0.03497402635358642
INV019477,1,0,0.08504186335749062
INV019478,1,0,0.0841975796695055
INV019479,1,0,0.0476876758499501
INV019480,1,0,0.10709453822051768
INV019481,1,0,0.06975360005915522
INV019482,1,0,0.010058692640329773
INV019483,1,0,0.0909835548109417
INV019484,1,0,0.32024281810350486
INV019485,1,0,0.15140577823150395
INV019486,1,0,0.03616111616328587
INV019487,1,0,0.12209646192374024
INV019488,1,0,0.10875346263914178
INV019489,1,0,0.0460053833099427
INV019490,1,0,0.06369408679311886
INV019491,1,0,0.044238957581270465
INV019492,1,0,0.22312074793504044
INV019493,1,0,0.09144239147468772
INV019494,1,0,0.08257279159486579
INV019495,1,0,0.2094941051576927
INV019496,1,0,0.18850272608166668
INV019497,1,0,0.13974382534186705
INV019498,1,0,0.1496171742698121
INV019499,1,0,0.3315594900485738
INV019500,1,0,0.05189379100463491
INV019501,1,0,0.06131435203153782
INV019502,1,0,0.14513176626981014
INV019503,1,0,0.18517780623244304
INV019504,1,0,0.1147186052483022
INV019505,1,0,0.31683895006306706
INV019506,1,0,0.11675885582273376
INV019507,1,0,0.2393106950678041
INV019508,1,0,0.07282630898349296
INV019509,1,0,0.10217438376387822
INV019510,1,0,0.2174179634020106
INV019511,1,0,0.06302902999051348
INV019512,1,0,0.0688164082179969
INV019513,1,0,0.03849001676666744
INV019514,1,0,0.005543023484426158
INV019515,1,0,0.07709199810306264
INV019516,1,0,0.05458533525345669
INV019517,1,0,0.11881176244899554
INV019518,-1,1,0.5131455451645617
INV019519,-1,1,0.6457026662428764
INV019520,1,0,0.05354266639855617
INV019521,1,0,0.09521135278572458
INV019522,1,0,0.22476084669058288
INV019523,1,0,0.18082064661301397
INV019524,-1,1,0.5614666091190988
INV019525,1,0,0.0593918668080018
INV019526,1,0,0.057816294949206225
INV019527,1,0,0.029450269300694425
INV019528,1,0,0.04923759298657337
INV019529,1,0,0.15636580197860936
INV019530,1,0,0.11594743525754696
INV019531,1,0,0.015061503142937329
INV019532,1,0,0.0959421386143859
INV019533,1,0,0.02415656776244623
INV019534,1,0,0.08065131089464643
INV019535,1,0,0.06921367785815953
INV019536,1,0,0.04305216800003133
INV019537,1,0,0.10340197592330082
INV019538,1,0,0.06822151496848161
INV019539,1,0,0.051456241211287945
INV019540,1,0,0.09390031495283634
INV019541,1,0,0.09999716861267255
INV019542,1,0,0.15352898717947927
INV019543,1,0,0.1059994769132865
INV019544,1,0,0.05333846070691553
INV019545,1,0,0.1308821271514833
INV019546,1,0,0.11316249869370154
INV019547,1,0,0.07581862891678152
INV019548,1,0,0.24189328330680912
INV019549,1,0,0.22271692387607403
INV019550,-1,1,0.44982482555692505
INV019551,1,0,0.049501859887367564
INV019552,1,0,0.20294316527161385
INV019553,1,0,0.05247803370502847
INV019554,1,0,0.22213263063033387
INV019555,1,0,0.06006366205947265
INV019556,1,0,0.08734391216186056
INV019557,1,0,0.16472998633566105
INV019558,1,0,0.09861466495782596
INV019559,1,0,0.15555826452885968
INV019560,1,0,0.025056562204134228
INV019561,1,0,0.04778828789873317
INV019562,1,0,0.21920410410120966
INV019563,1,0,0.30165493330102006
INV019564,1,0,0.2972075755681402
INV019565,1,0,0.04765413695195627
INV019566,1,0,0.07591102862429824
INV019567,1,0,0.028048163312719143
INV019568,1,0,0.10644631802491537
INV019569,1,0,0.09123844483388598
INV019570,1,0,0.056043183300833944
INV019571,1,0,0.06677306907563163
INV019572,1,0,0.12478686132097162
INV019573,1,0,0.08550044429094955
INV019574,1,0,0.08597361604633584
INV019575,1,0,0.27175182739870124
INV019576,1,0,0.202289797150779
INV019577,1,0,0.18221976068637039
INV019578,1,0,0.14946042690316907
INV019579,1,0,0.14427830377994405
INV019580,1,0,0.35823449095377746
INV019581,1,0,0.08643590632511336
INV019582,1,0,0.2034532512810452
INV019583,1,0,0.06141122982882668
INV019584,1,0,0.01802957877297002
INV019585,1,0,0.29435082692287834
INV019586,1,0,0.09306425156465811
INV019587,1,0,0.06427874757792937
INV019588,1,0,0.047534178939327404
INV019589,1,0,0.34136420669585654
INV019590,1,0,0.10315563921528283
INV019591,1,0,0.1434966171562825
INV019592,1,0,0.06391745049338664
INV019593,1,0,0.07311231821029789
INV019594,1,0,0.20961443332306123
INV019595,1,0,0.07311906847828854
INV019596,1,0,0.08349336389660053
INV019597,1,0,0.047357078284820504
INV019598,1,0,0.0524283973759864
INV019599,1,0,0.08565903192379472
INV019600,1,0,0.060075448830386576
INV019601,1,0,0.0925869757462432
INV019602,1,0,0.29623035948824256
INV019603,1,0,0.11836722815221792
INV019604,1,0,0.18994460938596178
INV019605,1,0,0.08771907186039139
INV019606,1,0,0.10698323455229525
INV019607,1,0,0.28239550862621754
INV019608,1,0,0.24617306481679652
INV019609,1,0,0.05010885927373789
INV019610,1,0,0.1624020114755137
INV019611,1,0,0.1910261542039032
INV019612,1,0,0.06484326596781703
INV019613,1,0,0.03296940297437346
INV019614,1,0,0.08613648138767732
INV019615,1,0,0.10073271111737202
INV019616,1,0,0.323382731975314
INV019617,-1,1,0.5697208129167939
INV019618,1,0,0.11915021561506978
INV019619,1,0,0.029937901596627896
INV019620,1,0,0.0350750355240613
INV019621,1,0,0.041827352168619235
INV019622,1,0,0.2357620845433543
INV019623,1,0,0.05304475209012913
INV019624,1,0,0.10845942251692618
INV019625,1,0,0.08720958433122956
INV019626,-1,1,0.567082366442404
INV019627,1,0,0.11827886261419052
INV019628,1,0,0.09740752427074115
INV019629,1,0,0.10479377723091135
INV019630,1,0,0.22981246474892408
INV019631,1,0,0.14057643663277056
INV019632,1,0,0.3746912572042448
INV019633,1,0,0.12649003821575466
INV019634,1,0,0.037530045250832936
INV019635,1,0,0.24985549199545268
INV019636,1,0,0.1588332929986446
INV019637,1,0,0.1866992368879464
INV019638,1,0,0.02077294188369383
INV019639,1,0,0.12003942562418296
INV019640,1,0,0.06917863127267007
INV019641,1,0,0.03413396705566815
INV019642,1,0,0.08225325054580071
INV019643,1,0,0.09407653250219655
INV019644,1,0,0.09275790213498959
INV019645,1,0,0.04072893065268204
INV019646,1,0,0.06796700093507771
INV019647,1,0,0.049434299463391465
INV019648,1,0,0.03895372263991204
INV019649,1,0,0.24111034372248819
INV019650,1,0,0.03363514946734974
INV019651,1,0,0.01949533336628599
INV019652,1,0,0.10510934892375504
INV019653,1,0,0.19336083738643728
INV019654,1,0,0.08207634546941066
INV019655,1,0,0.15497077153783717
INV019656,1,0,0.05901603933349588
INV019657,1,0,0.017114266810410998
INV019658,1,0,0.15401795449216213
INV019659,1,0,0.05818974681442946
INV019660,1,0,0.16780629787557755
INV019661,1,0,0.09586800513629143
INV019662,1,0,0.014810292858066405
INV019663,1,0,0.033943894572311915
INV019664,1,0,0.080131522004062
INV019665,1,0,0.11692077917592641
INV019666,1,0,0.09898016867651745
INV019667,1,0,0.012127144033941245
INV019668,1,0,0.0983311652039588
INV019669,1,0,0.28724607532135343
INV019670,1,0,0.07178499172309376
INV019671,1,0,0.110446189737591
INV019672,1,0,0.011674285407026395
INV019673,1,0,0.10498772722391479
INV019674,1,0,0.20663035872818378
INV019675,1,0,0.05990738644702761
INV019676,1,0,0.08315044215384798
INV019677,1,0,0.06426696199461142
INV019678,1,0,0.14152798540163575
INV019679,1,0,0.043230496021721784
INV019680,1,0,0.10304523847203828
INV019681,1,0,0.16769533155800012
INV019682,1,0,0.1187388592584777
INV019683,1,0,0.038495721441963254
INV019684,1,0,0.01898383677037136
INV019685,1,0,0.013336717380028172
INV019686,1,0,0.32171934120747664
INV019687,1,0,0.05727633078105816
INV019688,1,0,0.017396157839238875
INV019689,1,0,0.3717387531666287
INV019690,1,0,0.07803206829857064
INV019691,1,0,0.03202594308939393
INV019692,-1,1,0.4950258231590445
INV019693,1,0,0.30022550919163765
INV019694,1,0,0.11714132421564181
INV019695,1,0,0.05922906747740294
INV019696,1,0,0.12309330472931246
INV019697,1,0,0.18607157698315338
INV019698,1,0,0.06485312287253177
INV019699,1,0,0.052340833152086874
INV019700,1,0,0.26480866726598945
INV019701,1,0,0.06463216566926443
INV019702,1,0,0.03427571766136125
INV019703,1,0,0.14359994378522467
INV019704,1,0,0.03618400992049725
INV019705,1,0,0.00883779842007917
INV019706,1,0,0.07805855689761254
INV019707,1,0,0.032562724428332836
INV019708,1,0,0.05964920097987705
INV019709,1,0,0.09122544506399381
INV019710,1,0,0.26446264955481436
INV019711,1,0,0.0925390001107102
INV019712,1,0,0.05765621792787741
INV019713,1,0,0.08075911097491306
INV019714,1,0,0.03318425695413108
INV019715,1,0,0.06811860673761148
INV019716,1,0,0.14450476144485902
INV019717,1,0,0.27519771776953406
INV019718,1,0,0.06355979205999891
INV019719,1,0,0.07178121116469899
INV019720,1,0,0.12046245403187418
INV019721,1,0,0.18732637892997547
INV019722,1,0,0.06969616317366105
INV019723,1,0,0.04258138885750317
INV019724,1,0,0.10973541601630105
INV019725,1,0,0.19843304732190709
INV019726,1,0,0.06234538620166296
INV019727,1,0,0.25656863998868895
INV019728,1,0,0.08215042349008306
INV019729,1,0,0.057903593382836335
INV019730,1,0,0.029204598952753357
INV019731,1,0,0.17779526792236447
INV019732,1,0,0.21329425694851994
INV019733,1,0,0.07716453753516091
INV019734,1,0,0.036111684645491846
INV019735,1,0,0.19431282861630172
INV019736,1,0,0.008022858210399152
INV019737,1,0,0.09447084957464838
INV019738,-1,1,0.5130854084779141
INV019739,1,0,0.023793530284520394
INV019740,1,0,0.2114349291055981
INV019741,1,0,0.2114399931738166
INV019742,1,0,0.2282266706365589
INV019743,1,0,0.10530910990915884
INV019744,1,0,0.05535752751608167
INV019745,1,0,0.1452504956078273
INV019746,1,0,0.34545843091718365
INV019747,1,0,0.02826601335369126
INV019748,1,0,0.04423597628471218
INV019749,1,0,0.21365801233390502
INV019750,1,0,0.3967551098125836
INV019751,1,0,0.016713473723714577
INV019752,1,0,0.01647643186846319
INV019753,1,0,0.04917342589202629
INV019754,1,0,0.06493062553331334
INV019755,1,0,0.1312643057213394
INV019756,1,0,0.1054212301203747
INV019757,1,0,0.07898853380785634
INV019758,1,0,0.07343869909826534
INV019759,1,0,0.02544468172487979
INV019760,1,0,0.08273799305117017
INV019761,1,0,0.10912429898531038
INV019762,1,0,0.028941837870293422
INV019763,-1,1,0.50052993216
INV019764,1,0,0.06274467501625648
INV019765,1,0,0.024468925945894643
INV019766,1,0,0.03051664319114369
INV019767,1,0,0.051157175650114586
INV019768,1,0,0.10164609586198958
INV019769,1,0,0.06407112619713232
INV019770,1,0,0.013584381619294886
INV019771,1,0,0.16603973303630568
INV019772,1,0,0.03712304987228849
INV019773,1,0,0.04666922579432179
INV019774,1,0,0.07233664751137932
INV019775,1,0,0.10322550530092232
INV019776,1,0,0.06781481174989576
INV019777,1,0,0.08794937687721989
INV019778,1,0,0.37844598804302654
INV019779,1,0,0.32987929688077067
INV019780,1,0,0.17200470054278258
INV019781,1,0,0.04910315177050722
INV019782,1,0,0.07789693405056092
INV019783,1,0,0.295570105836798
INV019784,1,0,0.062044394170201626
INV019785,1,0,0.08630391498114824
INV019786,1,0,0.1427340384265532
INV019787,-1,1,0.489765940640013
INV019788,1,0,0.038712105719622636
INV019789,1,0,0.049236871110733466
INV019790,-1,1,0.43998448924874556
INV019791,1,0,0.05332437123486293
INV019792,1,0,0.16873715983742774
INV019793,1,0,0.09682470270084621
INV019794,1,0,0.028493524774933516
INV019795,1,0,0.11806411049924558
INV019796,1,0,0.08413957224591125
INV019797,1,0,0.10561257803762975
INV019798,1,0,0.38686759597908893
INV019799,1,0,0.10611799460195843
INV019800,1,0,0.18859696745465243
INV019801,1,0,0.1344762093475861
INV019802,1,0,0.24178957018195543
INV019803,1,0,0.0781030607898446
INV019804,1,0,0.10610326545511016
INV019805,1,0,0.06231423592464748
INV019806,1,0,0.034287189690083236
INV019807,1,0,0.10790533462774844
INV019808,1,0,0.0332050842416969
INV019809,1,0,0.01255809228044943
INV019810,1,0,0.07811756597508046
INV019811,1,0,0.2891483804489861
INV019812,1,0,0.015990106817327574
INV019813,1,0,0.08841440659986008
INV019814,1,0,0.060995206044325935
INV019815,1,0,0.22339313701398544
INV019816,1,0,0.15253719091070608
INV019817,-1,1,0.4631403454975909
INV019818,1,0,0.07169325893784177
INV019819,1,0,0.262660067306556
INV019820,1,0,0.03235027430052677
INV019821,1,0,0.048043157648793154
INV019822,1,0,0.043225166637550605
INV019823,1,0,0.13310138725616813
INV019824,1,0,0.02341636834510311
INV019825,1,0,0.11427408297778416
INV019826,1,0,0.09004594603070357
INV019827,1,0,0.22031465112541032
INV019828,1,0,0.02965279867134761
INV019829,1,0,0.09743625300396369
INV019830,1,0,0.018965280253311068
INV019831,1,0,0.19735550116622452
INV019832,1,0,0.13893003379188085
INV019833,1,0,0.07735210440719598
INV019834,1,0,0.07188454131155862
INV019835,1,0,0.045244479418678096
INV019836,1,0,0.061650676223587136
INV019837,1,0,0.07699075589209772
INV019838,1,0,0.06321039147082495
INV019839,1,0,0.019964427024553217
INV019840,1,0,0.16628920801297895
INV019841,1,0,0.20811204057861668
INV019842,1,0,0.36326080931455557
INV019843,1,0,0.11978167733554153
INV019844,1,0,0.08223820393898942
INV019845,1,0,0.04212394111227988
INV019846,1,0,0.0929843880305257
INV019847,1,0,0.05698298108250629
INV019848,1,0,0.03676785510507273
INV019849,1,0,0.05898882289812783
INV019850,1,0,0.2194146374919782
INV019851,1,0,0.13035108257049147
INV019852,1,0,0.08823656106359991
INV019853,1,0,0.017213391648302455
INV019854,1,0,0.15188486046002653
INV019855,1,0,0.02394854525161795
INV019856,1,0,0.01697696279739566
INV019857,1,0,0.13332272295105776
INV019858,1,0,0.08178768305358378
INV019859,1,0,0.09208564126524858
INV019860,1,0,0.08816175386323466
INV019861,1,0,0.38428675527006606
INV019862,1,0,0.08776853546628041
INV019863,1,0,0.02421990936074704
INV019864,1,0,0.02930632858982894
INV019865,1,0,0.210128036629525
INV019866,1,0,0.092591203987993
INV019867,1,0,0.03481798103255795
INV019868,1,0,0.13204200098069707
INV019869,1,0,0.2563584110486844
INV019870,1,0,0.06084739869770205
INV019871,1,0,0.03478361835479234
INV019872,1,0,0.35352364075771336
INV019873,1,0,0.061698724063198415
INV019874,1,0,0.11963095779715048
INV019875,1,0,0.251431138733884
INV019876,-1,1,0.4257330794778048
INV019877,1,0,0.036471252190704045
INV019878,1,0,0.2119779105753926
INV019879,1,0,0.06614687209175954
INV019880,1,0,0.10999680005129403
INV019881,-1,1,0.42802591072963614
INV019882,1,0,0.14552468142600475
INV019883,1,0,0.10526975078425542
INV019884,1,0,0.06344766379335463
INV019885,1,0,0.03697822554311277
INV019886,1,0,0.06083978466349713
INV019887,1,0,0.0961659057441988
INV019888,1,0,0.03795456958340747
INV019889,1,0,0.15694896407984435
INV019890,1,0,0.3998518873743638
INV019891,1,0,0.08160673484311741
INV019892,1,0,0.15059029245083363
INV019893,1,0,0.10516654711702941
INV019894,1,0,0.13407201414845346
INV019895,1,0,0.05490894765394429
INV019896,1,0,0.1815043745164377
INV019897,1,0,0.2933928949880579
INV019898,1,0,0.2799032583877714
INV019899,1,0,0.09428142356697489
INV019900,1,0,0.12404709650252298
INV019901,1,0,0.08775386748068369
INV019902,1,0,0.053725567947521154
INV019903,1,0,0.02653935772611043
INV019904,1,0,0.04275819852468864
INV019905,1,0,0.1091088934288807
INV019906,1,0,0.02950793895199888
INV019907,1,0,0.14524573783456077
INV019908,1,0,0.04217755587309615
INV019909,1,0,0.09952919803115835
INV019910,1,0,0.10649071395242259
INV019911,1,0,0.028178949995282015
INV019912,1,0,0.036221107014759286
INV019913,-1,1,0.46973495753980055
INV019914,1,0,0.16916334138742337
INV019915,1,0,0.21076313044723433
INV019916,1,0,0.06695924953770205
INV019917,1,0,0.07410319045196502
INV019918,1,0,0.12070174103788277
INV019919,1,0,0.010251553258957028
INV019920,1,0,0.13611433251981286
INV019921,1,0,0.36976382232642174
INV019922,1,0,0.05751370266995966
INV019923,1,0,0.012230688907053876
INV019924,1,0,0.1431544529631988
INV019925,1,0,0.04829550877429586
INV019926,-1,1,0.4400307813276333
INV019927,1,0,0.07173819220481963
INV019928,1,0,0.04243786284478295
INV019929,1,0,0.22836439051683347
INV019930,1,0,0.055094765438715214
INV019931,1,0,0.20054960473502875
INV019932,1,0,0.08107931930154032
INV019933,1,0,0.08191527129695814
INV019934,1,0,0.10297313664431454
INV019935,1,0,0.11620858310312762
INV019936,1,0,0.2862127736026944
INV019937,1,0,0.12330022185834946
INV019938,1,0,0.11117713085074596
INV019939,1,0,0.18179879869506507
INV019940,1,0,0.06295861903132167
INV019941,1,0,0.11578456894767736
INV019942,1,0,0.04247578937392952
INV019943,1,0,0.0613426426958186
INV019944,1,0,0.11547998260474612
INV019945,1,0,0.2971181735362568
INV019946,1,0,0.06473644171302097
INV019947,1,0,0.1295925654974227
INV019948,1,0,0.07794747192187189
INV019949,-1,1,0.4459678935366523
INV019950,1,0,0.02899661223414135
INV019951,1,0,0.10099748937065774
INV019952,1,0,0.08500932349911856
INV019953,1,0,0.11190170236547928
INV019954,1,0,0.12245701017047736
INV019955,1,0,0.28961794860101825
INV019956,1,0,0.05611569128805558
INV019957,1,0,0.11306295251656298
INV019958,1,0,0.13578988578486717
INV019959,-1,1,0.5525999214725776
INV019960,1,0,0.08854556479600534
INV019961,1,0,0.06968665736302221
INV019962,1,0,0.11894924958503056
INV019963,1,0,0.12873928871586132
INV019964,1,0,0.19359830766988245
INV019965,1,0,0.12108954342009633
INV019966,1,0,0.11429365095634982
INV019967,1,0,0.025480453706338224
INV019968,1,0,0.12563585250006598
INV019969,1,0,0.07670610160855541
INV019970,1,0,0.04590188950887873
INV019971,1,0,0.1073749256283158
INV019972,1,0,0.026293547780208166
INV019973,1,0,0.09240004511078925
INV019974,1,0,0.1543415494623227
INV019975,1,0,0.0731210923089883
INV019976,1,0,0.10329620667638906
INV019977,1,0,0.142022658362959
INV019978,1,0,0.3591799148611143
INV019979,1,0,0.1996331678419463
INV019980,1,0,0.41710578340895826
INV019981,1,0,0.035120851455260456
INV019982,1,0,0.29325833312845595
INV019983,1,0,0.025475108758732722
INV019984,1,0,0.03246805227759896
INV019985,1,0,0.11729029005072902
INV019986,1,0,0.37814903518328424
INV019987,1,0,0.12475825517035039
INV019988,1,0,0.06501390898616745
INV019989,1,0,0.29982607064551864
INV019990,1,0,0.16499774071909465
INV019991,1,0,0.13773174392870952
INV019992,1,0,0.04269752006896853
INV019993,-1,1,0.7898669298256316
INV019994,-1,1,0.4804797969551694
INV019995,1,0,0.13260810127466638
INV019996,-1,1,0.4195671954092098
INV019997,1,0,0.1332889447726869
INV019998,1,0,0.10960682365192706
INV019999,1,0,0.0764045208167645
INV020000,1,0,0.04179142448899727
