invoice_no,lof_prediction,lof_anomaly,lof_score
INV000001,1,0,0.007184458528901961
INV000002,1,0,0.012619146714294665
INV000003,1,0,0.007205211275678329
INV000004,1,0,0.004817415213486546
INV000005,1,0,0.0037761475839458037
INV000006,1,0,0.0033246539505790876
INV000007,1,0,0.003320759681381259
INV000008,1,0,0.007458148125104605
INV000009,1,0,0.005721272706474603
INV000010,1,0,0.0019447924521793175
INV000011,1,0,0.010079808274677117
INV000012,1,0,0.024693391101738744
INV000013,1,0,0.004281677556822986
INV000014,1,0,0.002000958214400817
INV000015,1,0,0.0027147215510564975
INV000016,1,0,0.0015899618408652403
INV000017,1,0,0.002568350486883589
INV000018,1,0,0.00740991487186168
INV000019,1,0,0.006804259623982951
INV000020,1,0,0.002249371688691987
INV000021,1,0,0.007067329478346979
INV000022,1,0,0.005239949620859198
INV000023,1,0,0.002194440427901951
INV000024,1,0,0.0051705328170837785
INV000025,1,0,0.0038499900078176447
INV000026,1,0,0.005014792798693105
INV000027,1,0,0.004080166235179806
INV000028,1,0,0.003300774851286067
INV000029,1,0,0.0026209243899477444
INV000030,1,0,0.004606735353880507
INV000031,1,0,0.003215227937870817
INV000032,1,0,0.0032474734148008524
INV000033,1,0,0.002443386368975359
INV000034,1,0,0.0017786875048131756
INV000035,1,0,0.0025855577257598824
INV000036,1,0,0.005435859332134644
INV000037,1,0,0.0012237715349166902
INV000038,1,0,0.0023986510040579457
INV000039,1,0,0.005340805868580545
INV000040,1,0,0.002587590283654634
INV000041,1,0,0.002696036648261372
INV000042,1,0,0.0010266224728275727
INV000043,1,0,0.0024833452930349506
INV000044,1,0,0.0056069376491304805
INV000045,1,0,0.004831084450653931
INV000046,1,0,0.009483119487265242
INV000047,1,0,0.00487405586931565
INV000048,1,0,0.004862913141363694
INV000049,1,0,0.005936653870744286
INV000050,1,0,0.007150085287949252
INV000051,1,0,0.008169099083918607
INV000052,1,0,0.005267912723922572
INV000053,1,0,0.005745753079532387
INV000054,1,0,0.007516430567843831
INV000055,1,0,0.0016410168074625696
INV000056,1,0,0.014489452414887414
INV000057,1,0,0.0028833864014940714
INV000058,1,0,0.010782623379921617
INV000059,-1,1,0.03381151016987956
INV000060,1,0,0.010706119734342977
INV000061,1,0,0.003427629288873057
INV000062,1,0,0.002736314767284443
INV000063,1,0,0.024407712101028434
INV000064,1,0,0.0012688300909778813
INV000065,1,0,0.004672998994460275
INV000066,1,0,0.003743401731296286
INV000067,1,0,0.0037220688334267636
INV000068,1,0,0.003223874523121831
INV000069,1,0,0.004924606167144757
INV000070,1,0,0.0029362800173171073
INV000071,1,0,0.0071010705131437785
INV000072,-1,1,0.03716122821124695
INV000073,1,0,0.004140212741420796
INV000074,1,0,0.003065592280878705
INV000075,1,0,0.0032343034047283255
INV000076,1,0,0.004422628941316786
INV000077,1,0,0.0038540678640594074
INV000078,1,0,0.002487551789843907
INV000079,1,0,0.0058906885266791454
INV000080,1,0,0.005563987615668895
INV000081,1,0,0.001792030854092806
INV000082,1,0,0.0037082867765573374
INV000083,1,0,0.0022513915763713956
INV000084,1,0,0.0021828960918383673
INV000085,1,0,0.00124381087732892
INV000086,1,0,0.0026489121534804404
INV000087,1,0,0.0031786801257176777
INV000088,1,0,0.0026615302000029075
INV000089,1,0,0.021068101866213572
INV000090,1,0,0.0067449605270068205
INV000091,1,0,0.00261048576128004
INV000092,1,0,0.0014618336069582656
INV000093,1,0,0.0025725683656388125
INV000094,1,0,0.004964821859451664
INV000095,1,0,0.006732138990610055
INV000096,1,0,0.0018794783755326104
INV000097,1,0,0.00599258195213491
INV000098,1,0,0.01100731340157035
INV000099,1,0,0.0029300448683067903
INV000100,1,0,0.0044710602835873765
INV000101,1,0,0.006230556449624463
INV000102,1,0,0.0019771832715331185
INV000103,1,0,0.0033610916710025435
INV000104,1,0,0.0026465075160045605
INV000105,1,0,0.0034042126978014943
INV000106,1,0,0.002358792743035919
INV000107,1,0,0.00463729655785886
INV000108,1,0,0.006814865367700904
INV000109,1,0,0.005185912281154685
INV000110,1,0,0.0041206400771191375
INV000111,1,0,0.0025867753922779384
INV000112,1,0,0.0035627083694384043
INV000113,-1,1,0.031242517064723616
INV000114,1,0,0.003688888771301856
INV000115,1,0,0.003674535137344278
INV000116,1,0,0.0038285641018785876
INV000117,1,0,0.006047445238841872
INV000118,1,0,0.006691132195631032
INV000119,1,0,0.0045143624694812465
INV000120,1,0,0.004377444690241099
INV000121,1,0,0.004440249828323962
INV000122,1,0,0.004367246638073323
INV000123,1,0,0.0030819108493653127
INV000124,1,0,0.0037712376785826824
INV000125,1,0,0.003986547839326285
INV000126,1,0,0.004884563782722512
INV000127,1,0,0.005339649052952428
INV000128,1,0,0.002834780450118073
INV000129,1,0,0.005217524786069885
INV000130,1,0,0.0038250889625146027
INV000131,1,0,0.0027124151901015627
INV000132,1,0,0.0023692774911483238
INV000133,1,0,0.002524031546918637
INV000134,1,0,0.021419736472848307
INV000135,1,0,0.005018422806228431
INV000136,1,0,0.0033137360282309704
INV000137,1,0,0.004208031712091308
INV000138,1,0,0.007486981425153733
INV000139,1,0,0.005323044913621189
INV000140,1,0,0.0029622877410648936
INV000141,1,0,0.003228926297388816
INV000142,1,0,0.0017922691155210116
INV000143,1,0,0.005049615401770016
INV000144,1,0,0.0033026372298264922
INV000145,1,0,0.007644206942728356
INV000146,1,0,0.002563885827769526
INV000147,1,0,0.001736428461910645
INV000148,1,0,0.015140285644544437
INV000149,1,0,0.0035091611634733857
INV000150,1,0,0.001386971030578492
INV000151,1,0,0.004166419990458323
INV000152,1,0,0.002271344844305523
INV000153,1,0,0.002633520472313835
INV000154,1,0,0.014736779429646244
INV000155,1,0,0.000896357138944133
INV000156,1,0,0.010661406147329817
INV000157,1,0,0.006939541072783583
INV000158,1,0,0.0019257833811593492
INV000159,1,0,0.0034739027762776702
INV000160,1,0,0.006077434523276644
INV000161,1,0,0.005205066332639696
INV000162,1,0,0.001957788531039291
INV000163,1,0,0.0028958939633253527
INV000164,1,0,0.0022648666075729008
INV000165,1,0,0.003427372815832515
INV000166,1,0,0.00460308889150885
INV000167,1,0,0.0029926861922310467
INV000168,1,0,0.019484720799320364
INV000169,1,0,0.005636342334528712
INV000170,1,0,0.0064750631268891
INV000171,1,0,0.011168435369292162
INV000172,1,0,0.008447763418874002
INV000173,1,0,0.0032977207774731545
INV000174,1,0,0.0033137360282309704
INV000175,1,0,0.0032385581471252247
INV000176,1,0,0.002145052822529218
INV000177,1,0,0.022642745640577867
INV000178,1,0,0.0026122761496200943
INV000179,1,0,0.003989160596108837
INV000180,1,0,0.0028663516549742598
INV000181,1,0,0.0016755765020797157
INV000182,1,0,0.003896231256534073
INV000183,1,0,0.004334258951286183
INV000184,1,0,0.004423460894805572
INV000185,1,0,0.0023568644425417625
INV000186,1,0,0.011605222546116355
INV000187,-1,1,0.19799927596215786
INV000188,1,0,0.017741600215091226
INV000189,1,0,0.001958091146797099
INV000190,1,0,0.0032341440023849217
INV000191,1,0,0.0015291603095024088
INV000192,1,0,0.007366053894629217
INV000193,1,0,0.0030932527286895114
INV000194,1,0,0.002603715732909934
INV000195,1,0,0.0068469335242849795
INV000196,1,0,0.004933038049074666
INV000197,1,0,0.006604806864309204
INV000198,1,0,0.003294870936767307
INV000199,1,0,0.0040930200216644005
INV000200,1,0,0.002230319892267268
INV000201,1,0,0.003529905806111751
INV000202,1,0,0.008798745951259056
INV000203,1,0,0.003334647849427115
INV000204,1,0,0.0021510732496559984
INV000205,1,0,0.006574814883915354
INV000206,1,0,0.001970667564781436
INV000207,1,0,0.0031425700454809848
INV000208,1,0,0.005272799746180922
INV000209,1,0,0.0031501163362939906
INV000210,1,0,0.004136011698089757
INV000211,1,0,0.007755077009830943
INV000212,1,0,0.02219265252969175
INV000213,1,0,0.003930246044760751
INV000214,1,0,0.022371810266528794
INV000215,1,0,0.006127068467816364
INV000216,1,0,0.009462460434869457
INV000217,1,0,0.0033526039692747785
INV000218,-1,1,0.04771049954613363
INV000219,1,0,0.006352115808582474
INV000220,1,0,0.003814255156921527
INV000221,1,0,0.019352509746442363
INV000222,1,0,0.006812958801270112
INV000223,1,0,0.002421000354135108
INV000224,1,0,0.0026558551469112674
INV000225,1,0,0.011839680479415806
INV000226,1,0,0.004359457664483706
INV000227,1,0,0.003544066165123074
INV000228,1,0,0.009729029743162284
INV000229,1,0,0.0065517828818490295
INV000230,1,0,0.0028103124866634705
INV000231,1,0,0.007119725127166941
INV000232,1,0,0.0036799634734052977
INV000233,1,0,0.004983935081963909
INV000234,-1,1,0.04223015162117679
INV000235,1,0,0.015161256491747115
INV000236,1,0,0.0030070720153988068
INV000237,1,0,0.00427279768266027
INV000238,1,0,0.0027859588341462038
INV000239,1,0,0.011003150310526089
INV000240,1,0,0.00327025255115514
INV000241,1,0,0.005330373903351148
INV000242,1,0,0.009843378163497259
INV000243,-1,1,0.051298913863141046
INV000244,1,0,0.005625837982946852
INV000245,1,0,0.00310371378475464
INV000246,1,0,0.0047616618816401675
INV000247,1,0,0.0023838389542472534
INV000248,1,0,0.0009336736196192596
INV000249,1,0,0.0030912242008569167
INV000250,1,0,0.004641482635502065
INV000251,1,0,0.002441185429248815
INV000252,1,0,0.0027252713618313015
INV000253,1,0,0.005847985087942158
INV000254,1,0,0.002134920135053922
INV000255,-1,1,0.03848789013754715
INV000256,1,0,0.0027444298670544387
INV000257,1,0,0.009812031821147071
INV000258,1,0,0.002846666862314626
INV000259,1,0,0.005445227128848971
INV000260,1,0,0.0025539143748239393
INV000261,1,0,0.0028568968938696834
INV000262,1,0,0.00456926111315918
INV000263,1,0,0.004016476157861335
INV000264,1,0,0.009963273369846405
INV000265,1,0,0.0061054757126749876
INV000266,1,0,0.004927159408250795
INV000267,1,0,0.003849371823937453
INV000268,1,0,0.0028716809338275155
INV000269,1,0,0.0026935587837981943
INV000270,1,0,0.0044749549609264415
INV000271,1,0,0.004273993818384418
INV000272,1,0,0.0016142402528972993
INV000273,1,0,0.0036288640427363816
INV000274,1,0,0.004506427637619797
INV000275,1,0,0.005144544565286355
INV000276,1,0,0.004855202630812946
INV000277,1,0,0.003929658934261962
INV000278,1,0,0.001952198690639487
INV000279,1,0,0.002452561973688859
INV000280,1,0,0.001226791836240692
INV000281,1,0,0.002485030878649607
INV000282,1,0,0.005465537361803429
INV000283,1,0,0.007963152727097555
INV000284,1,0,0.0017666569135329708
INV000285,1,0,0.004412479333498345
INV000286,1,0,0.0030758683856792705
INV000287,1,0,0.011288799064738373
INV000288,1,0,0.004974721034395689
INV000289,1,0,0.0018479373244390295
INV000290,1,0,0.007968798884663323
INV000291,1,0,0.0021304176426587174
INV000292,1,0,0.0035462782931334363
INV000293,1,0,0.005398768633475114
INV000294,1,0,0.004769000854183391
INV000295,1,0,0.0052262109915006795
INV000296,1,0,0.022929879573853854
INV000297,1,0,0.013705173189522192
INV000298,1,0,0.004432045623015918
INV000299,1,0,0.0044053430661106325
INV000300,1,0,0.0038629260671991595
INV000301,1,0,0.007703032106573501
INV000302,1,0,0.0017511817548606222
INV000303,1,0,0.0030100506312128556
INV000304,1,0,0.0034335062458604837
INV000305,1,0,0.0021076926373334
INV000306,1,0,0.001953266153602138
INV000307,1,0,0.015083720310062871
INV000308,1,0,0.001489307168744358
INV000309,1,0,0.0024466170088058023
INV000310,1,0,0.007301243276079602
INV000311,1,0,0.0013937073927285867
INV000312,1,0,0.011934659051324714
INV000313,1,0,0.005211994313699155
INV000314,1,0,0.002422758606605255
INV000315,1,0,0.007099938955224077
INV000316,1,0,0.00392275541688182
INV000317,1,0,0.001988763499344992
INV000318,-1,1,0.04028581415134614
INV000319,1,0,0.002825395142345665
INV000320,1,0,0.006001118772827172
INV000321,1,0,0.0028717840437389596
INV000322,1,0,0.0030943546185538467
INV000323,1,0,0.004686138156963824
INV000324,1,0,0.0027264597238103403
INV000325,1,0,0.0024718831929242324
INV000326,1,0,0.011052640341151014
INV000327,-1,1,0.038039236624048
INV000328,1,0,0.002994902804646409
INV000329,1,0,0.009757990348203412
INV000330,1,0,0.0027303349167712484
INV000331,1,0,0.020414262792968225
INV000332,1,0,0.0019428352996928998
INV000333,1,0,0.0020681893116802504
INV000334,1,0,0.0031490308028779665
INV000335,1,0,0.002553396548104982
INV000336,1,0,0.0016965588969759394
INV000337,1,0,0.003934828586785814
INV000338,1,0,0.002107401927687519
INV000339,1,0,0.008211933747278619
INV000340,1,0,0.0019500044233758827
INV000341,1,0,0.0021693932443304495
INV000342,1,0,0.00285648719830311
INV000343,1,0,0.009203942642098666
INV000344,1,0,0.006316832032429316
INV000345,1,0,0.00214760041469079
INV000346,1,0,0.013132071777767177
INV000347,1,0,0.002895245096571946
INV000348,1,0,0.012777702589460477
INV000349,1,0,0.006174031978707145
INV000350,1,0,0.0017970994481116389
INV000351,1,0,0.005573975125892249
INV000352,1,0,0.0029591952719825987
INV000353,1,0,0.006718850855327977
INV000354,1,0,0.004503376897268431
INV000355,1,0,0.0062134245462309515
INV000356,1,0,0.0022250202621884345
INV000357,1,0,0.004017854856879433
INV000358,1,0,0.0020661329432390273
INV000359,1,0,0.0021761785687452605
INV000360,1,0,0.006306889798837087
INV000361,1,0,0.001960921458554336
INV000362,1,0,0.008647386167940184
INV000363,1,0,0.003718920646395865
INV000364,1,0,0.0018967965690808249
INV000365,1,0,0.004894194305911754
INV000366,1,0,0.0022244655474505225
INV000367,1,0,0.005342132141978785
INV000368,1,0,0.0030627760297752384
INV000369,1,0,0.0014094344117780275
INV000370,1,0,0.0019696839958085414
INV000371,1,0,0.0035780869496405223
INV000372,1,0,0.02399341133351442
INV000373,1,0,0.0026538818691546413
INV000374,-1,1,0.06376235567923809
INV000375,1,0,0.0055249102792318885
INV000376,1,0,0.0027571322300126194
INV000377,1,0,0.001824735324668704
INV000378,1,0,0.0057190231104987995
INV000379,1,0,0.0017640860837247051
INV000380,1,0,0.0071697312512913535
INV000381,1,0,0.007731982895662775
INV000382,1,0,0.005171912380886621
INV000383,1,0,0.0037422648755121696
INV000384,1,0,0.002233138242865592
INV000385,1,0,0.0015836271630859748
INV000386,1,0,0.008116546866775948
INV000387,-1,1,0.042652824076926846
INV000388,1,0,0.004517029640530551
INV000389,1,0,0.0033943461804529034
INV000390,1,0,0.002008271348163022
INV000391,1,0,0.002225690775574829
INV000392,1,0,0.003834136198131635
INV000393,1,0,0.003057759496526808
INV000394,1,0,0.001750244458294791
INV000395,1,0,0.004565882611565876
INV000396,1,0,0.005154336919258112
INV000397,1,0,0.0037559996325656525
INV000398,1,0,0.005164952243220543
INV000399,1,0,0.003229775272921056
INV000400,1,0,0.005221049946383345
INV000401,1,0,0.00544507304386939
INV000402,1,0,0.017511299469777218
INV000403,1,0,0.0033032241523133546
INV000404,1,0,0.003050449422747405
INV000405,1,0,0.0047754075725386595
INV000406,1,0,0.006271426034836281
INV000407,1,0,0.0048492657976372845
INV000408,1,0,0.005351657991219599
INV000409,1,0,0.0027885161019301627
INV000410,1,0,0.008991294983953827
INV000411,1,0,0.004768317968863097
INV000412,1,0,0.009128785390849983
INV000413,1,0,0.007984321593675611
INV000414,1,0,0.003612713061231085
INV000415,1,0,0.006315363414311622
INV000416,1,0,0.006648704690987513
INV000417,1,0,0.01265496359510338
INV000418,1,0,0.004270161149992804
INV000419,1,0,0.005628042981110296
INV000420,1,0,0.0021761785687452544
INV000421,1,0,0.006931860096038832
INV000422,1,0,0.0016290774652054731
INV000423,1,0,0.004220338147622528
INV000424,1,0,0.006678138263167446
INV000425,1,0,0.0022920533001341073
INV000426,1,0,0.0010739320030545248
INV000427,1,0,0.0032457434298203153
INV000428,1,0,0.0029369099668819457
INV000429,1,0,0.005833694203732136
INV000430,1,0,0.009321222000313862
INV000431,1,0,0.0048055654246057
INV000432,1,0,0.001934303198972385
INV000433,1,0,0.003990287561715669
INV000434,1,0,0.0040393302628530595
INV000435,1,0,0.0029054313518425477
INV000436,1,0,0.00210754307346487
INV000437,1,0,0.0034637412064188037
INV000438,1,0,0.0020189565273723018
INV000439,1,0,0.002963841714208302
INV000440,1,0,0.003600122042187404
INV000441,1,0,0.0010266224728275846
INV000442,1,0,0.005167051516839964
INV000443,-1,1,0.03396947973349232
INV000444,1,0,0.004105217202930542
INV000445,-1,1,0.09406659508926554
INV000446,1,0,0.002823811250213119
INV000447,1,0,0.0026763198176212332
INV000448,-1,1,0.2305715064135601
INV000449,1,0,0.008825971846456383
INV000450,1,0,0.002211359220716331
INV000451,1,0,0.0017980841351697464
INV000452,1,0,0.004730407740963226
INV000453,1,0,0.0031312194960561902
INV000454,1,0,0.002883652327694551
INV000455,1,0,0.004913580591578065
INV000456,1,0,0.003662156538278866
INV000457,1,0,0.001703068957152946
INV000458,1,0,0.003286299927543815
INV000459,1,0,0.006443888041662037
INV000460,1,0,0.0045792740456357586
INV000461,1,0,0.02039684657773479
INV000462,1,0,0.0023840238371364455
INV000463,1,0,0.0028861861037707153
INV000464,1,0,0.0026135275267248786
INV000465,1,0,0.006670537486892204
INV000466,1,0,0.002521106724266952
INV000467,1,0,0.0124931247303369
INV000468,1,0,0.002846140460904847
INV000469,1,0,0.001652142371377198
INV000470,1,0,0.00456640164853781
INV000471,1,0,0.0022452703621331114
INV000472,1,0,0.006179942463689283
INV000473,1,0,0.0022894140512189527
INV000474,1,0,0.003660790457035394
INV000475,1,0,0.0028537666766555174
INV000476,1,0,0.005478223482438185
INV000477,1,0,0.0047845234594684535
INV000478,1,0,0.010374247600872855
INV000479,1,0,0.005753101183789534
INV000480,1,0,0.003382149116682731
INV000481,1,0,0.0038605634698869557
INV000482,1,0,0.008002487611983468
INV000483,1,0,0.0029504375731333452
INV000484,1,0,0.0137833736929447
INV000485,1,0,0.004357864075986324
INV000486,1,0,0.002900915821251163
INV000487,1,0,0.0017535387691797208
INV000488,1,0,0.005512099291364077
INV000489,1,0,0.025652697569980946
INV000490,1,0,0.012298228032671032
INV000491,1,0,0.002408235638187837
INV000492,1,0,0.00314527417375212
INV000493,1,0,0.0044810488921687925
INV000494,1,0,0.016377178194895863
INV000495,1,0,0.007342333610438476
INV000496,1,0,0.012475554640224314
INV000497,1,0,0.0070187788477723695
INV000498,1,0,0.004473470349079881
INV000499,1,0,0.0035502932843377195
INV000500,1,0,0.0030931348867745184
INV000501,1,0,0.0039028947421554834
INV000502,1,0,0.006913438002435139
INV000503,1,0,0.002072954423339609
INV000504,1,0,0.004224395736170006
INV000505,1,0,0.005428350064861821
INV000506,1,0,0.0016589405818121742
INV000507,1,0,0.004786185422313773
INV000508,1,0,0.004684157680936364
INV000509,1,0,0.007676581538115085
INV000510,1,0,0.0012459348680745504
INV000511,1,0,0.00442011623315077
INV000512,1,0,0.002624125864213688
INV000513,1,0,0.0027265810587099267
INV000514,1,0,0.0013744375036222993
INV000515,1,0,0.007155434275753237
INV000516,1,0,0.0028843206393697612
INV000517,1,0,0.0018117247700141857
INV000518,1,0,0.007311379918804294
INV000519,1,0,0.0018464721704041693
INV000520,1,0,0.005883130150346628
INV000521,1,0,0.004591473784095595
INV000522,1,0,0.002298755382696068
INV000523,1,0,0.003229415055917179
INV000524,1,0,0.0024693621150374107
INV000525,1,0,0.003030131669327199
INV000526,1,0,0.0031172983959419655
INV000527,1,0,0.003858891940524064
INV000528,-1,1,0.03580258921991199
INV000529,1,0,0.005565590954987318
INV000530,1,0,0.003036322380643528
INV000531,1,0,0.012135625538546337
INV000532,1,0,0.004753487494691333
INV000533,1,0,0.0034777072610905394
INV000534,1,0,0.002065719466266852
INV000535,1,0,0.001141693181712848
INV000536,1,0,0.013687569615187937
INV000537,1,0,0.011714237807530963
INV000538,-1,1,0.03772933218879768
INV000539,1,0,0.02279714156064018
INV000540,1,0,0.00599961793039825
INV000541,1,0,0.028874835888442328
INV000542,1,0,0.0018600072606915993
INV000543,1,0,0.005559873448427707
INV000544,1,0,0.003061057352413967
INV000545,1,0,0.004177039298681257
INV000546,1,0,0.0011310748844079472
INV000547,1,0,0.007110936265244981
INV000548,1,0,0.005646296959140754
INV000549,1,0,0.0038932437075484567
INV000550,1,0,0.0018880520205904292
INV000551,1,0,0.0031452353595159328
INV000552,1,0,0.007396608912231625
INV000553,1,0,0.006906343659166861
INV000554,1,0,0.0033088967737972138
INV000555,1,0,0.008825543591800494
INV000556,1,0,0.002118577878577129
INV000557,1,0,0.00486560174410196
INV000558,1,0,0.002710839748417694
INV000559,1,0,0.0021617592777052734
INV000560,1,0,0.0015544282883101677
INV000561,1,0,0.002763194872689409
INV000562,1,0,0.0020477625474117213
INV000563,1,0,0.0028351882168533623
INV000564,1,0,0.0030678709513323804
INV000565,1,0,0.004121351595775415
INV000566,1,0,0.0032072632583154625
INV000567,1,0,0.006832600522900453
INV000568,1,0,0.020954420767059296
INV000569,1,0,0.0031307849836373007
INV000570,1,0,0.0030901698269369935
INV000571,1,0,0.008193843013122348
INV000572,1,0,0.001764543080602797
INV000573,1,0,0.0049629639681966755
INV000574,1,0,0.005215811281309153
INV000575,1,0,0.0016199043356605238
INV000576,1,0,0.0036471481830472334
INV000577,1,0,0.005470692165744963
INV000578,1,0,0.0036072256250505525
INV000579,1,0,0.002376901879074968
INV000580,1,0,0.003405160114394763
INV000581,1,0,0.010031769484946239
INV000582,1,0,0.0023158248225420954
INV000583,1,0,0.011635290724482158
INV000584,1,0,0.005627986359709858
INV000585,1,0,0.006813879648705893
INV000586,1,0,0.002210203985939579
INV000587,1,0,0.0035661210078436183
INV000588,1,0,0.004244684739827697
INV000589,1,0,0.003335318103685928
INV000590,1,0,0.007194369655913453
INV000591,1,0,0.00494643957449048
INV000592,1,0,0.012833775460581643
INV000593,1,0,0.003530273575694738
INV000594,1,0,0.0027355208860838894
INV000595,1,0,0.007129284358500315
INV000596,1,0,0.009830002723352913
INV000597,1,0,0.002910436295546769
INV000598,1,0,0.0020688206186359223
INV000599,1,0,0.00222830971734944
INV000600,1,0,0.00507333350913563
INV000601,1,0,0.004948891423172736
INV000602,1,0,0.0017795472282746158
INV000603,1,0,0.002448223528335875
INV000604,-1,1,0.0328987041347284
INV000605,1,0,0.0027766322198184428
INV000606,1,0,0.0254589730105603
INV000607,1,0,0.0035123790858444482
INV000608,1,0,0.0026930251173263088
INV000609,1,0,0.0027110672256978278
INV000610,1,0,0.009344554308110396
INV000611,1,0,0.010777828697553686
INV000612,1,0,0.0032355493138554584
INV000613,1,0,0.0017166330795950117
INV000614,1,0,0.006423039304247382
INV000615,1,0,0.01003557154348779
INV000616,1,0,0.008436207816230138
INV000617,1,0,0.0016515162804666098
INV000618,1,0,0.01001078290782289
INV000619,1,0,0.004578954095373541
INV000620,1,0,0.010047741060436858
INV000621,1,0,0.0010266224728275846
INV000622,1,0,0.00279595835470132
INV000623,1,0,0.002407405908849069
INV000624,1,0,0.003662035764663841
INV000625,1,0,0.002952935037817478
INV000626,1,0,0.002632821388035208
INV000627,1,0,0.0016369714458957106
INV000628,1,0,0.0040677747209838695
INV000629,1,0,0.0008497267194991779
INV000630,1,0,0.0038901917719350284
INV000631,1,0,0.00557057751981287
INV000632,-1,1,0.054084643038499365
INV000633,1,0,0.003410860374517032
INV000634,1,0,0.005295408583714708
INV000635,1,0,0.01267749752794831
INV000636,1,0,0.0051088483850096735
INV000637,1,0,0.001226791836240692
INV000638,1,0,0.0034420588918367876
INV000639,1,0,0.012380346564049306
INV000640,1,0,0.0032914878182710105
INV000641,1,0,0.004179555254021996
INV000642,1,0,0.005765556287382809
INV000643,1,0,0.0024533368758026123
INV000644,1,0,0.006867166115625814
INV000645,1,0,0.0018431442130785773
INV000646,1,0,0.004138937756235609
INV000647,1,0,0.0035338992491264704
INV000648,1,0,0.002877111283575728
INV000649,1,0,0.011706633229167623
INV000650,1,0,0.003298405044188437
INV000651,1,0,0.004732776057975827
INV000652,1,0,0.0025767852344081585
INV000653,1,0,0.003193684902805813
INV000654,1,0,0.004726134500722964
INV000655,1,0,0.002941362886426656
INV000656,1,0,0.007587312939836045
INV000657,1,0,0.0050716289201354105
INV000658,1,0,0.0025964978363380168
INV000659,1,0,0.00327431513898819
INV000660,1,0,0.0047067935818048325
INV000661,1,0,0.006247057245923191
INV000662,1,0,0.0036310166336916646
INV000663,1,0,0.0014918989904989229
INV000664,1,0,0.007745779980789277
INV000665,1,0,0.003425101416089037
INV000666,1,0,0.0034017428044527454
INV000667,1,0,0.003842517669765992
INV000668,1,0,0.002383521402653353
INV000669,1,0,0.002186032853462433
INV000670,1,0,0.0031802396717324154
INV000671,1,0,0.003332099137698642
INV000672,1,0,0.0029399564218165345
INV000673,1,0,0.006761893523426325
INV000674,1,0,0.004635058459478533
INV000675,1,0,0.001205227856536146
INV000676,1,0,0.0010353106411497984
INV000677,1,0,0.007062762683151529
INV000678,1,0,0.006019137196989192
INV000679,1,0,0.00228799772001392
INV000680,1,0,0.005134902613918871
INV000681,1,0,0.003877714395381165
INV000682,1,0,0.004145172298886183
INV000683,1,0,0.0029918223808294217
INV000684,1,0,0.003559925425206109
INV000685,1,0,0.001831673998355903
INV000686,-1,1,0.04321998642623661
INV000687,1,0,0.0032552151867183987
INV000688,1,0,0.0071161116442767
INV000689,1,0,0.005695650700517716
INV000690,1,0,0.002101729831232546
INV000691,1,0,0.005883832524568515
INV000692,1,0,0.007329128074036389
INV000693,1,0,0.0024410374798060006
INV000694,-1,1,0.22592425498482768
INV000695,1,0,0.0014013538577028156
INV000696,1,0,0.01819073124130326
INV000697,1,0,0.003277675033799835
INV000698,1,0,0.003254960395004517
INV000699,1,0,0.004204206335334225
INV000700,1,0,0.008293154504418344
INV000701,1,0,0.008075916102153184
INV000702,1,0,0.005629160430517063
INV000703,1,0,0.0015842306028622148
INV000704,1,0,0.004081053546417614
INV000705,1,0,0.00212378470355985
INV000706,1,0,0.0024138084175496823
INV000707,1,0,0.0018843121590761233
INV000708,1,0,0.0023631995989202635
INV000709,1,0,0.0014334494190485862
INV000710,1,0,0.004104639762964358
INV000711,1,0,0.010552725611926094
INV000712,1,0,0.00305696556446821
INV000713,1,0,0.004580018585937707
INV000714,1,0,0.0011780092762564236
INV000715,1,0,0.010161220235382353
INV000716,1,0,0.002785024668733819
INV000717,1,0,0.006247734240620345
INV000718,1,0,0.0017989137057473142
INV000719,1,0,0.0019442900656118872
INV000720,1,0,0.00179980371285949
INV000721,1,0,0.002646255996223961
INV000722,1,0,0.002693361312876795
INV000723,1,0,0.0030244312302248042
INV000724,1,0,0.0030966697768687354
INV000725,1,0,0.004386488366223347
INV000726,1,0,0.017154544485126773
INV000727,1,0,0.002761059846338904
INV000728,1,0,0.002527176061072313
INV000729,1,0,0.003473680162846761
INV000730,1,0,0.004611603574884999
INV000731,1,0,0.0016258220871913306
INV000732,1,0,0.002977296336766239
INV000733,1,0,0.002594529613867337
INV000734,1,0,0.0037752436281126805
INV000735,1,0,0.004959786432477312
INV000736,1,0,0.0032485862227825033
INV000737,1,0,0.005984386024524221
INV000738,1,0,0.0038795610241240106
INV000739,1,0,0.002409997234051812
INV000740,1,0,0.0014329108349427284
INV000741,1,0,0.006525946139140649
INV000742,1,0,0.0033197713749561824
INV000743,1,0,0.015299730693869747
INV000744,1,0,0.0019368143885565424
INV000745,1,0,0.003119128807730755
INV000746,1,0,0.002302666590055831
INV000747,1,0,0.004433502576342286
INV000748,1,0,0.006853295109590091
INV000749,1,0,0.005302753089952832
INV000750,1,0,0.00412634188791494
INV000751,1,0,0.00270004462192
INV000752,1,0,0.003800458769415835
INV000753,1,0,0.0025823590607965212
INV000754,1,0,0.0051565676373972035
INV000755,1,0,0.007854707992248947
INV000756,1,0,0.0031381878136041417
INV000757,1,0,0.002196055060557583
INV000758,1,0,0.013589485489089743
INV000759,1,0,0.01963358797783181
INV000760,1,0,0.0055711960405258895
INV000761,1,0,0.00491218483856915
INV000762,1,0,0.001526617923235904
INV000763,1,0,0.003296563734633013
INV000764,1,0,0.015074119380673105
INV000765,1,0,0.0030665303415229475
INV000766,1,0,0.0021680101300684917
INV000767,1,0,0.005954492222709692
INV000768,1,0,0.005702619854330476
INV000769,1,0,0.005408842838959187
INV000770,1,0,0.0030797733032288267
INV000771,1,0,0.003744790021016593
INV000772,1,0,0.003361744286826923
INV000773,1,0,0.004052944100030351
INV000774,1,0,0.00252714041201576
INV000775,1,0,0.004952637461364298
INV000776,1,0,0.010707053104052448
INV000777,1,0,0.0025174184236351027
INV000778,1,0,0.0033344741586203716
INV000779,1,0,0.012320480421009448
INV000780,1,0,0.002757190346692307
INV000781,1,0,0.0014615383015770264
INV000782,1,0,0.006487188583069898
INV000783,1,0,0.001860252404353179
INV000784,1,0,0.002078063439617824
INV000785,1,0,0.003962987191912222
INV000786,1,0,0.0019418432201615406
INV000787,1,0,0.0033754872371718554
INV000788,1,0,0.004063141511732693
INV000789,1,0,0.003681365694773379
INV000790,1,0,0.004779171449896057
INV000791,1,0,0.004704982433228709
INV000792,1,0,0.0041387358626286804
INV000793,1,0,0.003048618792361075
INV000794,1,0,0.0027861887535988424
INV000795,1,0,0.0034448691374080733
INV000796,1,0,0.003610148394538749
INV000797,1,0,0.0026784510043910284
INV000798,1,0,0.007320346555084295
INV000799,1,0,0.009531754984818504
INV000800,1,0,0.00519478952642049
INV000801,1,0,0.007282154121439995
INV000802,1,0,0.01923369460381313
INV000803,1,0,0.0012191678987432536
INV000804,1,0,0.008054803399578606
INV000805,1,0,0.00367638494117984
INV000806,1,0,0.011028597419167537
INV000807,1,0,0.0026830454517984288
INV000808,1,0,0.0017428078700491626
INV000809,1,0,0.0024014503450791864
INV000810,1,0,0.014852108751493617
INV000811,1,0,0.006311773810920938
INV000812,1,0,0.002022853466797435
INV000813,1,0,0.00837753363044384
INV000814,1,0,0.004319587554658156
INV000815,1,0,0.007936660275270286
INV000816,1,0,0.008001383135957196
INV000817,1,0,0.0019463992129869073
INV000818,1,0,0.004594141131792928
INV000819,1,0,0.006449792294870638
INV000820,1,0,0.0029892401172528994
INV000821,1,0,0.002556815758062562
INV000822,1,0,0.0021034865540946637
INV000823,1,0,0.005475784493399052
INV000824,1,0,0.0031944454160135476
INV000825,1,0,0.015257243218932825
INV000826,1,0,0.011018125264693368
INV000827,1,0,0.009538232079241888
INV000828,1,0,0.005171770228848816
INV000829,1,0,0.01099780161579236
INV000830,1,0,0.005741694366222777
INV000831,-1,1,0.07990972808308829
INV000832,1,0,0.006392011928090537
INV000833,1,0,0.004488594481494458
INV000834,1,0,0.002119922893288573
INV000835,1,0,0.00575866155197365
INV000836,1,0,0.0015423693520347456
INV000837,1,0,0.0026726259000136076
INV000838,1,0,0.002525316040037418
INV000839,1,0,0.004138496284984203
INV000840,1,0,0.002360551164850147
INV000841,1,0,0.010174778257756673
INV000842,1,0,0.002911976640214024
INV000843,1,0,0.01220310017233427
INV000844,1,0,0.003659435023843979
INV000845,1,0,0.004613827652597776
INV000846,1,0,0.010625066288862648
INV000847,1,0,0.0030014211526915692
INV000848,1,0,0.004443739239970307
INV000849,1,0,0.0037411084038405334
INV000850,1,0,0.003272887153261504
INV000851,1,0,0.006498343780722326
INV000852,1,0,0.0016322683271586043
INV000853,1,0,0.0027645557635439452
INV000854,1,0,0.002114545195730633
INV000855,1,0,0.002583342903076775
INV000856,1,0,0.003659841758608281
INV000857,1,0,0.001303135481735152
INV000858,1,0,0.004095470249565408
INV000859,1,0,0.004383020744955598
INV000860,1,0,0.0018328822736000472
INV000861,1,0,0.003322778487205522
INV000862,1,0,0.0025995782063204117
INV000863,-1,1,0.0298914337031794
INV000864,1,0,0.0021295783461483943
INV000865,1,0,0.004619515501894245
INV000866,1,0,0.0015606387128677074
INV000867,1,0,0.005315230791631891
INV000868,1,0,0.006193980084777139
INV000869,1,0,0.018433729183563383
INV000870,1,0,0.0018962942006355756
INV000871,1,0,0.006001764820784116
INV000872,1,0,0.003031372109031352
INV000873,1,0,0.0013364166740064088
INV000874,1,0,0.004319065871412121
INV000875,1,0,0.0024567030253674006
INV000876,1,0,0.002392221915653461
INV000877,1,0,0.004360891973934493
INV000878,1,0,0.004418821615026577
INV000879,1,0,0.008085010337919075
INV000880,1,0,0.00821640026751437
INV000881,1,0,0.004221913375159789
INV000882,1,0,0.0037286853603517903
INV000883,1,0,0.01717425140778894
INV000884,1,0,0.0030428596499661835
INV000885,1,0,0.003603421790006994
INV000886,1,0,0.0021412557780772002
INV000887,1,0,0.004278109283592074
INV000888,1,0,0.0026282950431673513
INV000889,1,0,0.007112476638603458
INV000890,-1,1,0.11563807433969123
INV000891,1,0,0.003377154531374668
INV000892,1,0,0.0033972483131355607
INV000893,1,0,0.0032689494624919897
INV000894,1,0,0.0009105134600305756
INV000895,1,0,0.005197096418905716
INV000896,1,0,0.0023144263360574614
INV000897,1,0,0.0042698061646375424
INV000898,1,0,0.0025108997853718787
INV000899,1,0,0.006081718507780261
INV000900,1,0,0.002559554341992759
INV000901,1,0,0.001831673998355903
INV000902,1,0,0.00427565737747656
INV000903,1,0,0.0016312743708081202
INV000904,1,0,0.006296735583182158
INV000905,1,0,0.008750124299642736
INV000906,1,0,0.0025976980368200226
INV000907,1,0,0.0046170769012763065
INV000908,1,0,0.002761489132739522
INV000909,1,0,0.005546546026427421
INV000910,1,0,0.003077468736378983
INV000911,1,0,0.0033162397709520313
INV000912,1,0,0.0028612521221938686
INV000913,1,0,0.003490750298911857
INV000914,1,0,0.007917975136874518
INV000915,1,0,0.005715026326631488
INV000916,1,0,0.0020836349146463188
INV000917,1,0,0.0059968611018673176
INV000918,1,0,0.0014289044520211648
INV000919,1,0,0.005908172916596066
INV000920,1,0,0.0026651659960561327
INV000921,1,0,0.002521373637640346
INV000922,1,0,0.006383616486427787
INV000923,1,0,0.011294439804679823
INV000924,1,0,0.004286201548183121
INV000925,1,0,0.003458361534435128
INV000926,1,0,0.0036969123817981865
INV000927,1,0,0.0063072514517349895
INV000928,1,0,0.00958012317663025
INV000929,1,0,0.005588290526552661
INV000930,1,0,0.0027368998544787066
INV000931,1,0,0.0037978371382813964
INV000932,1,0,0.003237898626830938
INV000933,1,0,0.0033815996559906068
INV000934,1,0,0.003115200478958818
INV000935,1,0,0.0027766105994638615
INV000936,1,0,0.004737050376770578
INV000937,1,0,0.026033131186371454
INV000938,1,0,0.0019359173547633362
INV000939,1,0,0.002846468303538836
INV000940,1,0,0.005516230749760484
INV000941,1,0,0.006156032274843735
INV000942,1,0,0.0018377075313213984
INV000943,1,0,0.006758476035695898
INV000944,1,0,0.004301686331806877
INV000945,1,0,0.0015304354586224472
INV000946,1,0,0.0037246657287327563
INV000947,1,0,0.00403971052884279
INV000948,1,0,0.0054941044455202774
INV000949,1,0,0.0033104715513133
INV000950,1,0,0.0014245094599292026
INV000951,1,0,0.0075098379370657315
INV000952,1,0,0.0035738578785572107
INV000953,1,0,0.005338469480120407
INV000954,1,0,0.0026151386336365208
INV000955,1,0,0.0035545397324669077
INV000956,1,0,0.006196823534268119
INV000957,1,0,0.00277375545627824
INV000958,1,0,0.0015017123737494482
INV000959,1,0,0.0006911171355826204
INV000960,1,0,0.0022594794029820713
INV000961,1,0,0.005523773846045428
INV000962,1,0,0.0021276536870065946
INV000963,1,0,0.002086268621175163
INV000964,1,0,0.0030332269160712037
INV000965,1,0,0.013127727323010029
INV000966,1,0,0.004458405700270743
INV000967,1,0,0.004599333171329077
INV000968,1,0,0.004264226684167164
INV000969,1,0,0.006061151716171445
INV000970,1,0,0.013537411965464083
INV000971,1,0,0.009112287978934607
INV000972,1,0,0.008406837157071448
INV000973,1,0,0.002722686626448156
INV000974,1,0,0.0015621160003891062
INV000975,1,0,0.0020705892826762616
INV000976,1,0,0.01352856587240643
INV000977,1,0,0.002290363700192634
INV000978,1,0,0.0023101801329822183
INV000979,1,0,0.0019416954917859759
INV000980,1,0,0.012734972735503737
INV000981,1,0,0.0018413130824827422
INV000982,1,0,0.0019284178833906343
INV000983,1,0,0.0018636819437249674
INV000984,1,0,0.0027943654679128418
INV000985,1,0,0.0029299964917349286
INV000986,1,0,0.0017504913182497372
INV000987,1,0,0.004394083606011669
INV000988,1,0,0.010437718416604007
INV000989,1,0,0.004882862302637947
INV000990,1,0,0.010173639021603863
INV000991,1,0,0.006420291458292021
INV000992,1,0,0.00508362427874836
INV000993,1,0,0.0025600734230384445
INV000994,1,0,0.0025398510104599086
INV000995,1,0,0.0039463986210835226
INV000996,1,0,0.005094277316929719
INV000997,1,0,0.0028194676242049577
INV000998,1,0,0.0033994014360501433
INV000999,1,0,0.0018956162899061665
INV001000,1,0,0.004813769469923354
INV001001,1,0,0.009508119278845557
INV001002,1,0,0.0012246318762035497
INV001003,1,0,0.0040599022196226376
INV001004,1,0,0.0035207772653196357
INV001005,1,0,0.0028169302789190402
INV001006,1,0,0.020789804020431048
INV001007,1,0,0.005983374735906847
INV001008,1,0,0.002491167213490013
INV001009,1,0,0.007157702130032742
INV001010,1,0,0.0017259417257159124
INV001011,1,0,0.004685626203538183
INV001012,1,0,0.003906953360781011
INV001013,1,0,0.0037803639184680843
INV001014,1,0,0.003058461541558335
INV001015,1,0,0.015336961532939132
INV001016,1,0,0.005014378840962975
INV001017,1,0,0.002999394463646357
INV001018,1,0,0.001986620106283083
INV001019,1,0,0.008873025886574099
INV001020,1,0,0.002521373637640358
INV001021,1,0,0.004316500560106767
INV001022,1,0,0.002536393166278107
INV001023,1,0,0.003025441253774838
INV001024,1,0,0.0035455937737139407
INV001025,1,0,0.0032184718607231287
INV001026,1,0,0.001988763499344992
INV001027,-1,1,0.03690927050473642
INV001028,1,0,0.01217184617505121
INV001029,1,0,0.001709604294634703
INV001030,1,0,0.0038650946596475856
INV001031,1,0,0.010653434337548505
INV001032,1,0,0.002636554751189516
INV001033,1,0,0.020236187117374765
INV001034,1,0,0.0031569396331168503
INV001035,1,0,0.004019006767896313
INV001036,1,0,0.00610214151318607
INV001037,1,0,0.012107331881000183
INV001038,1,0,0.023335849093557518
INV001039,1,0,0.005072358348298456
INV001040,-1,1,0.033702573743608966
INV001041,1,0,0.004898019556998824
INV001042,1,0,0.004556580177653635
INV001043,1,0,0.01341778879460916
INV001044,1,0,0.0019825362587516725
INV001045,-1,1,0.042329644011159295
INV001046,1,0,0.0024763490787150797
INV001047,1,0,0.005712943091126695
INV001048,1,0,0.004361316403906229
INV001049,1,0,0.009628000111490708
INV001050,1,0,0.004663618769146519
INV001051,1,0,0.004812995381163312
INV001052,1,0,0.0031558069508523558
INV001053,1,0,0.0009386767925513327
INV001054,1,0,0.004236679361080942
INV001055,1,0,0.0052468669346524685
INV001056,1,0,0.009185956010798824
INV001057,1,0,0.0024519858747499646
INV001058,1,0,0.0030859423393812084
INV001059,1,0,0.001586340877199705
INV001060,1,0,0.013575571601113305
INV001061,1,0,0.006189686250708852
INV001062,1,0,0.002785532534258793
INV001063,1,0,0.005077909687125481
INV001064,1,0,0.0058725391317701724
INV001065,1,0,0.002607550295210221
INV001066,1,0,0.014094208937231274
INV001067,1,0,0.0009007957048543882
INV001068,1,0,0.0021923242299279637
INV001069,1,0,0.003593086970932088
INV001070,1,0,0.00377417336313455
INV001071,1,0,0.0017159314135729534
INV001072,1,0,0.0025948724676135492
INV001073,1,0,0.003955040445906355
INV001074,-1,1,0.035695588553177844
INV001075,1,0,0.0027508264336599643
INV001076,1,0,0.008235118564099947
INV001077,1,0,0.019672633706994687
INV001078,1,0,0.0066987313859664405
INV001079,-1,1,0.07521584926627894
INV001080,1,0,0.0026024280892258172
INV001081,1,0,0.0034187466429716363
INV001082,-1,1,0.0793670289633326
INV001083,1,0,0.002114104823626783
INV001084,1,0,0.012730971342255924
INV001085,1,0,0.007312094626976717
INV001086,1,0,0.00822215248281658
INV001087,1,0,0.006066503210029572
INV001088,1,0,0.002901307417528404
INV001089,1,0,0.002385415239392481
INV001090,1,0,0.0022356713053544685
INV001091,1,0,0.003186928793456103
INV001092,1,0,0.006954372974276936
INV001093,1,0,0.0031240755204739613
INV001094,1,0,0.004832581829006418
INV001095,1,0,0.002101668745703307
INV001096,1,0,0.00419664211146541
INV001097,1,0,0.006451490587909666
INV001098,1,0,0.019593221748455927
INV001099,1,0,0.0019363202698928562
INV001100,1,0,0.0033678081716306918
INV001101,1,0,0.002245874263287714
INV001102,1,0,0.0070451301535383315
INV001103,1,0,0.0027331538396956345
INV001104,1,0,0.007539076262599616
INV001105,-1,1,0.04074906775046522
INV001106,1,0,0.003624715518623453
INV001107,1,0,0.0019416954917859759
INV001108,1,0,0.0024619306026566084
INV001109,1,0,0.004626944031986095
INV001110,1,0,0.023189943725952886
INV001111,1,0,0.0018351196337766617
INV001112,1,0,0.003211648122500403
INV001113,1,0,0.004242791887761315
INV001114,1,0,0.003143945420843737
INV001115,1,0,0.007410255028529985
INV001116,1,0,0.002786471897682225
INV001117,1,0,0.0047451582727709996
INV001118,1,0,0.002448604694414478
INV001119,1,0,0.013290309558816587
INV001120,1,0,0.006189120913163611
INV001121,1,0,0.004616754673582928
INV001122,1,0,0.004928049441156137
INV001123,1,0,0.002654428746816771
INV001124,1,0,0.003295219830353846
INV001125,1,0,0.0099884321385825
INV001126,1,0,0.0025835081698268527
INV001127,1,0,0.002557920326809672
INV001128,1,0,0.003789610356005826
INV001129,1,0,0.002363119816282974
INV001130,1,0,0.0030298610741139537
INV001131,1,0,0.00167501719187683
INV001132,1,0,0.012193215959363946
INV001133,1,0,0.0036373741165773143
INV001134,1,0,0.008992088954518118
INV001135,1,0,0.002704568860591459
INV001136,-1,1,0.07045954368022973
INV001137,1,0,0.0019745861478278727
INV001138,1,0,0.0030832610557383574
INV001139,1,0,0.0019877274598772646
INV001140,1,0,0.0028599905309501157
INV001141,1,0,0.005034649501928578
INV001142,1,0,0.004889282749358463
INV001143,1,0,0.023810080480170637
INV001144,1,0,0.004393106869679583
INV001145,1,0,0.0016890621162819598
INV001146,1,0,0.0040119241495223815
INV001147,1,0,0.004563478368457913
INV001148,1,0,0.004350206874663348
INV001149,-1,1,0.050118095524129526
INV001150,1,0,0.011523228185129365
INV001151,1,0,0.00501119835162278
INV001152,1,0,0.0024941659448586683
INV001153,1,0,0.00439110397213223
INV001154,1,0,0.00969708906489097
INV001155,1,0,0.008160515108270004
INV001156,1,0,0.004045311726473848
INV001157,1,0,0.006907004322615378
INV001158,1,0,0.006264964628352791
INV001159,1,0,0.0020589666872741466
INV001160,1,0,0.007919361661280449
INV001161,1,0,0.004336762055047002
INV001162,1,0,0.004394356171299743
INV001163,1,0,0.0032175382708859797
INV001164,1,0,0.003956993204105809
INV001165,1,0,0.00460016734660148
INV001166,1,0,0.011341627814798182
INV001167,1,0,0.002818562381684781
INV001168,1,0,0.004419470456343992
INV001169,1,0,0.006053497010495045
INV001170,1,0,0.0032746021102606957
INV001171,1,0,0.014531373435579418
INV001172,1,0,0.005071463906898563
INV001173,1,0,0.00702695665532001
INV001174,1,0,0.0030845001059901767
INV001175,1,0,0.023725342648627475
INV001176,1,0,0.002483178030727792
INV001177,1,0,0.005918766351641483
INV001178,1,0,0.012383970983218934
INV001179,1,0,0.005311279626617123
INV001180,1,0,0.0033658493760077846
INV001181,1,0,0.009056086107874676
INV001182,1,0,0.023326006047569625
INV001183,1,0,0.004079856055226246
INV001184,1,0,0.002308198641363881
INV001185,1,0,0.0034280279227171975
INV001186,1,0,0.0026405398537138938
INV001187,1,0,0.002167550156525545
INV001188,1,0,0.006018162878995229
INV001189,1,0,0.0007262102077449888
INV001190,1,0,0.006243817183944758
INV001191,1,0,0.015151076886046558
INV001192,1,0,0.004458498591081845
INV001193,1,0,0.0030244312302248042
INV001194,1,0,0.008139402550180896
INV001195,1,0,0.004459674121521227
INV001196,1,0,0.0034748567399179547
INV001197,1,0,0.0022946724955441537
INV001198,1,0,0.00848364493576765
INV001199,1,0,0.0034559376409019587
INV001200,1,0,0.0038776399356542433
INV001201,1,0,0.004797190735615991
INV001202,1,0,0.005965056885240323
INV001203,1,0,0.0022786907324855643
INV001204,1,0,0.0016683818301389717
INV001205,1,0,0.004704534330358477
INV001206,1,0,0.006443137016559294
INV001207,1,0,0.0014754725511098624
INV001208,1,0,0.004004936096535507
INV001209,1,0,0.0049571665454198905
INV001210,1,0,0.002610077835604593
INV001211,1,0,0.0032159600910739994
INV001212,1,0,0.0030782332407786037
INV001213,1,0,0.00707220895548653
INV001214,1,0,0.004949533838162444
INV001215,1,0,0.002842977388694523
INV001216,1,0,0.003151606540956069
INV001217,1,0,0.002635669462356316
INV001218,1,0,0.005441939912235219
INV001219,1,0,0.004726575907677446
INV001220,1,0,0.003083014507065553
INV001221,1,0,0.002097932200282785
INV001222,1,0,0.018133886951184033
INV001223,1,0,0.0006543182795555202
INV001224,1,0,0.012788022442782588
INV001225,1,0,0.0032851425961734192
INV001226,1,0,0.0036854704355805496
INV001227,1,0,0.0035546681791263387
INV001228,1,0,0.004898907337749491
INV001229,1,0,0.00463679982550791
INV001230,1,0,0.0022418989633721247
INV001231,1,0,0.0017716309276869886
INV001232,1,0,0.0031765358112626862
INV001233,1,0,0.0068313930806405505
INV001234,1,0,0.0025507686614423
INV001235,1,0,0.0029504283125021875
INV001236,1,0,0.0012332799454098107
INV001237,1,0,0.0016734589902191249
INV001238,1,0,0.004107253838329252
INV001239,1,0,0.0026582470044259343
INV001240,1,0,0.0030652455787639004
INV001241,1,0,0.006604018076379397
INV001242,1,0,0.0033529695335676566
INV001243,1,0,0.002048574423526514
INV001244,1,0,0.004775282805598578
INV001245,1,0,0.007221400521089789
INV001246,1,0,0.0024134530512266283
INV001247,1,0,0.0041695331694605285
INV001248,1,0,0.007688454481044807
INV001249,1,0,0.00592032092674907
INV001250,1,0,0.0035374062503181914
INV001251,1,0,0.0024238700056616953
INV001252,1,0,0.002508767335362093
INV001253,1,0,0.0005208783910813851
INV001254,1,0,0.0022830631795941847
INV001255,1,0,0.004145432514758865
INV001256,-1,1,0.09061193306467119
INV001257,1,0,0.0036701477628880725
INV001258,1,0,0.0024098485289875235
INV001259,1,0,0.009762805511374154
INV001260,1,0,0.014036433827332119
INV001261,1,0,0.006458172415717374
INV001262,1,0,0.0032859492224022084
INV001263,1,0,0.026484184918846618
INV001264,1,0,0.0013336944353077795
INV001265,1,0,0.012741241624148155
INV001266,1,0,0.0023968749948052536
INV001267,1,0,0.005417333984749931
INV001268,1,0,0.00588930522351985
INV001269,1,0,0.01632561372171355
INV001270,1,0,0.004775007598753591
INV001271,1,0,0.004991618424878566
INV001272,1,0,0.005638517705229651
INV001273,1,0,0.0038321190376823036
INV001274,1,0,0.0014615383015770325
INV001275,1,0,0.004097423941549206
INV001276,1,0,0.005857042296948014
INV001277,1,0,0.0022507724660631103
INV001278,1,0,0.002163711524468921
INV001279,1,0,0.0032369416112391467
INV001280,1,0,0.008641667025459099
INV001281,1,0,0.0024168696858162106
INV001282,1,0,0.004091331188661514
INV001283,1,0,0.004775115264229165
INV001284,1,0,0.0025824184203116457
INV001285,1,0,0.003318377756008406
INV001286,1,0,0.013681316588463995
INV001287,1,0,0.007062781516733834
INV001288,1,0,0.003086584025581664
INV001289,1,0,0.016404399550418263
INV001290,1,0,0.003293596577490192
INV001291,1,0,0.0038476545707092536
INV001292,1,0,0.0019219771970818119
INV001293,1,0,0.002392317018300055
INV001294,1,0,0.012630307027072678
INV001295,1,0,0.003409510086523939
INV001296,1,0,0.008378500799732904
INV001297,1,0,0.00465541741845271
INV001298,1,0,0.010757518438512536
INV001299,1,0,0.004225861050748325
INV001300,1,0,0.0053969612814120955
INV001301,1,0,0.002154533640245493
INV001302,1,0,0.005705343067431364
INV001303,1,0,0.0014609174833865718
INV001304,1,0,0.00361586237182425
INV001305,1,0,0.003519854716931945
INV001306,1,0,0.0017837007527233021
INV001307,1,0,0.005802076531867834
INV001308,1,0,0.00901238453985406
INV001309,1,0,0.0033601587142843064
INV001310,1,0,0.002205991435197593
INV001311,1,0,0.0012697913086002648
INV001312,1,0,0.007539822894097274
INV001313,1,0,0.002578809541387282
INV001314,1,0,0.0019609214585543477
INV001315,1,0,0.0024768354369192947
INV001316,1,0,0.002081633186469717
INV001317,1,0,0.002414436103585436
INV001318,1,0,0.004086047164890101
INV001319,1,0,0.0027550988026082395
INV001320,1,0,0.024191145015207666
INV001321,1,0,0.002555657078846211
INV001322,1,0,0.0039115258713142125
INV001323,1,0,0.0028691510932873647
INV001324,1,0,0.005513488291754325
INV001325,1,0,0.006296933640223084
INV001326,1,0,0.0022889942302685494
INV001327,1,0,0.002880098092007756
INV001328,1,0,0.0022894140512189644
INV001329,1,0,0.0028107833061477797
INV001330,1,0,0.005718392631699568
INV001331,1,0,0.004629353669910711
INV001332,1,0,0.0021031097608080933
INV001333,1,0,0.01738807361603751
INV001334,1,0,0.0029905865445530744
INV001335,1,0,0.003953269673134787
INV001336,1,0,0.004488083742076007
INV001337,1,0,0.001531810430725223
INV001338,1,0,0.004293404980527911
INV001339,-1,1,0.04590983673909196
INV001340,1,0,0.002277751477790918
INV001341,1,0,0.0036430100882887066
INV001342,1,0,0.007518296313549426
INV001343,1,0,0.0024046835485774724
INV001344,1,0,0.004412944764711764
INV001345,1,0,0.008126094038654254
INV001346,1,0,0.002712530785078722
INV001347,1,0,0.027818851465324788
INV001348,1,0,0.010742628509271627
INV001349,-1,1,0.06602290826274872
INV001350,1,0,0.0036327624119539266
INV001351,1,0,0.004955637368299205
INV001352,1,0,0.005826541237798515
INV001353,1,0,0.0021099856740715312
INV001354,1,0,0.00292704812846934
INV001355,1,0,0.007687635873273476
INV001356,1,0,0.0016750171918768417
INV001357,1,0,0.0024459189690637147
INV001358,1,0,0.0032687395996187744
INV001359,1,0,0.00415871722323246
INV001360,1,0,0.003287459777047158
INV001361,1,0,0.0013999102860254987
INV001362,1,0,0.00395259786348414
INV001363,1,0,0.00554655377946659
INV001364,1,0,0.004411615786864846
INV001365,1,0,0.0043122468385158015
INV001366,1,0,0.002320459173947659
INV001367,1,0,0.002616168677201258
INV001368,1,0,0.014890451210942669
INV001369,1,0,0.0036098735705266467
INV001370,1,0,0.010718105174538257
INV001371,1,0,0.0031810643823691437
INV001372,1,0,0.0019156601803708383
INV001373,1,0,0.01169516462152316
INV001374,1,0,0.00260233541406235
INV001375,1,0,0.0050901293093880235
INV001376,1,0,0.0042150682876391805
INV001377,1,0,0.0026783955454354764
INV001378,1,0,0.003750899092279964
INV001379,1,0,0.00378442519798766
INV001380,1,0,0.00423475064981398
INV001381,1,0,0.006771767194965314
INV001382,1,0,0.005197431439427311
INV001383,1,0,0.0024577504540705506
INV001384,1,0,0.002840320331022491
INV001385,1,0,0.002254302963492147
INV001386,1,0,0.009049566955400977
INV001387,1,0,0.008155118552644947
INV001388,1,0,0.0017083267812160127
INV001389,1,0,0.0014727058866180328
INV001390,1,0,0.004045325159833785
INV001391,1,0,0.005085766284489946
INV001392,1,0,0.002695184483823316
INV001393,1,0,0.003441277591308003
INV001394,1,0,0.0038911740172910673
INV001395,1,0,0.0022147580409438575
INV001396,1,0,0.001254614292229213
INV001397,1,0,0.0028969345804117693
INV001398,1,0,0.0044795482862219314
INV001399,1,0,0.002372990103136361
INV001400,1,0,0.005033594104548902
INV001401,1,0,0.0049092105196750675
INV001402,1,0,0.011185002255740793
INV001403,1,0,0.010614474974509873
INV001404,1,0,0.0030621196979862247
INV001405,1,0,0.0030140185652691577
INV001406,1,0,0.004668101809179829
INV001407,1,0,0.0027770354624925987
INV001408,1,0,0.0024189695237112905
INV001409,1,0,0.005073101605937039
INV001410,1,0,0.0037265236300188264
INV001411,1,0,0.002938049103546924
INV001412,1,0,0.002375707930286162
INV001413,1,0,0.021694319337396843
INV001414,1,0,0.003188478121855399
INV001415,1,0,0.0024841541957908147
INV001416,1,0,0.005487550652964416
INV001417,1,0,0.02293784305840898
INV001418,1,0,0.004632989918482582
INV001419,1,0,0.0030110520048087
INV001420,1,0,0.0035372543543566617
INV001421,1,0,0.003324482631514262
INV001422,1,0,0.0014583200683815788
INV001423,1,0,0.00787442853475167
INV001424,1,0,0.004501280046579664
INV001425,1,0,0.002983380719689983
INV001426,1,0,0.002930176805310771
INV001427,1,0,0.002076559705901178
INV001428,1,0,0.004372556547677428
INV001429,1,0,0.002316816748214444
INV001430,1,0,0.006269357499057373
INV001431,1,0,0.006543164051060861
INV001432,1,0,0.005211386144223654
INV001433,1,0,0.007248666259156605
INV001434,1,0,0.006220729520041579
INV001435,1,0,0.004395503101912533
INV001436,1,0,0.003971049029140552
INV001437,1,0,0.007201715998884696
INV001438,1,0,0.006387121397675745
INV001439,1,0,0.0036745779132604556
INV001440,1,0,0.003258613307539202
INV001441,1,0,0.003574497288352222
INV001442,1,0,0.0022840946737395103
INV001443,1,0,0.003897363754236495
INV001444,1,0,0.005792921692360896
INV001445,1,0,0.0014377046057350792
INV001446,1,0,0.004951535631794083
INV001447,1,0,0.004379681883262129
INV001448,1,0,0.0004965891767757022
INV001449,1,0,0.0021305405425430693
INV001450,1,0,0.0049112179771822854
INV001451,1,0,0.004735374757391303
INV001452,1,0,0.004229022188058096
INV001453,1,0,0.00616705560284568
INV001454,1,0,0.003977588227907797
INV001455,1,0,0.002978395137690395
INV001456,1,0,0.007648488387755108
INV001457,1,0,0.006127317109467397
INV001458,1,0,0.003616160150423706
INV001459,1,0,0.002360582327835602
INV001460,1,0,0.0029214269558695146
INV001461,1,0,0.001726033197545108
INV001462,1,0,0.0036035340779419587
INV001463,1,0,0.007455945167994305
INV001464,1,0,0.007029049788875918
INV001465,1,0,0.004755247525850336
INV001466,1,0,0.015115629163336797
INV001467,1,0,0.009009467604598817
INV001468,1,0,0.004217449638861404
INV001469,1,0,0.001470709947670906
INV001470,1,0,0.0059913032677257495
INV001471,1,0,0.0027457805305187294
INV001472,1,0,0.0083621687352527
INV001473,1,0,0.003264991355146456
INV001474,1,0,0.002157471061074996
INV001475,1,0,0.002265795186320948
INV001476,1,0,0.004845708628899377
INV001477,1,0,0.004814766303422971
INV001478,1,0,0.004645925887805594
INV001479,1,0,0.0016309635780276438
INV001480,1,0,0.00664465110338641
INV001481,1,0,0.004647884765929489
INV001482,1,0,0.004670216407069258
INV001483,1,0,0.005557775782393235
INV001484,1,0,0.0033631583408022542
INV001485,1,0,0.0037994024447479038
INV001486,1,0,0.01913727227359413
INV001487,1,0,0.002620330878808812
INV001488,1,0,0.0031956358222706505
INV001489,1,0,0.002451361039829547
INV001490,1,0,0.0019360096780445908
INV001491,1,0,0.0019248211344440325
INV001492,1,0,0.003546922981701131
INV001493,1,0,0.004788988286664863
INV001494,1,0,0.0031786595876517566
INV001495,-1,1,0.03388007723749403
INV001496,1,0,0.004863508198136241
INV001497,1,0,0.003625602405287433
INV001498,1,0,0.004114512748232041
INV001499,1,0,0.012770656901709705
INV001500,1,0,0.003655299398659624
INV001501,1,0,0.001586895737638095
INV001502,1,0,0.010649242985096612
INV001503,1,0,0.0025477913995344084
INV001504,1,0,0.0036542927473331493
INV001505,1,0,0.0029353184540981733
INV001506,1,0,0.003228543191702194
INV001507,1,0,0.003624955831665156
INV001508,1,0,0.002860519006901912
INV001509,1,0,0.0025324573845814514
INV001510,1,0,0.0042183725465977095
INV001511,1,0,0.003993982712201973
INV001512,1,0,0.00408929739147713
INV001513,1,0,0.001380166618150313
INV001514,1,0,0.0037469514235311066
INV001515,1,0,0.0020816331864697054
INV001516,1,0,0.0027302132817394863
INV001517,1,0,0.0016747854590840377
INV001518,1,0,0.0023288500023064427
INV001519,1,0,0.007659138194713195
INV001520,1,0,0.00448214409679709
INV001521,1,0,0.0024047913612987846
INV001522,1,0,0.007944190291196465
INV001523,1,0,0.0017517992259652223
INV001524,1,0,0.002423403104159493
INV001525,1,0,0.003096816615615649
INV001526,1,0,0.0028332493718507103
INV001527,1,0,0.0026828390035870332
INV001528,1,0,0.0024662433576925474
INV001529,1,0,0.002787913900697281
INV001530,1,0,0.006240132118304596
INV001531,1,0,0.002244700343672235
INV001532,1,0,0.002762131836048485
INV001533,1,0,0.008077756093276534
INV001534,1,0,0.004557084587002909
INV001535,1,0,0.0017000845675698188
INV001536,1,0,0.0027648123562003905
INV001537,1,0,0.003330778490952741
INV001538,1,0,0.004516596541514584
INV001539,1,0,0.003897592818567693
INV001540,1,0,0.003113533398666046
INV001541,-1,1,0.029950153573185062
INV001542,1,0,0.0022495420363737016
INV001543,1,0,0.002189268557738198
INV001544,1,0,0.005266968179730736
INV001545,1,0,0.005277644038168749
INV001546,1,0,0.0030402414266846637
INV001547,1,0,0.004134788663055621
INV001548,1,0,0.008428359072461812
INV001549,1,0,0.004811624441473701
INV001550,1,0,0.0025420801344643216
INV001551,-1,1,0.04383384674391254
INV001552,1,0,0.0037642017713791194
INV001553,1,0,0.0037655497587982772
INV001554,1,0,0.0022683809474313495
INV001555,1,0,0.014531719522916086
INV001556,1,0,0.005163506065971978
INV001557,1,0,0.003623083176242591
INV001558,1,0,0.009280026546136681
INV001559,1,0,0.0028930614702215585
INV001560,1,0,0.007227860029081821
INV001561,1,0,0.0028008912700731655
INV001562,1,0,0.010025716381234614
INV001563,1,0,0.004437014326882464
INV001564,1,0,0.0035061421151931682
INV001565,1,0,0.002909470895203321
INV001566,1,0,0.005022126524861385
INV001567,1,0,0.003536089192537583
INV001568,1,0,0.0028724375951801953
INV001569,1,0,0.003448622745360875
INV001570,1,0,0.002450154223532087
INV001571,1,0,0.005612414652181786
INV001572,1,0,0.0043190905306737274
INV001573,1,0,0.0014756212445303336
INV001574,1,0,0.0031822213485227786
INV001575,1,0,0.00525785971733602
INV001576,1,0,0.003186893047282177
INV001577,1,0,0.0027886309085718257
INV001578,1,0,0.003520408741841486
INV001579,1,0,0.0017609518271182172
INV001580,1,0,0.003484528462700939
INV001581,1,0,0.015191972129792225
INV001582,1,0,0.006328448965831241
INV001583,1,0,0.005008435306900066
INV001584,1,0,0.0031580408265036437
INV001585,1,0,0.0026419230799526287
INV001586,1,0,0.009749619582149564
INV001587,1,0,0.0031027335591319086
INV001588,1,0,0.0024584338270435455
INV001589,1,0,0.02939321902050819
INV001590,1,0,0.008155591906371048
INV001591,1,0,0.0032611361401562824
INV001592,1,0,0.0017873265377562147
INV001593,1,0,0.01234836503703049
INV001594,1,0,0.00645268662882111
INV001595,1,0,0.004022890252050481
INV001596,1,0,0.004475295416492812
INV001597,1,0,0.002619645613038078
INV001598,1,0,0.0027946655684115934
INV001599,1,0,0.0024050223564900694
INV001600,1,0,0.005189021762047477
INV001601,1,0,0.0044482271790256215
INV001602,1,0,0.002552264721180935
INV001603,1,0,0.004874869249023264
INV001604,1,0,0.0034678354730890417
INV001605,1,0,0.00334093420810551
INV001606,1,0,0.002587375985860324
INV001607,1,0,0.003137142705062751
INV001608,1,0,0.004347965708333177
INV001609,1,0,0.02343383540921442
INV001610,1,0,0.0022624965526990507
INV001611,1,0,0.001288767057835797
INV001612,1,0,0.003248529048204713
INV001613,1,0,0.0026517880179575963
INV001614,1,0,0.0028874522446926147
INV001615,1,0,0.024141953422246665
INV001616,1,0,0.0016777476756091214
INV001617,1,0,0.0073613048202442605
INV001618,1,0,0.0049075299121147
INV001619,1,0,0.003876189798718479
INV001620,1,0,0.007620631225666936
INV001621,1,0,0.004648346569765024
INV001622,1,0,0.004153236030785903
INV001623,1,0,0.003726348782984403
INV001624,1,0,0.007330425949897065
INV001625,1,0,0.0037762155492714125
INV001626,1,0,0.004917237990807338
INV001627,1,0,0.005629615575301287
INV001628,1,0,0.0025641675446044353
INV001629,1,0,0.005279100923631487
INV001630,1,0,0.0020938166092957736
INV001631,1,0,0.004416921335809932
INV001632,1,0,0.004462971345271771
INV001633,1,0,0.0014562273619595954
INV001634,1,0,0.002585405117675869
INV001635,1,0,0.003639765457431758
INV001636,1,0,0.004645356868790563
INV001637,1,0,0.0024768987624051043
INV001638,1,0,0.006766672383668746
INV001639,1,0,0.0043337212274920656
INV001640,1,0,0.008805064455819857
INV001641,1,0,0.0028577938915123322
INV001642,1,0,0.0026280681689921383
INV001643,1,0,0.01161895010154534
INV001644,1,0,0.006236066363901597
INV001645,1,0,0.006464930611616008
INV001646,1,0,0.0014111665020520288
INV001647,1,0,0.0075649265269456326
INV001648,1,0,0.00279899442393669
INV001649,1,0,0.00803026552931643
INV001650,1,0,0.006289061960700297
INV001651,1,0,0.0033779850356549295
INV001652,1,0,0.0031439086605318436
INV001653,1,0,0.007932110618899684
INV001654,1,0,0.007152661099622407
INV001655,1,0,0.0038063267389183723
INV001656,1,0,0.003308272897831173
INV001657,1,0,0.003823607963328621
INV001658,1,0,0.0018695848310157565
INV001659,1,0,0.008163188119684344
INV001660,1,0,0.0035966989637654153
INV001661,1,0,0.004543032880516728
INV001662,1,0,0.006298620880419018
INV001663,1,0,0.001967376684755699
INV001664,1,0,0.003158236603417445
INV001665,1,0,0.007049879032864782
INV001666,1,0,0.004441276573585317
INV001667,1,0,0.0026969864843924
INV001668,1,0,0.003568388905848839
INV001669,1,0,0.0020975127116716705
INV001670,1,0,0.005721177793156318
INV001671,1,0,0.002045158532783814
INV001672,1,0,0.006036936799383588
INV001673,1,0,0.004660050790442568
INV001674,1,0,0.009673944815196024
INV001675,1,0,0.009908662816657712
INV001676,1,0,0.0024280764088700398
INV001677,1,0,0.0064477309906206485
INV001678,1,0,0.005297612113497273
INV001679,1,0,0.002698498248987927
INV001680,1,0,0.005529016658432645
INV001681,1,0,0.003180088117093952
INV001682,1,0,0.0027144172761245037
INV001683,1,0,0.003583592986622648
INV001684,1,0,0.0014821778842089054
INV001685,1,0,0.003153194983939867
INV001686,1,0,0.011094855904991636
INV001687,1,0,0.0034503526932304707
INV001688,1,0,0.003041201059833029
INV001689,1,0,0.004552928685020268
INV001690,1,0,0.002007153988707748
INV001691,1,0,0.0030110136379644377
INV001692,1,0,0.0014328722248326464
INV001693,1,0,0.002500791994031815
INV001694,1,0,0.008799044151817046
INV001695,1,0,0.002728227612234646
INV001696,1,0,0.0020430828580788618
INV001697,1,0,0.0026099676700104208
INV001698,1,0,0.004334492972819947
INV001699,1,0,0.0034931059374900745
INV001700,1,0,0.0029375765076803733
INV001701,1,0,0.003999521355303818
INV001702,1,0,0.004942168748258282
INV001703,1,0,0.001980376084508143
INV001704,1,0,0.004900376388337292
INV001705,1,0,0.0012402167993606932
INV001706,1,0,0.005071502331594405
INV001707,1,0,0.009754018717297166
INV001708,1,0,0.004549486793613855
INV001709,1,0,0.0024444079453244697
INV001710,1,0,0.0033881348385260924
INV001711,1,0,0.002265917912661815
INV001712,1,0,0.0033085133145570583
INV001713,1,0,0.009753660253975024
INV001714,1,0,0.002726026598429342
INV001715,1,0,0.0064936131581338945
INV001716,1,0,0.003955609094810342
INV001717,1,0,0.0029408431002457824
INV001718,1,0,0.002674484453644479
INV001719,1,0,0.002961025716877822
INV001720,1,0,0.005132062512076218
INV001721,1,0,0.004442904609614756
INV001722,1,0,0.0017303311723520637
INV001723,1,0,0.004961551030285036
INV001724,1,0,0.0037157888973287038
INV001725,1,0,0.0088201001022253
INV001726,1,0,0.004414338921326913
INV001727,1,0,0.002681973686598062
INV001728,1,0,0.0032502616776051295
INV001729,1,0,0.003789007639870383
INV001730,1,0,0.011771584169687547
INV001731,1,0,0.004850452420524672
INV001732,1,0,0.016038155547483533
INV001733,1,0,0.0029791788390467477
INV001734,1,0,0.0015800742992636183
INV001735,1,0,0.004856070065312075
INV001736,1,0,0.01923993553869825
INV001737,1,0,0.0028385409025376623
INV001738,1,0,0.004971433000460875
INV001739,1,0,0.005163937082994091
INV001740,1,0,0.0027372092202114957
INV001741,1,0,0.0024590611066746997
INV001742,-1,1,0.062446173989557194
INV001743,1,0,0.005403536696982319
INV001744,1,0,0.00248955160211382
INV001745,1,0,0.005375288896021794
INV001746,1,0,0.004416744262624432
INV001747,1,0,0.003778801965905026
INV001748,1,0,0.001761453265372175
INV001749,1,0,0.0019990008774781504
INV001750,1,0,0.0025439515808659574
INV001751,1,0,0.0024823044415898383
INV001752,1,0,0.006132285620382136
INV001753,1,0,0.010270396644510765
INV001754,1,0,0.0022075762834472277
INV001755,1,0,0.01837706513383999
INV001756,1,0,0.004155703918832852
INV001757,1,0,0.005809165859124133
INV001758,1,0,0.0029372573017766622
INV001759,1,0,0.0033086252803004204
INV001760,1,0,0.0025117781638889203
INV001761,1,0,0.006356043161364588
INV001762,1,0,0.007091016119876532
INV001763,-1,1,0.06906470958646613
INV001764,1,0,0.0025346496927159006
INV001765,1,0,0.007163325918606745
INV001766,1,0,0.0017481003991817914
INV001767,1,0,0.01336377954153152
INV001768,1,0,0.003861921463187125
INV001769,1,0,0.003046324757847816
INV001770,1,0,0.001697519227780215
INV001771,1,0,0.0022608330823654893
INV001772,1,0,0.00597530334275133
INV001773,1,0,0.00468121037856689
INV001774,1,0,0.021162996176175567
INV001775,1,0,0.0034540429500942065
INV001776,1,0,0.0038917491331160246
INV001777,1,0,0.0037954261737804212
INV001778,1,0,0.002223860000592829
INV001779,1,0,0.01593107847399864
INV001780,1,0,0.0049309640481723085
INV001781,1,0,0.004757361631096814
INV001782,1,0,0.011676095935702306
INV001783,1,0,0.004746439844573528
INV001784,1,0,0.009064625789863535
INV001785,1,0,0.004517793421843693
INV001786,1,0,0.007799723049753552
INV001787,1,0,0.004716780678588919
INV001788,1,0,0.00260933382871732
INV001789,1,0,0.003095424185276873
INV001790,1,0,0.003113177470181436
INV001791,1,0,0.002466145971806455
INV001792,1,0,0.0021211337305997776
INV001793,1,0,0.0048175815864500695
INV001794,1,0,0.0037217956741878687
INV001795,1,0,0.006334969486347197
INV001796,1,0,0.004080263574855664
INV001797,1,0,0.011248601625821758
INV001798,1,0,0.002744805814855336
INV001799,1,0,0.001833257315097534
INV001800,1,0,0.007343725151840553
INV001801,1,0,0.00227085342049106
INV001802,1,0,0.009214683341654909
INV001803,1,0,0.001742449415749898
INV001804,1,0,0.0058191175650340555
INV001805,1,0,0.009925814533172752
INV001806,1,0,0.013699614875832235
INV001807,1,0,0.0018908325264333898
INV001808,1,0,0.005483603433725501
INV001809,1,0,0.0035542266728147056
INV001810,1,0,0.004281909018097929
INV001811,1,0,0.003067683762020778
INV001812,1,0,0.0036836222535657093
INV001813,-1,1,0.04006907032123692
INV001814,-1,1,0.031102425990310146
INV001815,1,0,0.0022126594078633486
INV001816,1,0,0.0028393790908336704
INV001817,1,0,0.0033451612620631066
INV001818,1,0,0.00169552692965825
INV001819,1,0,0.0024128286512574257
INV001820,1,0,0.0035690294533368304
INV001821,1,0,0.02216379602744159
INV001822,1,0,0.004664748341909206
INV001823,1,0,0.007837326895695213
INV001824,1,0,0.00418124015437133
INV001825,1,0,0.0122878002490171
INV001826,1,0,0.001612740421531622
INV001827,1,0,0.0031849534341146474
INV001828,1,0,0.007071479000344839
INV001829,1,0,0.0023279014124389353
INV001830,1,0,0.004001325662201744
INV001831,1,0,0.016614488902398496
INV001832,1,0,0.001474103721497456
INV001833,1,0,0.0026712419579398338
INV001834,1,0,0.0037727193740676574
INV001835,1,0,0.0024069593367980055
INV001836,1,0,0.004190921768376029
INV001837,1,0,0.0011708341695758017
INV001838,1,0,0.010369964066064424
INV001839,1,0,0.009372243942471133
INV001840,1,0,0.0016720605470042537
INV001841,1,0,0.014388021829321907
INV001842,1,0,0.00768023088984152
INV001843,1,0,0.0029374009998758346
INV001844,1,0,0.0023734153862679146
INV001845,1,0,0.0036803157673703686
INV001846,1,0,0.0011098468865007795
INV001847,1,0,0.010309071088238236
INV001848,1,0,0.003369332466994869
INV001849,1,0,0.004017803817463374
INV001850,1,0,0.0035619601523287107
INV001851,-1,1,0.08127203199462929
INV001852,1,0,0.0037558206871916217
INV001853,1,0,0.0065171054087418
INV001854,1,0,0.003971683571824313
INV001855,1,0,0.004930161209813705
INV001856,1,0,0.002612753534647506
INV001857,1,0,0.0037217956741878687
INV001858,1,0,0.004837672016875221
INV001859,1,0,0.0034573587164691295
INV001860,1,0,0.025198005250312384
INV001861,1,0,0.003913830301527173
INV001862,1,0,0.0014737625512285801
INV001863,1,0,0.00473333318307625
INV001864,1,0,0.005791843367270516
INV001865,1,0,0.0019793504138432834
INV001866,1,0,0.0029214269558695263
INV001867,1,0,0.010845953890532792
INV001868,1,0,0.015322380883635772
INV001869,-1,1,0.13289311929085204
INV001870,1,0,0.003065903643913007
INV001871,1,0,0.002642089164509232
INV001872,1,0,0.0022951993117788314
INV001873,1,0,0.009634580971173572
INV001874,1,0,0.0023188535718030564
INV001875,1,0,0.0028672705969721066
INV001876,1,0,0.0035344933302402927
INV001877,1,0,0.02771813521361364
INV001878,1,0,0.0027019904078583413
INV001879,1,0,0.003172432060064796
INV001880,1,0,0.009963596270023103
INV001881,1,0,0.0032032877573092214
INV001882,1,0,0.0027706465532380702
INV001883,1,0,0.0019815455803543266
INV001884,1,0,0.002925346778772829
INV001885,1,0,0.0043700979093188735
INV001886,1,0,0.0013929163088130113
INV001887,1,0,0.0024949909081222648
INV001888,1,0,0.0055761711036997185
INV001889,1,0,0.003995209529491997
INV001890,1,0,0.011570113360878743
INV001891,1,0,0.001912254609994365
INV001892,1,0,0.0023247062832889996
INV001893,1,0,0.0019090140283450066
INV001894,1,0,0.010238879995160377
INV001895,1,0,0.002414025284938803
INV001896,1,0,0.011128340234042739
INV001897,1,0,0.004339797708743727
INV001898,1,0,0.02785055420018541
INV001899,1,0,0.026837340294809508
INV001900,1,0,0.0018587865004193777
INV001901,1,0,0.002573769899549843
INV001902,1,0,0.005956083335414885
INV001903,1,0,0.0024290994638389058
INV001904,1,0,0.006539520755021451
INV001905,1,0,0.003910579112743821
INV001906,1,0,0.003333514915407229
INV001907,1,0,0.004080373139102541
INV001908,1,0,0.0025873759858603125
INV001909,1,0,0.002053840532330161
INV001910,1,0,0.0035473047523962515
INV001911,1,0,0.0035133377174831003
INV001912,1,0,0.004823283432176471
INV001913,1,0,0.0028151611229949034
INV001914,1,0,0.002677412888431417
INV001915,1,0,0.004095834385708736
INV001916,1,0,0.0035584287928439764
INV001917,1,0,0.0035765847423656428
INV001918,1,0,0.0034928389601704304
INV001919,1,0,0.008547030797093819
INV001920,1,0,0.002529374406093978
INV001921,1,0,0.0028477971693780754
INV001922,1,0,0.0024567030253674123
INV001923,1,0,0.010477329762074421
INV001924,1,0,0.003618940879857363
INV001925,1,0,0.006394004796603673
INV001926,1,0,0.004263075247848096
INV001927,1,0,0.0030180118756350837
INV001928,1,0,0.006599978683775161
INV001929,1,0,0.005124490746149388
INV001930,1,0,0.00184945871116804
INV001931,1,0,0.00036223359830573015
INV001932,1,0,0.0023137585147887368
INV001933,1,0,0.003823916930122101
INV001934,1,0,0.004812231287612258
INV001935,1,0,0.002479907749549329
INV001936,1,0,0.003589675943335258
INV001937,1,0,0.023491904157839347
INV001938,1,0,0.0040862171266803715
INV001939,1,0,0.0037012704543909034
INV001940,1,0,0.0031059618815219327
INV001941,1,0,0.0029262498889829165
INV001942,1,0,0.005332476627602214
INV001943,1,0,0.028219768850185213
INV001944,1,0,0.011376399758075993
INV001945,-1,1,0.07722268337801091
INV001946,1,0,0.00428797770585199
INV001947,1,0,0.005487626420401838
INV001948,1,0,0.003972200494972391
INV001949,1,0,0.005537421523778638
INV001950,-1,1,0.030407788463828023
INV001951,1,0,0.0016180959499622
INV001952,1,0,0.0037247180527635614
INV001953,1,0,0.0035866779026008677
INV001954,1,0,0.0030851863945754736
INV001955,1,0,0.0044535938705298
INV001956,1,0,0.0015412025906690501
INV001957,1,0,0.003198255530193727
INV001958,1,0,0.007707558351185579
INV001959,1,0,0.0055539391849152
INV001960,1,0,0.004606163728004808
INV001961,1,0,0.0016375637135238909
INV001962,1,0,0.002836737696318199
INV001963,1,0,0.01151167465995686
INV001964,1,0,0.0026526422500310846
INV001965,1,0,0.006967737278427765
INV001966,1,0,0.0032928761351714215
INV001967,1,0,0.0038585807044236695
INV001968,1,0,0.004375313330987662
INV001969,1,0,0.025718107040784876
INV001970,1,0,0.0020564416620399636
INV001971,1,0,0.0024688044069576497
INV001972,1,0,0.003367250989242499
INV001973,1,0,0.005309704083416638
INV001974,1,0,0.003497809678539261
INV001975,1,0,0.004641318581905543
INV001976,1,0,0.0035660483984837634
INV001977,1,0,0.002125772505340004
INV001978,1,0,0.008795555253175122
INV001979,1,0,0.019140751957976185
INV001980,1,0,0.003619522194561825
INV001981,1,0,0.0076236517398233575
INV001982,1,0,0.003927374360136275
INV001983,1,0,0.004860284078067703
INV001984,1,0,0.0026862749858086008
INV001985,1,0,0.0026173648013692184
INV001986,1,0,0.008402463281240502
INV001987,1,0,0.014677286941938716
INV001988,1,0,0.004528688525461745
INV001989,1,0,0.0018159652052241288
INV001990,1,0,0.006146231152285471
INV001991,1,0,0.004885385750331334
INV001992,1,0,0.008886176575755937
INV001993,1,0,0.002452684043349407
INV001994,1,0,0.007439689408726251
INV001995,1,0,0.0022341691794873124
INV001996,-1,1,0.08383313789631358
INV001997,1,0,0.0021494229260439553
INV001998,1,0,0.002202975562078655
INV001999,1,0,0.008060187495701893
INV002000,1,0,0.0036323091704210616
INV002001,1,0,0.002130174608907274
INV002002,1,0,0.004865874940277176
INV002003,1,0,0.014806635179658348
INV002004,1,0,0.004997007078484379
INV002005,1,0,0.0017434285897100711
INV002006,1,0,0.003088324925915849
INV002007,1,0,0.0016479433226456062
INV002008,1,0,0.003102831862673056
INV002009,1,0,0.005324030707046936
INV002010,1,0,0.00609254716705907
INV002011,1,0,0.003343507520297826
INV002012,1,0,0.0051941399914242365
INV002013,1,0,0.006841351556071059
INV002014,1,0,0.0011410517106131323
INV002015,1,0,0.0015501827023421447
INV002016,1,0,0.0024705452368074822
INV002017,1,0,0.004918430000754246
INV002018,1,0,0.001966544758996598
INV002019,1,0,0.002189798959785082
INV002020,1,0,0.0001553140628976158
INV002021,1,0,0.002169535901539162
INV002022,1,0,0.004748756304746102
INV002023,1,0,0.008347090811019836
INV002024,1,0,0.009620524114666466
INV002025,1,0,0.00411254058116568
INV002026,1,0,0.0016672557139793013
INV002027,1,0,0.0031403440771301397
INV002028,1,0,0.0030138203014801568
INV002029,1,0,0.002690171786612357
INV002030,1,0,0.006906300474516256
INV002031,1,0,0.004347550720877883
INV002032,1,0,0.012532098769781076
INV002033,1,0,0.006255626386323303
INV002034,1,0,0.003935471352611317
INV002035,1,0,0.0055579930666210175
INV002036,1,0,0.003016233659313661
INV002037,1,0,0.024839737965930708
INV002038,1,0,0.005272540080146807
INV002039,1,0,0.008218084952793752
INV002040,1,0,0.004559369180056067
INV002041,1,0,0.0019489478363688578
INV002042,1,0,0.002110245387316451
INV002043,1,0,0.00298587490124738
INV002044,1,0,0.0072782594426233456
INV002045,1,0,0.002139776302899103
INV002046,1,0,0.005996063967897656
INV002047,1,0,0.004532228908716692
INV002048,1,0,0.003674378093855521
INV002049,1,0,0.003302945212999061
INV002050,1,0,0.002320346486396319
INV002051,1,0,0.006214031000966389
INV002052,1,0,0.004049164232464627
INV002053,1,0,0.0037033872728885905
INV002054,1,0,0.0024160312130825363
INV002055,1,0,0.0017220431983591955
INV002056,1,0,0.0031165392225410257
INV002057,-1,1,0.030982256235424156
INV002058,1,0,0.002152785345457194
INV002059,1,0,0.005388811006840014
INV002060,1,0,0.004360931028977844
INV002061,1,0,0.002898332202205753
INV002062,1,0,0.0042927397454233475
INV002063,1,0,0.0062331601053917385
INV002064,1,0,0.0021069910941673995
INV002065,1,0,0.02771880529966701
INV002066,1,0,0.004043353391770003
INV002067,1,0,0.0033080919986206003
INV002068,1,0,0.0057363920508262025
INV002069,1,0,0.006853590616835301
INV002070,1,0,0.005195738795579666
INV002071,1,0,0.006897245429952025
INV002072,1,0,0.0017093565369317605
INV002073,1,0,0.012798521080981994
INV002074,1,0,0.0014887926110107768
INV002075,1,0,0.0010108209580875112
INV002076,1,0,0.003880674572965486
INV002077,1,0,0.004161919105511622
INV002078,1,0,0.0026482499053340895
INV002079,1,0,0.009775869305877965
INV002080,1,0,0.003079863043933089
INV002081,1,0,0.0024192626725296606
INV002082,1,0,0.0026918493525585115
INV002083,1,0,0.01889102453003236
INV002084,1,0,0.0026980966334529525
INV002085,1,0,0.0027306637010114736
INV002086,1,0,0.0025362599098951335
INV002087,1,0,0.00489283764652498
INV002088,1,0,0.004975808480027321
INV002089,1,0,0.005372038790774755
INV002090,1,0,0.0022074125633949125
INV002091,1,0,0.0066205885283385744
INV002092,1,0,0.005368414075625774
INV002093,1,0,0.0058241850234380535
INV002094,1,0,0.006831291425458479
INV002095,1,0,0.002271031061844346
INV002096,1,0,0.00522338434203021
INV002097,1,0,0.003953098705840775
INV002098,1,0,0.0030096245009878972
INV002099,1,0,0.001599807638169028
INV002100,1,0,0.004597948360019993
INV002101,1,0,0.005116730842181693
INV002102,1,0,0.005255502932805649
INV002103,1,0,0.0019784317843641363
INV002104,1,0,0.003187109538414828
INV002105,1,0,0.004251971813615956
INV002106,1,0,0.003941735405043918
INV002107,1,0,0.0021852949810543905
INV002108,1,0,0.0037988669869417507
INV002109,1,0,0.002325399086673806
INV002110,1,0,0.004601979701653169
INV002111,1,0,0.004644744512330555
INV002112,1,0,0.011890038639430844
INV002113,1,0,0.002423403104159505
INV002114,1,0,0.0024763235148271734
INV002115,1,0,0.003462745408083873
INV002116,1,0,0.0050349385206368705
INV002117,1,0,0.0020784180573399963
INV002118,1,0,0.017986227043415536
INV002119,1,0,0.0019722764278031065
INV002120,1,0,0.00456198342282571
INV002121,1,0,0.0037082886502018543
INV002122,1,0,0.0035980141196635704
INV002123,1,0,0.002349020628703223
INV002124,1,0,0.003774573143022548
INV002125,1,0,0.003707765665725415
INV002126,1,0,0.0031675933505510637
INV002127,1,0,0.005241441083338399
INV002128,1,0,0.0021009785733521304
INV002129,1,0,0.0015850671934675435
INV002130,1,0,0.002277908333417259
INV002131,1,0,0.0063690363587543585
INV002132,1,0,0.0048670292718485135
INV002133,1,0,0.004672038965604729
INV002134,1,0,0.001702349824670093
INV002135,1,0,0.0037636793195319485
INV002136,1,0,0.0024263965314689365
INV002137,1,0,0.001619706736523025
INV002138,1,0,0.0019007341736119042
INV002139,1,0,0.006317756363450721
INV002140,1,0,0.005930264975907994
INV002141,1,0,0.002570731619932625
INV002142,1,0,0.0026240408953695964
INV002143,1,0,0.0021949622286758495
INV002144,1,0,0.0029679781228336274
INV002145,1,0,0.002061868123442506
INV002146,1,0,0.004266450884119169
INV002147,1,0,0.0027098769146185336
INV002148,1,0,0.0028339815458339667
INV002149,1,0,0.0037289544181773535
INV002150,1,0,0.001955222865584468
INV002151,1,0,0.003327386003819218
INV002152,1,0,0.003016792346584715
INV002153,1,0,0.005245347779159189
INV002154,1,0,0.0020632393519725996
INV002155,1,0,0.006640848621187587
INV002156,1,0,0.007312041438252671
INV002157,1,0,0.008713862579263496
INV002158,1,0,0.003956553403259957
INV002159,1,0,0.002172816141730646
INV002160,1,0,0.002709515078937363
INV002161,1,0,0.001862729325736327
INV002162,1,0,0.0022119354495135236
INV002163,1,0,0.001279624114732541
INV002164,1,0,0.0017030689571529165
INV002165,1,0,0.005187005377054656
INV002166,1,0,0.0022718990868495523
INV002167,1,0,0.006329836948942954
INV002168,1,0,0.004975305881951411
INV002169,1,0,0.0012495979149855128
INV002170,1,0,0.005551624228877039
INV002171,1,0,0.00562121702279821
INV002172,1,0,0.008909959070176129
INV002173,1,0,0.00645485387125699
INV002174,1,0,0.003492483493500134
INV002175,1,0,0.0037889984673754695
INV002176,1,0,0.008117611876707662
INV002177,1,0,0.0044536045602169136
INV002178,1,0,0.004562993233765035
INV002179,-1,1,0.04859737323286812
INV002180,1,0,0.003705626680572151
INV002181,1,0,0.00316594762470589
INV002182,1,0,0.004393761707625951
INV002183,1,0,0.013684345938287623
INV002184,1,0,0.004607720921542881
INV002185,1,0,0.002717802045145164
INV002186,1,0,0.0038607590455438695
INV002187,1,0,0.004034844402214543
INV002188,1,0,0.028190105392998183
INV002189,1,0,0.0017697979327694912
INV002190,1,0,0.009364843611325181
INV002191,1,0,0.0029404253382711186
INV002192,1,0,0.0056828763988309465
INV002193,1,0,0.002151241322617683
INV002194,1,0,0.006031483172362326
INV002195,1,0,0.006632758206361592
INV002196,1,0,0.0048428072593885065
INV002197,1,0,0.005447173047392613
INV002198,1,0,0.006652474065526791
INV002199,1,0,0.004719132528870953
INV002200,1,0,0.008598080627230196
INV002201,1,0,0.0026512900342668703
INV002202,1,0,0.00671991182354097
INV002203,1,0,0.004673894127900071
INV002204,1,0,0.0025669756898510287
INV002205,1,0,0.003310614789105858
INV002206,1,0,0.0034798243156101173
INV002207,1,0,0.004573810828172842
INV002208,1,0,0.004091991429421142
INV002209,1,0,0.006822777417774168
INV002210,1,0,0.002404571698161241
INV002211,1,0,0.002742266100639025
INV002212,1,0,0.0024887051798589597
INV002213,1,0,0.002732436211269002
INV002214,1,0,0.0022718990868495228
INV002215,1,0,0.0033651778049198734
INV002216,1,0,0.007838243536758053
INV002217,1,0,0.001606056411248555
INV002218,-1,1,0.28011948849782436
INV002219,1,0,0.005515945184265385
INV002220,1,0,0.008022973679427416
INV002221,1,0,0.003144989714375502
INV002222,1,0,0.008705138273935794
INV002223,1,0,0.010787718762525884
INV002224,1,0,0.00261600774046865
INV002225,1,0,0.005161798723384669
INV002226,1,0,0.005048788563860138
INV002227,1,0,0.002828792740060622
INV002228,1,0,0.005041426196161498
INV002229,1,0,0.00408932779113137
INV002230,1,0,0.002358792743035919
INV002231,1,0,0.008059540989901587
INV002232,1,0,0.004050704092767005
INV002233,1,0,0.002139776302899103
INV002234,1,0,0.002625563674123788
INV002235,1,0,0.008756271079623923
INV002236,1,0,0.002156623888038753
INV002237,1,0,0.002428389759304943
INV002238,1,0,0.0021377009909583885
INV002239,1,0,0.0020132386530698283
INV002240,1,0,0.002117176157364917
INV002241,1,0,0.006438654187937251
INV002242,1,0,0.00841510123607823
INV002243,1,0,0.004067005548051193
INV002244,-1,1,0.18315097253028947
INV002245,1,0,0.0044200300288097325
INV002246,1,0,0.004370310598295
INV002247,1,0,0.0020699526987912353
INV002248,1,0,0.001987502798326589
INV002249,1,0,0.0028294860120227244
INV002250,1,0,0.008668616782344703
INV002251,1,0,0.010084802291199837
INV002252,1,0,0.007112230123621029
INV002253,1,0,0.002141368064602369
INV002254,1,0,0.0017368674769817764
INV002255,1,0,0.00485354567662445
INV002256,1,0,0.004513677838748407
INV002257,1,0,0.002129625131739226
INV002258,1,0,0.008014917875387403
INV002259,1,0,0.0035308925458506094
INV002260,1,0,0.02202809066413711
INV002261,1,0,0.006459987152400856
INV002262,1,0,0.001345421709932573
INV002263,1,0,0.00816940827850519
INV002264,1,0,0.0034445363525064357
INV002265,1,0,0.0042115231735689864
INV002266,1,0,0.004610764288687183
INV002267,1,0,0.0023292119111286464
INV002268,1,0,0.001474103721497456
INV002269,1,0,0.0017462198997571354
INV002270,1,0,0.00736770416893025
INV002271,1,0,0.0033723515316666686
INV002272,1,0,0.004082890190346489
INV002273,1,0,0.004313846840981883
INV002274,1,0,0.002034641405317763
INV002275,1,0,0.004584262030869449
INV002276,1,0,0.003614645337964368
INV002277,1,0,0.002180704473641394
INV002278,1,0,0.0015025270512643513
INV002279,1,0,0.0014228754438588894
INV002280,1,0,0.0027567486290413514
INV002281,1,0,0.00280273735673781
INV002282,1,0,0.0066355045413083
INV002283,1,0,0.02504324550270439
INV002284,1,0,0.0024279634521469835
INV002285,1,0,0.005768350309030202
INV002286,1,0,0.0027401795474767355
INV002287,1,0,0.002253114648604051
INV002288,1,0,0.0025901600037005266
INV002289,1,0,0.010180079190758352
INV002290,-1,1,0.0596073294670621
INV002291,1,0,0.005215755169950563
INV002292,1,0,0.0109355646222576
INV002293,1,0,0.00632908891444775
INV002294,1,0,0.0013678656985288483
INV002295,1,0,0.005261225583847956
INV002296,1,0,0.0030690446983477147
INV002297,1,0,0.0052061745692722925
INV002298,1,0,0.0034034136184766728
INV002299,1,0,0.002869340500422774
INV002300,1,0,0.007395319710469097
INV002301,1,0,0.0016891765198490732
INV002302,1,0,0.0049918770667164375
INV002303,1,0,0.004432208954139319
INV002304,1,0,0.021149297307722713
INV002305,1,0,0.006815178082096573
INV002306,1,0,0.0017799695465375576
INV002307,1,0,0.004705747172986496
INV002308,1,0,0.009916908365387504
INV002309,1,0,0.005235374862480598
INV002310,1,0,0.006419665929642294
INV002311,1,0,0.002513889368493439
INV002312,1,0,0.003923258868749168
INV002313,1,0,0.006268729282491071
INV002314,1,0,0.0023113365095675854
INV002315,1,0,0.00570062237406262
INV002316,1,0,0.004444332992766571
INV002317,1,0,0.004640385287241763
INV002318,1,0,0.013806021122338452
INV002319,1,0,0.019856331759238764
INV002320,1,0,0.0026840128318118836
INV002321,1,0,0.006036644126999418
INV002322,1,0,0.008471687979256652
INV002323,1,0,0.0058792322515138565
INV002324,1,0,0.0034993987771425
INV002325,1,0,0.00201572241893452
INV002326,1,0,0.0030551586602479775
INV002327,1,0,0.0053607332915929645
INV002328,1,0,0.012875649445876408
INV002329,1,0,0.0022515510842905763
INV002330,1,0,0.0037357378113671495
INV002331,1,0,0.010203146572750635
INV002332,1,0,0.004440392435006533
INV002333,1,0,0.001418407825295445
INV002334,1,0,0.0034967082733481673
INV002335,1,0,0.003278560790341268
INV002336,1,0,0.0027713860188469616
INV002337,1,0,0.003237651217925348
INV002338,1,0,0.0033673955440113117
INV002339,1,0,0.0023438845091482067
INV002340,1,0,0.006447148245938933
INV002341,1,0,0.0021639406181322833
INV002342,1,0,0.007377884391775403
INV002343,1,0,0.004389550906273581
INV002344,1,0,0.015521428146359248
INV002345,1,0,0.0023132580926831267
INV002346,1,0,0.011879430815762348
INV002347,1,0,0.022029279061864353
INV002348,1,0,0.012521702773718698
INV002349,1,0,0.00816147383377883
INV002350,1,0,0.0048845716162294476
INV002351,1,0,0.0024229715381962583
INV002352,1,0,0.008441594253209372
INV002353,1,0,0.026396597274385626
INV002354,1,0,0.01890658393988395
INV002355,1,0,0.006030237620536571
INV002356,1,0,0.0018917334865294014
INV002357,1,0,0.019705316284352403
INV002358,1,0,0.0044556243094366265
INV002359,1,0,0.004477203900547069
INV002360,1,0,0.0034973386248896314
INV002361,1,0,0.004019040813188459
INV002362,1,0,0.002658854815424332
INV002363,1,0,0.004060214291928581
INV002364,1,0,0.0033401984218955384
INV002365,1,0,0.0017779416753240824
INV002366,1,0,0.0044969237347652485
INV002367,1,0,0.0045349545179106665
INV002368,1,0,0.003705997329443207
INV002369,1,0,0.0016799038375120193
INV002370,1,0,0.004159297911012618
INV002371,1,0,0.003457300007985837
INV002372,1,0,0.0019089753789481422
INV002373,1,0,0.003928251244559155
INV002374,1,0,0.00541331634818913
INV002375,1,0,0.0027241404686167083
INV002376,1,0,0.011297349834577053
INV002377,1,0,0.0034328345964086296
INV002378,1,0,0.006912913884035459
INV002379,1,0,0.025229235301745683
INV002380,1,0,0.0037994625158310705
INV002381,1,0,0.0022608150923082914
INV002382,1,0,0.004044974758050297
INV002383,1,0,0.004158876258284176
INV002384,1,0,0.018395564963232025
INV002385,1,0,0.006144049169362065
INV002386,-1,1,0.04376516487361649
INV002387,1,0,0.002348486045241851
INV002388,1,0,0.006726855998299107
INV002389,1,0,0.003300316071379686
INV002390,1,0,0.0022155041743972836
INV002391,1,0,0.002626448606013115
INV002392,1,0,0.020949160642471217
INV002393,1,0,0.004232621558943156
INV002394,1,0,0.013286978266787897
INV002395,1,0,0.015032280605640668
INV002396,1,0,0.003494998521226403
INV002397,1,0,0.00830685505012928
INV002398,1,0,0.002671260734249155
INV002399,1,0,0.003955950638529722
INV002400,1,0,0.0031754304426102305
INV002401,1,0,0.004822974860255067
INV002402,1,0,0.0010584325667258084
INV002403,1,0,0.0025902111556828575
INV002404,1,0,0.0028343349727737873
INV002405,1,0,0.004130128179412234
INV002406,1,0,0.0025748627197047956
INV002407,1,0,0.005534025786268129
INV002408,1,0,0.002352043045252437
INV002409,1,0,0.0022416385298472236
INV002410,1,0,0.0026892522625074286
INV002411,1,0,0.002149564161520004
INV002412,1,0,0.00465121561746486
INV002413,1,0,0.005803811932317612
INV002414,1,0,0.005234091731362503
INV002415,1,0,0.0026900837154172743
INV002416,1,0,0.0035298930377327003
INV002417,1,0,0.004851128282224426
INV002418,1,0,0.005282169976962839
INV002419,-1,1,0.04211784951470829
INV002420,1,0,0.0060008951545493724
INV002421,1,0,0.003754390746945296
INV002422,1,0,0.003704911663779631
INV002423,1,0,0.002449957358836267
INV002424,1,0,0.0036644457964691993
INV002425,1,0,0.0011412477879507485
INV002426,1,0,0.002863796517418827
INV002427,1,0,0.005107485334456363
INV002428,1,0,0.0029449139024209994
INV002429,1,0,0.00144923558406895
INV002430,1,0,0.014169681305153808
INV002431,1,0,0.003201400998091987
INV002432,1,0,0.002569814421831053
INV002433,1,0,0.006250439080629437
INV002434,-1,1,0.03146083960347774
INV002435,1,0,0.0019672548681820526
INV002436,1,0,0.0037468298594366574
INV002437,1,0,0.001835855347377982
INV002438,1,0,0.004636912814075534
INV002439,1,0,0.005813428325327879
INV002440,1,0,0.002846356082208079
INV002441,1,0,0.004857954655947895
INV002442,1,0,0.008128141566414225
INV002443,1,0,0.028635592750242713
INV002444,1,0,0.00333048809181036
INV002445,1,0,0.0035038996934745165
INV002446,1,0,0.0033809008141139525
INV002447,1,0,0.00333181395827939
INV002448,1,0,0.027261057099988942
INV002449,1,0,0.003283219979817154
INV002450,1,0,0.006602345725283427
INV002451,1,0,0.004209221747856754
INV002452,1,0,0.011150379150195254
INV002453,1,0,0.0015767154303799982
INV002454,1,0,0.002907906697359568
INV002455,1,0,0.0034783031699694355
INV002456,1,0,0.004435510571987313
INV002457,1,0,0.0051942910966395655
INV002458,1,0,0.0018244350937656343
INV002459,1,0,0.003938837719294412
INV002460,1,0,0.0037103538658324006
INV002461,1,0,0.004317784539308145
INV002462,1,0,0.00546798912421969
INV002463,1,0,0.007794907034607126
INV002464,1,0,0.004417922372123661
INV002465,1,0,0.002904944792825759
INV002466,1,0,0.0030803441951990306
INV002467,1,0,0.002518174616559292
INV002468,1,0,0.0036856339861866642
INV002469,1,0,0.003020616685009601
INV002470,1,0,0.0023659546650861463
INV002471,1,0,0.0018588557435191434
INV002472,1,0,0.00440019441038274
INV002473,1,0,0.006820121182343366
INV002474,1,0,0.0039071889226666625
INV002475,1,0,0.010085288306756477
INV002476,1,0,0.0033691096088912832
INV002477,1,0,0.004866609958278345
INV002478,1,0,0.0018675134740912655
INV002479,1,0,0.004211741175793028
INV002480,1,0,0.011925160680556672
INV002481,1,0,0.00535156810247222
INV002482,1,0,0.006938538891757345
INV002483,1,0,0.004214695433122941
INV002484,1,0,0.003042874737527584
INV002485,1,0,0.00324575972752409
INV002486,1,0,0.02042065798783909
INV002487,1,0,0.0011098468865007914
INV002488,1,0,0.00192215518782696
INV002489,1,0,0.007726180758258263
INV002490,1,0,0.004480231879145918
INV002491,1,0,0.005412222444975002
INV002492,1,0,0.0015848175914526686
INV002493,1,0,0.0026808175525973327
INV002494,1,0,0.005737785303621076
INV002495,1,0,0.003301091977031671
INV002496,1,0,0.004140519029375124
INV002497,1,0,0.0036293427219202716
INV002498,1,0,0.002818863710342023
INV002499,1,0,0.0031895455500222927
INV002500,1,0,0.0027513703518132165
INV002501,1,0,0.0022483035772662705
INV002502,1,0,0.002901650908112181
INV002503,1,0,0.002057783436322334
INV002504,1,0,0.01333400274539754
INV002505,1,0,0.002514686635562653
INV002506,1,0,0.005114930152866579
INV002507,1,0,0.007672775036902631
INV002508,1,0,0.0032219044137306364
INV002509,1,0,0.007816884654013036
INV002510,1,0,0.0018604712624827387
INV002511,1,0,0.005226670315190417
INV002512,1,0,0.0070127266841542545
INV002513,1,0,0.003593311668587522
INV002514,1,0,0.0018648262801764562
INV002515,1,0,0.0027836971923636796
INV002516,1,0,0.002346346931468142
INV002517,1,0,0.0035726927050688012
INV002518,1,0,0.004400888926123868
INV002519,1,0,0.008863794986316991
INV002520,1,0,0.00358424092351478
INV002521,1,0,0.0021684052671409704
INV002522,1,0,0.0036494135892682447
INV002523,1,0,0.004385785295199396
INV002524,1,0,0.005353939330768643
INV002525,1,0,0.0033439063397246002
INV002526,1,0,0.0038366734089658842
INV002527,1,0,0.0028077029078192846
INV002528,1,0,0.0027185097259658664
INV002529,1,0,0.005477729705027245
INV002530,1,0,0.009390738348916112
INV002531,1,0,0.011887924452153946
INV002532,1,0,0.0037492921049464343
INV002533,1,0,0.022624702081593683
INV002534,1,0,0.001815394340880886
INV002535,1,0,0.003054604650244498
INV002536,1,0,0.002080598262458898
INV002537,1,0,0.0028797254405920863
INV002538,1,0,0.00402530515002476
INV002539,1,0,0.004550058312690083
INV002540,1,0,0.002775566050931849
INV002541,1,0,0.0024973622171124694
INV002542,1,0,0.004777942902584631
INV002543,-1,1,0.03769210289056621
INV002544,1,0,0.0018413130824827422
INV002545,1,0,0.006800287225119741
INV002546,1,0,0.012287783417009838
INV002547,1,0,0.0036567618121221054
INV002548,1,0,0.002455929534002859
INV002549,1,0,0.0030474650319172575
INV002550,1,0,0.010121127453548883
INV002551,1,0,0.004048930998513386
INV002552,1,0,0.005786726590657205
INV002553,1,0,0.004953579371350522
INV002554,1,0,0.006602392812822292
INV002555,1,0,0.0024823351162861227
INV002556,1,0,0.0055661386296615815
INV002557,1,0,0.0028758617864765757
INV002558,1,0,0.006828266950536327
INV002559,1,0,0.0028042768861313125
INV002560,1,0,0.0035688044708591846
INV002561,-1,1,0.37539632785474863
INV002562,1,0,0.006791435936243051
INV002563,1,0,0.003114720521982461
INV002564,1,0,0.00202077383415796
INV002565,1,0,0.003498889739868078
INV002566,1,0,0.002351499090638601
INV002567,1,0,0.0021655536810350935
INV002568,1,0,0.00871265053650601
INV002569,1,0,0.002066812595474151
INV002570,1,0,0.0030212045903326118
INV002571,1,0,0.004135326483228929
INV002572,1,0,0.0032248004477297473
INV002573,1,0,0.002873139816984899
INV002574,1,0,0.02681449349739654
INV002575,1,0,0.0024938642947350312
INV002576,1,0,0.0035588203769613886
INV002577,1,0,0.0043406941278706975
INV002578,1,0,0.0030028501728335453
INV002579,1,0,0.002453735298115261
INV002580,1,0,0.006718704920611055
INV002581,1,0,0.005914852310673267
INV002582,1,0,0.006496298118416551
INV002583,1,0,0.0055033583026053105
INV002584,1,0,0.003059565269417956
INV002585,1,0,0.007083886401870454
INV002586,1,0,0.0031397711911546854
INV002587,1,0,0.0023992358795972006
INV002588,1,0,0.0025913617407375463
INV002589,1,0,0.002849886947130081
INV002590,1,0,0.005748701472877123
INV002591,1,0,0.002149105684533223
INV002592,1,0,0.002260465612055172
INV002593,1,0,0.002333344274133249
INV002594,1,0,0.004128488774670782
INV002595,1,0,0.008599682004097203
INV002596,1,0,0.007304029607589231
INV002597,1,0,0.005466052408746095
INV002598,1,0,0.005222115409248713
INV002599,1,0,0.009911632748870584
INV002600,1,0,0.0028220498163088813
INV002601,1,0,0.002728917338014808
INV002602,-1,1,0.040014782055732466
INV002603,1,0,0.006854637597400075
INV002604,1,0,0.013147917273676464
INV002605,1,0,0.0017734516734498886
INV002606,1,0,0.005207660986686191
INV002607,1,0,0.012351576799570838
INV002608,1,0,0.002489877645404674
INV002609,1,0,0.023922854373517537
INV002610,1,0,0.0010788681290015325
INV002611,1,0,0.004060895653734441
INV002612,1,0,0.00736566621918586
INV002613,1,0,0.0021377009909583646
INV002614,1,0,0.003898712918643263
INV002615,1,0,0.007154098445880335
INV002616,1,0,0.0025862482944887873
INV002617,1,0,0.006401093181843847
INV002618,1,0,0.0016417630457820243
INV002619,1,0,0.006692851473195667
INV002620,1,0,0.0031015825174748332
INV002621,1,0,0.001383466535302936
INV002622,1,0,0.0025708503715395573
INV002623,-1,1,0.04554846817687982
INV002624,1,0,0.003674798439379159
INV002625,1,0,0.0014115208478409228
INV002626,1,0,0.002847728832294019
INV002627,1,0,0.0010114103757583673
INV002628,1,0,0.005333906579576374
INV002629,1,0,0.0032061570141567602
INV002630,1,0,0.001666387420469444
INV002631,1,0,0.004401381956834491
INV002632,1,0,0.0030048508118641374
INV002633,1,0,0.002028734186188437
INV002634,1,0,0.002722569961037793
INV002635,1,0,0.0026047140704931896
INV002636,1,0,0.0041052507972411814
INV002637,1,0,0.002611951183840606
INV002638,1,0,0.0015950339427723212
INV002639,1,0,0.003850337713194235
INV002640,1,0,0.002210630466573258
INV002641,1,0,0.002134178866824522
INV002642,1,0,0.0024063168339912046
INV002643,1,0,0.0029251280168967235
INV002644,1,0,0.008416437084909214
INV002645,1,0,0.002378616047812608
INV002646,1,0,0.008961033746214212
INV002647,1,0,0.004912047007041905
INV002648,1,0,0.023658457857864457
INV002649,1,0,0.002088559161329263
INV002650,1,0,0.003564176755283223
INV002651,1,0,0.003529595114251618
INV002652,1,0,0.004166527655164948
INV002653,1,0,0.004346086660216859
INV002654,1,0,0.0025543519191995752
INV002655,1,0,0.02023913354504143
INV002656,1,0,0.00545168513112099
INV002657,1,0,0.0036940338798992344
INV002658,1,0,0.007294983451850811
INV002659,1,0,0.004569207422456926
INV002660,1,0,0.001981742538432981
INV002661,1,0,0.020656666701185128
INV002662,1,0,0.023635175961393133
INV002663,1,0,0.004523483120265063
INV002664,1,0,0.005135760029358987
INV002665,1,0,0.0027331403133219368
INV002666,1,0,0.006596452190239459
INV002667,1,0,0.002155300974283551
INV002668,1,0,0.002273258418170419
INV002669,1,0,0.005534829685526456
INV002670,1,0,0.009874149367955633
INV002671,1,0,0.002454606095112659
INV002672,1,0,0.0031218419725407127
INV002673,1,0,0.0019171978739972474
INV002674,1,0,0.008193988812120384
INV002675,1,0,0.0019625173047292154
INV002676,1,0,0.007613366064168879
INV002677,1,0,0.0041200572391858585
INV002678,1,0,0.002870282479695921
INV002679,1,0,0.0035440043535195998
INV002680,1,0,0.0019518280295889204
INV002681,1,0,0.004813306943077431
INV002682,1,0,0.004102299459544159
INV002683,1,0,0.02430299804066068
INV002684,1,0,0.007845789966202294
INV002685,1,0,0.0065548977472231085
INV002686,1,0,0.0013675866794565412
INV002687,1,0,0.018468636472122994
INV002688,1,0,0.0015264507257804721
INV002689,1,0,0.004003444536348676
INV002690,1,0,0.0023019437501846708
INV002691,1,0,0.00489180410484296
INV002692,1,0,0.006062989247377314
INV002693,1,0,0.009175371326052237
INV002694,1,0,0.002947683949676835
INV002695,1,0,0.003154485241097811
INV002696,1,0,0.0025684417164936603
INV002697,1,0,0.003186952302885932
INV002698,1,0,0.004136589981702225
INV002699,1,0,0.002210895870066974
INV002700,1,0,0.011986307661169066
INV002701,1,0,0.004985815616660815
INV002702,1,0,0.0035504070895571336
INV002703,1,0,0.010155159103912938
INV002704,1,0,0.013947380605384821
INV002705,1,0,0.0054759228713164645
INV002706,1,0,0.0024461511743905074
INV002707,1,0,0.002095858433460868
INV002708,1,0,0.003293779381992086
INV002709,1,0,0.003586208700218512
INV002710,1,0,0.0030199569521217563
INV002711,1,0,0.005921837852066751
INV002712,1,0,0.002638273426747758
INV002713,1,0,0.002847340480002735
INV002714,1,0,0.0036535359759837503
INV002715,1,0,0.00200534300311307
INV002716,1,0,0.0029046381144646836
INV002717,1,0,0.013412618342084343
INV002718,1,0,0.0029572991571675806
INV002719,1,0,0.0054747235305027545
INV002720,1,0,0.0024427060079162434
INV002721,1,0,0.009097355462275771
INV002722,1,0,0.001123508069203917
INV002723,1,0,0.0028361207279198834
INV002724,1,0,0.004227104669171728
INV002725,1,0,0.008791151589148297
INV002726,1,0,0.008739393393838338
INV002727,1,0,0.008621588345416601
INV002728,1,0,0.0054479668012972346
INV002729,1,0,0.004203499417108678
INV002730,1,0,0.0021633575568781836
INV002731,1,0,0.0024127454033019274
INV002732,1,0,0.0032252805054537362
INV002733,1,0,0.002165581007858749
INV002734,1,0,0.002186797216862542
INV002735,1,0,0.002524081720343728
INV002736,1,0,0.004990348821001417
INV002737,1,0,0.007101839975346749
INV002738,1,0,0.005179435992987446
INV002739,1,0,0.0027162612101511887
INV002740,1,0,0.006939541072783583
INV002741,1,0,0.0024391774269127277
INV002742,1,0,0.005530977240102274
INV002743,1,0,0.004354873985045509
INV002744,1,0,0.002664012587657061
INV002745,1,0,0.003759570688828838
INV002746,1,0,0.007225494884088532
INV002747,1,0,0.0035334388457331683
INV002748,1,0,0.0037074989822196147
INV002749,1,0,0.0021444427633578833
INV002750,1,0,0.007246550464595849
INV002751,1,0,0.004849343370835522
INV002752,1,0,0.0020759554170592526
INV002753,1,0,0.00708144109981338
INV002754,1,0,0.003432791845360968
INV002755,1,0,0.0016263080746710548
INV002756,1,0,0.005550819856935574
INV002757,1,0,0.0046186369019954494
INV002758,1,0,0.008753133544038715
INV002759,1,0,0.002304042323504725
INV002760,1,0,0.005795819675059441
INV002761,1,0,0.004286793945596701
INV002762,1,0,0.008572146559154675
INV002763,1,0,0.014042502600127243
INV002764,1,0,0.003263566363366662
INV002765,1,0,0.0033500164753256477
INV002766,1,0,0.0021643844198731507
INV002767,1,0,0.0023661541305529435
INV002768,1,0,0.0030430715899392533
INV002769,1,0,0.0038094720321654417
INV002770,-1,1,0.15054716294032527
INV002771,1,0,0.004486911825583086
INV002772,1,0,0.008291980239239754
INV002773,1,0,0.0042226120333398506
INV002774,1,0,0.0028514889979015805
INV002775,1,0,0.006958684605978092
INV002776,1,0,0.0030191936539673563
INV002777,1,0,0.0015393186964493524
INV002778,1,0,0.0031375477149635286
INV002779,1,0,0.0023441925707057727
INV002780,1,0,0.002917702629931574
INV002781,1,0,0.0013801511954508912
INV002782,1,0,0.001957727939934127
INV002783,1,0,0.0014110271002693822
INV002784,1,0,0.005099718562453986
INV002785,1,0,0.010466304609733967
INV002786,1,0,0.00770127227872016
INV002787,1,0,0.003969208591934521
INV002788,1,0,0.004307063320489218
INV002789,1,0,0.004103078471864757
INV002790,1,0,0.0015843215203150897
INV002791,1,0,0.002679929616550565
INV002792,1,0,0.002135426548488929
INV002793,1,0,0.0036203668098395043
INV002794,-1,1,0.03155213190432203
INV002795,1,0,0.0029610566341750017
INV002796,1,0,0.0064603831895834445
INV002797,1,0,0.007976801336497115
INV002798,1,0,0.0022237418640829025
INV002799,1,0,0.004129670495383251
INV002800,1,0,0.0028617161565715503
INV002801,1,0,0.0035144248327608776
INV002802,1,0,0.0074816414417339635
INV002803,1,0,0.004817245185092187
INV002804,1,0,0.005956171764219498
INV002805,1,0,0.0019991524165632996
INV002806,1,0,0.006614336865957886
INV002807,1,0,0.001744986761770876
INV002808,1,0,0.01320030926990296
INV002809,1,0,0.005518594489365815
INV002810,1,0,0.006353391181428234
INV002811,1,0,0.0038458033052882765
INV002812,1,0,0.005949860052031088
INV002813,1,0,0.004559282147086738
INV002814,1,0,0.0015931869968193308
INV002815,1,0,0.0010386955195856673
INV002816,1,0,0.0043734676447762175
INV002817,1,0,0.003328160769305722
INV002818,1,0,0.0031707181837674213
INV002819,1,0,0.003613753289058245
INV002820,1,0,0.004290108941880413
INV002821,1,0,0.002472851241549412
INV002822,1,0,0.005558669816470507
INV002823,1,0,0.005587699997935126
INV002824,1,0,0.021592195719722842
INV002825,1,0,0.0064018224648018564
INV002826,1,0,0.0031433132290519853
INV002827,1,0,0.004572483288431032
INV002828,1,0,0.014220128776602921
INV002829,1,0,0.002294256683525768
INV002830,1,0,0.0031708417981143166
INV002831,1,0,0.004268471509935536
INV002832,1,0,0.00196048687083709
INV002833,1,0,0.02162567168075111
INV002834,1,0,0.0004386438363320605
INV002835,1,0,0.0028435540588400334
INV002836,1,0,0.007255461679004761
INV002837,1,0,0.004214304832565844
INV002838,1,0,0.002739879251376705
INV002839,1,0,0.0053901487226192925
INV002840,1,0,0.0032986981782120624
INV002841,1,0,0.003590753215859218
INV002842,1,0,0.0027148886605947577
INV002843,1,0,0.004763931533117076
INV002844,1,0,0.005776729899488442
INV002845,1,0,0.0031633460727813036
INV002846,1,0,0.006372705037415704
INV002847,1,0,0.005589772345797905
INV002848,1,0,0.005223350187630434
INV002849,1,0,0.0029482283835781443
INV002850,1,0,0.003966302636151158
INV002851,1,0,0.004783146182261524
INV002852,1,0,0.0051270577052264146
INV002853,1,0,0.004199984142559692
INV002854,1,0,0.0008096152436282287
INV002855,1,0,0.0017159314135729534
INV002856,1,0,0.003663448995989811
INV002857,1,0,0.0011850063418362676
INV002858,1,0,0.0027605259062418266
INV002859,1,0,0.004147518556650017
INV002860,1,0,0.0012908729626812663
INV002861,1,0,0.0017734866285893216
INV002862,1,0,0.0076058980071164375
INV002863,1,0,0.005264277717063988
INV002864,1,0,0.004467428928594355
INV002865,1,0,0.011765979605709024
INV002866,-1,1,0.06348919992434658
INV002867,1,0,0.0034337754833263247
INV002868,1,0,0.004478086089741546
INV002869,1,0,0.004247527656515615
INV002870,1,0,0.002617459374931344
INV002871,1,0,0.005755854124429016
INV002872,1,0,0.003268539251175478
INV002873,1,0,0.0030090431296972394
INV002874,1,0,0.004087421194789723
INV002875,1,0,0.004636240736237343
INV002876,1,0,0.0050150938378142875
INV002877,1,0,0.0049426351941534285
INV002878,1,0,0.00428079537005811
INV002879,1,0,0.0064386601403898895
INV002880,1,0,0.0018686356406343552
INV002881,1,0,0.0022375473007954674
INV002882,1,0,0.002909813097200431
INV002883,1,0,0.006029360138764754
INV002884,1,0,0.001455567934331559
INV002885,1,0,0.007228741777416443
INV002886,1,0,0.002543902901229805
INV002887,1,0,0.008043742215229922
INV002888,1,0,0.0022507724660631103
INV002889,1,0,0.017321824335038205
INV002890,1,0,0.005454433564358614
INV002891,-1,1,0.04567916126209524
INV002892,1,0,0.007091224508528023
INV002893,1,0,0.0026033842937233584
INV002894,1,0,0.0039361280800660646
INV002895,1,0,0.0031547307816222345
INV002896,1,0,0.008304457220996486
INV002897,1,0,0.005977146011546564
INV002898,1,0,0.0023409400674415854
INV002899,1,0,0.006809023156577628
INV002900,1,0,0.0031431743847246648
INV002901,1,0,0.002223275172511657
INV002902,1,0,0.003344303138794808
INV002903,1,0,0.0023104203352043878
INV002904,1,0,0.0063416504694098035
INV002905,1,0,0.002982968319475489
INV002906,1,0,0.009810644700855036
INV002907,1,0,0.0025637565203799574
INV002908,1,0,0.0024259354337514355
INV002909,-1,1,0.2758314066640751
INV002910,1,0,0.002264378015782161
INV002911,1,0,0.004254166657383889
INV002912,1,0,0.01649104501487234
INV002913,1,0,0.003251667639766227
INV002914,1,0,0.008758982304859348
INV002915,1,0,0.0038178366250061087
INV002916,1,0,0.002305798406842707
INV002917,1,0,0.0037713551356843723
INV002918,1,0,0.006484375182379099
INV002919,1,0,0.0044753320627796325
INV002920,1,0,0.002101400657673751
INV002921,1,0,0.0014779328762384442
INV002922,1,0,0.00654520804149717
INV002923,1,0,0.0047430712024607215
INV002924,1,0,0.003238226247412903
INV002925,1,0,0.006010458957041732
INV002926,1,0,0.003278024929848931
INV002927,1,0,0.0024864340767771875
INV002928,1,0,0.0026995391793729335
INV002929,1,0,0.007355863225097608
INV002930,1,0,0.00184620315429639
INV002931,1,0,0.0022931577497952893
INV002932,1,0,0.003806051900056346
INV002933,1,0,0.0030352670270832375
INV002934,1,0,0.003133647999560402
INV002935,1,0,0.0034973515044579343
INV002936,1,0,0.006120847085953653
INV002937,1,0,0.0020827309020809846
INV002938,1,0,0.004136064327376018
INV002939,1,0,0.004298643347580363
INV002940,1,0,0.010552877015751303
INV002941,1,0,0.002941420062163009
INV002942,1,0,0.004248562589577232
INV002943,1,0,0.003710885252361749
INV002944,1,0,0.0036027872569136497
INV002945,1,0,0.00523956157276045
INV002946,1,0,0.006454132860732677
INV002947,1,0,0.001454846180266233
INV002948,1,0,0.004683634814249047
INV002949,1,0,0.0013160131244925966
INV002950,1,0,0.027221308909414363
INV002951,1,0,0.0007345664699522777
INV002952,1,0,0.0035104348540795508
INV002953,1,0,0.005834109466712567
INV002954,1,0,0.0022394341148159764
INV002955,1,0,0.004314916867528667
INV002956,1,0,0.004484789574347279
INV002957,1,0,0.0017676011926975573
INV002958,1,0,0.0026861447935761095
INV002959,1,0,0.007156057033157903
INV002960,1,0,0.001732489606670902
INV002961,1,0,0.0033202269704566503
INV002962,1,0,0.005867117090639588
INV002963,1,0,0.0018494752342499562
INV002964,1,0,0.003442272660027034
INV002965,1,0,0.004742092073344444
INV002966,1,0,0.004930264176144161
INV002967,1,0,0.0036185234298595137
INV002968,1,0,0.002727940739905826
INV002969,1,0,0.0030250504136823723
INV002970,1,0,0.001418538013013219
INV002971,1,0,0.0007437035847072865
INV002972,1,0,0.008302794973682552
INV002973,1,0,0.004507751030373541
INV002974,1,0,0.001502583048116414
INV002975,1,0,0.002613532290199023
INV002976,1,0,0.010758955672233703
INV002977,1,0,0.008999912675363205
INV002978,1,0,0.005332331691251955
INV002979,1,0,0.0019176303376832544
INV002980,1,0,0.003765225385513648
INV002981,1,0,0.0016090534808357807
INV002982,1,0,0.0025581065116605265
INV002983,1,0,0.005617183878746531
INV002984,1,0,0.004987110685967394
INV002985,1,0,0.003572015181870327
INV002986,1,0,0.004388556107772643
INV002987,1,0,0.0030446240305820943
INV002988,1,0,0.008100657363122115
INV002989,1,0,0.003357392157455855
INV002990,1,0,0.0013950734261465169
INV002991,1,0,0.0034414515450112387
INV002992,1,0,0.004492756415239924
INV002993,1,0,0.004034524542294059
INV002994,1,0,0.004532349172140915
INV002995,1,0,0.01916657827183793
INV002996,1,0,0.005365674957437203
INV002997,1,0,0.0033352272833890276
INV002998,1,0,0.0020621183363467325
INV002999,1,0,0.005027329854748739
INV003000,1,0,0.006985638619020498
INV003001,1,0,0.003851342137944996
INV003002,1,0,0.011841047707882421
INV003003,1,0,0.0028916588952920775
INV003004,1,0,0.005516220691438696
INV003005,1,0,0.0034250835992053574
INV003006,1,0,0.014247724426180502
INV003007,1,0,0.02262845104933594
INV003008,1,0,0.004279291022826197
INV003009,1,0,0.0030918326663413173
INV003010,1,0,0.0030221631355620516
INV003011,1,0,0.003503438897486697
INV003012,1,0,0.001489307168744358
INV003013,1,0,0.003925460732968571
INV003014,1,0,0.004426618180982988
INV003015,1,0,0.0018454253407035055
INV003016,1,0,0.0037097859174276145
INV003017,1,0,0.0045323394746788126
INV003018,1,0,0.0023554684941354824
INV003019,1,0,0.004998701239547882
INV003020,1,0,0.0034435522997683906
INV003021,1,0,0.0032525243805261485
INV003022,1,0,0.00325760731087179
INV003023,1,0,0.002902764662973993
INV003024,1,0,0.0033802611007877855
INV003025,1,0,0.004305430223034499
INV003026,1,0,0.005025726761472406
INV003027,1,0,0.002934251058009925
INV003028,1,0,0.0031881174487244633
INV003029,1,0,0.002741992542117107
INV003030,1,0,0.008982936045220411
INV003031,1,0,0.002892482758280782
INV003032,1,0,0.0021625635438156936
INV003033,1,0,0.005697357270274677
INV003034,1,0,0.004421944990036558
INV003035,1,0,0.0045012654967741825
INV003036,1,0,0.009517556302224468
INV003037,1,0,0.02252642835300091
INV003038,1,0,0.005443810996766637
INV003039,1,0,0.003181425693216572
INV003040,1,0,0.0022736382636746578
INV003041,1,0,0.009788515125152907
INV003042,1,0,0.0019477815759176543
INV003043,1,0,0.009308217940070468
INV003044,1,0,0.003885637456805247
INV003045,1,0,0.004217502518945752
INV003046,1,0,0.0025973567671165256
INV003047,1,0,0.0016646635793837318
INV003048,1,0,0.0027248856684106023
INV003049,1,0,0.003991116157034808
INV003050,1,0,0.00345316590391318
INV003051,1,0,0.0025052361116596976
INV003052,1,0,0.008252395100205846
INV003053,1,0,0.0011615506686333099
INV003054,1,0,0.0032844567470766937
INV003055,1,0,0.004257905201240314
INV003056,1,0,0.0034006981056903677
INV003057,1,0,0.002841450412417922
INV003058,1,0,0.002373119753652427
INV003059,1,0,0.021246365307290963
INV003060,1,0,0.0041929518042046095
INV003061,-1,1,0.35064325191878126
INV003062,1,0,0.0020370403314777822
INV003063,1,0,0.0024165379872873693
INV003064,1,0,0.00404593850533698
INV003065,1,0,0.007158075343528991
INV003066,1,0,0.0030470441854335353
INV003067,1,0,0.002699905020975005
INV003068,1,0,0.003040255468683759
INV003069,-1,1,0.058239802662781344
INV003070,1,0,0.003533113042046554
INV003071,1,0,0.01391097878749405
INV003072,1,0,0.011729287661376141
INV003073,1,0,0.0029343725332665557
INV003074,1,0,0.01926899510690724
INV003075,1,0,0.0030641680283558068
INV003076,1,0,0.006986635030128106
INV003077,1,0,0.001561743112989279
INV003078,1,0,0.005496321963254458
INV003079,1,0,0.007739203629357358
INV003080,1,0,0.011117366148483443
INV003081,1,0,0.009368792770923274
INV003082,1,0,0.0036830096307801617
INV003083,1,0,0.004045178918243859
INV003084,1,0,0.00803664682340775
INV003085,1,0,0.004825350397868761
INV003086,1,0,0.0016675626989515666
INV003087,1,0,0.0033462125719837437
INV003088,-1,1,0.04933163289262381
INV003089,1,0,0.0010965378521379655
INV003090,1,0,0.01772271690631663
INV003091,1,0,0.011410931247222346
INV003092,1,0,0.0088578149236806
INV003093,1,0,0.0022833100147259594
INV003094,1,0,0.0040282730980152216
INV003095,1,0,0.004607911386015956
INV003096,1,0,0.007692619535346834
INV003097,1,0,0.0032142142466390394
INV003098,1,0,0.004032233999973256
INV003099,1,0,0.0051840587082578535
INV003100,1,0,0.0018776764125321714
INV003101,1,0,0.003041465389146441
INV003102,1,0,0.00343204266083158
INV003103,1,0,0.0027025358054952667
INV003104,1,0,0.0017885565432186141
INV003105,1,0,0.004294191195205572
INV003106,1,0,0.005139618786447498
INV003107,1,0,0.003055242992698866
INV003108,1,0,0.005621117636327555
INV003109,1,0,0.00447797574858449
INV003110,1,0,0.005234327543777586
INV003111,1,0,0.004139076157835085
INV003112,1,0,0.0027870179174015715
INV003113,1,0,0.0035744218173923373
INV003114,1,0,0.003271144075328594
INV003115,1,0,0.005452167972355721
INV003116,1,0,0.004751151132872589
INV003117,1,0,0.0014573561885580808
INV003118,1,0,0.001663274437291588
INV003119,1,0,0.0020680785545954036
INV003120,1,0,0.0039450371350764945
INV003121,1,0,0.003996074335094936
INV003122,1,0,0.010149289503636938
INV003123,1,0,0.0015408986299759752
INV003124,1,0,0.002405818747142391
INV003125,1,0,0.00429459225216503
INV003126,1,0,0.0024054116326202237
INV003127,1,0,0.005265997186456137
INV003128,1,0,0.0019203125552954392
INV003129,1,0,0.002948375035567136
INV003130,1,0,0.003746403478462225
INV003131,1,0,0.0011005498203586518
INV003132,1,0,0.002933485918847868
INV003133,1,0,0.0033305191324071544
INV003134,1,0,0.002453288971886612
INV003135,1,0,0.002280406168129436
INV003136,1,0,0.029276226239087672
INV003137,1,0,0.004359656894413722
INV003138,1,0,0.006143121802253594
INV003139,1,0,0.005553327639967723
INV003140,1,0,0.0030158157222855368
INV003141,1,0,0.005245244949747544
INV003142,1,0,0.001702349824670081
INV003143,1,0,0.0016734921313518597
INV003144,1,0,0.0044021103341206885
INV003145,1,0,0.006733400941368393
INV003146,1,0,0.016113695551782117
INV003147,1,0,0.025510138562140818
INV003148,1,0,0.0026058322617440646
INV003149,1,0,0.012053228167978082
INV003150,-1,1,0.03207154840835697
INV003151,1,0,0.002103749297329987
INV003152,1,0,0.0048749828801129885
INV003153,1,0,0.003995954751106527
INV003154,-1,1,0.03257528317083774
INV003155,1,0,0.0014245405621972724
INV003156,1,0,0.006789485418932868
INV003157,1,0,0.02272799186064759
INV003158,1,0,0.005941941661730291
INV003159,1,0,0.003743601019028061
INV003160,1,0,0.0026525676078944806
INV003161,1,0,0.0029177298257801938
INV003162,1,0,0.0018332979296272992
INV003163,1,0,0.007000762968217805
INV003164,1,0,0.005112818431196604
INV003165,1,0,0.002538434685873476
INV003166,1,0,0.0015767154303799862
INV003167,1,0,0.0035660475442092316
INV003168,1,0,0.003553325920052485
INV003169,1,0,0.0022229798917547377
INV003170,1,0,0.0032514095148189186
INV003171,1,0,0.008598144498168446
INV003172,1,0,0.002394950204505948
INV003173,1,0,0.0031272903591442196
INV003174,1,0,0.0018628742911848562
INV003175,1,0,0.002461830369999977
INV003176,1,0,0.0075796942715017695
INV003177,1,0,0.002896062191816789
INV003178,1,0,0.013652078367014861
INV003179,1,0,0.0019844690815194873
INV003180,1,0,0.002511509325227386
INV003181,1,0,0.0047149708557023134
INV003182,1,0,0.012511315382008805
INV003183,1,0,0.00387569685032225
INV003184,1,0,0.0029463078362927633
INV003185,1,0,0.003616958271097986
INV003186,1,0,0.0028924827582807702
INV003187,1,0,0.0020680980666837275
INV003188,1,0,0.0027055573121343083
INV003189,1,0,0.004506451384139745
INV003190,1,0,0.001486274368578505
INV003191,1,0,0.009038640791733374
INV003192,1,0,0.011433225682311178
INV003193,1,0,0.003089916194670016
INV003194,1,0,0.0032291099665803184
INV003195,1,0,0.001812757192893125
INV003196,1,0,0.00780558575783215
INV003197,1,0,0.0018642451221742653
INV003198,1,0,0.00243025030479845
INV003199,1,0,0.0027730635268825485
INV003200,1,0,0.002984417841998458
INV003201,1,0,0.00836691281753604
INV003202,1,0,0.005087700285155875
INV003203,1,0,0.007376694919153171
INV003204,1,0,0.001503217716669905
INV003205,1,0,0.010156606708687274
INV003206,1,0,0.004139820438788983
INV003207,1,0,0.003291308114460514
INV003208,1,0,0.003099637559196645
INV003209,1,0,0.0031783461008394243
INV003210,1,0,0.0031670302479824015
INV003211,1,0,0.003998267985887483
INV003212,1,0,0.0014618336069582656
INV003213,1,0,0.0014923794619031887
INV003214,1,0,0.002815326391240562
INV003215,1,0,0.003189372559717033
INV003216,1,0,0.0018436346906187495
INV003217,1,0,0.005013660954851961
INV003218,1,0,0.0017209753229092744
INV003219,1,0,0.0043965313109884715
INV003220,1,0,0.003544979115943932
INV003221,1,0,0.007959400490781574
INV003222,1,0,0.00312572422870599
INV003223,1,0,0.023342684353862442
INV003224,1,0,0.00328477973122257
INV003225,1,0,0.00514552255067662
INV003226,1,0,0.0011310748844079472
INV003227,1,0,0.0020236529737529185
INV003228,1,0,0.0016341351650123776
INV003229,1,0,0.0013874103960202571
INV003230,1,0,0.005779026133864624
INV003231,1,0,0.0024225334141297922
INV003232,1,0,0.007228822467541124
INV003233,1,0,0.0018133387128602123
INV003234,1,0,0.0020172455222563375
INV003235,1,0,0.015782408938082568
INV003236,1,0,0.0030089883211076606
INV003237,1,0,0.006237622573474874
INV003238,1,0,0.00941295516965874
INV003239,1,0,0.009702270712417069
INV003240,1,0,0.004094457247074007
INV003241,1,0,0.0022098398749747995
INV003242,1,0,0.0016578449428858466
INV003243,1,0,0.005772295552708647
INV003244,1,0,0.00528977051489514
INV003245,1,0,0.00667292048029023
INV003246,1,0,0.0029640610982344744
INV003247,1,0,0.001986871092563305
INV003248,1,0,0.006552800561704808
INV003249,1,0,0.0029879713099338766
INV003250,1,0,0.0026500926685051173
INV003251,1,0,0.009482369732724965
INV003252,1,0,0.005408788292609722
INV003253,1,0,0.005950895485421557
INV003254,1,0,0.0031115930460477305
INV003255,1,0,0.00281465574576712
INV003256,1,0,0.0012744309417824543
INV003257,1,0,0.001792982451712073
INV003258,1,0,0.004566012889283356
INV003259,1,0,0.0032621861305034343
INV003260,1,0,0.0027058819838994097
INV003261,1,0,0.0036274747167491885
INV003262,1,0,0.0037546450939313853
INV003263,1,0,0.0027668374858151657
INV003264,1,0,0.0025843971555107705
INV003265,1,0,0.0034080236908705535
INV003266,1,0,0.002696836527698133
INV003267,1,0,0.0021143671948273663
INV003268,1,0,0.0032216036953840095
INV003269,1,0,0.009842798269615897
INV003270,1,0,0.004973704995902752
INV003271,1,0,0.0065017939079084226
INV003272,1,0,0.009354383418385837
INV003273,1,0,0.002089114803964206
INV003274,1,0,0.028969091086754245
INV003275,1,0,0.004093678230806269
INV003276,1,0,0.007189281201863399
INV003277,1,0,0.0022528610730514
INV003278,1,0,0.008327978153528115
INV003279,1,0,0.0035949584393644668
INV003280,1,0,0.005793715186355812
INV003281,1,0,0.004766043340943456
INV003282,1,0,0.006626014022554369
INV003283,1,0,0.01501520224321049
INV003284,1,0,0.003428942300704576
INV003285,1,0,0.004176505486720603
INV003286,1,0,0.0055691037108647895
INV003287,1,0,0.004123912188352381
INV003288,1,0,0.0050046058019677375
INV003289,1,0,0.002306647320173271
INV003290,1,0,0.007782956004334967
INV003291,1,0,0.004303444313357144
INV003292,1,0,0.0018968663267864621
INV003293,1,0,0.014879953855808082
INV003294,1,0,0.004238249497584852
INV003295,1,0,0.011984745176346848
INV003296,1,0,0.00453840016635982
INV003297,1,0,0.002112884761252876
INV003298,1,0,0.003219453818522031
INV003299,1,0,0.0021989155730954943
INV003300,1,0,0.0032709541374748557
INV003301,1,0,0.0011319540875690043
INV003302,1,0,0.0016036333219563018
INV003303,1,0,0.0022181550425970603
INV003304,1,0,0.0036280556753821
INV003305,1,0,0.0016443662648733893
INV003306,1,0,0.0087946466321317
INV003307,1,0,0.0031127265809305998
INV003308,1,0,0.0040732247508095155
INV003309,1,0,0.0029113912219917437
INV003310,1,0,0.0049642305585771715
INV003311,1,0,0.0068438215222644695
INV003312,1,0,0.004258866292733756
INV003313,1,0,0.011475815142231253
INV003314,1,0,0.005524141808091534
INV003315,1,0,0.002956713926959522
INV003316,1,0,0.004213981534699277
INV003317,1,0,0.006648425971487966
INV003318,1,0,0.005942109842679775
INV003319,1,0,0.002550448010408511
INV003320,1,0,0.0029888217948623296
INV003321,1,0,0.0037585222253580203
INV003322,1,0,0.0031486209218564635
INV003323,1,0,0.004196225237719815
INV003324,1,0,0.00655204743064564
INV003325,1,0,0.006414172751272498
INV003326,1,0,0.011272228185272317
INV003327,1,0,0.0019428306677706894
INV003328,1,0,0.0025314996642891393
INV003329,1,0,0.0064189559254139465
INV003330,-1,1,0.04160585589572604
INV003331,1,0,0.0012152524234207067
INV003332,1,0,0.003802213385194807
INV003333,1,0,0.006909835347254644
INV003334,1,0,0.002436718308285864
INV003335,1,0,0.002290407427388719
INV003336,1,0,0.02182047319804423
INV003337,1,0,0.0033080861759807925
INV003338,1,0,0.004942192893123675
INV003339,1,0,0.0035369862378932452
INV003340,1,0,0.0020487765901548573
INV003341,1,0,0.00441141861800415
INV003342,1,0,0.0022602808325544537
INV003343,1,0,0.0036081512615053373
INV003344,1,0,0.003027622455960747
INV003345,1,0,0.002650765622501369
INV003346,1,0,0.004142933182744396
INV003347,1,0,0.0058910733508176815
INV003348,1,0,0.002884446617347279
INV003349,1,0,0.00329589689692355
INV003350,1,0,0.0020909664816006206
INV003351,1,0,0.0020302353394851063
INV003352,1,0,0.007308741845695211
INV003353,1,0,0.0018900831605389043
INV003354,1,0,0.0034270251117581294
INV003355,1,0,0.003534013740208793
INV003356,1,0,0.004131828100239948
INV003357,1,0,0.0010784443513015512
INV003358,1,0,0.003007920980049294
INV003359,1,0,0.002741585029082308
INV003360,1,0,0.003409971492438207
INV003361,1,0,0.0126690476865032
INV003362,-1,1,0.03107198945190393
INV003363,1,0,0.00958780474081438
INV003364,1,0,0.0025512426380202664
INV003365,1,0,0.004300485442579509
INV003366,1,0,0.003623287742363136
INV003367,1,0,0.0032595014329207537
INV003368,1,0,0.007386795737352887
INV003369,1,0,0.0035110188284183897
INV003370,1,0,0.005004773237254973
INV003371,1,0,0.005024336081993492
INV003372,1,0,0.003026657926264878
INV003373,1,0,0.005089047538452512
INV003374,1,0,0.004650891301748545
INV003375,1,0,0.011263722975977008
INV003376,1,0,0.005596289784459568
INV003377,1,0,0.0014331565260823054
INV003378,1,0,0.009008014883155273
INV003379,1,0,0.004694247915926956
INV003380,1,0,0.005529188803108305
INV003381,1,0,0.01382773185193127
INV003382,1,0,0.014782561532508492
INV003383,1,0,0.0016825970994838477
INV003384,1,0,0.005223649900989212
INV003385,1,0,0.002397681929889559
INV003386,1,0,0.004202706636841553
INV003387,1,0,0.004390037234899917
INV003388,1,0,0.0029161301229014276
INV003389,1,0,0.002038482584312043
INV003390,1,0,0.0026334539227456395
INV003391,1,0,0.002983759164342314
INV003392,1,0,0.005627972921805261
INV003393,1,0,0.007935376354846658
INV003394,1,0,0.0017793221726399332
INV003395,1,0,0.0017818306649772687
INV003396,1,0,0.001568138438512623
INV003397,1,0,0.0035192977365034912
INV003398,1,0,0.00488265285498782
INV003399,1,0,0.006627092314549778
INV003400,1,0,0.0029187187731696596
INV003401,1,0,0.004952270937315473
INV003402,1,0,0.004330210692263908
INV003403,1,0,0.0033193449909582847
INV003404,1,0,0.003569444415511935
INV003405,1,0,0.0030800991230703623
INV003406,1,0,0.003310266229860377
INV003407,1,0,0.0044939787716801625
INV003408,1,0,0.026694959812345757
INV003409,1,0,0.005506144235476188
INV003410,1,0,0.002129834394319063
INV003411,1,0,0.0036857341316693984
INV003412,1,0,0.014789914734979466
INV003413,1,0,0.004453457238740167
INV003414,1,0,0.0020120509071896737
INV003415,1,0,0.0039506227182257965
INV003416,1,0,0.004601703603516863
INV003417,1,0,0.003350468472834641
INV003418,1,0,0.0027602851896982926
INV003419,1,0,0.006456817976603406
INV003420,1,0,0.003251890539271295
INV003421,1,0,0.005563981802644829
INV003422,1,0,0.002643817743315647
INV003423,1,0,0.006635853367684749
INV003424,1,0,0.004557355335367292
INV003425,1,0,0.005170274429057443
INV003426,1,0,0.004282842105229119
INV003427,1,0,0.004323275540940816
INV003428,1,0,0.010030779557934267
INV003429,1,0,0.0035375136533222647
INV003430,1,0,0.0019893996518886713
INV003431,1,0,0.0021016687457032952
INV003432,1,0,0.006133347075158918
INV003433,1,0,0.002464527163880696
INV003434,1,0,0.005113371831350189
INV003435,1,0,0.0037478848756347196
INV003436,1,0,0.005639690362355529
INV003437,1,0,0.007284780788788223
INV003438,1,0,0.01005201313091103
INV003439,1,0,0.004658595789615725
INV003440,1,0,0.005337509146035807
INV003441,1,0,0.005307112989578353
INV003442,1,0,0.0034565998477094112
INV003443,1,0,0.0111946297356793
INV003444,1,0,0.003012120383055605
INV003445,1,0,0.002511986225206586
INV003446,1,0,0.0014381959666343092
INV003447,1,0,0.0053780201030408595
INV003448,1,0,0.008020023261940774
INV003449,1,0,0.0068743810655997875
INV003450,1,0,0.003319875326737158
INV003451,1,0,0.002555602639810597
INV003452,1,0,0.002580556639457869
INV003453,-1,1,0.2134733463434466
INV003454,1,0,0.003326788840576045
INV003455,1,0,0.003666060253228223
INV003456,1,0,0.006909183346032561
INV003457,1,0,0.0035539455754029755
INV003458,1,0,0.0030286189975582637
INV003459,1,0,0.007119805625320336
INV003460,1,0,0.002074374728394261
INV003461,1,0,0.0029951938541133228
INV003462,1,0,0.003748073796511961
INV003463,1,0,0.008474702426397458
INV003464,1,0,0.0071459078670605145
INV003465,1,0,0.003878488344079416
INV003466,1,0,0.003343048052565316
INV003467,1,0,0.0026564254149257257
INV003468,1,0,0.002072095451472951
INV003469,1,0,0.014540881244753046
INV003470,1,0,0.0244948591489674
INV003471,1,0,0.0060554712047906165
INV003472,1,0,0.003279756937259022
INV003473,1,0,0.0033303446542061604
INV003474,1,0,0.0029220843971883743
INV003475,1,0,0.0026846087813046067
INV003476,1,0,0.013258916028339953
INV003477,1,0,0.002678084993330886
INV003478,1,0,0.01058450265709376
INV003479,1,0,0.0027014163795779254
INV003480,1,0,0.005540716781710805
INV003481,1,0,0.016251233824556465
INV003482,1,0,0.005363679130431936
INV003483,1,0,0.00523677826966359
INV003484,1,0,0.0022867735113323074
INV003485,1,0,0.004272367374906238
INV003486,1,0,0.002017217147860606
INV003487,1,0,0.00380010408081985
INV003488,1,0,0.0034617032406001266
INV003489,1,0,0.006731549191720966
INV003490,1,0,0.00332710727456963
INV003491,1,0,0.0023650572085801833
INV003492,1,0,0.005308211403078514
INV003493,1,0,0.0033839644213138976
INV003494,1,0,0.0027509289180639622
INV003495,1,0,0.0052659690304188295
INV003496,1,0,0.0035645734796066536
INV003497,1,0,0.002102586843961675
INV003498,1,0,0.008591427906084288
INV003499,1,0,0.0037416177400609258
INV003500,1,0,0.00511782905666406
INV003501,1,0,0.014175784471650065
INV003502,1,0,0.0032517275336701916
INV003503,-1,1,0.030637922421247746
INV003504,1,0,0.0026753766944304785
INV003505,1,0,0.004049830712935354
INV003506,1,0,0.0025080068557525198
INV003507,1,0,0.00663973873820422
INV003508,1,0,0.0028744143645091057
INV003509,1,0,0.002252986973515433
INV003510,1,0,0.0033781859203026923
INV003511,1,0,0.002145367075660698
INV003512,1,0,0.0027894063766737563
INV003513,1,0,0.004069633818402308
INV003514,1,0,0.002316241240706462
INV003515,-1,1,0.034632615878776196
INV003516,1,0,0.005852917118613938
INV003517,1,0,0.0015450833129875715
INV003518,1,0,0.005192077479764858
INV003519,1,0,0.002398442045379349
INV003520,1,0,0.00828110286559454
INV003521,1,0,0.004136929275639588
INV003522,1,0,0.0030100279572381735
INV003523,1,0,0.0022590990976444647
INV003524,1,0,0.0021600242619212993
INV003525,1,0,0.00530941121226049
INV003526,1,0,0.0027018495364146055
INV003527,1,0,0.0029899251242801296
INV003528,1,0,0.006405491370710062
INV003529,1,0,0.015122593892686914
INV003530,1,0,0.003949385948934645
INV003531,1,0,0.004475599089589971
INV003532,1,0,0.00545010934646405
INV003533,1,0,0.0037849444352490635
INV003534,1,0,0.006861761170009408
INV003535,1,0,0.005584283823855392
INV003536,1,0,0.0037664265193912893
INV003537,1,0,0.010728952127884921
INV003538,1,0,0.02590908588769423
INV003539,1,0,0.012616305916148145
INV003540,1,0,0.0020983902338266324
INV003541,1,0,0.004975266045730265
INV003542,1,0,0.019107691754938046
INV003543,1,0,0.002509192630924971
INV003544,1,0,0.005378292575319851
INV003545,1,0,0.0032985264790453155
INV003546,1,0,0.006003645288421198
INV003547,1,0,0.0022987140957260463
INV003548,1,0,0.008415605305693621
INV003549,1,0,0.002217184951092128
INV003550,1,0,0.00840471577783171
INV003551,1,0,0.004865666124650715
INV003552,1,0,0.004811990638234612
INV003553,1,0,0.004274610304643832
INV003554,1,0,0.004076698566465525
INV003555,1,0,0.012663753695837467
INV003556,1,0,0.0054225499867119956
INV003557,-1,1,0.0698774134388638
INV003558,1,0,0.0033647112766663416
INV003559,1,0,0.006327631042807819
INV003560,1,0,0.002910057105953706
INV003561,1,0,0.003826298058251033
INV003562,1,0,0.006388628962705174
INV003563,1,0,0.002228422495767059
INV003564,1,0,0.00594874717076275
INV003565,1,0,0.0036735272579830904
INV003566,1,0,0.0016662627394898907
INV003567,1,0,0.0029388043480874223
INV003568,1,0,0.001895616289906196
INV003569,1,0,0.006987083883026783
INV003570,1,0,0.005885598141349501
INV003571,1,0,0.001121395235546895
INV003572,1,0,0.004834453707776888
INV003573,1,0,0.0027733582554734736
INV003574,1,0,0.009015557706768536
INV003575,1,0,0.005879181144585208
INV003576,1,0,0.0024839011738032966
INV003577,1,0,0.0015953223408805735
INV003578,1,0,0.0076327156563209455
INV003579,1,0,0.0032223413314813256
INV003580,1,0,0.006124213656109993
INV003581,1,0,0.023230542100579468
INV003582,1,0,0.004882317410521771
INV003583,1,0,0.002887434128777102
INV003584,1,0,0.002126006521438562
INV003585,1,0,0.0020591374823401803
INV003586,1,0,0.0023330691816455577
INV003587,1,0,0.004470760023948101
INV003588,1,0,0.004670496292408632
INV003589,1,0,0.008237516878425777
INV003590,1,0,0.002719627396526591
INV003591,1,0,0.0028894888125862474
INV003592,1,0,0.0023401896559558802
INV003593,1,0,0.0014333176549618976
INV003594,1,0,0.003228880861281762
INV003595,1,0,0.020391943050464413
INV003596,1,0,0.0025311392733205415
INV003597,1,0,0.0016747854590840377
INV003598,1,0,0.009541137431237415
INV003599,1,0,0.010106737228468297
INV003600,1,0,0.007425379328772185
INV003601,1,0,0.003313490014639922
INV003602,1,0,0.0030829767029928934
INV003603,1,0,0.0053428730481886715
INV003604,1,0,0.0043053111085539575
INV003605,1,0,0.0029539764086792012
INV003606,1,0,0.01429430233284291
INV003607,1,0,0.002773666645796786
INV003608,1,0,0.002638778761446516
INV003609,1,0,0.007791970232418258
INV003610,1,0,0.005053016264371156
INV003611,1,0,0.004573677959242513
INV003612,1,0,0.012131790737088513
INV003613,1,0,0.00875250499578341
INV003614,1,0,0.006968977055880208
INV003615,1,0,0.00664611645811967
INV003616,1,0,0.0026130076889552887
INV003617,1,0,0.0022204833234031624
INV003618,1,0,0.002939787507220939
INV003619,1,0,0.004668410215121138
INV003620,1,0,0.003706217672439275
INV003621,1,0,0.0024643575440678653
INV003622,-1,1,0.03063579112281189
INV003623,1,0,0.00485304215650678
INV003624,1,0,0.004813298965567419
INV003625,1,0,0.0018422127315153086
INV003626,1,0,0.0073424947484522374
INV003627,1,0,0.005627225480423822
INV003628,1,0,0.004019667676998372
INV003629,1,0,0.0019075760993983383
INV003630,1,0,0.002583170531075107
INV003631,1,0,0.011312819518816488
INV003632,-1,1,0.06312886011253581
INV003633,1,0,0.002072117419415289
INV003634,1,0,0.003835743276337304
INV003635,1,0,0.00492584474841772
INV003636,1,0,0.0024397837861096397
INV003637,1,0,0.009013617935367362
INV003638,1,0,0.003660454655763384
INV003639,1,0,0.0063059661099388
INV003640,1,0,0.014625290469222217
INV003641,1,0,0.0020487765901548573
INV003642,1,0,0.008151328977299921
INV003643,1,0,0.004154270341490361
INV003644,1,0,0.003139290782207712
INV003645,1,0,0.003153194983939867
INV003646,1,0,0.004111118140073523
INV003647,1,0,0.00427865980131545
INV003648,1,0,0.007162690098253236
INV003649,1,0,0.0017222155352810608
INV003650,1,0,0.0070175831293868675
INV003651,1,0,0.012263161401566225
INV003652,1,0,0.0026173279150029554
INV003653,1,0,0.002381976917236547
INV003654,1,0,0.0045683300145066144
INV003655,1,0,0.0036431266906019827
INV003656,1,0,0.003748502057472272
INV003657,1,0,0.005106272179833775
INV003658,1,0,0.003506092891331161
INV003659,1,0,0.005831497391230353
INV003660,1,0,0.012958831841676574
INV003661,1,0,0.0016288249836707766
INV003662,1,0,0.004653793860713694
INV003663,1,0,0.0022673276628408633
INV003664,1,0,0.004440102164525234
INV003665,1,0,0.004125039848569474
INV003666,1,0,0.003960655102228307
INV003667,1,0,0.00310048353801661
INV003668,1,0,0.0014753433500197639
INV003669,1,0,0.0022968568246688106
INV003670,1,0,0.0038306947324042075
INV003671,1,0,0.0036336259941005364
INV003672,1,0,0.00621025185466862
INV003673,1,0,0.01564153580846208
INV003674,1,0,0.0029107681029295106
INV003675,1,0,0.0018329073344555203
INV003676,1,0,0.01250315211492505
INV003677,1,0,0.002889592139153249
INV003678,1,0,0.004535416146320421
INV003679,1,0,0.0028937261791613135
INV003680,1,0,0.004695366900794344
INV003681,1,0,0.004595009398378717
INV003682,1,0,0.004116208261945195
INV003683,1,0,0.005678116381496589
INV003684,1,0,0.0024892292123882905
INV003685,-1,1,0.029899636360803287
INV003686,1,0,0.004163807586598297
INV003687,1,0,0.001425668345156445
INV003688,1,0,0.0021547630317726215
INV003689,1,0,0.01178517505264756
INV003690,1,0,0.0036878247579270706
INV003691,1,0,0.005594928566623407
INV003692,1,0,0.0034397578314176334
INV003693,1,0,0.0029377331276694814
INV003694,1,0,0.0036162085193286275
INV003695,1,0,0.002555866191878397
INV003696,1,0,0.0033029789978323934
INV003697,1,0,0.003872454945883452
INV003698,1,0,0.007377486865320653
INV003699,1,0,0.001802795746912517
INV003700,1,0,0.0042838372872561654
INV003701,1,0,0.01431501830804658
INV003702,1,0,0.0054812283097815965
INV003703,1,0,0.004375878609653322
INV003704,1,0,0.0032732497212294015
INV003705,1,0,0.005434681387316309
INV003706,1,0,0.009597638347876927
INV003707,1,0,0.0038145327994523514
INV003708,1,0,0.002898098258122016
INV003709,1,0,0.0047381396559192275
INV003710,1,0,0.004299545875211619
INV003711,1,0,0.004637267686066597
INV003712,1,0,0.0014221845330131362
INV003713,1,0,0.002082323323181214
INV003714,-1,1,0.03618441156329488
INV003715,1,0,0.01779655404514634
INV003716,1,0,0.005574966857748848
INV003717,1,0,0.014242814922365359
INV003718,1,0,0.0038832943798631503
INV003719,1,0,0.015653977010071884
INV003720,1,0,0.00228799772001392
INV003721,1,0,0.0076115906436892535
INV003722,1,0,0.014645452770329668
INV003723,1,0,0.013551421468509043
INV003724,1,0,0.008157612323691181
INV003725,1,0,0.0028776885671091554
INV003726,1,0,0.0025522997176918773
INV003727,1,0,0.02720295304143493
INV003728,1,0,0.0035987533443000803
INV003729,1,0,0.003561591509018637
INV003730,1,0,0.0053345206689875925
INV003731,1,0,0.0037273476678378616
INV003732,1,0,0.0021927508887045533
INV003733,1,0,0.0035626479291139906
INV003734,1,0,0.0017349752417877512
INV003735,1,0,0.008106955149418527
INV003736,1,0,0.006720883187953373
INV003737,1,0,0.002519644888154513
INV003738,1,0,0.0027865401301066513
INV003739,1,0,0.002193804524877847
INV003740,1,0,0.005713087612189412
INV003741,1,0,0.0028084147567306373
INV003742,1,0,0.0032074878054075984
INV003743,1,0,0.003930357024688701
INV003744,1,0,0.003219249673823806
INV003745,-1,1,0.030042333334570518
INV003746,1,0,0.011160591863484396
INV003747,1,0,0.004734866353432995
INV003748,1,0,0.002519905356446044
INV003749,1,0,0.004242095382388028
INV003750,1,0,0.0033500486428892115
INV003751,1,0,0.0021518062216507525
INV003752,-1,1,0.07860206383412381
INV003753,1,0,0.005404543253510615
INV003754,1,0,0.0033977579355634175
INV003755,1,0,0.006493284474222205
INV003756,1,0,0.002283288439959726
INV003757,1,0,0.002755288232787744
INV003758,1,0,0.010239759762304573
INV003759,1,0,0.003949849763101815
INV003760,1,0,0.004417317303096745
INV003761,1,0,0.004197624493396577
INV003762,1,0,0.00356899901890842
INV003763,1,0,0.001904865175633531
INV003764,1,0,0.0033723515316666686
INV003765,1,0,0.013902103165919322
INV003766,1,0,0.0022969448827877526
INV003767,1,0,0.001456915653521116
INV003768,1,0,0.0013589049371323246
INV003769,1,0,0.0024598397817784806
INV003770,1,0,0.0048424987384303765
INV003771,1,0,0.002465560771994508
INV003772,1,0,0.013189253038407997
INV003773,1,0,0.004967652086885415
INV003774,1,0,0.0025200040427017685
INV003775,1,0,0.005373121999332968
INV003776,1,0,0.0031993553441795075
INV003777,1,0,0.0028370828337392633
INV003778,1,0,0.005062445288553492
INV003779,1,0,0.004271827390596062
INV003780,1,0,0.0026228081290549233
INV003781,1,0,0.005840580772571057
INV003782,1,0,0.006942425985712709
INV003783,1,0,0.0020487765901548573
INV003784,1,0,0.0032087125055459457
INV003785,1,0,0.006064773219368487
INV003786,1,0,0.0037703389579699775
INV003787,1,0,0.00256208184024484
INV003788,1,0,0.01120495518023522
INV003789,1,0,0.0014723223065623622
INV003790,1,0,0.003347341145816183
INV003791,1,0,0.010544401374347007
INV003792,1,0,0.003350084609864628
INV003793,1,0,0.002664296024060019
INV003794,1,0,0.002259762751587537
INV003795,1,0,0.0027903921719958703
INV003796,1,0,0.003410226342515469
INV003797,1,0,0.0033857996422146453
INV003798,1,0,0.007620233236639852
INV003799,1,0,0.005304226064367596
INV003800,1,0,0.0031395522194776577
INV003801,1,0,0.0044789083336132145
INV003802,1,0,0.013639406196954997
INV003803,1,0,0.0026591911369321423
INV003804,1,0,0.003923058015093512
INV003805,1,0,0.00355354028973652
INV003806,1,0,0.02449261033011756
INV003807,-1,1,0.05974809611041087
INV003808,1,0,0.002654017292539188
INV003809,1,0,0.00483492769797262
INV003810,1,0,0.0020652473355776664
INV003811,1,0,0.0028401334472323457
INV003812,1,0,0.001994890705569176
INV003813,1,0,0.005348784843634889
INV003814,1,0,0.005805394228346824
INV003815,1,0,0.0027990660604674143
INV003816,1,0,0.0029368427189998586
INV003817,1,0,0.0036619682467478407
INV003818,1,0,0.0056273937906664
INV003819,1,0,0.003548627638906618
INV003820,1,0,0.00300441909636916
INV003821,1,0,0.0036435658621734282
INV003822,1,0,0.00340209102642464
INV003823,1,0,0.002772793560262633
INV003824,1,0,0.0019507042422566934
INV003825,1,0,0.004534626609463957
INV003826,1,0,0.007539497536303674
INV003827,1,0,0.012136832383076475
INV003828,1,0,0.004463859813815778
INV003829,1,0,0.005595345070838528
INV003830,1,0,0.002264378015782161
INV003831,1,0,0.004986687407308509
INV003832,1,0,0.0033551571511416895
INV003833,1,0,0.002129666787800517
INV003834,1,0,0.0030431378536701762
INV003835,1,0,0.004178497912214349
INV003836,1,0,0.014782193667248766
INV003837,1,0,0.0067312307010660155
INV003838,1,0,0.003632669445874606
INV003839,1,0,0.003199960887850404
INV003840,1,0,0.015159275625072048
INV003841,1,0,0.00671867255706227
INV003842,1,0,0.002526241058999414
INV003843,1,0,0.01730678135967872
INV003844,1,0,0.0017588794999655762
INV003845,1,0,0.006310953937654744
INV003846,1,0,0.0033348496824499407
INV003847,1,0,0.0034120841765356187
INV003848,1,0,0.006388925724476768
INV003849,1,0,0.0035955731395662057
INV003850,1,0,0.010396801775760661
INV003851,1,0,0.002942815639472329
INV003852,1,0,0.0022416390586229903
INV003853,1,0,0.0036790367163795864
INV003854,1,0,0.002700524633769644
INV003855,1,0,0.004854705451418239
INV003856,1,0,0.002207412563394924
INV003857,1,0,0.002265095435346917
INV003858,1,0,0.005667793861491346
INV003859,1,0,0.0024784678388555617
INV003860,1,0,0.002751976554833929
INV003861,1,0,0.004371312483147498
INV003862,1,0,0.00173402564357019
INV003863,1,0,0.002183329635472679
INV003864,1,0,0.004351466193490629
INV003865,1,0,0.004365201637774743
INV003866,1,0,0.002099836595037657
INV003867,1,0,0.004467829952860413
INV003868,1,0,0.0024296251766070744
INV003869,1,0,0.004928178151432607
INV003870,1,0,0.0021593597889497224
INV003871,1,0,0.0023456235693470754
INV003872,1,0,0.0022714527887240086
INV003873,1,0,0.004918054926990292
INV003874,1,0,0.0041683485625855846
INV003875,1,0,0.003536360112199988
INV003876,1,0,0.004391278550479124
INV003877,1,0,0.006639138350720776
INV003878,1,0,0.005355529615117017
INV003879,1,0,0.0024515067717672512
INV003880,1,0,0.0026552282734618555
INV003881,1,0,0.0048575773257620615
INV003882,1,0,0.002253127954333865
INV003883,1,0,0.0029288436856326123
INV003884,1,0,0.0021603322619963877
INV003885,1,0,0.0019763132097106208
INV003886,1,0,0.0026114220111218877
INV003887,1,0,0.0052114019746342995
INV003888,1,0,0.004519948615882227
INV003889,1,0,0.005620860687825552
INV003890,1,0,0.0030174861183092355
INV003891,1,0,0.005052164561363395
INV003892,1,0,0.0031845794031875
INV003893,1,0,0.004386398418522307
INV003894,1,0,0.002667419979791184
INV003895,1,0,0.004768561809092462
INV003896,1,0,0.0015608130604619645
INV003897,1,0,0.0031723283218036673
INV003898,1,0,0.005464857531602944
INV003899,1,0,0.004931728880192905
INV003900,1,0,0.003832502197027016
INV003901,1,0,0.0036840184823378947
INV003902,1,0,0.0024299244527806437
INV003903,1,0,0.0029766266969185654
INV003904,1,0,0.0019488212441760005
INV003905,1,0,0.005879929508420968
INV003906,1,0,0.005035592424207017
INV003907,1,0,0.003958643002890414
INV003908,1,0,0.0030594571248079142
INV003909,1,0,0.008821325852587228
INV003910,-1,1,0.033578937038116256
INV003911,1,0,0.004157791281927944
INV003912,1,0,0.005001909478918938
INV003913,1,0,0.0014852614568328342
INV003914,1,0,0.00624619393117384
INV003915,1,0,0.0022764650479915613
INV003916,1,0,0.003955282103020436
INV003917,1,0,0.0024866291031291933
INV003918,1,0,0.003264704764886465
INV003919,1,0,0.021228107590302647
INV003920,1,0,0.002535060415978203
INV003921,1,0,0.013255410832797137
INV003922,1,0,0.002791626371441528
INV003923,1,0,0.0069851302014018535
INV003924,1,0,0.004538543427323989
INV003925,1,0,0.001330782083347136
INV003926,1,0,0.0038151774658822797
INV003927,1,0,0.004000511454199659
INV003928,1,0,0.002833530103467912
INV003929,1,0,0.008757416631226011
INV003930,1,0,0.00325357879111584
INV003931,1,0,0.002174384539272082
INV003932,1,0,0.0027483048922425373
INV003933,1,0,0.005668083654860457
INV003934,-1,1,0.03705071611282389
INV003935,1,0,0.0030810169845305224
INV003936,1,0,0.014437685994576122
INV003937,1,0,0.007479145568122122
INV003938,1,0,0.023264619854882804
INV003939,1,0,0.00237689976621168
INV003940,1,0,0.0016436479704121311
INV003941,1,0,0.0017694382224932856
INV003942,1,0,0.0032621861305034343
INV003943,1,0,0.003245350808781661
INV003944,1,0,0.010419498723315818
INV003945,1,0,0.002363920964747397
INV003946,1,0,0.005817971137293188
INV003947,1,0,0.003748286017045291
INV003948,1,0,0.0021543593456314087
INV003949,1,0,0.0018525190777435956
INV003950,1,0,0.0014289044520211648
INV003951,1,0,0.0033168226043606393
INV003952,1,0,0.003169457538148979
INV003953,1,0,0.004195730187557493
INV003954,-1,1,0.12253324372164842
INV003955,1,0,0.0018431062037056487
INV003956,1,0,0.006745156964901991
INV003957,1,0,0.0025087823828263455
INV003958,1,0,0.01934310653093192
INV003959,1,0,0.0047170884878566886
INV003960,1,0,0.010385848913380976
INV003961,1,0,0.0070136396435097085
INV003962,1,0,0.012314116846000898
INV003963,1,0,0.0035302041624162305
INV003964,1,0,0.008363230911755006
INV003965,1,0,0.006530790965655247
INV003966,1,0,0.004248883177970028
INV003967,1,0,0.006615225834604377
INV003968,1,0,0.0018000319861712646
INV003969,1,0,0.0028541730754067375
INV003970,1,0,0.005531984159802862
INV003971,1,0,0.0013807316075896273
INV003972,1,0,0.004520710869886296
INV003973,1,0,0.0030031123557976405
INV003974,1,0,0.0020333241369428524
INV003975,1,0,0.003058077028335327
INV003976,1,0,0.003215084844803798
INV003977,1,0,0.005583255269586154
INV003978,1,0,0.0030250376347149706
INV003979,1,0,0.004731740884955779
INV003980,1,0,0.0033863106446535736
INV003981,1,0,0.0037766699413958244
INV003982,1,0,0.005081425305963371
INV003983,1,0,0.006755678054355084
INV003984,1,0,0.0027639796536134426
INV003985,1,0,0.0024906050185172965
INV003986,1,0,0.0023024967310840624
INV003987,1,0,0.00443639083119713
INV003988,1,0,0.0075317891171862794
INV003989,1,0,0.005882607652576687
INV003990,1,0,0.0029221401615540073
INV003991,1,0,0.0024662820122413336
INV003992,1,0,0.0014379189994997855
INV003993,1,0,0.003327674705330992
INV003994,1,0,0.0025711206686535996
INV003995,1,0,0.01846227902321497
INV003996,1,0,0.0019926137214165457
INV003997,1,0,0.0055921917198815205
INV003998,1,0,0.004519748873306367
INV003999,1,0,0.004672208856582387
INV004000,1,0,0.00586462691069411
INV004001,1,0,0.005703233616110357
INV004002,1,0,0.003232437846777367
INV004003,1,0,0.004623526379354294
INV004004,1,0,0.0053664244514806505
INV004005,1,0,0.004703097549655277
INV004006,1,0,0.0029728595061009524
INV004007,1,0,0.011074435823370027
INV004008,1,0,0.003998051840883552
INV004009,1,0,0.002414960727934317
INV004010,1,0,0.009541544153978175
INV004011,1,0,0.0021850353640173446
INV004012,1,0,0.01002364222051591
INV004013,1,0,0.0020821933503082325
INV004014,1,0,0.0037848497234662932
INV004015,1,0,0.0012235111141386465
INV004016,1,0,0.006034248871669485
INV004017,1,0,0.006339488041736634
INV004018,1,0,0.005523667116895033
INV004019,1,0,0.007112838146135032
INV004020,1,0,0.018741477301242683
INV004021,1,0,0.00381037253553924
INV004022,1,0,0.0036805254113073983
INV004023,1,0,0.0011412477879507485
INV004024,1,0,0.001837401455218193
INV004025,1,0,0.0078059057159231655
INV004026,1,0,0.0025657128302455194
INV004027,1,0,0.0029139785844253074
INV004028,1,0,0.0006897559518615491
INV004029,1,0,0.00311214305227856
INV004030,1,0,0.0024017775289212552
INV004031,1,0,0.01710203232250999
INV004032,1,0,0.021597628223021643
INV004033,1,0,0.0038680413401825844
INV004034,1,0,0.004813207708267827
INV004035,1,0,0.0027369013955293887
INV004036,1,0,0.003286544016539136
INV004037,1,0,0.005224879177419677
INV004038,1,0,0.004851342677176585
INV004039,1,0,0.006420609042029316
INV004040,1,0,0.004717371137591982
INV004041,1,0,0.0028844058257416322
INV004042,1,0,0.011255410159445178
INV004043,1,0,0.0017499587505740237
INV004044,1,0,0.0026240408953696025
INV004045,1,0,0.0018226235675738941
INV004046,1,0,0.00579840410893154
INV004047,1,0,0.005595721842300192
INV004048,-1,1,0.03140468953851064
INV004049,1,0,0.002882305652945884
INV004050,1,0,0.00947456949902806
INV004051,1,0,0.005575756562553324
INV004052,1,0,0.004485209720731043
INV004053,1,0,0.009659379602292031
INV004054,1,0,0.0033845092147485574
INV004055,1,0,0.003850154741761922
INV004056,1,0,0.0018960524166540156
INV004057,1,0,0.0037986355223633894
INV004058,1,0,0.003258386719762824
INV004059,1,0,0.007773497845939671
INV004060,1,0,0.005956776233419131
INV004061,1,0,0.0030457650890833195
INV004062,1,0,0.003913946146724807
INV004063,1,0,0.003152871286868409
INV004064,1,0,0.009173115633076212
INV004065,1,0,0.0026774063976764497
INV004066,1,0,0.004948449837303586
INV004067,1,0,0.007474346511035264
INV004068,1,0,0.009446174402439908
INV004069,1,0,0.002686416195021158
INV004070,1,0,0.005570791960852806
INV004071,1,0,0.006208080335586073
INV004072,1,0,0.002401032487110878
INV004073,1,0,0.011871608438747273
INV004074,1,0,0.0028946616139587005
INV004075,1,0,0.0031010898798295417
INV004076,1,0,0.029066774342977587
INV004077,1,0,0.002860670456368519
INV004078,1,0,0.0057256114004832675
INV004079,1,0,0.002490901457366267
INV004080,1,0,0.006002487180336502
INV004081,1,0,0.008901584494953079
INV004082,1,0,0.003347100942169598
INV004083,1,0,0.0032795901369254634
INV004084,1,0,0.005298731387074718
INV004085,1,0,0.005045088447916874
INV004086,1,0,0.0020058191193103054
INV004087,1,0,0.0022854731945042036
INV004088,1,0,0.007854197746657039
INV004089,1,0,0.0037361568825409817
INV004090,1,0,0.0023255429573326167
INV004091,1,0,0.003473898439795895
INV004092,1,0,0.017791519423349722
INV004093,1,0,0.008141393705973492
INV004094,1,0,0.0035523034974534896
INV004095,1,0,0.0030583524916477133
INV004096,1,0,0.0035504033826223485
INV004097,1,0,0.003446519860483539
INV004098,1,0,0.0025375788015369817
INV004099,1,0,0.0028419065641424033
INV004100,1,0,0.01401912654598668
INV004101,1,0,0.014909453111735506
INV004102,1,0,0.008103297733908787
INV004103,-1,1,0.06571149146078818
INV004104,1,0,0.004460123687071836
INV004105,1,0,0.0022718990868495523
INV004106,1,0,0.013834098980684361
INV004107,1,0,0.00445081828799434
INV004108,1,0,0.0023361220522427244
INV004109,1,0,0.0030712705069197077
INV004110,1,0,0.002864801187238472
INV004111,1,0,0.01645294237962253
INV004112,1,0,0.0028490745047261325
INV004113,1,0,0.0040074138803023705
INV004114,1,0,0.007002139307822225
INV004115,1,0,0.006567193088344545
INV004116,1,0,0.026938970763305217
INV004117,-1,1,0.11290861060996153
INV004118,1,0,0.004186202835567165
INV004119,1,0,0.0036564701700924377
INV004120,1,0,0.002882443473243232
INV004121,-1,1,0.03459637948814987
INV004122,1,0,0.003294645947401771
INV004123,1,0,0.003608130798613563
INV004124,1,0,0.0030500622965936508
INV004125,1,0,0.0030805466615016694
INV004126,1,0,0.0016357067716063368
INV004127,1,0,0.003561767613793973
INV004128,1,0,0.0025920869039368654
INV004129,1,0,0.00295987879324995
INV004130,1,0,0.0019744491483115758
INV004131,1,0,0.004194045876570483
INV004132,1,0,0.0015122220399321784
INV004133,-1,1,0.0387028530035823
INV004134,1,0,0.002196416152663467
INV004135,1,0,0.006072939963018965
INV004136,1,0,0.0026765613450080673
INV004137,1,0,0.006310023520395725
INV004138,1,0,0.0024760808597280885
INV004139,1,0,0.0029762143690354667
INV004140,1,0,0.001822623567573888
INV004141,1,0,0.011675619851208421
INV004142,1,0,0.0026156771976172106
INV004143,1,0,0.0034218264176402776
INV004144,1,0,0.0027194559768675595
INV004145,-1,1,0.173024722168976
INV004146,1,0,0.006473589200483977
INV004147,1,0,0.0026905242988005656
INV004148,1,0,0.0071425519058628964
INV004149,1,0,0.002125391916848614
INV004150,1,0,0.00373939475309523
INV004151,1,0,0.011787151003065136
INV004152,1,0,0.0030278611276551974
INV004153,1,0,0.00203510082307758
INV004154,1,0,0.008010527401925729
INV004155,1,0,0.0018737072746398983
INV004156,1,0,0.0031143264692907024
INV004157,1,0,0.003497433646602665
INV004158,1,0,0.0023602532375612798
INV004159,1,0,0.0033050674997244745
INV004160,1,0,0.005814760073607263
INV004161,1,0,0.0045061929192339355
INV004162,1,0,0.0021507093779894056
INV004163,1,0,0.003988111368090266
INV004164,1,0,0.0034644085878705786
INV004165,1,0,0.02364540053264151
INV004166,1,0,0.002405850873126391
INV004167,1,0,0.004006982144483101
INV004168,1,0,0.002650175656375678
INV004169,1,0,0.004436780914600095
INV004170,1,0,0.02329396789420971
INV004171,1,0,0.0017220431983592133
INV004172,1,0,0.005908006204701912
INV004173,1,0,0.0009020994332403604
INV004174,1,0,0.003870602741441015
INV004175,1,0,0.002342314638430542
INV004176,1,0,0.010652783035335808
INV004177,1,0,0.02078595743680172
INV004178,1,0,0.0066816299207274445
INV004179,1,0,0.0029291181788177858
INV004180,1,0,0.015396874490744747
INV004181,1,0,0.004651179351973504
INV004182,1,0,0.00780394848266691
INV004183,1,0,0.004900849746412199
INV004184,1,0,0.003678518747358935
INV004185,1,0,0.012382457637049758
INV004186,1,0,0.0029912411273824266
INV004187,1,0,0.011486811244191594
INV004188,1,0,0.0033741979705218853
INV004189,1,0,0.003924226251348316
INV004190,1,0,0.0023834420874845833
INV004191,1,0,0.00325270167912217
INV004192,1,0,0.0037800284990640027
INV004193,1,0,0.0026608518436205763
INV004194,1,0,0.003056861739683229
INV004195,1,0,0.006141900764982146
INV004196,1,0,0.0035012693949701607
INV004197,1,0,0.00201323865306984
INV004198,-1,1,0.08580861669945378
INV004199,-1,1,0.20034940930067052
INV004200,1,0,0.012253982261105556
INV004201,1,0,0.0014550204035118023
INV004202,1,0,0.0027523414153292555
INV004203,1,0,0.0019239481024102276
INV004204,1,0,0.004757845290059784
INV004205,1,0,0.0038505728668500197
INV004206,1,0,0.002932691532907999
INV004207,1,0,0.013147068808819218
INV004208,1,0,0.004109278133270266
INV004209,1,0,0.00788931221785971
INV004210,1,0,0.004116476780793209
INV004211,1,0,0.002884136918757995
INV004212,1,0,0.0019467830622977847
INV004213,1,0,0.003412120141382159
INV004214,1,0,0.002069928824519556
INV004215,1,0,0.003491030227395157
INV004216,1,0,0.0019241378397526667
INV004217,1,0,0.004467945303773121
INV004218,1,0,0.0031053846640344152
INV004219,1,0,0.005376665140763346
INV004220,1,0,0.010799414995078489
INV004221,1,0,0.005778103157575699
INV004222,1,0,0.006774583624679164
INV004223,1,0,0.0030342935599769498
INV004224,1,0,0.00290505704878793
INV004225,1,0,0.008369136126075828
INV004226,1,0,0.005372352123734529
INV004227,1,0,0.005318148857297773
INV004228,1,0,0.006840999638321697
INV004229,1,0,0.008607106197764029
INV004230,1,0,0.003668302343981389
INV004231,1,0,0.003213246465984136
INV004232,1,0,0.0029144572542709364
INV004233,1,0,0.005423207268607055
INV004234,1,0,0.0061970455461726765
INV004235,1,0,0.004240350693240217
INV004236,1,0,0.002494088036477279
INV004237,1,0,0.0022438247449174742
INV004238,1,0,0.00878358602677915
INV004239,1,0,0.007971463087009778
INV004240,1,0,0.0028369575669243714
INV004241,1,0,0.004136504300158113
INV004242,1,0,0.005476291273594081
INV004243,1,0,0.002805335830324301
INV004244,1,0,0.004163243889454385
INV004245,1,0,0.0028784894748361137
INV004246,1,0,0.0017687823812579488
INV004247,1,0,0.002448604694414466
INV004248,1,0,0.0034416213656178712
INV004249,1,0,0.003010732878009693
INV004250,1,0,0.0033712252007021444
INV004251,1,0,0.002163550716505239
INV004252,1,0,0.007987911062052343
INV004253,1,0,0.00194566187064104
INV004254,1,0,0.005791512843762906
INV004255,1,0,0.007957627324314926
INV004256,1,0,0.0042269154977285645
INV004257,1,0,0.003367007642942879
INV004258,1,0,0.002140079999005552
INV004259,1,0,0.002700524633769644
INV004260,1,0,0.006960404230624905
INV004261,1,0,0.0025822426138823527
INV004262,1,0,0.0019997036601259407
INV004263,1,0,0.003354559589531699
INV004264,1,0,0.023121082634087086
INV004265,1,0,0.006137328166058178
INV004266,1,0,0.0029032493497006687
INV004267,1,0,0.003167763857440203
INV004268,-1,1,0.07460509956880543
INV004269,1,0,0.0023793398213310404
INV004270,1,0,0.004330828879118134
INV004271,1,0,0.0031234276008568
INV004272,1,0,0.013365911863250788
INV004273,1,0,0.003062112376468673
INV004274,1,0,0.019249188249594172
INV004275,1,0,0.024843487326921466
INV004276,1,0,0.002021844508271405
INV004277,1,0,0.004393749478680303
INV004278,1,0,0.009257561229344766
INV004279,1,0,0.006029695452975428
INV004280,1,0,0.0035244373705538767
INV004281,1,0,0.004527162001974281
INV004282,1,0,0.006711191828199232
INV004283,1,0,0.0031232680070988343
INV004284,1,0,0.002431104078826483
INV004285,1,0,0.0028341981201341552
INV004286,1,0,0.0031909283096825843
INV004287,1,0,0.0030814407969326214
INV004288,1,0,0.0038025930824771084
INV004289,1,0,0.0038871075937066553
INV004290,1,0,0.002095723338618039
INV004291,1,0,0.002405926991600561
INV004292,1,0,0.010783399322256878
INV004293,1,0,0.007314336244721737
INV004294,1,0,0.006271977201959591
INV004295,1,0,0.0033209111457669148
INV004296,1,0,0.001955070374444377
INV004297,1,0,0.010734636942242902
INV004298,1,0,0.002989082467651328
INV004299,1,0,0.0025289471991078376
INV004300,1,0,0.0037507511816944803
INV004301,1,0,0.003024817276630354
INV004302,1,0,0.0021453670756606865
INV004303,1,0,0.0041172386212755645
INV004304,1,0,0.004577586052261956
INV004305,1,0,0.00652656257128599
INV004306,1,0,0.005693397698754209
INV004307,1,0,0.002465975192693409
INV004308,1,0,0.0015950339427723212
INV004309,1,0,0.005358000794864379
INV004310,1,0,0.002216171327942225
INV004311,1,0,0.0016101241707414662
INV004312,1,0,0.004000774305087294
INV004313,1,0,0.0028706454364584876
INV004314,1,0,0.0022573623229903837
INV004315,1,0,0.005184347837464162
INV004316,1,0,0.002392537014552945
INV004317,1,0,0.0033782977371551773
INV004318,1,0,0.0027641456962011106
INV004319,1,0,0.00662136142522911
INV004320,1,0,0.003843768604833174
INV004321,1,0,0.005405709343754653
INV004322,1,0,0.002018598440470033
INV004323,1,0,0.0021921582078910772
INV004324,1,0,0.00473117453382927
INV004325,1,0,0.00209699887076455
INV004326,1,0,0.003340854168666528
INV004327,1,0,0.006758033839807755
INV004328,1,0,0.002458638369734061
INV004329,1,0,0.003633947150601539
INV004330,1,0,0.0051473656980848695
INV004331,1,0,0.005523858502572469
INV004332,1,0,0.0031584632992000335
INV004333,1,0,0.006442952068742241
INV004334,1,0,0.0030389416275385093
INV004335,1,0,0.007207493820184853
INV004336,1,0,0.0035366390523406213
INV004337,1,0,0.007094212842431048
INV004338,1,0,0.0030534976172937665
INV004339,1,0,0.004608716597005296
INV004340,1,0,0.004082201232377768
INV004341,1,0,0.004205905785431046
INV004342,1,0,0.002075955417059241
INV004343,1,0,0.004647365427933121
INV004344,1,0,0.006249894041798491
INV004345,1,0,0.002190173414398985
INV004346,1,0,0.0034248118908886648
INV004347,1,0,0.003024178551929054
INV004348,1,0,0.0026172416897720413
INV004349,1,0,0.003550777575963311
INV004350,1,0,0.0026217487154040534
INV004351,1,0,0.007085333430329408
INV004352,-1,1,0.04926665628510368
INV004353,1,0,0.006667168303145971
INV004354,1,0,0.0019327496750598534
INV004355,1,0,0.007193932909389378
INV004356,1,0,0.0022806794011646665
INV004357,1,0,0.004841254640572243
INV004358,1,0,0.0015242306809234573
INV004359,1,0,0.0074006944876497125
INV004360,1,0,0.006891558056346238
INV004361,1,0,0.0024693937437895654
INV004362,1,0,0.003165200679117113
INV004363,1,0,0.00606177681643235
INV004364,1,0,0.0040324862990612125
INV004365,1,0,0.0038829564281351783
INV004366,1,0,0.008193293524146607
INV004367,1,0,0.0024701236191305965
INV004368,1,0,0.00341620790399826
INV004369,1,0,0.003929484215319878
INV004370,1,0,0.015789588212693197
INV004371,1,0,0.00182157942180508
INV004372,1,0,0.010786887744500642
INV004373,1,0,0.0043553363600031
INV004374,1,0,0.002373664937397439
INV004375,1,0,0.005503298751298774
INV004376,1,0,0.0030585043176301497
INV004377,1,0,0.008922360981187287
INV004378,1,0,0.0039629225676883215
INV004379,1,0,0.008202406731287847
INV004380,-1,1,0.032036801359667966
INV004381,1,0,0.00975173872643069
INV004382,1,0,0.002416073578166577
INV004383,-1,1,0.08963814393379366
INV004384,1,0,0.004177302565276635
INV004385,1,0,0.002672395371421537
INV004386,1,0,0.0024975400471288615
INV004387,-1,1,0.09950383353543388
INV004388,1,0,0.0025499316501867396
INV004389,1,0,0.0033948823700329185
INV004390,1,0,0.0053084986360189025
INV004391,1,0,0.003207387374092039
INV004392,1,0,0.015306108923255157
INV004393,1,0,0.002753175038530219
INV004394,1,0,0.002701495113948478
INV004395,1,0,0.00479801722963493
INV004396,1,0,0.0029841737514291512
INV004397,1,0,0.004511538179815404
INV004398,1,0,0.00671568617011426
INV004399,1,0,0.0056166003903806785
INV004400,1,0,0.007937682576853518
INV004401,1,0,0.00427477228425962
INV004402,1,0,0.0031582923863959634
INV004403,1,0,0.003814412710496441
INV004404,1,0,0.005807591161000676
INV004405,1,0,0.0032787780361132383
INV004406,1,0,0.0008647344591610854
INV004407,1,0,0.0050115692927443275
INV004408,1,0,0.010087450555266171
INV004409,1,0,0.005331066992914272
INV004410,1,0,0.0036737687151056917
INV004411,1,0,0.01104516802769676
INV004412,1,0,0.00471423083703835
INV004413,1,0,0.003858160855117614
INV004414,1,0,0.00977654599086646
INV004415,1,0,0.005486107235283454
INV004416,1,0,0.005371643012193931
INV004417,1,0,0.0016167427210031326
INV004418,1,0,0.004404201290099801
INV004419,1,0,0.0028792447317963444
INV004420,1,0,0.002547908104135792
INV004421,1,0,0.0031579995905865856
INV004422,1,0,0.01172237261675357
INV004423,1,0,0.0016025708180997566
INV004424,1,0,0.0020021833551496955
INV004425,1,0,0.004148246353223079
INV004426,1,0,0.004121689716871343
INV004427,1,0,0.0021377009909583824
INV004428,1,0,0.001338628622876046
INV004429,1,0,0.0036238294438371674
INV004430,1,0,0.004240856377210509
INV004431,1,0,0.0036585769766479767
INV004432,-1,1,0.3095327655200056
INV004433,1,0,0.005581965998208799
INV004434,1,0,0.011023919036790205
INV004435,1,0,0.0026419748186577493
INV004436,1,0,0.0031474212589125044
INV004437,1,0,0.013220357080738838
INV004438,1,0,0.006930684845222255
INV004439,1,0,0.004236054168040614
INV004440,1,0,0.0034611896276571896
INV004441,1,0,0.0019270962976047858
INV004442,1,0,0.003012463603865751
INV004443,1,0,0.0024394852200537755
INV004444,1,0,0.0037156013680764016
INV004445,1,0,0.0021695359015391387
INV004446,1,0,0.001433163096903627
INV004447,1,0,0.004191530904054029
INV004448,1,0,0.003913830301527173
INV004449,1,0,0.0042479779217535155
INV004450,1,0,0.006348231416051447
INV004451,1,0,0.0043637596460699805
INV004452,1,0,0.004124772511262531
INV004453,1,0,0.006612649934914609
INV004454,1,0,0.0031790230009655284
INV004455,1,0,0.008497415599934164
INV004456,1,0,0.003154786568087381
INV004457,1,0,0.006721900094428727
INV004458,1,0,0.002829780285170955
INV004459,1,0,0.004331800608236444
INV004460,1,0,0.012017761842797866
INV004461,1,0,0.003439061844420891
INV004462,1,0,0.0043817010393660425
INV004463,1,0,0.004280704868695134
INV004464,1,0,0.004095110841761124
INV004465,1,0,0.004231029981198311
INV004466,1,0,0.003376020022151284
INV004467,1,0,0.00188968763801991
INV004468,1,0,0.0022652399692766148
INV004469,1,0,0.004558534919222167
INV004470,1,0,0.0074452984913408815
INV004471,1,0,0.003930906112261977
INV004472,1,0,0.0030305197078640354
INV004473,1,0,0.0028754677809370373
INV004474,1,0,0.0019089330559380485
INV004475,1,0,0.0018485691276471418
INV004476,1,0,0.0015134247909139858
INV004477,1,0,0.004699686278008296
INV004478,1,0,0.004489361874949068
INV004479,1,0,0.0040285878320522215
INV004480,-1,1,0.038922769491224994
INV004481,1,0,0.001456915653521116
INV004482,1,0,0.004029719473846085
INV004483,1,0,0.0025873759858603125
INV004484,1,0,0.010024005547162186
INV004485,1,0,0.0033343454192724573
INV004486,1,0,0.0024898776454046856
INV004487,1,0,0.003129714293704883
INV004488,1,0,0.004333780557095461
INV004489,1,0,0.008576135300977726
INV004490,-1,1,0.03130450792536337
INV004491,1,0,0.0017697979327694795
INV004492,1,0,0.002779391142940677
INV004493,1,0,0.0021852153440117096
INV004494,1,0,0.0035904322907118033
INV004495,1,0,0.004251629669423077
INV004496,1,0,0.00264772252668978
INV004497,1,0,0.002009023331334459
INV004498,1,0,0.001938243767802104
INV004499,1,0,0.005689492098533551
INV004500,1,0,0.003390886138339278
INV004501,1,0,0.0019371648045317254
INV004502,1,0,0.005704540471256316
INV004503,1,0,0.003916408672648575
INV004504,1,0,0.004049297090906118
INV004505,1,0,0.001615935064776359
INV004506,1,0,0.0025843104611932904
INV004507,1,0,0.0027897164358259416
INV004508,1,0,0.0018828110349687142
INV004509,1,0,0.002904935849074392
INV004510,1,0,0.0022636159092481382
INV004511,1,0,0.0016538477389036069
INV004512,1,0,0.013980167469686817
INV004513,1,0,0.004982417101211742
INV004514,1,0,0.006508854095644136
INV004515,1,0,0.00289196041014203
INV004516,1,0,0.002519085753520265
INV004517,1,0,0.0020508059115719813
INV004518,1,0,0.0020285379366434893
INV004519,1,0,0.008869384430015993
INV004520,1,0,0.0022519245489299633
INV004521,1,0,0.002339785137618358
INV004522,1,0,0.002238779963982469
INV004523,1,0,0.014155977279787913
INV004524,1,0,0.0025800602162426318
INV004525,1,0,0.00506209356680383
INV004526,1,0,0.003589582103209225
INV004527,1,0,0.020186729877591396
INV004528,1,0,0.0022736893985158386
INV004529,1,0,0.005799500390578854
INV004530,1,0,0.002897050663641887
INV004531,1,0,0.002516038376688961
INV004532,1,0,0.0025260826969077813
INV004533,1,0,0.0047992160839274095
INV004534,1,0,0.003683036039995153
INV004535,1,0,0.003083695861806357
INV004536,1,0,0.0031351367907538398
INV004537,1,0,0.003107405538097167
INV004538,1,0,0.004663589194285183
INV004539,1,0,0.003934821683038465
INV004540,1,0,0.0014525836773275915
INV004541,1,0,0.010553137179673516
INV004542,1,0,0.006415228473669401
INV004543,1,0,0.003644305993297184
INV004544,1,0,0.002382599961161449
INV004545,1,0,0.0016031791385035783
INV004546,1,0,0.0022514806013363042
INV004547,1,0,0.01412738328239007
INV004548,1,0,0.0036236330389641416
INV004549,1,0,0.010976504108257354
INV004550,1,0,0.0017880225564767226
INV004551,1,0,0.002905470478446984
INV004552,1,0,0.0027011807147625565
INV004553,1,0,0.009785375673946392
INV004554,1,0,0.00478179506991961
INV004555,1,0,0.0025422893217854924
INV004556,1,0,0.003947184213007682
INV004557,1,0,0.0038101037339415287
INV004558,1,0,0.011481462104240876
INV004559,1,0,0.003501399303825183
INV004560,1,0,0.02222021278272958
INV004561,1,0,0.0028545408539484432
INV004562,1,0,0.002611817596871038
INV004563,-1,1,0.030755635658546616
INV004564,1,0,0.010568659625861003
INV004565,1,0,0.013746746130160125
INV004566,1,0,0.004058457128563364
INV004567,1,0,0.010385092861073603
INV004568,1,0,0.005270875080089404
INV004569,1,0,0.005061915186558612
INV004570,1,0,0.003358721811342695
INV004571,1,0,0.002238779963982469
INV004572,1,0,0.004394832045965111
INV004573,1,0,0.00812569983228805
INV004574,1,0,0.004832269549504886
INV004575,1,0,0.0028536977451158415
INV004576,1,0,0.002761540696983687
INV004577,1,0,0.0022625122957474625
INV004578,1,0,0.0042720321259114204
INV004579,1,0,0.0036625771347061366
INV004580,1,0,0.0024216724118977873
INV004581,1,0,0.009190028021358168
INV004582,1,0,0.0017122863324754692
INV004583,1,0,0.004372397284886984
INV004584,1,0,0.004693217061453064
INV004585,1,0,0.0035821844922681147
INV004586,1,0,0.004988134537981963
INV004587,1,0,0.0036878962244174863
INV004588,1,0,0.00449946765618731
INV004589,1,0,0.002550215930658744
INV004590,1,0,0.003414016028091379
INV004591,1,0,0.0023083798615631253
INV004592,1,0,0.0016095029135663689
INV004593,1,0,0.001380166618150313
INV004594,1,0,0.0038568564364689284
INV004595,1,0,0.0019258808983259382
INV004596,1,0,0.0039615464341375105
INV004597,1,0,0.005693004161785592
INV004598,1,0,0.004106714765359727
INV004599,1,0,0.0027007994736788156
INV004600,1,0,0.0054966526893360295
INV004601,1,0,0.015857074299179447
INV004602,1,0,0.0037225531819211066
INV004603,1,0,0.0017408567389301864
INV004604,1,0,0.00508333746939172
INV004605,1,0,0.004149179031481591
INV004606,1,0,0.0024340432406923223
INV004607,1,0,0.0025381286002726404
INV004608,1,0,0.0038053606569919706
INV004609,1,0,0.002951436284332423
INV004610,1,0,0.002394622655870774
INV004611,1,0,0.0030186772354207766
INV004612,1,0,0.004302912287893742
INV004613,1,0,0.009458398678074935
INV004614,1,0,0.0015115626319806201
INV004615,1,0,0.0021364247341349005
INV004616,1,0,0.008561803552802876
INV004617,1,0,0.004373835033596091
INV004618,1,0,0.003095385142974241
INV004619,1,0,0.0015770824058470912
INV004620,1,0,0.003709893352859092
INV004621,1,0,0.009296381580401431
INV004622,1,0,0.0036933169382186493
INV004623,1,0,0.0017697979327694618
INV004624,1,0,0.0014244891435158387
INV004625,1,0,0.002852059045489506
INV004626,1,0,0.004239285412272234
INV004627,1,0,0.008152434198319633
INV004628,1,0,0.0062425351373703135
INV004629,1,0,0.003940931866372752
INV004630,1,0,0.004805484402446476
INV004631,1,0,0.0023954998157622626
INV004632,1,0,0.003117453139018895
INV004633,1,0,0.003787001144202769
INV004634,1,0,0.0036715737900313156
INV004635,1,0,0.005059999102176238
INV004636,1,0,0.0036911652021260027
INV004637,1,0,0.0037643649862043717
INV004638,1,0,0.002526393373565979
INV004639,1,0,0.016753075959169833
INV004640,1,0,0.0030905777803717015
INV004641,1,0,0.005189590183771364
INV004642,1,0,0.0034279121416056118
INV004643,1,0,0.0034299662116637217
INV004644,1,0,0.006114577169476545
INV004645,1,0,0.0026151386336365446
INV004646,1,0,0.0034512991084883287
INV004647,1,0,0.0049664403259237185
INV004648,1,0,0.001831673998355891
INV004649,1,0,0.0029180370282108413
INV004650,1,0,0.0021579102806446536
INV004651,1,0,0.004601367090595881
INV004652,1,0,0.006087532620267765
INV004653,1,0,0.003433996131060488
INV004654,1,0,0.003349165054613565
INV004655,1,0,0.002708768208545698
INV004656,1,0,0.008380489881890817
INV004657,1,0,0.004295776569615332
INV004658,1,0,0.002551129029531093
INV004659,1,0,0.003591024434579312
INV004660,1,0,0.0027357615019045303
INV004661,1,0,0.005323673667726773
INV004662,1,0,0.0020414905345739467
INV004663,1,0,0.0062696619035152775
INV004664,1,0,0.00204917468525349
INV004665,1,0,0.0013895931376844356
INV004666,1,0,0.002389587976806782
INV004667,1,0,0.000554531252696244
INV004668,1,0,0.008961784090315459
INV004669,1,0,0.0029334859188478563
INV004670,1,0,0.001617442658036521
INV004671,1,0,0.004925585840234958
INV004672,-1,1,0.21479652468737223
INV004673,-1,1,0.034300932062763446
INV004674,1,0,0.0034670754536157665
INV004675,1,0,0.003452925058306366
INV004676,1,0,0.002682010192132288
INV004677,1,0,0.003334013310548329
INV004678,1,0,0.0026820315443198753
INV004679,1,0,0.024697710847662684
INV004680,1,0,0.0019503835429520492
INV004681,1,0,0.0014508430601012838
INV004682,-1,1,0.09596723492375217
INV004683,1,0,0.0022889157745067342
INV004684,1,0,0.00254431217939231
INV004685,1,0,0.001249366050474729
INV004686,1,0,0.003078004969110992
INV004687,1,0,0.003133157957572401
INV004688,1,0,0.0033715424803527298
INV004689,1,0,0.0015893190534540288
INV004690,1,0,0.0020061739741133538
INV004691,1,0,0.0013507105012314057
INV004692,1,0,0.006901922965838724
INV004693,1,0,0.0033611181999686946
INV004694,1,0,0.004124622160577642
INV004695,1,0,0.0019325244957739708
INV004696,1,0,0.002004844120651758
INV004697,1,0,0.02574490206441409
INV004698,1,0,0.0032144989557337006
INV004699,1,0,0.0024368688680714966
INV004700,1,0,0.004254945089112154
INV004701,1,0,0.004376306106841132
INV004702,1,0,0.004014371219211995
INV004703,1,0,0.002655238809081266
INV004704,1,0,0.0023411151355510478
INV004705,1,0,0.0014077117483011555
INV004706,1,0,0.0034208931708137914
INV004707,1,0,0.02005621667265018
INV004708,1,0,0.002995492278177792
INV004709,1,0,0.0012599203037472705
INV004710,1,0,0.005455845288898295
INV004711,1,0,0.00480342267555904
INV004712,1,0,0.0015579209325675988
INV004713,1,0,0.0038339520652582067
INV004714,1,0,0.007383499165825466
INV004715,1,0,0.007123990618344178
INV004716,1,0,0.004719130263383528
INV004717,1,0,0.0021281174941990186
INV004718,1,0,0.006945048387442187
INV004719,1,0,0.0041484412110665515
INV004720,1,0,0.0011554310874869785
INV004721,1,0,0.0032597453922097353
INV004722,1,0,0.007677874315946869
INV004723,1,0,0.007468328635564216
INV004724,1,0,0.002268390353766144
INV004725,1,0,0.00715955634340848
INV004726,1,0,0.007766306635765185
INV004727,1,0,0.0089420044191449
INV004728,1,0,0.0067359016937366374
INV004729,1,0,0.0018511226418811675
INV004730,1,0,0.0028091303325144708
INV004731,1,0,0.002471904128323902
INV004732,1,0,0.008158150166948475
INV004733,1,0,0.006127767396625457
INV004734,1,0,0.0022324204670411325
INV004735,1,0,0.003393188655360024
INV004736,1,0,0.0038647422975389076
INV004737,1,0,0.011447236047301856
INV004738,1,0,0.004317886542508348
INV004739,1,0,0.004464719988623588
INV004740,1,0,0.0028361207279198955
INV004741,1,0,0.006731547215178686
INV004742,1,0,0.0031423246881602915
INV004743,1,0,0.004789980831468911
INV004744,1,0,0.002749275922109559
INV004745,1,0,0.024544119972510534
INV004746,1,0,0.0015699015965233423
INV004747,1,0,0.005592242799566322
INV004748,1,0,0.0043334713321681335
INV004749,1,0,0.007783671512684456
INV004750,1,0,0.009168860318941664
INV004751,1,0,0.010477336610413158
INV004752,1,0,0.008808918460786354
INV004753,1,0,0.003059022230987866
INV004754,1,0,0.0020857622807897735
INV004755,-1,1,0.03227284727786609
INV004756,1,0,0.0014756212445303514
INV004757,1,0,0.017036676708620798
INV004758,1,0,0.0038415150155002
INV004759,1,0,0.004296877882068874
INV004760,1,0,0.004089954513108742
INV004761,1,0,0.004579030347441104
INV004762,1,0,0.002731578328621056
INV004763,-1,1,0.03931321277451565
INV004764,1,0,0.004512310546552911
INV004765,1,0,0.002841442940742412
INV004766,1,0,0.002354364173424567
INV004767,1,0,0.006414188273079724
INV004768,1,0,0.00959313739603672
INV004769,1,0,0.003978614616330368
INV004770,1,0,0.005450973723450471
INV004771,1,0,0.002882312861145816
INV004772,1,0,0.0021860899136951946
INV004773,1,0,0.006630922497779892
INV004774,1,0,0.008070353612797673
INV004775,1,0,0.004369300921116083
INV004776,1,0,0.005265188654871302
INV004777,1,0,0.0029398894327447925
INV004778,1,0,0.003716436306373623
INV004779,1,0,0.0061844725074126075
INV004780,1,0,0.001935399018645348
INV004781,1,0,0.0021853618338992073
INV004782,1,0,0.005523964613942967
INV004783,1,0,0.002772393021765299
INV004784,1,0,0.0025137796971933597
INV004785,1,0,0.012889577198398665
INV004786,1,0,0.003483245210770375
INV004787,1,0,0.0039795626430453234
INV004788,1,0,0.003712831527270177
INV004789,1,0,0.002375168555264189
INV004790,1,0,0.0036494564332519614
INV004791,1,0,0.007145535515441924
INV004792,1,0,0.006360106790027105
INV004793,1,0,0.004196969252077672
INV004794,1,0,0.004795960994274671
INV004795,1,0,0.007121190413700375
INV004796,1,0,0.003684783858502305
INV004797,1,0,0.0028152685495705446
INV004798,1,0,0.004711489370134278
INV004799,1,0,0.001958192959942065
INV004800,1,0,0.004937143991598873
INV004801,1,0,0.0019366750013288861
INV004802,1,0,0.011916633505504239
INV004803,1,0,0.0023567600002247936
INV004804,1,0,0.006839834046143076
INV004805,1,0,0.004234390953889472
INV004806,1,0,0.01338583071228547
INV004807,1,0,0.001574360582497161
INV004808,1,0,0.0039370502485474865
INV004809,1,0,0.003586270839237741
INV004810,1,0,0.0017208770237143378
INV004811,1,0,0.006497158180112247
INV004812,1,0,0.0013827717700318125
INV004813,1,0,0.0016186012335366344
INV004814,1,0,0.005446312857922961
INV004815,1,0,0.0025696538980559446
INV004816,1,0,0.024500004686017724
INV004817,1,0,0.01102454212767679
INV004818,1,0,0.012962106436937168
INV004819,1,0,0.0037761296108031494
INV004820,1,0,0.0037110350038300054
INV004821,1,0,0.002959217702825955
INV004822,1,0,0.006992596670447341
INV004823,1,0,0.0016475256104805228
INV004824,1,0,0.0037393982859656168
INV004825,1,0,0.01804351454283056
INV004826,1,0,0.0039361372025546034
INV004827,1,0,0.002344502215301124
INV004828,1,0,0.003057956861756129
INV004829,1,0,0.003154272155880526
INV004830,1,0,0.0025505538784961266
INV004831,1,0,0.003550031797304874
INV004832,1,0,0.01494259691247478
INV004833,1,0,0.0067617697663264545
INV004834,1,0,0.0036554532091705753
INV004835,1,0,0.001503768566668377
INV004836,1,0,0.0020212794569018687
INV004837,1,0,0.009422926818636022
INV004838,1,0,0.004853505876496511
INV004839,1,0,0.0036999419049837286
INV004840,1,0,0.002250518818625247
INV004841,1,0,0.006947778814884246
INV004842,1,0,0.012086156962514305
INV004843,1,0,0.003190885716899463
INV004844,1,0,0.0033861299903137905
INV004845,1,0,0.006291067602688901
INV004846,1,0,0.006012190905907587
INV004847,1,0,0.004081553624559676
INV004848,1,0,0.0041603538058772585
INV004849,1,0,0.00681900156590031
INV004850,1,0,0.0031389229988050852
INV004851,1,0,0.01007872294767141
INV004852,1,0,0.008340077540983754
INV004853,1,0,0.0022444991873194152
INV004854,1,0,0.0032443246874472617
INV004855,1,0,0.014348575033922709
INV004856,1,0,0.0027819332190892323
INV004857,1,0,0.0065125893529405674
INV004858,1,0,0.004577875642556956
INV004859,1,0,0.004473534379387463
INV004860,1,0,0.005966008149432478
INV004861,1,0,0.008360394543904193
INV004862,1,0,0.00696693163159484
INV004863,1,0,0.0020607602605938655
INV004864,1,0,0.005229866850141285
INV004865,1,0,0.0022768592333486724
INV004866,1,0,0.0035629076823453444
INV004867,1,0,0.006326689311478216
INV004868,1,0,0.000844642126846088
INV004869,1,0,0.003186140990470397
INV004870,1,0,0.0018451669294432362
INV004871,1,0,0.011741468501887575
INV004872,1,0,0.0032547983558273742
INV004873,1,0,0.02399203801166523
INV004874,1,0,0.008823467184603119
INV004875,1,0,0.0032628207963515178
INV004876,-1,1,0.1294518648380967
INV004877,-1,1,0.042413872199010286
INV004878,1,0,0.0018777150605306775
INV004879,1,0,0.00985700990771168
INV004880,1,0,0.00444200628106537
INV004881,1,0,0.003614776295303035
INV004882,-1,1,0.031048712791425556
INV004883,1,0,0.00877699255281774
INV004884,1,0,0.0037481682381694443
INV004885,1,0,0.004149412182986622
INV004886,1,0,0.002986750618010584
INV004887,1,0,0.02262438269744959
INV004888,1,0,0.0027201648350409836
INV004889,1,0,0.00814634788075316
INV004890,1,0,0.0026053935876078644
INV004891,1,0,0.0066423986157707225
INV004892,1,0,0.0024630733689637867
INV004893,1,0,0.003035202330379662
INV004894,1,0,0.0017349617946974722
INV004895,1,0,0.004437768080326338
INV004896,1,0,0.0025293390999713925
INV004897,1,0,0.0019322298126802087
INV004898,1,0,0.006073606082567648
INV004899,1,0,0.013985828089322885
INV004900,1,0,0.01152274991255118
INV004901,1,0,0.0024590611066746997
INV004902,1,0,0.0034039270257560632
INV004903,1,0,0.0036247885478203003
INV004904,1,0,0.0030310296822146643
INV004905,1,0,0.0020141792195688883
INV004906,1,0,0.004009328352446989
INV004907,1,0,0.0017110690350800868
INV004908,1,0,0.004013971286158394
INV004909,1,0,0.014815526640413582
INV004910,1,0,0.003629099717522396
INV004911,1,0,0.0025049903643191204
INV004912,1,0,0.004654336360938589
INV004913,1,0,0.0027369748924396266
INV004914,1,0,0.003059991251447224
INV004915,1,0,0.0023147396687853293
INV004916,1,0,0.0022324204670411325
INV004917,1,0,0.0051350880062077855
INV004918,1,0,0.0027566438671756035
INV004919,1,0,0.0036342065957192973
INV004920,1,0,0.009592551113088625
INV004921,1,0,0.0035615137683191094
INV004922,1,0,0.00836081038506239
INV004923,1,0,0.0030104639072133363
INV004924,1,0,0.0022922016704370355
INV004925,1,0,0.004340990523149489
INV004926,1,0,0.0033261538273713304
INV004927,1,0,0.003917651894463503
INV004928,1,0,0.0036332393673363583
INV004929,1,0,0.0043733745762959955
INV004930,1,0,0.002892851988740453
INV004931,1,0,0.006755328780104861
INV004932,1,0,0.0032838500634442248
INV004933,1,0,0.005102941704811406
INV004934,1,0,0.002362823152220773
INV004935,1,0,0.0035297080913039287
INV004936,1,0,0.0035985016273732016
INV004937,1,0,0.002771550106346177
INV004938,1,0,0.0025451949703038947
INV004939,1,0,0.003235593672478453
INV004940,1,0,0.0030869894804934988
INV004941,1,0,0.00716899953406848
INV004942,1,0,0.004538223410281878
INV004943,1,0,0.0064833378755588455
INV004944,1,0,0.0026225176661624477
INV004945,1,0,0.0020812625557873176
INV004946,1,0,0.0025187692631692686
INV004947,1,0,0.0020744858127545425
INV004948,1,0,0.0024879537420484247
INV004949,1,0,0.007954479145488164
INV004950,1,0,0.002484274830529923
INV004951,1,0,0.003465947454472431
INV004952,1,0,0.00509040121755338
INV004953,1,0,0.005579525593607326
INV004954,1,0,0.005832018160250912
INV004955,1,0,0.007923224275262212
INV004956,1,0,0.0022935892952469653
INV004957,1,0,0.004928018293455126
INV004958,1,0,0.011449036144884945
INV004959,1,0,0.0030494230038336343
INV004960,1,0,0.003598380546432632
INV004961,1,0,0.012100783386703213
INV004962,1,0,0.004149430772439302
INV004963,1,0,0.004478779866812807
INV004964,1,0,0.008319039792598059
INV004965,1,0,0.009533838306247868
INV004966,1,0,0.0032614485209560085
INV004967,1,0,0.004251040555169445
INV004968,1,0,0.0015947324212011516
INV004969,1,0,0.008134809392024182
INV004970,1,0,0.005667804598683815
INV004971,1,0,0.00394207221907917
INV004972,1,0,0.003479812084585011
INV004973,1,0,0.003600388222159877
INV004974,1,0,0.00319164864295567
INV004975,-1,1,0.034224813880011216
INV004976,1,0,0.0037712309912781286
INV004977,1,0,0.003478863242989725
INV004978,1,0,0.004595475765455405
INV004979,1,0,0.008495983131736827
INV004980,1,0,0.003199356472176549
INV004981,1,0,0.0039845932517354205
INV004982,1,0,0.0033913876166649704
INV004983,1,0,0.0033534255478776
INV004984,1,0,0.0021379960819084072
INV004985,1,0,0.005139137897300382
INV004986,1,0,0.003697211062960423
INV004987,1,0,0.003376773966648529
INV004988,1,0,0.006129056096739031
INV004989,1,0,0.01655014495375522
INV004990,1,0,0.004493842943552472
INV004991,1,0,0.005669573290691949
INV004992,1,0,0.008227789713213175
INV004993,1,0,0.003594356209454143
INV004994,1,0,0.007998321394447658
INV004995,1,0,0.005026881194895587
INV004996,1,0,0.004098004907239082
INV004997,1,0,0.005026886675038059
INV004998,1,0,0.0036691827255130906
INV004999,1,0,0.005225928909326296
INV005000,1,0,0.007271611451350228
INV005001,1,0,0.0015307521387641222
INV005002,1,0,0.003046559524465718
INV005003,1,0,0.0017673774215404476
INV005004,1,0,0.0032582929890770575
INV005005,1,0,0.0027011807147625565
INV005006,1,0,0.0037663029416701134
INV005007,1,0,0.0054929666089854196
INV005008,1,0,0.0015524197625887358
INV005009,1,0,0.005191086603068165
INV005010,1,0,0.001371755291155436
INV005011,1,0,0.0033493448567789735
INV005012,1,0,0.0047250722383629555
INV005013,1,0,0.004441727362393019
INV005014,1,0,0.0008253864596978348
INV005015,1,0,0.0056310717096744725
INV005016,1,0,0.00237098216306409
INV005017,1,0,0.004815417716259146
INV005018,1,0,0.00226816829782035
INV005019,1,0,0.009577179958367852
INV005020,1,0,0.0025712765242526373
INV005021,1,0,0.012027397368551863
INV005022,1,0,0.00497894272471138
INV005023,1,0,0.0031954012262000496
INV005024,1,0,0.0015661823674164852
INV005025,1,0,0.0027937508914334976
INV005026,1,0,0.01870133334955685
INV005027,-1,1,0.035545505687807274
INV005028,1,0,0.004075717638877411
INV005029,1,0,0.004098912149185917
INV005030,1,0,0.0026758747036772306
INV005031,1,0,0.0027131847504710143
INV005032,1,0,0.010283905320463443
INV005033,1,0,0.011360569671318689
INV005034,1,0,0.0019946938949399265
INV005035,1,0,0.0011930598348793967
INV005036,1,0,0.0032678960982322034
INV005037,1,0,0.0057083223422527505
INV005038,1,0,0.004067135392498554
INV005039,1,0,0.0034878460792246604
INV005040,1,0,0.0015879199415184228
INV005041,1,0,0.002856041500412175
INV005042,1,0,0.005163499110545301
INV005043,1,0,0.001048758131350784
INV005044,1,0,0.006279944903363566
INV005045,1,0,0.0020591374823401803
INV005046,1,0,0.0014546654245011785
INV005047,1,0,0.002375718800772358
INV005048,1,0,0.005123270842014584
INV005049,1,0,0.004919843671811659
INV005050,1,0,0.0056531266562227485
INV005051,1,0,0.0020648921018589016
INV005052,1,0,0.0033210632599614703
INV005053,1,0,0.005956155300274849
INV005054,1,0,0.0045041121377364865
INV005055,1,0,0.0025222137428646736
INV005056,1,0,0.0023978062810422873
INV005057,1,0,0.006720588123968721
INV005058,1,0,0.003527462856067647
INV005059,1,0,0.001950075624556736
INV005060,1,0,0.002876102638298354
INV005061,1,0,0.01276728044187358
INV005062,1,0,0.001584418802802825
INV005063,1,0,0.004496043609824246
INV005064,1,0,0.005105717333552854
INV005065,1,0,0.0029416517255481584
INV005066,1,0,0.009913321507211017
INV005067,1,0,0.011005153491522254
INV005068,1,0,0.003358340377545659
INV005069,1,0,0.0027039440119050544
INV005070,1,0,0.002439391944809799
INV005071,1,0,0.013957103296006195
INV005072,1,0,0.007941617942542445
INV005073,1,0,0.0028803620424628184
INV005074,1,0,0.0030333138661945364
INV005075,1,0,0.0030159808793253718
INV005076,1,0,0.005332393656806553
INV005077,1,0,0.004133677577358929
INV005078,1,0,0.010496121945758963
INV005079,1,0,0.0057569262592699665
INV005080,1,0,0.005131319650628322
INV005081,1,0,0.013425719837201498
INV005082,1,0,0.005841540558136588
INV005083,1,0,0.008366387697515163
INV005084,1,0,0.0021692837581335665
INV005085,1,0,0.004274262689969254
INV005086,1,0,0.006214493531089401
INV005087,1,0,0.005815463830546781
INV005088,1,0,0.007534532008946406
INV005089,1,0,0.0046854482265351405
INV005090,1,0,0.0024361995521973118
INV005091,1,0,0.0035417605104793304
INV005092,1,0,0.005357510900313151
INV005093,1,0,0.003695046715656625
INV005094,1,0,0.008048459340825405
INV005095,1,0,0.0029999375289256414
INV005096,1,0,0.003688862816834988
INV005097,1,0,0.004534342647448781
INV005098,1,0,0.003776524058168977
INV005099,1,0,0.004654486641147252
INV005100,1,0,0.0049360533125692215
INV005101,1,0,0.003464699127598663
INV005102,1,0,0.002145628080199567
INV005103,-1,1,0.09038688509906466
INV005104,1,0,0.002891694695275922
INV005105,1,0,0.0023944420078342893
INV005106,1,0,0.002326811177879887
INV005107,1,0,0.010118069139726248
INV005108,1,0,0.004098609394861343
INV005109,1,0,0.005027561129477641
INV005110,1,0,0.002560629754457328
INV005111,1,0,0.004958720584934831
INV005112,1,0,0.0023667991130014946
INV005113,1,0,0.005151013567449766
INV005114,1,0,0.004154652751993615
INV005115,1,0,0.003990397239013887
INV005116,1,0,0.0017974901438211083
INV005117,1,0,0.00377609243086851
INV005118,1,0,0.0042491313867687435
INV005119,1,0,0.0058464473960698265
INV005120,1,0,0.00616451722820525
INV005121,1,0,0.004679905721669358
INV005122,1,0,0.0024963120719635355
INV005123,1,0,0.0077219675343221175
INV005124,1,0,0.00334021154265429
INV005125,1,0,0.0021807044736413704
INV005126,1,0,0.0018374014552181813
INV005127,1,0,0.0021152924787556544
INV005128,-1,1,0.031740902355582835
INV005129,1,0,0.0019400963080841431
INV005130,1,0,0.0023982768828527848
INV005131,1,0,0.004892520327718535
INV005132,1,0,0.006666209273628539
INV005133,1,0,0.002643307148806985
INV005134,1,0,0.003933702180324146
INV005135,1,0,0.0024820176640961487
INV005136,1,0,0.0035573312601721997
INV005137,1,0,0.0004437196161471936
INV005138,1,0,0.0016215817312390853
INV005139,1,0,0.002284972239461416
INV005140,1,0,0.0013804073222264401
INV005141,1,0,0.003133221642374499
INV005142,1,0,0.0038756939913917347
INV005143,1,0,0.0016263080746710607
INV005144,1,0,0.0012892425631565263
INV005145,1,0,0.003369603050112431
INV005146,1,0,0.001821533388226884
INV005147,1,0,0.005177237852023631
INV005148,1,0,0.0019625468830754456
INV005149,1,0,0.0018123411729412636
INV005150,-1,1,0.21571448760670756
INV005151,1,0,0.004715922615304956
INV005152,-1,1,0.04326123418753163
INV005153,1,0,0.007077420179106169
INV005154,1,0,0.0029927998524833755
INV005155,1,0,0.008118074988487862
INV005156,1,0,0.008688634344623311
INV005157,1,0,0.0060239118616843826
INV005158,1,0,0.0007345664699523013
INV005159,1,0,0.005113857073804857
INV005160,1,0,0.0031336200947294267
INV005161,1,0,0.004344266285786646
INV005162,1,0,0.00245811191968168
INV005163,1,0,0.003143685266874161
INV005164,1,0,0.002578933714449582
INV005165,1,0,0.0011875675142859476
INV005166,1,0,0.0035129265668788134
INV005167,1,0,0.006169006871378673
INV005168,1,0,0.002253832610105772
INV005169,1,0,0.001558465315718803
INV005170,1,0,0.006131019235050255
INV005171,1,0,0.002819767034330034
INV005172,1,0,0.003023608178742195
INV005173,1,0,0.013507409358527681
INV005174,1,0,0.006301323426387605
INV005175,1,0,0.005862964142133839
INV005176,1,0,0.004544392213641482
INV005177,1,0,0.0052166728817356735
INV005178,1,0,0.006600325230034964
INV005179,1,0,0.0018829275905521013
INV005180,1,0,0.0065054664724682855
INV005181,1,0,0.005861413357837696
INV005182,1,0,0.002630788740242771
INV005183,1,0,0.002526490838721751
INV005184,1,0,0.003056481461710834
INV005185,1,0,0.0021270209852951344
INV005186,1,0,0.005449661320634264
INV005187,1,0,0.008258925561990179
INV005188,1,0,0.005255289612201928
INV005189,1,0,0.00201629859768498
INV005190,1,0,0.014814014463108725
INV005191,1,0,0.00433287269663012
INV005192,1,0,0.0029802900267095916
INV005193,1,0,0.002938904321295398
INV005194,1,0,0.0016418369952130552
INV005195,1,0,0.0016646635793837318
INV005196,1,0,0.005533772504976923
INV005197,1,0,0.018901487167617335
INV005198,1,0,0.001837401455218193
INV005199,1,0,0.00414785199785009
INV005200,1,0,0.004913240619363876
INV005201,1,0,0.0035546130757320446
INV005202,1,0,0.006776686809112399
INV005203,1,0,0.006633382868820244
INV005204,1,0,0.0023548239295036314
INV005205,1,0,0.004026894419759904
INV005206,1,0,0.004145565428375064
INV005207,1,0,0.005063779040068194
INV005208,1,0,0.014300256420678904
INV005209,1,0,0.004665099593919557
INV005210,1,0,0.0016419959705790891
INV005211,1,0,0.004362398527358
INV005212,1,0,0.012763495463977337
INV005213,1,0,0.0029683655274019933
INV005214,1,0,0.002949703537735803
INV005215,1,0,0.00341609799870271
INV005216,1,0,0.002250320131444264
INV005217,1,0,0.002503052309341891
INV005218,1,0,0.0029545584885874764
INV005219,1,0,0.003271910789416479
INV005220,1,0,0.00453710311586577
INV005221,1,0,0.004246126866608711
INV005222,1,0,0.0027011807147625565
INV005223,1,0,0.005731670238185082
INV005224,1,0,0.009463385656961417
INV005225,1,0,0.0035705830930238226
INV005226,1,0,0.001726033197545108
INV005227,1,0,0.0050921650452673845
INV005228,1,0,0.006028141832156505
INV005229,1,0,0.004103621496383938
INV005230,1,0,0.0023141321351105144
INV005231,1,0,0.0073507832347635355
INV005232,1,0,0.006554373386186764
INV005233,1,0,0.003875798484977375
INV005234,1,0,0.006427710427341945
INV005235,1,0,0.002559037842295025
INV005236,1,0,0.007691628920792139
INV005237,1,0,0.0033465697180660474
INV005238,1,0,0.0041457289085505035
INV005239,1,0,0.002398987698339383
INV005240,1,0,0.004231964322970785
INV005241,1,0,0.007049249972049507
INV005242,1,0,0.002890040041448451
INV005243,-1,1,0.030538849283296855
INV005244,1,0,0.002355443841065207
INV005245,1,0,0.0039315251502556455
INV005246,1,0,0.0039868031025280274
INV005247,1,0,0.005454494099585083
INV005248,1,0,0.0069085927429993945
INV005249,1,0,0.002812995199783827
INV005250,1,0,0.0018585322292217874
INV005251,1,0,0.0038694930172521575
INV005252,1,0,0.003803538865098118
INV005253,1,0,0.0035129265668788017
INV005254,1,0,0.005546844192491195
INV005255,1,0,0.0031439648693297384
INV005256,1,0,0.002233700164676
INV005257,1,0,0.0018081810859687233
INV005258,1,0,0.004451359220794466
INV005259,1,0,0.02843022011606267
INV005260,1,0,0.004218244763281685
INV005261,1,0,0.004117278984616918
INV005262,1,0,0.004675015507735066
INV005263,1,0,0.002154533640245493
INV005264,1,0,0.007271802801871486
INV005265,1,0,0.0033069764656585812
INV005266,1,0,0.0022094593064129783
INV005267,1,0,0.002531140841480441
INV005268,1,0,0.004245821305716995
INV005269,1,0,0.0032519629519394935
INV005270,1,0,0.0033142682385902777
INV005271,1,0,0.004577114330415279
INV005272,1,0,0.0036508906912634895
INV005273,1,0,0.0035018172448737952
INV005274,1,0,0.0017301847931188695
INV005275,1,0,0.003451271222606944
INV005276,1,0,0.010500849608204453
INV005277,1,0,0.002892746049355831
INV005278,1,0,0.0020487765901548573
INV005279,1,0,0.008838573602337125
INV005280,1,0,0.0018786309293708514
INV005281,1,0,0.004208785220907867
INV005282,1,0,0.0048374479871522574
INV005283,1,0,0.0021970314176354318
INV005284,-1,1,0.05563777424122623
INV005285,1,0,0.0022273236606248892
INV005286,1,0,0.0014381959666343092
INV005287,1,0,0.008518750650741128
INV005288,1,0,0.007827816002621543
INV005289,-1,1,0.1014122537646125
INV005290,1,0,0.005303099291389978
INV005291,1,0,0.008471067015354489
INV005292,-1,1,0.042208269236925174
INV005293,1,0,0.002844786267299967
INV005294,1,0,0.002227754581316043
INV005295,1,0,0.0022507410642982006
INV005296,1,0,0.004855460186294332
INV005297,1,0,0.0033407855796572373
INV005298,1,0,0.006671360983657793
INV005299,1,0,0.006145247465200215
INV005300,1,0,0.007828288021372407
INV005301,1,0,0.0037404716653667708
INV005302,1,0,0.0022075762834472277
INV005303,1,0,0.001825483855945022
INV005304,-1,1,0.03019345642082926
INV005305,1,0,0.0053882423940783694
INV005306,1,0,0.003557844793732893
INV005307,1,0,0.002758061378550809
INV005308,1,0,0.007129654888819084
INV005309,1,0,0.0043350402229574755
INV005310,1,0,0.017159395708151892
INV005311,1,0,0.00838180297431055
INV005312,1,0,0.003899295495598689
INV005313,1,0,0.012093916492533453
INV005314,1,0,0.009287755307467054
INV005315,1,0,0.0033328926675373766
INV005316,-1,1,0.132162337363247
INV005317,1,0,0.0057192588543010445
INV005318,1,0,0.004846730370563706
INV005319,1,0,0.0022396184613669707
INV005320,1,0,0.004294780466867006
INV005321,1,0,0.0031777901719408147
INV005322,1,0,0.0017727917910356542
INV005323,1,0,0.0050413904477203285
INV005324,1,0,0.007019409185832578
INV005325,1,0,0.02441553025970458
INV005326,1,0,0.0030783442119792508
INV005327,1,0,0.001488140577947976
INV005328,1,0,0.005905557594745337
INV005329,1,0,0.002249639263467189
INV005330,-1,1,0.04201788247730255
INV005331,1,0,0.002800899643221889
INV005332,1,0,0.011037702553905652
INV005333,1,0,0.005233566895973736
INV005334,1,0,0.0028441883911105963
INV005335,1,0,0.002601886902716683
INV005336,1,0,0.0016197067365230427
INV005337,1,0,0.009125128001973879
INV005338,1,0,0.004441421573447395
INV005339,1,0,0.002673358246108185
INV005340,1,0,0.0024110191742690223
INV005341,1,0,0.005221311345104673
INV005342,1,0,0.003195891936756661
INV005343,1,0,0.0036276047986879573
INV005344,1,0,0.00254434090436466
INV005345,1,0,0.0030937700642979433
INV005346,1,0,0.0026657431065898723
INV005347,1,0,0.002265917912661815
INV005348,1,0,0.00505923698480994
INV005349,1,0,0.011799009710172491
INV005350,1,0,0.006845272434238034
INV005351,1,0,0.00355155702994854
INV005352,1,0,0.0031032733688104936
INV005353,1,0,0.00373269289062652
INV005354,1,0,0.003780824122722257
INV005355,1,0,0.0042190178710333525
INV005356,1,0,0.004676250536198042
INV005357,1,0,0.0044276729200366845
INV005358,1,0,0.0027870179174015654
INV005359,1,0,0.004670894832263806
INV005360,1,0,0.006518803277965504
INV005361,1,0,0.004739532060782871
INV005362,1,0,0.0036845697612302238
INV005363,1,0,0.0021077270894130293
INV005364,1,0,0.0035349643472106563
INV005365,1,0,0.010829188018419904
INV005366,1,0,0.008805477217310571
INV005367,1,0,0.002342857357489585
INV005368,1,0,0.007421900607275702
INV005369,1,0,0.003424350699606108
INV005370,1,0,0.0019565620051927826
INV005371,1,0,0.004614932929660195
INV005372,1,0,0.00396278448288365
INV005373,1,0,0.0024084484303575774
INV005374,1,0,0.0020582872469162568
INV005375,1,0,0.002203572914266632
INV005376,1,0,0.005057889750654915
INV005377,1,0,0.002027806169647704
INV005378,1,0,0.007955908029358244
INV005379,1,0,0.013963492589609505
INV005380,1,0,0.002141368064602363
INV005381,1,0,0.009523439473287881
INV005382,1,0,0.001975807749776599
INV005383,1,0,0.008320727342058864
INV005384,1,0,0.0017803595327088517
INV005385,1,0,0.004565503589990872
INV005386,1,0,0.00447398557612873
INV005387,1,0,0.0027392202982150352
INV005388,1,0,0.0065135450508433885
INV005389,1,0,0.0076551495808115395
INV005390,1,0,0.006879344838876361
INV005391,1,0,0.007580926842441309
INV005392,1,0,0.002654249336548581
INV005393,1,0,0.0014839712650370335
INV005394,1,0,0.003816349719225972
INV005395,1,0,0.00360670373629487
INV005396,1,0,0.003265915571519612
INV005397,1,0,0.0035925124009618422
INV005398,1,0,0.002328450186701656
INV005399,1,0,0.009200523853114343
INV005400,1,0,0.0036795734647195755
INV005401,1,0,0.013128771198522604
INV005402,1,0,0.00883777013335209
INV005403,1,0,0.0017868528783907235
INV005404,1,0,0.002913689548081446
INV005405,1,0,0.007737411441385107
INV005406,1,0,0.0028925853963699135
INV005407,1,0,0.003984860050981485
INV005408,1,0,0.0024298200872316846
INV005409,1,0,0.005641934460465467
INV005410,1,0,0.005445460402562937
INV005411,1,0,0.012041020743457816
INV005412,1,0,0.002065225224127759
INV005413,1,0,0.0029848145987208213
INV005414,1,0,0.003046862397760663
INV005415,1,0,0.0021206443538954855
INV005416,1,0,0.0017561987856606356
INV005417,1,0,0.0224535401581748
INV005418,1,0,0.0032349007979519226
INV005419,1,0,0.0023524618888278656
INV005420,1,0,0.0019785712495402
INV005421,1,0,0.0018958389539892953
INV005422,1,0,0.0030296017606683107
INV005423,1,0,0.00499619694111145
INV005424,1,0,0.0037640027727623565
INV005425,1,0,0.0029100571059537178
INV005426,1,0,0.004635851395907581
INV005427,1,0,0.004507891881385914
INV005428,1,0,0.004798990658541643
INV005429,1,0,0.004878327510530222
INV005430,1,0,0.0028300268023631133
INV005431,1,0,0.001993655237665267
INV005432,1,0,0.007132494979916034
INV005433,1,0,0.004007506927019987
INV005434,1,0,0.002828216353038265
INV005435,1,0,0.002300632168426534
INV005436,1,0,0.0036733000443095695
INV005437,1,0,0.006184788248307363
INV005438,1,0,0.026962235185113797
INV005439,1,0,0.004598623366977238
INV005440,1,0,0.003866444099949505
INV005441,1,0,0.006478831436399394
INV005442,1,0,0.005387588108014884
INV005443,1,0,0.0024687053258033477
INV005444,1,0,0.001974533409629351
INV005445,1,0,0.007194167682909813
INV005446,1,0,0.004554344953268752
INV005447,1,0,0.006771192999773918
INV005448,1,0,0.002455294563168172
INV005449,1,0,0.00191208859017476
INV005450,1,0,0.004321727078629357
INV005451,1,0,0.005032730087500349
INV005452,1,0,0.004785047726413221
INV005453,1,0,0.0028638419298822075
INV005454,1,0,0.013482891957430451
INV005455,1,0,0.0014308997255188733
INV005456,1,0,0.007929073714111477
INV005457,1,0,0.002191383998067947
INV005458,1,0,0.005003737402937904
INV005459,1,0,0.004901279712178685
INV005460,1,0,0.002690671449240827
INV005461,1,0,0.005654461108202454
INV005462,1,0,0.0033373527696759467
INV005463,1,0,0.0031569569722790284
INV005464,1,0,0.004198739165670207
INV005465,1,0,0.0043053365188742325
INV005466,1,0,0.014373343184425222
INV005467,1,0,0.0037860830679788938
INV005468,1,0,0.0025373573553416308
INV005469,1,0,0.0018958389539892953
INV005470,1,0,0.005374267587850783
INV005471,1,0,0.0031080019017033795
INV005472,1,0,0.004518085084041046
INV005473,1,0,0.0012158743126810079
INV005474,1,0,0.006013159346744903
INV005475,-1,1,0.032202788034864864
INV005476,1,0,0.0032943858042913314
INV005477,1,0,0.0051838289016286464
INV005478,1,0,0.0023266824457567224
INV005479,1,0,0.003497832377258036
INV005480,1,0,0.0028063157375030796
INV005481,1,0,0.0033971064103230186
INV005482,1,0,0.0033037926860570916
INV005483,1,0,0.004352486081729201
INV005484,1,0,0.0023829830540542255
INV005485,1,0,0.0041103592139963094
INV005486,-1,1,0.03982589674324882
INV005487,1,0,0.0013814085768164579
INV005488,1,0,0.0014754725511098743
INV005489,1,0,0.0037896376271915997
INV005490,1,0,0.005013600795792835
INV005491,1,0,0.0028027260807629416
INV005492,1,0,0.002332461361351227
INV005493,1,0,0.000774748757739158
INV005494,1,0,0.002395440483396974
INV005495,1,0,0.004394556247634081
INV005496,1,0,0.0019164668692093813
INV005497,1,0,0.0055284235994624824
INV005498,1,0,0.002643802154543721
INV005499,1,0,0.0015187524774505198
INV005500,1,0,0.003281277672863934
INV005501,-1,1,0.03913247741219685
INV005502,1,0,0.0039060082231214474
INV005503,1,0,0.004128019498118991
INV005504,1,0,0.0019241378397526667
INV005505,1,0,0.009390608731396008
INV005506,1,0,0.005559236402559949
INV005507,1,0,0.012037471742813742
INV005508,-1,1,0.16583258761416664
INV005509,1,0,0.0026686120334100125
INV005510,1,0,0.002091724272461909
INV005511,1,0,0.0046378444018406245
INV005512,1,0,0.0036201340979776886
INV005513,1,0,0.002261681160701679
INV005514,1,0,0.005170498816709798
INV005515,1,0,0.0076205276010332
INV005516,1,0,0.003866800774079934
INV005517,1,0,0.004541548220386768
INV005518,1,0,0.002528973203824602
INV005519,1,0,0.005047438356493737
INV005520,1,0,0.0005519959208618928
INV005521,1,0,0.0032480744021035944
INV005522,1,0,0.005176384602353598
INV005523,1,0,0.006520233056142976
INV005524,1,0,0.003956975291875328
INV005525,1,0,0.005324212929729379
INV005526,1,0,0.006064601643476906
INV005527,1,0,0.002151743958963664
INV005528,1,0,0.0020637929192117615
INV005529,1,0,0.004239313777314771
INV005530,1,0,0.003295142948555836
INV005531,1,0,0.012611988530035893
INV005532,1,0,0.0036296752209746415
INV005533,1,0,0.005964776553012119
INV005534,1,0,0.007845005742564281
INV005535,1,0,0.005042281138601956
INV005536,1,0,0.0021816442794692545
INV005537,1,0,0.003042204720627145
INV005538,1,0,0.004507863184858757
INV005539,1,0,0.005099900488264013
INV005540,1,0,0.0023561128355102027
INV005541,1,0,0.0025854847836429555
INV005542,1,0,0.011874579735824934
INV005543,-1,1,0.04889259330858887
INV005544,1,0,0.0067280965044195975
INV005545,1,0,0.014722980590022264
INV005546,1,0,0.0035609499910434846
INV005547,1,0,0.0060802311991026625
INV005548,1,0,0.003374228956948552
INV005549,1,0,0.0023153255839749552
INV005550,1,0,0.005412177372953789
INV005551,1,0,0.003939861924858587
INV005552,1,0,0.002211078369549063
INV005553,1,0,0.00633523196606501
INV005554,1,0,0.0025703016856112415
INV005555,1,0,0.0028097839235992077
INV005556,1,0,0.006398999525568289
INV005557,1,0,0.002578919437558859
INV005558,1,0,0.003237298714714092
INV005559,1,0,0.005830659201347739
INV005560,1,0,0.004488120137766791
INV005561,1,0,0.006233170120565697
INV005562,1,0,0.002248298160457589
INV005563,1,0,0.0032412363929940277
INV005564,1,0,0.0030248775000921374
INV005565,1,0,0.002677050897287479
INV005566,1,0,0.001611140587748181
INV005567,1,0,0.012343280357798995
INV005568,1,0,0.004600451518896992
INV005569,1,0,0.0010257195228155452
INV005570,1,0,0.008750440349278804
INV005571,1,0,0.00394834275597328
INV005572,1,0,0.023592758572551074
INV005573,1,0,0.0028069280216618366
INV005574,1,0,0.002361461725016234
INV005575,1,0,0.002777654488688729
INV005576,1,0,0.002032661614557117
INV005577,1,0,0.008582196042011722
INV005578,-1,1,0.043374098573052675
INV005579,1,0,0.005044821862096561
INV005580,1,0,0.010143979766968797
INV005581,1,0,0.002089428369011481
INV005582,1,0,0.003301529619209819
INV005583,1,0,0.004865666124650715
INV005584,1,0,0.0024960592534129028
INV005585,1,0,0.0030335839030019482
INV005586,1,0,0.005046585246854304
INV005587,1,0,0.01046933694466394
INV005588,1,0,0.004993642024505687
INV005589,1,0,0.004007149750292005
INV005590,1,0,0.0018157114817804025
INV005591,1,0,0.003259955143507775
INV005592,1,0,0.003195927811290554
INV005593,1,0,0.006452611445065677
INV005594,1,0,0.002649874705927995
INV005595,1,0,0.006070536159032776
INV005596,1,0,0.005840057100541594
INV005597,1,0,0.00975811897744743
INV005598,1,0,0.0018896876380199218
INV005599,1,0,0.0037436104639038434
INV005600,1,0,0.002215813668816674
INV005601,1,0,0.005210870594371286
INV005602,1,0,0.005178297365626782
INV005603,1,0,0.025632149929776436
INV005604,1,0,0.0032773150926559674
INV005605,1,0,0.003632906398318316
INV005606,1,0,0.003627234074165315
INV005607,1,0,0.005056185095891909
INV005608,1,0,0.00519025013908984
INV005609,1,0,0.002424819379012437
INV005610,1,0,0.0037570955875063095
INV005611,1,0,0.004411963909032844
INV005612,1,0,0.007970112813600992
INV005613,1,0,0.003638138383784891
INV005614,1,0,0.004106971281252887
INV005615,1,0,0.004805984467875676
INV005616,1,0,0.008859131387683138
INV005617,1,0,0.0205735940638447
INV005618,1,0,0.003062452200865395
INV005619,1,0,0.0047356551555901875
INV005620,1,0,0.002173348110530076
INV005621,-1,1,0.03409609986187813
INV005622,1,0,0.005422296146965739
INV005623,1,0,0.004368228305242323
INV005624,1,0,0.0026446475753542377
INV005625,1,0,0.001598110306776051
INV005626,1,0,0.003826826819438702
INV005627,1,0,0.002643985639607848
INV005628,1,0,0.0029515829019328248
INV005629,1,0,0.003592119334909623
INV005630,1,0,0.004005471691457414
INV005631,1,0,0.002104756747243
INV005632,1,0,0.0016849031833863883
INV005633,1,0,0.002290942102069788
INV005634,1,0,0.015548869787749463
INV005635,1,0,0.0025297664716066206
INV005636,1,0,0.0019285645156313382
INV005637,1,0,0.009135611465187965
INV005638,1,0,0.005898369268328957
INV005639,1,0,0.004462776584324362
INV005640,1,0,0.0029339220568863405
INV005641,1,0,0.0024597873606126783
INV005642,1,0,0.028579096025006953
INV005643,1,0,0.004887702973983504
INV005644,1,0,0.0019877274598772646
INV005645,1,0,0.002110723659295199
INV005646,1,0,0.003512204643858553
INV005647,1,0,0.005757339353442152
INV005648,1,0,0.008695033837062527
INV005649,1,0,0.004426267926523702
INV005650,1,0,0.003159238494720658
INV005651,1,0,0.0011841067401748872
INV005652,1,0,0.00727994035477483
INV005653,1,0,0.0015468428765158999
INV005654,1,0,0.002899447901287856
INV005655,1,0,0.003817705117609589
INV005656,1,0,0.015432816996900387
INV005657,1,0,0.00669793402204666
INV005658,1,0,0.011861872959245085
INV005659,1,0,0.0022736893985158386
INV005660,1,0,0.0026527065664636346
INV005661,1,0,0.003746064659661411
INV005662,1,0,0.002959500286420368
INV005663,1,0,0.0032870844313170715
INV005664,1,0,0.0038174491105701187
INV005665,1,0,0.0036784567864812153
INV005666,1,0,0.0012226752531372123
INV005667,1,0,0.004813389289003181
INV005668,1,0,0.0022186806948154636
INV005669,1,0,0.007595972871751892
INV005670,1,0,0.003964163939620032
INV005671,1,0,0.0022635372525379666
INV005672,1,0,0.0011086701073665382
INV005673,1,0,0.011082112918404982
INV005674,1,0,0.002642257292714099
INV005675,1,0,0.009361345880674743
INV005676,1,0,0.008401321500259698
INV005677,1,0,0.0031846347596031018
INV005678,1,0,0.006794568736275774
INV005679,1,0,0.0017932156844351714
INV005680,1,0,0.004493510903411598
INV005681,1,0,0.005105330018611731
INV005682,1,0,0.004621599501139425
INV005683,1,0,0.0031615489259074294
INV005684,1,0,0.005412322745762199
INV005685,1,0,0.005313068415492856
INV005686,1,0,0.0063800187857641615
INV005687,1,0,0.005934704851726095
INV005688,1,0,0.004701520762855854
INV005689,1,0,0.003558699100358287
INV005690,1,0,0.01824767872975074
INV005691,1,0,0.01303563921310207
INV005692,1,0,0.0018038267028728564
INV005693,1,0,0.0017920323070115493
INV005694,1,0,0.0013577520833405693
INV005695,1,0,0.001644083490894882
INV005696,1,0,0.0020032174361297775
INV005697,1,0,0.005400032078853562
INV005698,1,0,0.0076541847622791925
INV005699,1,0,0.005585965513482307
INV005700,1,0,0.01833119112586061
INV005701,1,0,0.00139242179314075
INV005702,1,0,0.005638650786843434
INV005703,1,0,0.00212307251656817
INV005704,1,0,0.0019248211344440266
INV005705,1,0,0.009853664456923684
INV005706,1,0,0.002870726455962031
INV005707,1,0,0.003944793173287843
INV005708,1,0,0.0018859064715156927
INV005709,1,0,0.002206305797224946
INV005710,1,0,0.0025086755102780947
INV005711,1,0,0.0026119629298002015
INV005712,1,0,0.004020338805477584
INV005713,1,0,0.0023400039933384733
INV005714,1,0,0.004479087468408318
INV005715,1,0,0.0026867884229216416
INV005716,1,0,0.003557838095914412
INV005717,1,0,0.0018413130824827303
INV005718,1,0,0.009534873879437822
INV005719,1,0,0.009378876340821974
INV005720,1,0,0.001679737519071794
INV005721,1,0,0.0004953892215823811
INV005722,1,0,0.004279791668327152
INV005723,1,0,0.0030384852432402995
INV005724,1,0,0.0016769574268688757
INV005725,1,0,0.005330917884412789
INV005726,1,0,0.007271259720364099
INV005727,1,0,0.0056517909415884126
INV005728,1,0,0.002320421594366595
INV005729,1,0,0.002597529609236646
INV005730,1,0,0.004595737239154696
INV005731,1,0,0.0046337535177520105
INV005732,1,0,0.0021223402666269557
INV005733,1,0,0.009483082966740957
INV005734,1,0,0.005046406446006078
INV005735,1,0,0.004867075237543462
INV005736,1,0,0.004947061168157997
INV005737,1,0,0.026464467695398997
INV005738,1,0,0.002952441065963319
INV005739,1,0,0.01310262373013435
INV005740,1,0,0.0059948292272378936
INV005741,1,0,0.00223870219517284
INV005742,1,0,0.0021322081089604683
INV005743,1,0,0.004171159911913043
INV005744,-1,1,0.05096013956447782
INV005745,1,0,0.00280472952931694
INV005746,1,0,0.0035952628202774823
INV005747,1,0,0.0024590611066746997
INV005748,1,0,0.005230842421486736
INV005749,1,0,0.0023246560327227035
INV005750,1,0,0.004708973327330884
INV005751,1,0,0.00188968763801991
INV005752,1,0,0.00887026263968096
INV005753,1,0,0.003670021557429151
INV005754,1,0,0.0069781012920464664
INV005755,1,0,0.0031851885920609843
INV005756,1,0,0.003096610315366227
INV005757,1,0,0.010881175728087758
INV005758,1,0,0.003719753004882731
INV005759,1,0,0.006912956584404613
INV005760,1,0,0.0022687536289655603
INV005761,1,0,0.013885484011971212
INV005762,1,0,0.0014633797512192167
INV005763,1,0,0.003165620556685897
INV005764,1,0,0.012242240457828088
INV005765,1,0,0.002740952792457129
INV005766,1,0,0.006282780502391829
INV005767,1,0,0.004840164514065779
INV005768,1,0,0.0015933853466803122
INV005769,1,0,0.003390363341623248
INV005770,1,0,0.004248929522772194
INV005771,1,0,0.0018070590487329681
INV005772,1,0,0.0028637311995018174
INV005773,1,0,0.0021489889412542877
INV005774,1,0,0.0021798869492278623
INV005775,1,0,0.004814054434393245
INV005776,1,0,0.0038466005717273776
INV005777,1,0,0.00902986479903186
INV005778,1,0,0.009429918417455925
INV005779,1,0,0.004024894376653242
INV005780,1,0,0.0032695411810376106
INV005781,-1,1,0.19708313418057588
INV005782,1,0,0.0035827702857498655
INV005783,1,0,0.007095267028519308
INV005784,1,0,0.002912672852768219
INV005785,1,0,0.0017869589547160217
INV005786,1,0,0.0037301545575445594
INV005787,1,0,0.026908281250672596
INV005788,1,0,0.0037818327551311904
INV005789,1,0,0.003341281400385963
INV005790,1,0,0.001882972985734544
INV005791,1,0,0.003359843508472798
INV005792,1,0,0.007270765022636632
INV005793,1,0,0.001792032307011567
INV005794,1,0,0.00736198715444175
INV005795,1,0,0.0036972199110567906
INV005796,1,0,0.00344746073700546
INV005797,1,0,0.013215320730827342
INV005798,1,0,0.0011473276763683095
INV005799,1,0,0.005876721651722155
INV005800,1,0,0.0014200966257142732
INV005801,1,0,0.0026436155993052645
INV005802,1,0,0.001360608857653752
INV005803,1,0,0.003926144725194736
INV005804,1,0,0.004344649218670172
INV005805,1,0,0.00481564048813913
INV005806,1,0,0.006872714399056694
INV005807,1,0,0.005415667787338587
INV005808,1,0,0.00883942876668455
INV005809,1,0,0.0017790318334652338
INV005810,1,0,0.003076245464503986
INV005811,1,0,0.001945364776676125
INV005812,1,0,0.003949890583816533
INV005813,1,0,0.001248761324330245
INV005814,1,0,0.007581823152263933
INV005815,1,0,0.0029115884648520684
INV005816,1,0,0.003054177350772513
INV005817,1,0,0.003558289648914094
INV005818,1,0,0.004022315762225537
INV005819,1,0,0.0035048788973865404
INV005820,1,0,0.004264826225751889
INV005821,1,0,0.005256558369300424
INV005822,1,0,0.002038771598532273
INV005823,1,0,0.0027700157766192162
INV005824,1,0,0.0003415415369809444
INV005825,1,0,0.004268570365819181
INV005826,1,0,0.003915459490622021
INV005827,1,0,0.0016934269056729228
INV005828,1,0,0.0021910460614564388
INV005829,1,0,0.005478709465382426
INV005830,1,0,0.0040450066434236905
INV005831,1,0,0.0029594647789413127
INV005832,1,0,0.004268329353122158
INV005833,1,0,0.002749055607168402
INV005834,1,0,0.005277273304952538
INV005835,1,0,0.0030588758608322895
INV005836,1,0,0.0037168663506351447
INV005837,1,0,0.003465691172289217
INV005838,1,0,0.006172536692325407
INV005839,1,0,0.00337535718843986
INV005840,1,0,0.004880209713921442
INV005841,1,0,0.006133192439086445
INV005842,1,0,0.003735708429407044
INV005843,1,0,0.014496305736348695
INV005844,1,0,0.005631517108876662
INV005845,1,0,0.003893954081392146
INV005846,1,0,0.009054906599862793
INV005847,1,0,0.003689503103117667
INV005848,1,0,0.0025514595060116205
INV005849,1,0,0.002637672531921794
INV005850,1,0,0.0033844077250509376
INV005851,1,0,0.009502847156899037
INV005852,1,0,0.0024028705780050922
INV005853,1,0,0.004469035854389211
INV005854,1,0,0.0019908016118270217
INV005855,1,0,0.0030506424759866747
INV005856,1,0,0.0011963122542452264
INV005857,1,0,0.004074843466685488
INV005858,1,0,0.007794755069058093
INV005859,1,0,0.0028762286117615153
INV005860,1,0,0.01988837414179381
INV005861,1,0,0.001981419556013965
INV005862,1,0,0.0028044535587401415
INV005863,1,0,0.002273977743855427
INV005864,1,0,0.01891312296901762
INV005865,1,0,0.0027016570409637126
INV005866,1,0,0.00322330501541514
INV005867,1,0,0.002103883672450251
INV005868,1,0,0.00220027465019016
INV005869,1,0,0.004986053100732666
INV005870,1,0,0.0053278535785970344
INV005871,1,0,0.011257105201067522
INV005872,1,0,0.007026789173059056
INV005873,1,0,0.0024427114775855546
INV005874,1,0,0.021270319388304402
INV005875,1,0,0.013854224277596654
INV005876,1,0,0.0054928030075413505
INV005877,1,0,0.00972164819445621
INV005878,1,0,0.0022428957098626725
INV005879,1,0,0.008814958524442
INV005880,1,0,0.0031493382777464836
INV005881,1,0,0.0021222098221739707
INV005882,1,0,0.002921316360298636
INV005883,-1,1,0.033187465704387666
INV005884,1,0,0.001562834799163901
INV005885,1,0,0.005956543785351141
INV005886,1,0,0.002473245890433237
INV005887,1,0,0.0020644999088134234
INV005888,1,0,0.0022683312938384524
INV005889,1,0,0.0016538477389036069
INV005890,1,0,0.004546996797017645
INV005891,1,0,0.0026860492662844687
INV005892,1,0,0.0016702948489505172
INV005893,1,0,0.0014763679469032836
INV005894,1,0,0.005462617764695794
INV005895,1,0,0.004725818430069356
INV005896,1,0,0.0023939469070436586
INV005897,1,0,0.001470709947670906
INV005898,1,0,0.00279905685901455
INV005899,1,0,0.011346291571175348
INV005900,1,0,0.009093747925789864
INV005901,-1,1,0.0333833747661276
INV005902,1,0,0.002480338043033611
INV005903,1,0,0.002177587396487848
INV005904,1,0,0.013094250277745873
INV005905,1,0,0.0024196400689239965
INV005906,1,0,0.0018851229698204186
INV005907,1,0,0.003968075700505114
INV005908,1,0,0.013766855571043162
INV005909,1,0,0.005940741769044533
INV005910,1,0,0.004446729664120906
INV005911,1,0,0.002132852094068683
INV005912,1,0,0.0034976285311152933
INV005913,1,0,0.0032195149117295067
INV005914,1,0,0.0031559399683683087
INV005915,1,0,0.004779250159510594
INV005916,1,0,0.003139551526227632
INV005917,1,0,0.002188864562728753
INV005918,1,0,0.0017269571115750637
INV005919,1,0,0.003340731999610564
INV005920,1,0,0.0038483272792895124
INV005921,1,0,0.02937947118169535
INV005922,1,0,0.009764069852603214
INV005923,1,0,0.004770139948983193
INV005924,1,0,0.005038529026443593
INV005925,1,0,0.00396971426729468
INV005926,1,0,0.004639525676216772
INV005927,1,0,0.0030608450723169766
INV005928,1,0,0.0043767419477068565
INV005929,-1,1,0.03920115425161063
INV005930,1,0,0.001831496113365784
INV005931,1,0,0.002043522406656794
INV005932,1,0,0.021978367309509275
INV005933,-1,1,0.03746797263589492
INV005934,1,0,0.0030067584307570477
INV005935,1,0,0.0061663047069998
INV005936,1,0,0.005232436776833653
INV005937,1,0,0.01749714699172101
INV005938,1,0,0.010548795368746663
INV005939,1,0,0.0044811294259972986
INV005940,1,0,0.002537013925065701
INV005941,1,0,0.0017556545760551213
INV005942,1,0,0.006452254476027235
INV005943,1,0,0.0019007341736119042
INV005944,1,0,0.003958521543946672
INV005945,1,0,0.002926238244514417
INV005946,1,0,0.01949170009209582
INV005947,1,0,0.002083405514461656
INV005948,1,0,0.0025039804233885103
INV005949,1,0,0.005959873652710924
INV005950,1,0,0.001852315895671465
INV005951,1,0,0.0037128657991338195
INV005952,1,0,0.0022996027128981585
INV005953,1,0,0.009049634021512102
INV005954,1,0,0.005842261235939829
INV005955,1,0,0.002692845717360845
INV005956,1,0,0.004982895911375328
INV005957,1,0,0.00275455048913991
INV005958,1,0,0.0033335996957088044
INV005959,1,0,0.0032703581258520234
INV005960,1,0,0.008586729177331942
INV005961,-1,1,0.030237566875751312
INV005962,1,0,0.006255425126948865
INV005963,1,0,0.009438462611893227
INV005964,1,0,0.002783869408904786
INV005965,1,0,0.003903119605896462
INV005966,1,0,0.003370457357336327
INV005967,1,0,0.0042145517086395225
INV005968,1,0,0.002664331187799733
INV005969,1,0,0.0057009891911830955
INV005970,1,0,0.0019693350918356207
INV005971,1,0,0.0025638782994160257
INV005972,1,0,0.003042561277597258
INV005973,1,0,0.004350828792900591
INV005974,1,0,0.004861111816352805
INV005975,1,0,0.002332925097437347
INV005976,1,0,0.0009731749376434373
INV005977,1,0,0.002504839539182739
INV005978,1,0,0.003008972600149004
INV005979,1,0,0.006033224663628858
INV005980,1,0,0.0019097167908548362
INV005981,1,0,0.0044404460564244795
INV005982,1,0,0.0018090724318258519
INV005983,1,0,0.0028158176312751775
INV005984,-1,1,0.0380334105188844
INV005985,1,0,0.001777221195007907
INV005986,1,0,0.002900915821251163
INV005987,1,0,0.003102365154313802
INV005988,1,0,0.004921214560211557
INV005989,1,0,0.004854806845380722
INV005990,1,0,0.0040273188405294405
INV005991,1,0,0.004656326384480554
INV005992,1,0,0.006727184216100382
INV005993,1,0,0.008166573205890818
INV005994,1,0,0.003396839054961666
INV005995,1,0,0.002598405727605858
INV005996,1,0,0.002355909463303195
INV005997,1,0,0.002223810316920335
INV005998,1,0,0.002300608493346526
INV005999,1,0,0.005269637717134375
INV006000,1,0,0.0047225393431409735
INV006001,1,0,0.027934466340290807
INV006002,1,0,0.005062897759407644
INV006003,1,0,0.0019472419265251558
INV006004,1,0,0.002185903017938046
INV006005,1,0,0.005108775894367643
INV006006,1,0,0.008054376168136132
INV006007,1,0,0.007350385925512947
INV006008,1,0,0.003074482808817366
INV006009,1,0,0.003524644351315527
INV006010,1,0,0.0020461619595543786
INV006011,1,0,0.004106234175559918
INV006012,1,0,0.003185957164747537
INV006013,1,0,0.002754895163874575
INV006014,1,0,0.0028296153456984587
INV006015,1,0,0.01298394600624169
INV006016,1,0,0.002204973354590853
INV006017,1,0,0.004271084446861177
INV006018,1,0,0.0032201375791226757
INV006019,1,0,0.0042455738879571235
INV006020,1,0,0.0027453071316319412
INV006021,1,0,0.006005168332534921
INV006022,1,0,0.018490545734228734
INV006023,1,0,0.009125727247680111
INV006024,1,0,0.0088961183396177
INV006025,1,0,0.0023677436933745057
INV006026,1,0,0.0018850731828592227
INV006027,1,0,0.0019052722730485722
INV006028,1,0,0.012671301006620853
INV006029,1,0,0.0027933312412379116
INV006030,1,0,0.008497710649690448
INV006031,1,0,0.002779969680283419
INV006032,1,0,0.0018272538797404017
INV006033,1,0,0.001997636528166085
INV006034,1,0,0.005140227556495774
INV006035,1,0,0.007236170302618305
INV006036,1,0,0.002119922893288573
INV006037,1,0,0.003819175738898502
INV006038,1,0,0.005438410588675972
INV006039,1,0,0.001498900189675076
INV006040,1,0,0.003510065013910328
INV006041,1,0,0.002093458724439762
INV006042,1,0,0.003306644226829841
INV006043,1,0,0.0037481472952492277
INV006044,1,0,0.010686205447733648
INV006045,1,0,0.0062010081325666756
INV006046,1,0,0.0027501469853861656
INV006047,1,0,0.02818366290387152
INV006048,1,0,0.005597519633989277
INV006049,1,0,0.0027046617768379266
INV006050,-1,1,0.04153535893691912
INV006051,1,0,0.015428724595229546
INV006052,1,0,0.0023896222619931447
INV006053,1,0,0.00770918104383358
INV006054,1,0,0.0075476264109623735
INV006055,1,0,0.002645893223375683
INV006056,1,0,0.0029387871414270584
INV006057,1,0,0.016129592653459826
INV006058,1,0,0.0034522649465681568
INV006059,1,0,0.0063136122919218145
INV006060,1,0,0.01943871341031984
INV006061,1,0,0.002254464302003061
INV006062,1,0,0.00174727341307585
INV006063,1,0,0.006113031979366316
INV006064,1,0,0.005744515784014825
INV006065,1,0,0.0038652754585900826
INV006066,1,0,0.0019228973485451387
INV006067,1,0,0.003502438680776874
INV006068,1,0,0.01902952232007397
INV006069,1,0,0.004857547020856806
INV006070,1,0,0.0046529809402423355
INV006071,1,0,0.0016020911050186105
INV006072,1,0,0.003225080580277745
INV006073,1,0,0.009745019920204556
INV006074,1,0,0.0020886600007013565
INV006075,1,0,0.0029335546168479487
INV006076,1,0,0.005978501715790632
INV006077,1,0,0.004248562993278133
INV006078,1,0,0.002905198733876668
INV006079,-1,1,0.045457086785641296
INV006080,1,0,0.005011012088173504
INV006081,1,0,0.004425127902855343
INV006082,1,0,0.00315506524736162
INV006083,1,0,0.0017010623351264417
INV006084,1,0,0.0025341359255938133
INV006085,1,0,0.007753481495830199
INV006086,1,0,0.0030960192897026874
INV006087,1,0,0.002433849186723312
INV006088,1,0,0.002979018141928764
INV006089,1,0,0.0013613662587057722
INV006090,1,0,0.0016393893366867798
INV006091,1,0,0.001752272770946627
INV006092,1,0,0.0026850119228323146
INV006093,1,0,0.0178161748213263
INV006094,1,0,0.0030323375146417463
INV006095,1,0,0.005325562348852005
INV006096,1,0,0.0053781739977909245
INV006097,1,0,0.004647913461191321
INV006098,1,0,0.0032856035650957348
INV006099,1,0,0.006397044435012295
INV006100,1,0,0.006530571426531595
INV006101,1,0,0.0023897399950212838
INV006102,1,0,0.0022521576623983314
INV006103,1,0,0.005473117341408052
INV006104,1,0,0.003001751330144032
INV006105,1,0,0.003752970922933916
INV006106,1,0,0.005862322036592613
INV006107,1,0,0.0026513973456195354
INV006108,1,0,0.007913335153337296
INV006109,1,0,0.015534744398978543
INV006110,1,0,0.004502087957072311
INV006111,1,0,0.005797993232905484
INV006112,1,0,0.005706061412894505
INV006113,1,0,0.003372102685346284
INV006114,1,0,0.006059651333959171
INV006115,1,0,0.005566854411200099
INV006116,1,0,0.003982644430445972
INV006117,1,0,0.021070482767368903
INV006118,1,0,0.015374978677318768
INV006119,1,0,0.0046535061298081685
INV006120,1,0,0.005692092378550849
INV006121,1,0,0.003954313928479124
INV006122,1,0,0.003899268284080429
INV006123,1,0,0.003574479441648506
INV006124,1,0,0.004057763622682414
INV006125,1,0,0.0033735353552850813
INV006126,1,0,0.008113506559804204
INV006127,1,0,0.007038324346531671
INV006128,1,0,0.0030158935116570956
INV006129,1,0,0.0029145383005431415
INV006130,1,0,0.0032550589628231627
INV006131,1,0,0.006852804712192536
INV006132,1,0,0.0043392472805873165
INV006133,1,0,0.00227081070066967
INV006134,1,0,0.002937060261073231
INV006135,1,0,0.013523788939569641
INV006136,1,0,0.002405926991600561
INV006137,1,0,0.0037232407777638794
INV006138,1,0,0.003630147945626755
INV006139,1,0,0.004297653484354733
INV006140,1,0,0.0020634389003542928
INV006141,1,0,0.0031486180289025225
INV006142,1,0,0.0024209719533103773
INV006143,1,0,0.00315096743144285
INV006144,1,0,0.0027181032553061975
INV006145,1,0,0.0024156317670830725
INV006146,1,0,0.0026068225247830768
INV006147,1,0,0.004543496389699904
INV006148,1,0,0.00412233599256633
INV006149,1,0,0.003924069506578862
INV006150,1,0,0.004707488849253212
INV006151,1,0,0.0037939257645614585
INV006152,1,0,0.0025140942285654384
INV006153,1,0,0.005312760305100418
INV006154,1,0,0.006535494850738251
INV006155,1,0,0.0015798052817210613
INV006156,1,0,0.002467002547165829
INV006157,1,0,0.010184516708950948
INV006158,1,0,0.0012555470505877964
INV006159,1,0,0.0054225833738561205
INV006160,1,0,0.0025161546718404262
INV006161,1,0,0.0038810787583457894
INV006162,1,0,0.001121395235546895
INV006163,1,0,0.0048056776682746305
INV006164,1,0,0.010041233755403384
INV006165,1,0,0.0022510429733042414
INV006166,1,0,0.0026479460461419696
INV006167,1,0,0.00202547857151695
INV006168,1,0,0.0019198309519936718
INV006169,1,0,0.0011988559400244836
INV006170,1,0,0.0020027497140234643
INV006171,1,0,0.011008762309239408
INV006172,1,0,0.005624079910006459
INV006173,1,0,0.0023116544280838165
INV006174,1,0,0.009553877629294315
INV006175,1,0,0.0033585074524985054
INV006176,1,0,0.0026169301219284174
INV006177,1,0,0.002947683949676835
INV006178,1,0,0.0058136677687999905
INV006179,1,0,0.00540538026599307
INV006180,1,0,0.005087106714081073
INV006181,1,0,0.0027736291045938628
INV006182,1,0,0.015545083647109947
INV006183,1,0,0.0031718233241870303
INV006184,1,0,0.0030482405604888114
INV006185,1,0,0.0022086138259424766
INV006186,1,0,0.0036308974144230377
INV006187,1,0,0.0012350127539527626
INV006188,1,0,0.005228445392062382
INV006189,1,0,0.0031898924096748216
INV006190,1,0,0.0015080940582525902
INV006191,1,0,0.007673755316112033
INV006192,1,0,0.0030977740799541477
INV006193,1,0,0.01923879165837151
INV006194,1,0,0.0023488812346787544
INV006195,1,0,0.003489192195958882
INV006196,1,0,0.008457029619262677
INV006197,-1,1,0.03814660510380807
INV006198,1,0,0.0019135315484674537
INV006199,1,0,0.006914925792276097
INV006200,1,0,0.012228379879480805
INV006201,1,0,0.003736765333353747
INV006202,1,0,0.005428486279094375
INV006203,1,0,0.002379444737315957
INV006204,1,0,0.006126450697277916
INV006205,1,0,0.0011086701073665382
INV006206,1,0,0.0027834353530919553
INV006207,1,0,0.01714983104966995
INV006208,1,0,0.0022408163616279694
INV006209,1,0,0.007123434487293714
INV006210,1,0,0.0028353961105807707
INV006211,1,0,0.002494706185850727
INV006212,1,0,0.002129834394319063
INV006213,1,0,0.0015776869588462743
INV006214,1,0,0.005072910370019567
INV006215,1,0,0.001740683317336647
INV006216,1,0,0.00628476538081918
INV006217,1,0,0.00415249826041329
INV006218,1,0,0.0039111038978835565
INV006219,-1,1,0.03333110480254738
INV006220,1,0,0.004157394718966778
INV006221,1,0,0.002973876203034283
INV006222,1,0,0.0022246335862751883
INV006223,1,0,0.00324501093956567
INV006224,1,0,0.005334690939303712
INV006225,1,0,0.0021003188084790844
INV006226,1,0,0.004990921349785663
INV006227,1,0,0.002302739269966774
INV006228,1,0,0.0017259122601737272
INV006229,1,0,0.005158397725259031
INV006230,1,0,0.005393987362823732
INV006231,1,0,0.003577747516304407
INV006232,1,0,0.004920789973935224
INV006233,1,0,0.0035069493712917904
INV006234,1,0,0.0026860258703501044
INV006235,1,0,0.00335925027688864
INV006236,1,0,0.0044184798828457
INV006237,1,0,0.0023442769671846034
INV006238,1,0,0.0021353472238312644
INV006239,1,0,0.0012225926842253422
INV006240,1,0,0.0038975175726904954
INV006241,1,0,0.004287656103756083
INV006242,1,0,0.0022755680289653097
INV006243,1,0,0.003206093169189414
INV006244,1,0,0.0033167639652604336
INV006245,1,0,0.0033255319520577946
INV006246,1,0,0.003509623905363095
INV006247,1,0,0.0035094664144421257
INV006248,1,0,0.0045673420539485195
INV006249,1,0,0.0019431882975238127
INV006250,1,0,0.02838891056466094
INV006251,1,0,0.003598496326693287
INV006252,1,0,0.003982783702824545
INV006253,1,0,0.004809633191021366
INV006254,1,0,0.005165304447118736
INV006255,1,0,0.002011919615845519
INV006256,1,0,0.002662965959666576
INV006257,1,0,0.002855886694061561
INV006258,1,0,0.0022877184860361057
INV006259,1,0,0.003928251244559155
INV006260,1,0,0.0035238338232010257
INV006261,1,0,0.0044260908614279105
INV006262,1,0,0.005180174495751537
INV006263,1,0,0.0020454227581610997
INV006264,1,0,0.005393349135359038
INV006265,1,0,0.002948981002086851
INV006266,1,0,0.0028950035628194488
INV006267,1,0,0.002506918333040879
INV006268,1,0,0.003344337605272767
INV006269,1,0,0.0029888217948623418
INV006270,1,0,0.006105958766726027
INV006271,1,0,0.0035933287713074183
INV006272,1,0,0.008152507787934055
INV006273,1,0,0.0033436513569465713
INV006274,1,0,0.006565853270184904
INV006275,1,0,0.0035731577789233676
INV006276,1,0,0.0031639240413336165
INV006277,1,0,0.002471079723034825
INV006278,1,0,0.007920157803703573
INV006279,1,0,0.009698306748534167
INV006280,1,0,0.004392836559942053
INV006281,1,0,0.006366668722318345
INV006282,1,0,0.0017116101192500685
INV006283,1,0,0.002468123560122779
INV006284,1,0,0.0014673727999192296
INV006285,1,0,0.0035261646011541994
INV006286,1,0,0.005367416702318695
INV006287,1,0,0.004860889851179332
INV006288,1,0,0.004375796997331326
INV006289,1,0,0.006926127775853939
INV006290,1,0,0.0030006920973195735
INV006291,1,0,0.0038928510358469314
INV006292,1,0,0.0023353665017521634
INV006293,1,0,0.005674641687530306
INV006294,1,0,0.010300492045897365
INV006295,1,0,0.0046884265683769
INV006296,1,0,0.0029030267575098968
INV006297,1,0,0.005164852642071858
INV006298,1,0,0.018464250660544988
INV006299,1,0,0.009084209917698366
INV006300,1,0,0.007752836364702232
INV006301,1,0,0.0041783419642902496
INV006302,1,0,0.007916410307955979
INV006303,1,0,0.003453886502312495
INV006304,1,0,0.0033098915686948847
INV006305,1,0,0.00302849324755506
INV006306,1,0,0.0056469239762742375
INV006307,1,0,0.0036597742112644605
INV006308,1,0,0.001609770125885982
INV006309,1,0,0.003655332255826146
INV006310,1,0,0.003980609698887801
INV006311,1,0,0.0038795780556304324
INV006312,1,0,0.002918090159288387
INV006313,1,0,0.0017509355313638465
INV006314,1,0,0.002559331465098514
INV006315,1,0,0.013912252753015353
INV006316,1,0,0.0039028142064004715
INV006317,1,0,0.005546668489144289
INV006318,1,0,0.003224485579996626
INV006319,1,0,0.0036349297612121426
INV006320,1,0,0.00530190601972205
INV006321,1,0,0.0017624401827561421
INV006322,1,0,0.003060266014309864
INV006323,1,0,0.0014182073405051541
INV006324,1,0,0.007902077547077242
INV006325,1,0,0.02240990788061434
INV006326,1,0,0.00268538300594052
INV006327,1,0,0.012958255495088248
INV006328,1,0,0.0032490661672781532
INV006329,1,0,0.002789899972015729
INV006330,1,0,0.007864677513412523
INV006331,1,0,0.0032139333134565263
INV006332,1,0,0.005477729705027245
INV006333,1,0,0.0020125779341333416
INV006334,1,0,0.00244740307873755
INV006335,1,0,0.0027256356994437405
INV006336,1,0,0.00410796306741111
INV006337,1,0,0.001498109664521651
INV006338,1,0,0.00729506436875881
INV006339,1,0,0.028383243974241783
INV006340,1,0,0.0017606606262430306
INV006341,1,0,0.0039854627399394625
INV006342,1,0,0.0037815317690076742
INV006343,1,0,0.005037576927001927
INV006344,1,0,0.002989365115308003
INV006345,1,0,0.0050037107138432195
INV006346,1,0,0.002453735298115261
INV006347,1,0,0.005120942722491744
INV006348,1,0,0.0029228797185333897
INV006349,1,0,0.007857416580196471
INV006350,1,0,0.008349186978447162
INV006351,1,0,0.003669977039772632
INV006352,1,0,0.006481316184213901
INV006353,1,0,0.0034199662503421355
INV006354,1,0,0.0028468665258180445
INV006355,1,0,0.006126869620866601
INV006356,1,0,0.0021601713799682463
INV006357,1,0,0.012566048770655406
INV006358,1,0,0.0028069280216618366
INV006359,1,0,0.0012204480777322482
INV006360,1,0,0.00406481593783677
INV006361,1,0,0.0021298216050934867
INV006362,1,0,0.0014681564544235953
INV006363,1,0,0.003917172107706458
INV006364,1,0,0.0025130803493881564
INV006365,1,0,0.003907111427843073
INV006366,1,0,0.0036961303656175303
INV006367,1,0,0.0023830427679702422
INV006368,1,0,0.0034764065842374636
INV006369,1,0,0.008721557040031242
INV006370,1,0,0.0010960980408550832
INV006371,1,0,0.002936367797057994
INV006372,1,0,0.009896077336944448
INV006373,1,0,0.002234257519825682
INV006374,1,0,0.0031412034611413365
INV006375,1,0,0.010861551158565918
INV006376,1,0,0.00409537378122037
INV006377,1,0,0.015631818054228752
INV006378,1,0,0.0036130885615986105
INV006379,1,0,0.003803454935484509
INV006380,1,0,0.00235182945449475
INV006381,1,0,0.0037075026875113253
INV006382,1,0,0.003307206662058277
INV006383,1,0,0.004622593225995262
INV006384,1,0,0.004384457650789688
INV006385,1,0,0.0023310499311422293
INV006386,1,0,0.012965413270568804
INV006387,1,0,0.004086414397278825
INV006388,1,0,0.004227341961292637
INV006389,1,0,0.004201330580249573
INV006390,1,0,0.0043008136305727074
INV006391,1,0,0.012769779620439134
INV006392,1,0,0.008564675775386553
INV006393,1,0,0.004340406407155358
INV006394,1,0,0.004259563268574237
INV006395,1,0,0.0018431517946214694
INV006396,1,0,0.003823648900455949
INV006397,1,0,0.004782216509181445
INV006398,1,0,0.019914576403294523
INV006399,1,0,0.0029299093917678513
INV006400,1,0,0.001976749160459428
INV006401,1,0,0.0033462125719837437
INV006402,1,0,0.004419962876080969
INV006403,1,0,0.003079611574048931
INV006404,1,0,0.0015669172649439309
INV006405,1,0,0.00201572241893452
INV006406,1,0,0.0014076599857572119
INV006407,1,0,0.001610015912393402
INV006408,1,0,0.008158561048535093
INV006409,1,0,0.0036861278070034454
INV006410,1,0,0.0027096545705189465
INV006411,1,0,0.00858494425504979
INV006412,1,0,0.00222830971734944
INV006413,1,0,0.003552599022337344
INV006414,1,0,0.0014895843913036429
INV006415,1,0,0.008519224819580848
INV006416,1,0,0.0018018874882409523
INV006417,1,0,0.0034761703953634345
INV006418,1,0,0.005767245357456417
INV006419,1,0,0.0010266224728275727
INV006420,1,0,0.0017996990081666944
INV006421,1,0,0.002743750629712257
INV006422,1,0,0.0020005025273101174
INV006423,1,0,0.0044647055728566235
INV006424,1,0,0.002696236865558944
INV006425,1,0,0.0020429486035018246
INV006426,1,0,0.0042928185108722944
INV006427,1,0,0.0027814914020449903
INV006428,1,0,0.01064401945464786
INV006429,1,0,0.0032789433582831487
INV006430,1,0,0.004805605811556632
INV006431,1,0,0.00274320562871355
INV006432,1,0,0.0041347097368913495
INV006433,1,0,0.0036838260781599384
INV006434,1,0,0.0023432375136549777
INV006435,1,0,0.0027107808290510143
INV006436,1,0,0.02605010658285607
INV006437,1,0,0.005830646526358904
INV006438,1,0,0.0071420230207898255
INV006439,1,0,0.001725310112499507
INV006440,1,0,0.005490964442703441
INV006441,1,0,0.005922911595285965
INV006442,1,0,0.008892974225363086
INV006443,1,0,0.0018502530610256846
INV006444,1,0,0.0026094308916156323
INV006445,1,0,0.0026798930639407143
INV006446,1,0,0.002515905697967595
INV006447,1,0,0.0026971273724300834
INV006448,1,0,0.007636054093489106
INV006449,1,0,0.003419822461676799
INV006450,1,0,0.005866565460962207
INV006451,1,0,0.0066826527226094504
INV006452,1,0,0.006601275285097109
INV006453,1,0,0.0035753291645886217
INV006454,-1,1,0.21796081874533058
INV006455,1,0,0.0024334261814396097
INV006456,1,0,0.004508521643539209
INV006457,1,0,0.0045719454222516945
INV006458,1,0,0.01146703191787622
INV006459,-1,1,0.03083514025252862
INV006460,1,0,0.004009678216739063
INV006461,1,0,0.0038364278053283395
INV006462,1,0,0.0024430189211969927
INV006463,1,0,0.005666320875708531
INV006464,1,0,0.002689106063389479
INV006465,1,0,0.006015960996931665
INV006466,1,0,0.00809349294373871
INV006467,1,0,0.00795184898431485
INV006468,1,0,0.0034235192254912666
INV006469,1,0,0.0031029451507605037
INV006470,1,0,0.0045549989712049465
INV006471,1,0,0.002271452788723997
INV006472,1,0,0.0033282306609143113
INV006473,1,0,0.003169535393752496
INV006474,1,0,0.002316241240706462
INV006475,1,0,0.004691397061036549
INV006476,1,0,0.003902701289023162
INV006477,1,0,0.012079313691490609
INV006478,1,0,0.002075955417059241
INV006479,1,0,0.003672720355682565
INV006480,1,0,0.001774346975528146
INV006481,1,0,0.0011911239282562163
INV006482,1,0,0.002346009504860956
INV006483,1,0,0.01658699137500812
INV006484,1,0,0.0038970514352738364
INV006485,1,0,0.003004244836633844
INV006486,1,0,0.0027336614437871933
INV006487,1,0,0.0043896882099527385
INV006488,1,0,0.003941979346934961
INV006489,1,0,0.008383323975143934
INV006490,1,0,0.0016459293079560584
INV006491,1,0,0.005153529455046471
INV006492,1,0,0.005680915525240753
INV006493,1,0,0.013818374237210216
INV006494,1,0,0.0015571376456778232
INV006495,1,0,0.0030668509461519848
INV006496,1,0,0.003633928063655956
INV006497,1,0,0.0036683256921623284
INV006498,1,0,0.0036097850703892937
INV006499,1,0,0.0037307540855437034
INV006500,1,0,0.0025654086377199627
INV006501,1,0,0.000894082613528781
INV006502,1,0,0.002704616194615308
INV006503,1,0,0.002207718594028964
INV006504,1,0,0.003875467356359
INV006505,1,0,0.00179749014382112
INV006506,1,0,0.004612271181478756
INV006507,1,0,0.003384867081747384
INV006508,1,0,0.00315175670534252
INV006509,1,0,0.0029674539912526
INV006510,1,0,0.0024383156030289756
INV006511,1,0,0.004089164663254418
INV006512,1,0,0.0035827921709180766
INV006513,1,0,0.0037019382350139294
INV006514,1,0,0.005102329050672267
INV006515,1,0,0.006302331751710955
INV006516,1,0,0.0040716562105217345
INV006517,1,0,0.0027574191528568696
INV006518,1,0,0.006855999550356324
INV006519,1,0,0.008281644617160418
INV006520,1,0,0.0020918324627863887
INV006521,1,0,0.0038450820596079437
INV006522,1,0,0.00720706921661453
INV006523,1,0,0.002395033293846846
INV006524,1,0,0.0022513915763714013
INV006525,1,0,0.0033719224949553097
INV006526,1,0,0.008919667542695773
INV006527,1,0,0.005745704793053887
INV006528,1,0,0.0030462766105825772
INV006529,1,0,0.020055215110416667
INV006530,1,0,0.006186906527298035
INV006531,1,0,0.008425515491256762
INV006532,1,0,0.004581524152369534
INV006533,1,0,0.004103549453848702
INV006534,1,0,0.006855903859405716
INV006535,-1,1,0.1121016969495452
INV006536,1,0,0.0033357233144297783
INV006537,1,0,0.0024928579392622325
INV006538,1,0,0.0030469015401853026
INV006539,1,0,0.001909014028345036
INV006540,1,0,0.003584441588269173
INV006541,1,0,0.004554104581267131
INV006542,1,0,0.015947141205942206
INV006543,-1,1,0.0308726337101439
INV006544,1,0,0.002720611858251499
INV006545,1,0,0.0026610710127184956
INV006546,1,0,0.002182654340011947
INV006547,1,0,0.015538377022991106
INV006548,1,0,0.01829532276346792
INV006549,1,0,0.003628090353767112
INV006550,1,0,0.0026660005993236983
INV006551,1,0,0.0028300646143647346
INV006552,1,0,0.0197429551638479
INV006553,1,0,0.002102586510575265
INV006554,1,0,0.0026850899090650185
INV006555,1,0,0.004243227156010378
INV006556,1,0,0.009639476947365631
INV006557,1,0,0.0024107524538085744
INV006558,1,0,0.0036247574341682167
INV006559,1,0,0.005878128377713121
INV006560,1,0,0.007505046918026219
INV006561,1,0,0.0024875916336124086
INV006562,1,0,0.006386195019605529
INV006563,1,0,0.0033072986919623197
INV006564,1,0,0.002770274041156394
INV006565,1,0,0.005325248624902287
INV006566,1,0,0.0025336505409093734
INV006567,1,0,0.001254006198472962
INV006568,1,0,0.0011911239282562163
INV006569,1,0,0.0009895552198405562
INV006570,1,0,0.0021385726080889638
INV006571,1,0,0.0013850441073452236
INV006572,1,0,0.002120478460091737
INV006573,1,0,0.0029075496637036543
INV006574,1,0,0.00132019935551742
INV006575,1,0,0.017847008902089418
INV006576,1,0,0.006175202494103181
INV006577,1,0,0.005112981119412362
INV006578,1,0,0.006261177218925414
INV006579,1,0,0.0036754026864280072
INV006580,1,0,0.009222828733076548
INV006581,1,0,0.00236058232783559
INV006582,1,0,0.005046535232127931
INV006583,1,0,0.002264421460372771
INV006584,-1,1,0.042263140973607324
INV006585,1,0,0.0019982691917864604
INV006586,1,0,0.0023446445642803172
INV006587,1,0,0.003768572559403408
INV006588,1,0,0.02031016589240339
INV006589,1,0,0.003743877558593898
INV006590,1,0,0.013321324058094431
INV006591,1,0,0.009901208618407495
INV006592,1,0,0.009341820425259178
INV006593,1,0,0.006368019122741542
INV006594,1,0,0.0019518280295889204
INV006595,1,0,0.023555494158444264
INV006596,1,0,0.005449390813472016
INV006597,1,0,0.0046375479853464525
INV006598,1,0,0.0037924902546511165
INV006599,1,0,0.0031649489863725764
INV006600,1,0,0.0011017011011652314
INV006601,1,0,0.003076903744174292
INV006602,1,0,0.005353260615686812
INV006603,1,0,0.0025634014074038276
INV006604,1,0,0.0023893056390350857
INV006605,1,0,0.0029377588840720967
INV006606,1,0,0.009439994533237451
INV006607,1,0,0.0019452909568870227
INV006608,1,0,0.003175153886434791
INV006609,1,0,0.0036049801956132845
INV006610,1,0,0.0017159314135729534
INV006611,1,0,0.004741247880933385
INV006612,1,0,0.0028009806913563474
INV006613,1,0,0.0017246449362122002
INV006614,1,0,0.010558157528246842
INV006615,1,0,0.009695941952111937
INV006616,1,0,0.004775412756191552
INV006617,1,0,0.0040731243992787065
INV006618,1,0,0.0029298442754724856
INV006619,1,0,0.0029491747685413774
INV006620,1,0,0.008052318187898385
INV006621,1,0,0.0017419080689768257
INV006622,1,0,0.01970869807606408
INV006623,1,0,0.0022058984756700606
INV006624,1,0,0.0004953892215823811
INV006625,1,0,0.0016712304081426396
INV006626,1,0,0.007149169192833858
INV006627,1,0,0.0037277811494054467
INV006628,1,0,0.004089056097657314
INV006629,1,0,0.005285333611953885
INV006630,1,0,0.003589339735900065
INV006631,1,0,0.008046559304107564
INV006632,1,0,0.0030277510210141184
INV006633,1,0,0.0028808310942649612
INV006634,1,0,0.002451312216358198
INV006635,1,0,0.006326009478861592
INV006636,1,0,0.0012013349995935961
INV006637,1,0,0.005179705708737357
INV006638,1,0,0.008055411536911163
INV006639,1,0,0.0039043882674030276
INV006640,1,0,0.0017803595327088517
INV006641,1,0,0.0016896628912510597
INV006642,1,0,0.002074076857465047
INV006643,1,0,0.0018730169446366587
INV006644,1,0,0.0067216632475616276
INV006645,1,0,0.005051996030936658
INV006646,1,0,0.00869788594232421
INV006647,1,0,0.0013839182016229408
INV006648,1,0,0.008414571761612234
INV006649,1,0,0.0005519959208618987
INV006650,1,0,0.003123555227768385
INV006651,1,0,0.003398378856791831
INV006652,1,0,0.012579422495513762
INV006653,1,0,0.003054343661378427
INV006654,1,0,0.005525725732165233
INV006655,1,0,0.003584959742308471
INV006656,1,0,0.008170813043849236
INV006657,1,0,0.0031566939984525783
INV006658,1,0,0.005437721333483842
INV006659,1,0,0.005600085127216998
INV006660,1,0,0.002512994724748777
INV006661,1,0,0.0027953191149178622
INV006662,1,0,0.00535757722343879
INV006663,1,0,0.0062092166650997895
INV006664,1,0,0.00364503173971206
INV006665,1,0,0.004628418362304687
INV006666,1,0,0.0023013740918437766
INV006667,1,0,0.006254682351431535
INV006668,1,0,0.0039666769033812254
INV006669,1,0,0.0014122157697872484
INV006670,1,0,0.0027329651510129816
INV006671,1,0,0.004301383031449528
INV006672,1,0,0.02015505391989252
INV006673,1,0,0.004314574155370386
INV006674,1,0,0.00708444869568292
INV006675,1,0,0.002672409442202258
INV006676,1,0,0.005494282533605632
INV006677,1,0,0.003630508377241584
INV006678,1,0,0.00445955911845204
INV006679,1,0,0.00873453842943056
INV006680,1,0,0.003995207582650404
INV006681,1,0,0.005579889895801837
INV006682,1,0,0.005241062016629197
INV006683,1,0,0.003549738943926318
INV006684,1,0,0.004701609879794405
INV006685,1,0,0.0018848003805023439
INV006686,1,0,0.002474999804610773
INV006687,1,0,0.015197760043871116
INV006688,1,0,0.020479458575620342
INV006689,1,0,0.002585648344110392
INV006690,1,0,0.0030355772154343854
INV006691,1,0,0.002177339114372714
INV006692,1,0,0.0024877433459563163
INV006693,1,0,0.012068387095056149
INV006694,1,0,0.001277992142506594
INV006695,1,0,0.005064246366575042
INV006696,1,0,0.002861740560550638
INV006697,1,0,0.002333470031659454
INV006698,1,0,0.00828087883444133
INV006699,1,0,0.0021229327712454595
INV006700,1,0,0.002980010515629154
INV006701,1,0,0.0018132562538272687
INV006702,1,0,0.006089752673516283
INV006703,1,0,0.004344896493420619
INV006704,1,0,0.009598853873715073
INV006705,1,0,0.0025031851707508993
INV006706,1,0,0.0032069181509576665
INV006707,1,0,0.003820608316347835
INV006708,1,0,0.005019672323248648
INV006709,1,0,0.0018797585437212697
INV006710,1,0,0.004698874212656451
INV006711,1,0,0.025884068247117524
INV006712,1,0,0.005137904631542449
INV006713,1,0,0.010058333650052195
INV006714,1,0,0.002347327444430002
INV006715,1,0,0.0032934876956044663
INV006716,1,0,0.005014889294181237
INV006717,1,0,0.0024649569769325096
INV006718,1,0,0.005605523953661019
INV006719,1,0,0.0031565115902397953
INV006720,1,0,0.0013287888049675648
INV006721,1,0,0.0055707148954553835
INV006722,1,0,0.0025181712001002454
INV006723,1,0,0.0029316394670107536
INV006724,1,0,0.0019622833946907033
INV006725,1,0,0.0030510943953325586
INV006726,1,0,0.006112183603964376
INV006727,1,0,0.006745400459426446
INV006728,1,0,0.0038986663948507036
INV006729,1,0,0.00339113193139463
INV006730,1,0,0.0023725060366109447
INV006731,1,0,0.0017856051677307217
INV006732,1,0,0.0017053574659725266
INV006733,1,0,0.004362347826024692
INV006734,1,0,0.008689286613187188
INV006735,1,0,0.0021441903360538512
INV006736,1,0,0.004964654536055089
INV006737,1,0,0.00390207241922698
INV006738,1,0,0.002872260311687366
INV006739,1,0,0.004024139712018039
INV006740,1,0,0.009071543599494343
INV006741,1,0,0.0025855353610692217
INV006742,1,0,0.0016890621162819718
INV006743,1,0,0.002186032853462427
INV006744,1,0,0.0024649159795162127
INV006745,1,0,0.0025637588143611486
INV006746,1,0,0.002755288232787744
INV006747,1,0,0.008304338116828684
INV006748,1,0,0.01848972542150043
INV006749,1,0,0.020478260933881394
INV006750,1,0,0.003336395398341764
INV006751,1,0,0.004190676264958052
INV006752,1,0,0.007188282774465499
INV006753,1,0,0.004825895727849905
INV006754,1,0,0.0024362416514807604
INV006755,1,0,0.005418962505288174
INV006756,1,0,0.0031540550604277047
INV006757,1,0,0.006989129708428217
INV006758,1,0,0.00895722423604818
INV006759,1,0,0.003234396068572971
INV006760,1,0,0.004973534404643748
INV006761,1,0,0.014017402055072792
INV006762,1,0,0.006111608738868217
INV006763,1,0,0.0035762973301712198
INV006764,1,0,0.0026381711106324103
INV006765,1,0,0.003307057585064982
INV006766,1,0,0.002351663341125602
INV006767,1,0,0.0045652215977240035
INV006768,1,0,0.009769648665187028
INV006769,1,0,0.005384246967550623
INV006770,1,0,0.005691733249131404
INV006771,1,0,0.0026151165362733792
INV006772,1,0,0.005914959591490441
INV006773,1,0,0.009556553776983234
INV006774,1,0,0.002113232649664123
INV006775,1,0,0.01689224972247236
INV006776,1,0,0.002542094586680001
INV006777,1,0,0.00755550749248184
INV006778,1,0,0.008533272276867386
INV006779,1,0,0.005788191832634775
INV006780,1,0,0.006000017016716704
INV006781,1,0,0.006419304361269149
INV006782,1,0,0.0028172647134646523
INV006783,1,0,0.005203422433964063
INV006784,1,0,0.0027094622681546336
INV006785,1,0,0.0022262576839306237
INV006786,1,0,0.0035177241025159435
INV006787,1,0,0.011072824242171868
INV006788,1,0,0.002889471288240748
INV006789,1,0,0.007940420704776229
INV006790,1,0,0.00452012214904265
INV006791,1,0,0.007535066212033905
INV006792,1,0,0.004689972497429935
INV006793,1,0,0.002883652327694563
INV006794,1,0,0.002877111283575728
INV006795,1,0,0.008502551886649022
INV006796,1,0,0.004492191465144735
INV006797,1,0,0.007040903107962781
INV006798,1,0,0.005236146719406733
INV006799,1,0,0.004670719370311221
INV006800,1,0,0.002367833457839784
INV006801,1,0,0.007318832509806657
INV006802,1,0,0.022126256288264916
INV006803,1,0,0.0036800829039616454
INV006804,1,0,0.0015937483845352585
INV006805,1,0,0.002964979808866148
INV006806,1,0,0.011737862205581354
INV006807,1,0,0.0024032454616732504
INV006808,1,0,0.004487416107578653
INV006809,1,0,0.007495334025052213
INV006810,1,0,0.006200866249758481
INV006811,1,0,0.00447503749320401
INV006812,1,0,0.003947565684704622
INV006813,1,0,0.002318401789505765
INV006814,1,0,0.003240065349937796
INV006815,1,0,0.0036783272227938714
INV006816,1,0,0.004119034735052216
INV006817,1,0,0.002544667921830118
INV006818,1,0,0.005028405731424581
INV006819,1,0,0.005790429937425198
INV006820,1,0,0.0081576192242214
INV006821,1,0,0.00279899442393669
INV006822,1,0,0.005838839554328572
INV006823,1,0,0.003518398894234601
INV006824,1,0,0.017088901869950192
INV006825,1,0,0.0025823044291748845
INV006826,1,0,0.003846787081984866
INV006827,1,0,0.006411311429089651
INV006828,1,0,0.004855452025574439
INV006829,1,0,0.004315324014100329
INV006830,1,0,0.0018839099450117546
INV006831,1,0,0.0028613263931781267
INV006832,1,0,0.0010784443513015632
INV006833,1,0,0.011334646688029651
INV006834,1,0,0.009950056263085592
INV006835,1,0,0.0007163278833114266
INV006836,1,0,0.0049471257577957855
INV006837,1,0,0.004558783424999138
INV006838,1,0,0.003998455925422153
INV006839,1,0,0.00380806531034283
INV006840,1,0,0.0056434060691569424
INV006841,1,0,0.004193029124932917
INV006842,1,0,0.0028381745004630327
INV006843,1,0,0.002097046281297404
INV006844,1,0,0.00362689850728473
INV006845,1,0,0.0031439094442708535
INV006846,1,0,0.007841677118031
INV006847,1,0,0.002707049995583534
INV006848,1,0,0.0021539360381765144
INV006849,1,0,0.006193926345758058
INV006850,1,0,0.010344964054468067
INV006851,1,0,0.0036138454585600646
INV006852,1,0,0.009649195067381043
INV006853,1,0,0.0016991693743819525
INV006854,1,0,0.0014383976934436806
INV006855,1,0,0.01148105457027466
INV006856,1,0,0.005401781023552431
INV006857,1,0,0.0039000510368398553
INV006858,1,0,0.0022716055600275602
INV006859,1,0,0.0032028470950438235
INV006860,1,0,0.004708492405231564
INV006861,1,0,0.002511645671912926
INV006862,1,0,0.00399157434579353
INV006863,1,0,0.008710996936629004
INV006864,1,0,0.005944688981680762
INV006865,1,0,0.004833164342947668
INV006866,1,0,0.002350687391734965
INV006867,1,0,0.002421000354135108
INV006868,1,0,0.008185640888860186
INV006869,1,0,0.0017676736281119008
INV006870,1,0,0.0031320942442013945
INV006871,1,0,0.005949379097012708
INV006872,1,0,0.0026660835306335827
INV006873,1,0,0.003278344215710099
INV006874,1,0,0.0026052307144970896
INV006875,1,0,0.005143231807239155
INV006876,1,0,0.006986387236086714
INV006877,1,0,0.009615019876015242
INV006878,1,0,0.002041378473305324
INV006879,1,0,0.006074881744536925
INV006880,1,0,0.002840157895516252
INV006881,1,0,0.0034283229839371997
INV006882,1,0,0.009645942992349384
INV006883,1,0,0.010597128702438233
INV006884,1,0,0.006349823363890363
INV006885,1,0,0.005823790823807508
INV006886,1,0,0.00446140974011604
INV006887,1,0,0.001454846180266233
INV006888,1,0,0.006734769366196232
INV006889,1,0,0.00652401996992783
INV006890,1,0,0.003953798930044395
INV006891,1,0,0.0023736579751018096
INV006892,1,0,0.0117957431234297
INV006893,1,0,0.0020184200154293626
INV006894,1,0,0.0026425241772523203
INV006895,1,0,0.0029121278671688923
INV006896,1,0,0.002659672722347308
INV006897,1,0,0.00170350556508845
INV006898,1,0,0.004457876493391614
INV006899,1,0,0.002401448379815547
INV006900,1,0,0.00424712023300837
INV006901,1,0,0.0013585179400701854
INV006902,1,0,0.003970779589373168
INV006903,1,0,0.006404340285042941
INV006904,1,0,0.012221939566697893
INV006905,1,0,0.005196510097032377
INV006906,1,0,0.0014528877097345807
INV006907,1,0,0.002228666057869064
INV006908,1,0,0.0019157760334720213
INV006909,1,0,0.003629181413381435
INV006910,1,0,0.0019842288772690185
INV006911,1,0,0.00244894480727295
INV006912,1,0,0.004374707558140585
INV006913,1,0,0.001798534354451171
INV006914,1,0,0.0016471056201075578
INV006915,1,0,0.009204010016438393
INV006916,1,0,0.0035591390435425886
INV006917,1,0,0.0036835903012858817
INV006918,1,0,0.0022131641890857337
INV006919,1,0,0.006139099480807685
INV006920,1,0,0.0028069746721686747
INV006921,1,0,0.0026549571418286962
INV006922,1,0,0.006865859415315312
INV006923,1,0,0.0038372735858488807
INV006924,1,0,0.003935666341711139
INV006925,1,0,0.0026304087463158918
INV006926,1,0,0.001855175442026962
INV006927,1,0,0.0024157147014508963
INV006928,1,0,0.0017750384384498622
INV006929,1,0,0.00927852909412805
INV006930,1,0,0.004554942644017914
INV006931,1,0,0.002262638143639826
INV006932,1,0,0.0022718990868495523
INV006933,1,0,0.004792660191722407
INV006934,1,0,0.0023179607670437306
INV006935,1,0,0.006486191360488071
INV006936,1,0,0.004952960274290882
INV006937,1,0,0.0021400799990055693
INV006938,1,0,0.004396562071308591
INV006939,1,0,0.001495108374306319
INV006940,1,0,0.017104196963373734
INV006941,1,0,0.002079469721212824
INV006942,1,0,0.015700330646445344
INV006943,1,0,0.003920352178670355
INV006944,1,0,0.005635031096897337
INV006945,1,0,0.004438798540226477
INV006946,1,0,0.006963411042979962
INV006947,1,0,0.003843500030781875
INV006948,1,0,0.003358452505429448
INV006949,1,0,0.001561380362386316
INV006950,1,0,0.0029227104466943397
INV006951,1,0,0.0056854587938464235
INV006952,1,0,0.005134647918378614
INV006953,1,0,0.0029613258603648275
INV006954,1,0,0.0038974197560178937
INV006955,1,0,0.004359143510441482
INV006956,1,0,0.0022984671683537175
INV006957,1,0,0.003593727651516303
INV006958,1,0,0.01263674414329244
INV006959,1,0,0.005991392923787468
INV006960,1,0,0.011058476610484381
INV006961,1,0,0.0035545075270958905
INV006962,-1,1,0.07079250583157659
INV006963,1,0,0.004102764904914479
INV006964,1,0,0.004913781173098717
INV006965,1,0,0.003949574472473543
INV006966,1,0,0.002780682212481297
INV006967,1,0,0.001854320368820706
INV006968,1,0,0.00332392925693835
INV006969,1,0,0.0054299702010861045
INV006970,1,0,0.004378868588784986
INV006971,1,0,0.0019308596189971626
INV006972,1,0,0.0030215146517472624
INV006973,1,0,0.0017220431983592133
INV006974,1,0,0.002754327556613348
INV006975,1,0,0.0019441379251361633
INV006976,1,0,0.002062868408693001
INV006977,1,0,0.0021650017243951616
INV006978,1,0,0.004381083609379039
INV006979,1,0,0.007890312815154286
INV006980,1,0,0.005853383687005662
INV006981,1,0,0.0033510259874899692
INV006982,1,0,0.0026479117186019255
INV006983,1,0,0.002862014522141854
INV006984,1,0,0.0014070069004443512
INV006985,1,0,0.002590724977319094
INV006986,1,0,0.0028123346025676526
INV006987,1,0,0.003820424907488358
INV006988,1,0,0.005361242444654752
INV006989,1,0,0.006410762392068593
INV006990,1,0,0.010740750448382953
INV006991,1,0,0.00560339857040058
INV006992,1,0,0.0035637051627263753
INV006993,1,0,0.004780186129473469
INV006994,1,0,0.006179496787554692
INV006995,1,0,0.0043984389181670564
INV006996,1,0,0.004888175016177757
INV006997,1,0,0.002084420130318823
INV006998,1,0,0.001836995787325091
INV006999,1,0,0.009422700364184002
INV007000,1,0,0.0016724704773424977
INV007001,1,0,0.015627725014994064
INV007002,1,0,0.0023533249324160094
INV007003,1,0,0.0019970243281613965
INV007004,1,0,0.00819366323267546
INV007005,1,0,0.000726210207744977
INV007006,1,0,0.005546299204931924
INV007007,1,0,0.00485089969769563
INV007008,1,0,0.0037683609214547407
INV007009,1,0,0.0032785524981129876
INV007010,1,0,0.0035803952448415187
INV007011,1,0,0.0020322453449114724
INV007012,1,0,0.006073375720176962
INV007013,1,0,0.0034306150833933935
INV007014,1,0,0.00936918604305652
INV007015,1,0,0.0017650737113330565
INV007016,1,0,0.0036357337615157133
INV007017,-1,1,0.035503421525368124
INV007018,1,0,0.003496172553172013
INV007019,1,0,0.0016827477355453961
INV007020,1,0,0.005643498573688914
INV007021,1,0,0.008501042356500059
INV007022,1,0,0.00183917016330741
INV007023,1,0,0.002194595551567432
INV007024,1,0,0.002634753906960582
INV007025,1,0,0.0033217520893869088
INV007026,1,0,0.00366111794908439
INV007027,1,0,0.00356172721106632
INV007028,1,0,0.005653636579435776
INV007029,1,0,0.005749229785402362
INV007030,1,0,0.004700404474782245
INV007031,1,0,0.003958727307492282
INV007032,1,0,0.002906596034412329
INV007033,1,0,0.003752647965429931
INV007034,1,0,0.001486274368578505
INV007035,1,0,0.006214673579186341
INV007036,1,0,0.009435386128504064
INV007037,1,0,0.0025819982532507032
INV007038,1,0,0.005331349287671368
INV007039,1,0,0.0011574541546017364
INV007040,1,0,0.006701850827996926
INV007041,1,0,0.009131579244461315
INV007042,1,0,0.017396876823906043
INV007043,1,0,0.007314361251191293
INV007044,1,0,0.0024208753237712683
INV007045,1,0,0.002281079037969987
INV007046,1,0,0.003931480489525935
INV007047,1,0,0.004747956978613944
INV007048,1,0,0.0032477319056516516
INV007049,1,0,0.0032939558755042918
INV007050,1,0,0.002440408064169271
INV007051,1,0,0.0030739796695428995
INV007052,1,0,0.003617570261702242
INV007053,1,0,0.002740555355905203
INV007054,1,0,0.00449298318943333
INV007055,1,0,0.0039212290002389886
INV007056,1,0,0.0036553116051989795
INV007057,1,0,0.006513705625468924
INV007058,1,0,0.002145325016084872
INV007059,1,0,0.00841072586827827
INV007060,1,0,0.007476510931355448
INV007061,1,0,0.0016080489972244121
INV007062,1,0,0.005899383564138065
INV007063,1,0,0.00179749014382112
INV007064,1,0,0.004863896329919034
INV007065,1,0,0.0038164652214828965
INV007066,1,0,0.011990399014750205
INV007067,1,0,0.002842877595776065
INV007068,1,0,0.0038251384482535116
INV007069,1,0,0.003213225054610596
INV007070,1,0,0.0037852373625190897
INV007071,1,0,0.0024379669721307446
INV007072,1,0,0.0017086929989791463
INV007073,1,0,0.005419064758171586
INV007074,1,0,0.0034911505043049643
INV007075,1,0,0.0015236059595159868
INV007076,1,0,0.002171739852915021
INV007077,1,0,0.0033776459053243653
INV007078,1,0,0.0016084756121589193
INV007079,1,0,0.003523520928043007
INV007080,1,0,0.002093219804391318
INV007081,1,0,0.0015933853466803005
INV007082,1,0,0.0016952501157370395
INV007083,1,0,0.0023225159813921666
INV007084,1,0,0.005323992973440213
INV007085,1,0,0.005272016681600685
INV007086,1,0,0.003974349927933401
INV007087,1,0,0.004816010157171835
INV007088,1,0,0.0037594497757060495
INV007089,1,0,0.0057292565915556
INV007090,1,0,0.004544820392568392
INV007091,1,0,0.001895616289906196
INV007092,1,0,0.0031267671103093054
INV007093,1,0,0.007437846370918731
INV007094,1,0,0.00855631984419725
INV007095,1,0,0.00352998701439077
INV007096,1,0,0.006269495719769603
INV007097,1,0,0.005408233777535633
INV007098,1,0,0.006685093520614451
INV007099,1,0,0.014088570779857139
INV007100,1,0,0.003722120981792323
INV007101,1,0,0.0029295358506209496
INV007102,1,0,0.004251319127992605
INV007103,1,0,0.005257013014928314
INV007104,1,0,0.003473583769368404
INV007105,1,0,0.002568524618440757
INV007106,1,0,0.0024813337367758834
INV007107,1,0,0.0028869084271418905
INV007108,1,0,0.002066746476596726
INV007109,1,0,0.004348497017927528
INV007110,1,0,0.007914368362082282
INV007111,1,0,0.003268609821719094
INV007112,1,0,0.002174384539272082
INV007113,1,0,0.00519865263239034
INV007114,1,0,0.002942999033068647
INV007115,1,0,0.006675558320398132
INV007116,1,0,0.0037284838666524975
INV007117,1,0,0.0027109573520760744
INV007118,1,0,0.006421197446899268
INV007119,1,0,0.005552649879360048
INV007120,1,0,0.004146945473389265
INV007121,1,0,0.004547521735346344
INV007122,1,0,0.01818120610700385
INV007123,1,0,0.003113406991171637
INV007124,1,0,0.005433499035390449
INV007125,1,0,0.0030235144298734087
INV007126,1,0,0.0017841034323114817
INV007127,1,0,0.004490028161019323
INV007128,1,0,0.0018038267028728623
INV007129,1,0,0.0022395467307795808
INV007130,1,0,0.00231981269725443
INV007131,1,0,0.0026723645751464543
INV007132,1,0,0.01175825634624083
INV007133,1,0,0.003336647696735089
INV007134,1,0,0.0019916238864932986
INV007135,1,0,0.0029198188896877985
INV007136,1,0,0.0021250704983496764
INV007137,1,0,0.0012284208424594432
INV007138,1,0,0.012385403399983353
INV007139,1,0,0.004103636346705401
INV007140,1,0,0.0031561082766286223
INV007141,1,0,0.003152816630104579
INV007142,-1,1,0.06634184341700217
INV007143,1,0,0.0033889500571857986
INV007144,1,0,0.017865949709088887
INV007145,1,0,0.002883665109496839
INV007146,1,0,0.005637845216782807
INV007147,1,0,0.017194761579141474
INV007148,1,0,0.002610059423114024
INV007149,1,0,0.0030804411949798102
INV007150,1,0,0.011269295160789554
INV007151,1,0,0.006467880913778838
INV007152,1,0,0.003007891500437175
INV007153,1,0,0.0034211101992664863
INV007154,1,0,0.003468218876650424
INV007155,1,0,0.003919234198320426
INV007156,1,0,0.005010157042605919
INV007157,1,0,0.00036223359830571834
INV007158,1,0,0.00104931255132221
INV007159,1,0,0.003389975595427142
INV007160,-1,1,0.05484101628760693
INV007161,1,0,0.003470937035060864
INV007162,1,0,0.005976193821063057
INV007163,1,0,0.0017470159584119422
INV007164,1,0,0.00444520842799182
INV007165,1,0,0.021869476053343714
INV007166,1,0,0.003786903535709034
INV007167,1,0,0.003208058805399011
INV007168,1,0,0.009875152748647578
INV007169,1,0,0.004598939184276536
INV007170,1,0,0.02706498780269144
INV007171,1,0,0.003798247464929551
INV007172,1,0,0.004489733376899011
INV007173,1,0,0.007310376575930141
INV007174,1,0,0.00026005343275459296
INV007175,1,0,0.0032078716363577527
INV007176,1,0,0.0033118788503894822
INV007177,1,0,0.004346250121040071
INV007178,1,0,0.004075433597922003
INV007179,1,0,0.0024771929046118087
INV007180,1,0,0.0027589764124364767
INV007181,1,0,0.003458348305146076
INV007182,1,0,0.0065564226920945155
INV007183,1,0,0.0028361207279198955
INV007184,1,0,0.0050974525153072645
INV007185,1,0,0.002524063992109991
INV007186,1,0,0.0018302493130541296
INV007187,1,0,0.0037914015946276967
INV007188,-1,1,0.06444327081368882
INV007189,1,0,0.0020653161674253893
INV007190,-1,1,0.2301040643921027
INV007191,1,0,0.0015128291583776893
INV007192,1,0,0.020663557690503098
INV007193,1,0,0.0014628924085657218
INV007194,1,0,0.002643275585853587
INV007195,1,0,0.006094838836829677
INV007196,1,0,0.003180650745221702
INV007197,1,0,0.004724550108845979
INV007198,1,0,0.0028167232402293517
INV007199,1,0,0.0022054161361303626
INV007200,1,0,0.0008153529817511494
INV007201,1,0,0.0035097899738031125
INV007202,1,0,0.0015791588516730125
INV007203,1,0,0.0058820239408434345
INV007204,1,0,0.004235115264244394
INV007205,1,0,0.0037270852830326184
INV007206,1,0,0.001990359494906989
INV007207,1,0,0.0017320831210875412
INV007208,1,0,0.0012639316201064968
INV007209,1,0,0.010721636517172162
INV007210,1,0,0.0038603953211792295
INV007211,1,0,0.003183268120028255
INV007212,1,0,0.002996236101703042
INV007213,1,0,0.0091738647395383
INV007214,1,0,0.006390087682343448
INV007215,1,0,0.002306128705415969
INV007216,1,0,0.005129164000773955
INV007217,1,0,0.004011944994071362
INV007218,1,0,0.004107626189419541
INV007219,1,0,0.0015902402128161112
INV007220,1,0,0.004113624660588818
INV007221,1,0,0.023268479968829237
INV007222,1,0,0.003596767698173373
INV007223,1,0,0.001882811034968726
INV007224,1,0,0.01167300551840838
INV007225,1,0,0.00407748506904519
INV007226,1,0,0.001984031105429598
INV007227,1,0,0.0032502290921276483
INV007228,1,0,0.005099900488264013
INV007229,1,0,0.0034035250793307656
INV007230,1,0,0.0037186459034856227
INV007231,1,0,0.00660167127751983
INV007232,1,0,0.008588696982677087
INV007233,1,0,0.004878545780457391
INV007234,1,0,0.0016393893366868034
INV007235,1,0,0.002605322120960451
INV007236,1,0,0.003366031358616349
INV007237,1,0,0.006296017586063007
INV007238,1,0,0.0028202464371660466
INV007239,1,0,0.0054066040919061795
INV007240,1,0,0.004118581347685284
INV007241,1,0,0.003102400158803704
INV007242,1,0,0.004608298905425621
INV007243,1,0,0.0029107060792940053
INV007244,1,0,0.00210754307346487
INV007245,1,0,0.0029067794606061543
INV007246,1,0,0.003304506005418088
INV007247,1,0,0.007399701241861478
INV007248,1,0,0.004036025174551358
INV007249,1,0,0.003188396522533753
INV007250,1,0,0.00455384713764991
INV007251,1,0,0.004757478959240365
INV007252,1,0,0.00467854898780237
INV007253,1,0,0.004378102223576383
INV007254,1,0,0.004415286625762535
INV007255,1,0,0.010561180234962863
INV007256,1,0,0.005351376520263732
INV007257,1,0,0.0032382478824025465
INV007258,1,0,0.003802394173292905
INV007259,1,0,0.0020302627344559766
INV007260,1,0,0.00819133567705427
INV007261,1,0,0.003987624112670194
INV007262,1,0,0.004585204179922202
INV007263,1,0,0.004147692171525091
INV007264,1,0,0.0005501693655314041
INV007265,1,0,0.003497360903802736
INV007266,1,0,0.0033396720031683078
INV007267,1,0,0.0029429950214885834
INV007268,1,0,0.0027514129088265643
INV007269,1,0,0.002000958214400835
INV007270,1,0,0.001635791647770848
INV007271,1,0,0.004816462862996185
INV007272,1,0,0.0020036754784563265
INV007273,1,0,0.0016355704876570899
INV007274,1,0,0.0025873759858603125
INV007275,1,0,0.003984039760449367
INV007276,1,0,0.002729506697061114
INV007277,1,0,0.004066790037934771
INV007278,1,0,0.0028982731797918292
INV007279,1,0,0.007339154669993659
INV007280,1,0,0.0017517992259652104
INV007281,1,0,0.00993138157953165
INV007282,1,0,0.00444473277567069
INV007283,1,0,0.009976430118848705
INV007284,-1,1,0.03845022606680189
INV007285,1,0,0.00215871661184283
INV007286,1,0,0.0066138627560460295
INV007287,-1,1,0.06870637657804166
INV007288,1,0,0.005444984612189911
INV007289,1,0,0.005640983680781205
INV007290,1,0,0.006569070099544823
INV007291,1,0,0.012982488558164263
INV007292,1,0,0.0019431882975238007
INV007293,-1,1,0.07025200373214928
INV007294,1,0,0.005370985437744558
INV007295,1,0,0.0011715022145889554
INV007296,1,0,0.00242730372434801
INV007297,1,0,0.003117271172173497
INV007298,1,0,0.0052992036463784704
INV007299,1,0,0.0018810245088399815
INV007300,1,0,0.003126975449766425
INV007301,1,0,0.0027588126144897857
INV007302,1,0,0.015370395012216414
INV007303,1,0,0.0019100536519995252
INV007304,1,0,0.0032726889069024483
INV007305,1,0,0.003306389068861285
INV007306,1,0,0.0025002040989759735
INV007307,1,0,0.0045103721776466
INV007308,1,0,0.008286267326232468
INV007309,1,0,0.00869035036403592
INV007310,1,0,0.004848875921551245
INV007311,1,0,0.0022254677377296144
INV007312,1,0,0.0032053797311673575
INV007313,1,0,0.0018024590695960238
INV007314,1,0,0.003330497094777907
INV007315,1,0,0.017201696243696774
INV007316,1,0,0.0021814965302756474
INV007317,1,0,0.0023513270197873574
INV007318,1,0,0.001938243767802104
INV007319,1,0,0.002600245510224435
INV007320,1,0,0.0028755381043022847
INV007321,1,0,0.00309145634447987
INV007322,1,0,0.0018563499283785244
INV007323,1,0,0.004417317303096745
INV007324,1,0,0.011611953831078619
INV007325,1,0,0.0025980962784114786
INV007326,1,0,0.0076256259039685385
INV007327,1,0,0.0048271759257200635
INV007328,1,0,0.003581260305233404
INV007329,1,0,0.005458966110925859
INV007330,1,0,0.0007109744453352058
INV007331,1,0,0.0023214409303675054
INV007332,1,0,0.011851408283082593
INV007333,1,0,0.0037435949295611323
INV007334,1,0,0.0037740674066952602
INV007335,1,0,0.0046465681432378775
INV007336,1,0,0.0030499060744216145
INV007337,1,0,0.005255980727148627
INV007338,1,0,0.016311294274839898
INV007339,1,0,0.004748841855646088
INV007340,1,0,0.005576912990494607
INV007341,1,0,0.002943241520810339
INV007342,1,0,0.002884126065245886
INV007343,1,0,0.004828451435598555
INV007344,1,0,0.004825643473270452
INV007345,1,0,0.0024532950505788994
INV007346,1,0,0.009396587497682109
INV007347,1,0,0.0028811703084694164
INV007348,1,0,0.009225519955046967
INV007349,1,0,0.00783244364498627
INV007350,1,0,0.003515315314751679
INV007351,1,0,0.00522375385123429
INV007352,1,0,0.0033820156226184103
INV007353,1,0,0.0027135141971571172
INV007354,1,0,0.00965177008016389
INV007355,1,0,0.0038988986900031766
INV007356,1,0,0.0017196129702853635
INV007357,1,0,0.0003920209870105995
INV007358,1,0,0.00445922860523751
INV007359,1,0,0.002957354819599815
INV007360,1,0,0.003324938706146383
INV007361,1,0,0.004046123115372253
INV007362,1,0,0.006192799464232811
INV007363,1,0,0.001720923375063791
INV007364,1,0,0.004152490672732011
INV007365,1,0,0.0036321299299318806
INV007366,1,0,0.0028533111409047404
INV007367,1,0,0.001443124590494596
INV007368,1,0,0.0043203605955195
INV007369,-1,1,0.06393170272133479
INV007370,1,0,0.0037835094867097662
INV007371,1,0,0.0071035144006691385
INV007372,1,0,0.013887948647924576
INV007373,1,0,0.002345345661270287
INV007374,1,0,0.002971203600807384
INV007375,1,0,0.002516055654579052
INV007376,1,0,0.006547491500625065
INV007377,1,0,0.002116543345788766
INV007378,1,0,0.0074345476674498815
INV007379,1,0,0.0033976223079673477
INV007380,1,0,0.004705165388307965
INV007381,1,0,0.0023754684332110624
INV007382,1,0,0.002545189576480527
INV007383,1,0,0.007897312117738815
INV007384,1,0,0.0026046925258210603
INV007385,1,0,0.007269639037064892
INV007386,1,0,0.004380025468432416
INV007387,1,0,0.0032194945265655705
INV007388,1,0,0.006868135916810048
INV007389,1,0,0.0052808947983262145
INV007390,1,0,0.00265015048704189
INV007391,1,0,0.005992452874829187
INV007392,1,0,0.001856345477078397
INV007393,1,0,0.003037819239745853
INV007394,1,0,0.0031116600644098586
INV007395,1,0,0.0025454274021419836
INV007396,1,0,0.005243077392422937
INV007397,1,0,0.002602841692868163
INV007398,1,0,0.002690171786612357
INV007399,1,0,0.003945728923232204
INV007400,1,0,0.003009144567998903
INV007401,1,0,0.005346635896124195
INV007402,1,0,0.0038397310054396824
INV007403,1,0,0.005804271616449909
INV007404,1,0,0.00415550001059671
INV007405,1,0,0.0016214897329000545
INV007406,1,0,0.0032403844196832936
INV007407,1,0,0.004561096231208181
INV007408,1,0,0.003385044803276525
INV007409,1,0,0.002394642599208835
INV007410,1,0,0.002448604694414478
INV007411,1,0,0.003939665841162209
INV007412,1,0,0.005056405389083666
INV007413,1,0,0.005209190616427412
INV007414,1,0,0.005496673059251899
INV007415,1,0,0.0029254561060591904
INV007416,1,0,0.0022289663513924383
INV007417,1,0,0.0017075811296822798
INV007418,1,0,0.006460209928155248
INV007419,1,0,0.003244072807716481
INV007420,1,0,0.004934513133673812
INV007421,1,0,0.02859615893100406
INV007422,1,0,0.0020857622807897735
INV007423,1,0,0.005678126185583826
INV007424,1,0,0.00881354005397117
INV007425,1,0,0.003860583860502171
INV007426,1,0,0.006369502712489981
INV007427,1,0,0.002474638463488024
INV007428,1,0,0.002836404673413555
INV007429,1,0,0.01931714586602448
INV007430,1,0,0.007658306183519796
INV007431,1,0,0.0037968682041990068
INV007432,1,0,0.004995914068537294
INV007433,1,0,0.0029932580128667397
INV007434,1,0,0.0016776139600252235
INV007435,1,0,0.002370668988486116
INV007436,1,0,0.004531210509024223
INV007437,1,0,0.002735637035901395
INV007438,1,0,0.0031114081284514938
INV007439,1,0,0.0036319946621161253
INV007440,1,0,0.003323295572140371
INV007441,1,0,0.0034906911942083306
INV007442,1,0,0.008054930995202353
INV007443,1,0,0.010143800178121573
INV007444,1,0,0.002940469514253033
INV007445,1,0,0.003048903261308665
INV007446,1,0,0.008439291185378124
INV007447,1,0,0.009259821138784713
INV007448,1,0,0.00364085606842447
INV007449,1,0,0.0033320192549061546
INV007450,1,0,0.004113946260873582
INV007451,1,0,0.0017929713798234953
INV007452,1,0,0.003230734995817017
INV007453,1,0,0.0018440221261167675
INV007454,1,0,0.0035687443010301075
INV007455,1,0,0.004106891225763429
INV007456,1,0,0.024139256777891933
INV007457,1,0,0.0026571211275819564
INV007458,1,0,0.006628351199353227
INV007459,1,0,0.007311883428340828
INV007460,1,0,0.00780622759468911
INV007461,1,0,0.0027127620203170394
INV007462,1,0,0.002615093233206672
INV007463,1,0,0.0032236608420227603
INV007464,1,0,0.002970487083297032
INV007465,1,0,0.004089020932366568
INV007466,1,0,0.004522487260654781
INV007467,1,0,0.005730101821883374
INV007468,1,0,0.0037402834037420334
INV007469,1,0,0.006845662942643911
INV007470,1,0,0.003982425819102316
INV007471,1,0,0.0065514466041097594
INV007472,1,0,0.003178197202575495
INV007473,1,0,0.002632323097675357
INV007474,1,0,0.0039207616229880084
INV007475,1,0,0.002615861636129451
INV007476,1,0,0.004617856268377935
INV007477,1,0,0.007590495027284052
INV007478,1,0,0.002063728284189475
INV007479,1,0,0.01012157955635386
INV007480,1,0,0.003732600383410473
INV007481,1,0,0.003190829523823111
INV007482,1,0,0.003241982970032747
INV007483,1,0,0.00990100451381432
INV007484,1,0,0.004790887187552699
INV007485,1,0,0.0038489229580566543
INV007486,1,0,0.0019976152023299556
INV007487,1,0,0.0055400001790764965
INV007488,1,0,0.0038396831824229942
INV007489,1,0,0.007462162592672257
INV007490,-1,1,0.03336740669863656
INV007491,1,0,0.0033112753531688473
INV007492,1,0,0.004841547744392358
INV007493,1,0,0.0008486376184610648
INV007494,1,0,0.0016902553894667005
INV007495,1,0,0.0026441158057929344
INV007496,1,0,0.00235032514320023
INV007497,1,0,0.0038884135917578995
INV007498,1,0,0.004148644587985047
INV007499,1,0,0.010108806255390264
INV007500,-1,1,0.08354819658903562
INV007501,1,0,0.0040768663892636345
INV007502,1,0,0.002301007008716174
INV007503,1,0,0.0033655277809618044
INV007504,1,0,0.005931978692400163
INV007505,1,0,0.003246175275445714
INV007506,1,0,0.0022821204573213014
INV007507,1,0,0.0034072544649802494
INV007508,1,0,0.0009955116577594306
INV007509,1,0,0.0032987035408951738
INV007510,1,0,0.004295662427340836
INV007511,1,0,0.00341551476489527
INV007512,1,0,0.012923192064996864
INV007513,1,0,0.00545101819286383
INV007514,1,0,0.003267970654894779
INV007515,1,0,0.002476988572269856
INV007516,1,0,0.0037647993047742623
INV007517,1,0,0.0028633991002911217
INV007518,1,0,0.003722531703581506
INV007519,1,0,0.004443411089922658
INV007520,1,0,0.0035356329959190065
INV007521,1,0,0.008842772054229333
INV007522,1,0,0.006767591182727618
INV007523,1,0,0.005218814021425085
INV007524,1,0,0.004562075192136154
INV007525,1,0,0.002764812356200373
INV007526,1,0,0.002905330061686895
INV007527,1,0,0.003717462308643533
INV007528,1,0,0.003805512563505881
INV007529,1,0,0.003945503589074232
INV007530,1,0,0.002258313648166825
INV007531,-1,1,0.036842150534350464
INV007532,1,0,0.0020243464314147145
INV007533,1,0,0.019152245018142104
INV007534,1,0,0.004086408861285952
INV007535,1,0,0.012560613282847521
INV007536,1,0,0.0024361284587336965
INV007537,1,0,0.004231213120586359
INV007538,1,0,0.0024672930336112663
INV007539,1,0,0.002486895668367669
INV007540,-1,1,0.10074277923395827
INV007541,1,0,0.0033734178582556966
INV007542,1,0,0.0040757506172463
INV007543,1,0,0.005582387394655913
INV007544,1,0,0.0033064703862988073
INV007545,1,0,0.011447236047301856
INV007546,1,0,0.0006970168038117218
INV007547,1,0,0.0015609632538014047
INV007548,1,0,0.006824756465216345
INV007549,1,0,0.005347835988382674
INV007550,1,0,0.004959924063197962
INV007551,1,0,0.002592178792285387
INV007552,1,0,0.003450650669167683
INV007553,1,0,0.00449284161866632
INV007554,1,0,0.0023391988824543334
INV007555,1,0,0.004658871539667129
INV007556,1,0,0.0029631300803085975
INV007557,1,0,0.002855099966600379
INV007558,1,0,0.0057013622487581276
INV007559,1,0,0.006071050210707035
INV007560,1,0,0.001763883295725634
INV007561,1,0,0.00392851755453325
INV007562,1,0,0.005454858303115572
INV007563,1,0,0.005713910901629797
INV007564,1,0,0.0036012436385678293
INV007565,1,0,0.0037496616652598815
INV007566,1,0,0.004350525371813949
INV007567,1,0,0.001623936775443305
INV007568,1,0,0.001716040724524881
INV007569,1,0,0.005108746435602026
INV007570,1,0,0.004981499273232702
INV007571,1,0,0.005175950728071959
INV007572,1,0,0.0016823894356470688
INV007573,1,0,0.00970174909921879
INV007574,1,0,0.0038437219287527098
INV007575,1,0,0.0052693634736939885
INV007576,1,0,0.011114464380102837
INV007577,1,0,0.002465171514065329
INV007578,1,0,0.0026975899347030595
INV007579,1,0,0.005147997294007882
INV007580,1,0,0.0048430638658068575
INV007581,1,0,0.005416250859243445
INV007582,1,0,0.0022714540613529267
INV007583,1,0,0.0031448114767783173
INV007584,1,0,0.003739093862456693
INV007585,1,0,0.003994496566540983
INV007586,1,0,0.008017709300034113
INV007587,1,0,0.007184706464703657
INV007588,1,0,0.0026135322901990107
INV007589,1,0,0.0055208051683479295
INV007590,1,0,0.003978146295245154
INV007591,1,0,0.0026296110600781933
INV007592,1,0,0.005045094918285627
INV007593,1,0,0.011653933547346345
INV007594,1,0,0.003988373309000006
INV007595,1,0,0.011136799046856709
INV007596,1,0,0.004520570417153494
INV007597,1,0,0.0029944721847667737
INV007598,1,0,0.006491220201242491
INV007599,1,0,0.00900083844161555
INV007600,1,0,0.0025803770583579717
INV007601,1,0,0.004507873250907869
INV007602,1,0,0.017889353027283752
INV007603,1,0,0.008443765357770227
INV007604,1,0,0.0156806213560049
INV007605,1,0,0.002368044919018332
INV007606,-1,1,0.03805928733713411
INV007607,1,0,0.004141889278282682
INV007608,1,0,0.008934536843773674
INV007609,1,0,0.004165947304094887
INV007610,1,0,0.0019246005573259125
INV007611,1,0,0.0016693704899119167
INV007612,1,0,0.011217467146252163
INV007613,1,0,0.008470477632601423
INV007614,1,0,0.0035925653383451985
INV007615,1,0,0.002854468335518763
INV007616,1,0,0.01998508896515351
INV007617,1,0,0.004574728270143928
INV007618,1,0,0.00447371419600094
INV007619,1,0,0.005976944669697185
INV007620,1,0,0.0045222693657021844
INV007621,-1,1,0.0296117032433033
INV007622,1,0,0.003317948744347151
INV007623,1,0,0.003452792367214858
INV007624,1,0,0.0013614996912529283
INV007625,1,0,0.0022650773233997
INV007626,1,0,0.014230698787807911
INV007627,1,0,0.007250851733250829
INV007628,1,0,0.002357190735385547
INV007629,1,0,0.004766211892637546
INV007630,1,0,0.004965338892096227
INV007631,1,0,0.008047564988417856
INV007632,1,0,0.004658529675726902
INV007633,1,0,0.0015951272846812085
INV007634,1,0,0.0025834346394743336
INV007635,1,0,0.0027049070213651196
INV007636,1,0,0.010258980971325953
INV007637,1,0,0.00794545553980089
INV007638,1,0,0.004530154267049229
INV007639,1,0,0.003954187345984187
INV007640,1,0,0.00735658505168493
INV007641,1,0,0.0054930470473146704
INV007642,1,0,0.003759849883679913
INV007643,1,0,0.005851863408078264
INV007644,1,0,0.010965054354811555
INV007645,1,0,0.0031291004033173492
INV007646,1,0,0.002047242813245
INV007647,1,0,0.0031172983959419655
INV007648,-1,1,0.034861801534382134
INV007649,1,0,0.0038928133917139653
INV007650,1,0,0.0022744110429579727
INV007651,1,0,0.0057064102120056494
INV007652,1,0,0.002129666787800517
INV007653,1,0,0.007481216798806497
INV007654,-1,1,0.07052460609993326
INV007655,1,0,0.0024025742132089364
INV007656,1,0,0.0021547762039626963
INV007657,1,0,0.003309618566011666
INV007658,1,0,0.003227067799396666
INV007659,1,0,0.0025390872395854892
INV007660,1,0,0.008894537231976241
INV007661,1,0,0.004612397117661192
INV007662,1,0,0.0059732878051530405
INV007663,1,0,0.004318947040501372
INV007664,1,0,0.00829430870175893
INV007665,1,0,0.008385719772444011
INV007666,1,0,0.0023090113808808387
INV007667,-1,1,0.08234388356131997
INV007668,1,0,0.005855147619733993
INV007669,1,0,0.0038669930065116567
INV007670,1,0,0.0252308864724981
INV007671,1,0,0.0025813038343900146
INV007672,1,0,0.0030353350873402233
INV007673,1,0,0.003923442984119387
INV007674,1,0,0.0030660540829768467
INV007675,1,0,0.003461036767556
INV007676,-1,1,0.1370425635819998
INV007677,1,0,0.002957766255114825
INV007678,1,0,0.002605805807174365
INV007679,1,0,0.0017181579741709422
INV007680,-1,1,0.13199033740448932
INV007681,1,0,0.008932242968510647
INV007682,1,0,0.0021437566030850334
INV007683,1,0,0.004892667467457284
INV007684,1,0,0.003211671577651521
INV007685,1,0,0.002849550617839401
INV007686,1,0,0.003952187143797941
INV007687,1,0,0.0028650987229832496
INV007688,1,0,0.009783785132698222
INV007689,1,0,0.014864330389461219
INV007690,1,0,0.003487248656456628
INV007691,1,0,0.004794936560897947
INV007692,1,0,0.002284972239461416
INV007693,1,0,0.003285089863688423
INV007694,1,0,0.00745408772356599
INV007695,1,0,0.001388016885037919
INV007696,1,0,0.003635766724826772
INV007697,1,0,0.024556597195099398
INV007698,1,0,0.013055470814793593
INV007699,1,0,0.00813908363434005
INV007700,1,0,0.006987603154613636
INV007701,1,0,0.00358023251572321
INV007702,1,0,0.009650674028163546
INV007703,1,0,0.006886566773503394
INV007704,1,0,0.008437211559756012
INV007705,1,0,0.007728521477039397
INV007706,-1,1,0.03444167441080725
INV007707,1,0,0.0025973567671165256
INV007708,1,0,0.002187584348778848
INV007709,1,0,0.0024817385653126928
INV007710,1,0,0.0025261992864578473
INV007711,1,0,0.002888761876936486
INV007712,1,0,0.008511065089510604
INV007713,1,0,0.0021838754780193225
INV007714,1,0,0.003192194630706445
INV007715,1,0,0.0068922072702632614
INV007716,1,0,0.0020729933319709594
INV007717,1,0,0.0029490018351818596
INV007718,1,0,0.0054616343376557375
INV007719,1,0,0.0020866069540770296
INV007720,1,0,0.023965931554120065
INV007721,1,0,0.004516675193107485
INV007722,1,0,0.0022478072329527336
INV007723,1,0,0.004100674475270184
INV007724,1,0,0.02360005525877562
INV007725,1,0,0.004472671237589534
INV007726,1,0,0.008030015948856727
INV007727,1,0,0.004035764213186377
INV007728,1,0,0.0025019280912035435
INV007729,1,0,0.002592178792285387
INV007730,1,0,0.005571770754741266
INV007731,1,0,0.004922463356652134
INV007732,1,0,0.0014001538030261643
INV007733,1,0,0.0031305126902813046
INV007734,1,0,0.005077636443406433
INV007735,1,0,0.003151020323949013
INV007736,1,0,0.0020623959949037504
INV007737,1,0,0.002008271348163022
INV007738,1,0,0.0034537295964433314
INV007739,1,0,0.021963787677802597
INV007740,1,0,0.004004071565337561
INV007741,1,0,0.0023724753608617903
INV007742,1,0,0.010013397490398673
INV007743,1,0,0.002552738583956367
INV007744,1,0,0.005879886364644917
INV007745,1,0,0.005089647863123121
INV007746,1,0,0.00257391290842871
INV007747,1,0,0.0018944149138258898
INV007748,1,0,0.0025982275448800146
INV007749,1,0,0.0024140252849388145
INV007750,1,0,0.006994745007199748
INV007751,1,0,0.001450960795416787
INV007752,1,0,0.012032391349066078
INV007753,1,0,0.006832997716471125
INV007754,1,0,0.0033781935597588138
INV007755,1,0,0.015181800866650823
INV007756,1,0,0.002385204286000442
INV007757,1,0,0.003524989421026215
INV007758,1,0,0.008578849698363224
INV007759,1,0,0.001951762038232822
INV007760,1,0,0.006191567826977465
INV007761,1,0,0.0029736580061239964
INV007762,1,0,0.0029005215648535546
INV007763,1,0,0.005286307252740505
INV007764,1,0,0.0025103477323774608
INV007765,1,0,0.00308598141907302
INV007766,1,0,0.003713598665312428
INV007767,1,0,0.005231137116981618
INV007768,1,0,0.0022382963501021915
INV007769,1,0,0.0013816771000988745
INV007770,1,0,0.0044676657545715545
INV007771,1,0,0.002004008591498216
INV007772,1,0,0.006721444623371579
INV007773,1,0,0.005144509253117205
INV007774,1,0,0.002110245387316451
INV007775,1,0,0.0017787563140244853
INV007776,1,0,0.02020737538362731
INV007777,1,0,0.005098522852829144
INV007778,1,0,0.0011384643590467785
INV007779,1,0,0.004406236763706627
INV007780,1,0,0.004698098294579623
INV007781,1,0,0.002302361239034954
INV007782,1,0,0.0034831580713039663
INV007783,1,0,0.008615158080328873
INV007784,1,0,0.007929197414047313
INV007785,1,0,0.007744245212900417
INV007786,1,0,0.002471485185128212
INV007787,1,0,0.005839298880734037
INV007788,1,0,0.005243151173455184
INV007789,1,0,0.005517926266215056
INV007790,1,0,0.004904368361992349
INV007791,1,0,0.004278220184052853
INV007792,1,0,0.0020372163497816773
INV007793,1,0,0.0029219503705573105
INV007794,1,0,0.0036013784884627244
INV007795,1,0,0.0033755850930128907
INV007796,1,0,0.0017065078603085981
INV007797,1,0,0.0017920356302237462
INV007798,1,0,0.004913368770808539
INV007799,1,0,0.005377054385994631
INV007800,1,0,0.007236826508064153
INV007801,1,0,0.010535137946399651
INV007802,1,0,0.011384244387546684
INV007803,1,0,0.0035772923551654692
INV007804,1,0,0.003751634494831528
INV007805,1,0,0.004862257405440498
INV007806,-1,1,0.04697020116091511
INV007807,1,0,0.004973007422563895
INV007808,1,0,0.002463846636377353
INV007809,1,0,0.005104992601931923
INV007810,1,0,0.0034443966450594227
INV007811,1,0,0.005533990291816014
INV007812,1,0,0.006294353395407911
INV007813,1,0,0.00491921635264424
INV007814,1,0,0.003672474362290429
INV007815,1,0,0.021958629655645108
INV007816,1,0,0.0037534550139689347
INV007817,1,0,0.003004763267347864
INV007818,1,0,0.0017985326536442588
INV007819,1,0,0.012099691378709474
INV007820,1,0,0.005699572667456392
INV007821,1,0,0.0022113933041304932
INV007822,1,0,0.0036570933365270755
INV007823,1,0,0.0016939077868027958
INV007824,1,0,0.0075215158052933965
INV007825,1,0,0.001031926728825652
INV007826,1,0,0.00399981286582854
INV007827,1,0,0.0026703164307657922
INV007828,1,0,0.0029097242428773084
INV007829,1,0,0.0018239733877562197
INV007830,1,0,0.0023901097859193522
INV007831,1,0,0.008185027665423821
INV007832,1,0,0.009316394342913025
INV007833,1,0,0.004680039107348546
INV007834,1,0,0.0006639171723592378
INV007835,1,0,0.0035855085089845306
INV007836,1,0,0.004226105195021533
INV007837,1,0,0.008134311168058609
INV007838,1,0,0.0027412028436338146
INV007839,1,0,0.0013552808780718853
INV007840,1,0,0.004885854565927372
INV007841,1,0,0.0017570202043572557
INV007842,1,0,0.002265818323418548
INV007843,1,0,0.0037413159006073125
INV007844,1,0,0.0038828144106356965
INV007845,1,0,0.005332971385138814
INV007846,1,0,0.003949129076186768
INV007847,1,0,0.0028381089707645284
INV007848,1,0,0.011424176633551632
INV007849,1,0,0.0028843983843134507
INV007850,1,0,0.008086014607066528
INV007851,1,0,0.0034673399655877173
INV007852,1,0,0.005334151659732191
INV007853,1,0,0.0028631622623486765
INV007854,1,0,0.00427441064569472
INV007855,1,0,0.002651296820030917
INV007856,1,0,0.0026905242988005656
INV007857,1,0,0.004339275841810219
INV007858,1,0,0.002524911968665918
INV007859,1,0,0.0018078820628559921
INV007860,1,0,0.005718205239796866
INV007861,1,0,0.005042393533700788
INV007862,1,0,0.0044153331085812295
INV007863,1,0,0.0036824020263955875
INV007864,1,0,0.002826175971027114
INV007865,1,0,0.0052490283722816545
INV007866,1,0,0.002100901574046909
INV007867,1,0,0.004386696932878877
INV007868,1,0,0.0046634478553767
INV007869,1,0,0.007662961125339898
INV007870,1,0,0.003830988647061336
INV007871,1,0,0.01315325485084497
INV007872,1,0,0.004216183204378551
INV007873,1,0,0.020265780453964006
INV007874,1,0,0.003049632506765634
INV007875,1,0,0.004448094490115874
INV007876,1,0,0.003038876061554888
INV007877,1,0,0.0027477263934193967
INV007878,1,0,0.004525939705697861
INV007879,1,0,0.0037494491065015287
INV007880,1,0,0.0029576707209142336
INV007881,1,0,0.0040646503762279155
INV007882,1,0,0.0078040762414350135
INV007883,1,0,0.0021090213497817418
INV007884,1,0,0.004423079552312303
INV007885,1,0,0.00275446488154667
INV007886,1,0,0.004888568437850689
INV007887,1,0,0.002063913329158911
INV007888,1,0,0.005103095739491033
INV007889,1,0,0.002287337039049058
INV007890,1,0,0.00467476349232079
INV007891,1,0,0.010839424291939842
INV007892,1,0,0.0032474271901744723
INV007893,1,0,0.020299343205387295
INV007894,1,0,0.0031833388190570175
INV007895,1,0,0.02298211561639702
INV007896,1,0,0.002320855673752135
INV007897,1,0,0.002316037333291206
INV007898,1,0,0.006627645061278823
INV007899,1,0,0.0030405408632154136
INV007900,1,0,0.001961189236704082
INV007901,1,0,0.002372882488663593
INV007902,1,0,0.0036473847052520144
INV007903,1,0,0.004830300064508245
INV007904,1,0,0.0046338741990872645
INV007905,1,0,0.012338271110363352
INV007906,1,0,0.0028300646143647346
INV007907,1,0,0.010604880965708363
INV007908,1,0,0.0037817897378568735
INV007909,1,0,0.0032658024510795825
INV007910,1,0,0.005407468784667045
INV007911,1,0,0.002668660437784108
INV007912,1,0,0.0016338100047485012
INV007913,1,0,0.004964016856056706
INV007914,1,0,0.006734217783929769
INV007915,1,0,0.004111044382170552
INV007916,1,0,0.00785063247619327
INV007917,1,0,0.003968339500640648
INV007918,1,0,0.0029592177028259434
INV007919,1,0,0.002340943174602381
INV007920,1,0,0.007594796808535151
INV007921,1,0,0.0020934587244397502
INV007922,1,0,0.0007345664699522836
INV007923,1,0,0.0023937367768465385
INV007924,1,0,0.0025522997176918834
INV007925,1,0,0.0038090512559620215
INV007926,1,0,0.014051175349069321
INV007927,1,0,0.0060591506613402344
INV007928,1,0,0.00924199015330514
INV007929,1,0,0.012099289922865627
INV007930,1,0,0.0058168043416479895
INV007931,1,0,0.0040336791048659615
INV007932,1,0,0.004488411001895231
INV007933,-1,1,0.031525196767444794
INV007934,1,0,0.005126917171717754
INV007935,1,0,0.010972774229173058
INV007936,1,0,0.0017307832473782087
INV007937,1,0,0.0012927080895084398
INV007938,1,0,0.0019426081514695545
INV007939,1,0,0.0021631260596693077
INV007940,1,0,0.010018618430326757
INV007941,1,0,0.02372019463623035
INV007942,1,0,0.0020816331864697054
INV007943,1,0,0.002333806700800075
INV007944,1,0,0.004687131791214629
INV007945,1,0,0.0030823764505327465
INV007946,1,0,0.011200063655978422
INV007947,1,0,0.01531506301868332
INV007948,1,0,0.004709674105922511
INV007949,1,0,0.0038148928562393852
INV007950,1,0,0.0031125219683382716
INV007951,1,0,0.0028013699518305056
INV007952,1,0,0.0036168634202773686
INV007953,1,0,0.0026144300767367845
INV007954,1,0,0.0019989641541970733
INV007955,1,0,0.00567020697090136
INV007956,1,0,0.002341459814894814
INV007957,1,0,0.003736353996247764
INV007958,1,0,0.006935606563357247
INV007959,1,0,0.002119922893288573
INV007960,1,0,0.0035271946748803387
INV007961,1,0,0.002655790300020027
INV007962,1,0,0.0022604656120551775
INV007963,1,0,0.004223112474304618
INV007964,1,0,0.0054061943947023685
INV007965,1,0,0.0024225334141298044
INV007966,1,0,0.0031321865458406087
INV007967,1,0,0.0037668022424522723
INV007968,1,0,0.0048446116983566065
INV007969,1,0,0.0016419959705790891
INV007970,1,0,0.002819700649024163
INV007971,1,0,0.0018523387344355367
INV007972,1,0,0.0025637725509777463
INV007973,1,0,0.001575124433847384
INV007974,1,0,0.002426520166156317
INV007975,1,0,0.011826205748321305
INV007976,1,0,0.00866505557166367
INV007977,1,0,0.006285212694685597
INV007978,1,0,0.0017527206682351173
INV007979,1,0,0.0030894887229956734
INV007980,1,0,0.005440406173929748
INV007981,1,0,0.0035307840155696982
INV007982,1,0,0.004357965440568585
INV007983,1,0,0.0012758452402448456
INV007984,1,0,0.0027780932692657123
INV007985,1,0,0.003179569817843478
INV007986,1,0,0.002593671175866316
INV007987,1,0,0.0051845875522404435
INV007988,1,0,0.0015110749449688539
INV007989,1,0,0.003713006547341057
INV007990,1,0,0.004615882111110804
INV007991,1,0,0.005082545160144846
INV007992,1,0,0.004032333378672432
INV007993,1,0,0.0038538572703861454
INV007994,1,0,0.007902900245055404
INV007995,1,0,0.0022181002449540655
INV007996,1,0,0.0070891217072342385
INV007997,1,0,0.004771014574563216
INV007998,1,0,0.0029133980131826566
INV007999,1,0,0.005803233530104065
INV008000,1,0,0.012678950676870509
INV008001,1,0,0.005710870754769494
INV008002,-1,1,0.06243627491467298
INV008003,1,0,0.004737715348166421
INV008004,1,0,0.004107091681054457
INV008005,1,0,0.003381631423135515
INV008006,1,0,0.001926841362810793
INV008007,1,0,0.00648386940952752
INV008008,1,0,0.00514320509019731
INV008009,1,0,0.002112698568929356
INV008010,1,0,0.010783825994063358
INV008011,1,0,0.0024651180703047105
INV008012,1,0,0.008437559353288257
INV008013,1,0,0.004414048709203718
INV008014,1,0,0.0026775097962532515
INV008015,1,0,0.0025202582849603154
INV008016,1,0,0.006724012005713854
INV008017,1,0,0.0036140977191302047
INV008018,-1,1,0.041129130723011956
INV008019,1,0,0.0028259227896777817
INV008020,1,0,0.005868031705675
INV008021,1,0,0.003107629495243368
INV008022,1,0,0.003938413723559748
INV008023,1,0,0.002373395543470217
INV008024,1,0,0.009416740896349791
INV008025,1,0,0.0021601749095007763
INV008026,1,0,0.0024491512918376405
INV008027,1,0,0.0033315557236948024
INV008028,1,0,0.003917172107706458
INV008029,1,0,0.011533534286766655
INV008030,1,0,0.006740824964103522
INV008031,1,0,0.023671982818806617
INV008032,1,0,0.001769006755528017
INV008033,1,0,0.0019605788924470357
INV008034,1,0,0.0046133077984520455
INV008035,1,0,0.003695518655792891
INV008036,1,0,0.006453151568194627
INV008037,-1,1,0.04101848878650453
INV008038,1,0,0.0005208783910813851
INV008039,1,0,0.018225696671530178
INV008040,1,0,0.004628112915950494
INV008041,1,0,0.001822623567573888
INV008042,1,0,0.00508810714657024
INV008043,1,0,0.005056023432489539
INV008044,1,0,0.0025336505409093734
INV008045,1,0,0.0029826821850572217
INV008046,1,0,0.015359642606621994
INV008047,1,0,0.0030285091877736317
INV008048,1,0,0.0029644018009855177
INV008049,1,0,0.003673529508452346
INV008050,1,0,0.0028053637748913646
INV008051,1,0,0.0028963433481415148
INV008052,1,0,0.00271151409540232
INV008053,1,0,0.0021350852989747574
INV008054,1,0,0.0014666922324875946
INV008055,1,0,0.00617150142882074
INV008056,1,0,0.0029639354126991856
INV008057,1,0,0.0032943858042913314
INV008058,1,0,0.0027868323135169376
INV008059,1,0,0.009402930048611946
INV008060,1,0,0.004842732508466701
INV008061,1,0,0.002990510462247648
INV008062,1,0,0.002497392653313155
INV008063,1,0,0.010215754435770484
INV008064,1,0,0.004609781896072826
INV008065,1,0,0.003703566962691967
INV008066,1,0,0.008986600791925828
INV008067,1,0,0.005176381718662004
INV008068,1,0,0.004877210023502653
INV008069,1,0,0.022405723603997445
INV008070,1,0,0.003082046188865654
INV008071,1,0,0.006199209989801975
INV008072,1,0,0.004326319250526234
INV008073,1,0,0.001999034614764421
INV008074,1,0,0.005360238602200125
INV008075,1,0,0.00330016508731934
INV008076,1,0,0.004748377146337829
INV008077,1,0,0.004274015313934796
INV008078,1,0,0.004485490186973774
INV008079,1,0,0.0036605956742087747
INV008080,1,0,0.0023042886030048195
INV008081,1,0,0.0033631981760631874
INV008082,1,0,0.0027870427477929534
INV008083,1,0,0.002084354445051344
INV008084,1,0,0.002331917556475869
INV008085,1,0,0.003388691672023199
INV008086,1,0,0.0026042751012677256
INV008087,1,0,0.007696789938872801
INV008088,1,0,0.0022341290493957363
INV008089,1,0,0.0016971322709800278
INV008090,1,0,0.006404201290577883
INV008091,1,0,0.004297327238373723
INV008092,1,0,0.00308254582297905
INV008093,1,0,0.003488809880388933
INV008094,-1,1,0.042755780986263266
INV008095,1,0,0.005852208258089472
INV008096,1,0,0.002738798061732475
INV008097,1,0,0.005614225473972251
INV008098,1,0,0.029147357814210406
INV008099,1,0,0.004285570322248788
INV008100,1,0,0.0028144374610346136
INV008101,1,0,0.0025373760043525605
INV008102,-1,1,0.03764896677598811
INV008103,1,0,0.0036105908467056655
INV008104,1,0,0.0027256998388351895
INV008105,1,0,0.00458311787174206
INV008106,1,0,0.001453226701203582
INV008107,1,0,0.007980586893297741
INV008108,1,0,0.0034070914815772127
INV008109,1,0,0.004565975040341251
INV008110,1,0,0.0015850671934675435
INV008111,1,0,0.004131763905381679
INV008112,1,0,0.0024534845257761883
INV008113,1,0,0.004507708522990888
INV008114,1,0,0.011317993480356368
INV008115,1,0,0.0024884267967200113
INV008116,1,0,0.006652058305049755
INV008117,1,0,0.0059469127688019366
INV008118,1,0,0.006800370788186682
INV008119,1,0,0.023337541985900843
INV008120,1,0,0.01793078170936437
INV008121,1,0,0.0035950278023073818
INV008122,1,0,0.004823967964946673
INV008123,1,0,0.0025390872395854892
INV008124,1,0,0.0025649176296420684
INV008125,1,0,0.0039228592814435905
INV008126,1,0,0.004875198221841515
INV008127,1,0,0.00632895066183799
INV008128,1,0,0.001915610898382544
INV008129,1,0,0.005230634551829655
INV008130,1,0,0.0004632928353752731
INV008131,1,0,0.006465567893920144
INV008132,1,0,0.0029909790627687086
INV008133,1,0,0.009098519973583866
INV008134,1,0,0.0033235849326714653
INV008135,1,0,0.0023090113808808387
INV008136,1,0,0.004887404086270252
INV008137,1,0,0.00466126110425496
INV008138,1,0,0.001299031268390702
INV008139,1,0,0.0019594377444125976
INV008140,1,0,0.0031603558161984588
INV008141,1,0,0.005042654555104929
INV008142,1,0,0.0012115967080301795
INV008143,1,0,0.0021208053938665547
INV008144,1,0,0.0023410082699020602
INV008145,1,0,0.002474805729779659
INV008146,1,0,0.0036323294967626546
INV008147,1,0,0.0059144193232584024
INV008148,1,0,0.004374905469821464
INV008149,1,0,0.0034672967116439676
INV008150,1,0,0.003991880005069104
INV008151,1,0,0.003849883963930295
INV008152,1,0,0.012948299525756381
INV008153,1,0,0.012443823696055107
INV008154,1,0,0.001647105620107546
INV008155,1,0,0.0035153335989212137
INV008156,1,0,0.001970860485009794
INV008157,1,0,0.010232965177556844
INV008158,1,0,0.0041408356339713605
INV008159,1,0,0.004607420367338415
INV008160,1,0,0.00389751743710592
INV008161,1,0,0.0054591028008942315
INV008162,1,0,0.005544591559638204
INV008163,1,0,0.004997528688167239
INV008164,1,0,0.0024211834768477058
INV008165,-1,1,0.08367122966173318
INV008166,1,0,0.0037837285084789006
INV008167,1,0,0.0028372206818382062
INV008168,1,0,0.00470072555903846
INV008169,1,0,0.0025210123138494672
INV008170,1,0,0.0064069948346286805
INV008171,1,0,0.001950240863793718
INV008172,1,0,0.00809594034729335
INV008173,1,0,0.005507413273414011
INV008174,1,0,0.0069645798402683005
INV008175,1,0,0.0055175132587744055
INV008176,1,0,0.002709025563369515
INV008177,1,0,0.0031414539734429567
INV008178,1,0,0.003108917724732336
INV008179,1,0,0.002623495845590948
INV008180,1,0,0.004654341596977764
INV008181,1,0,0.0038364531809594073
INV008182,1,0,0.003023038500593913
INV008183,1,0,0.00244165236855772
INV008184,1,0,0.002349856533607088
INV008185,1,0,0.0021228165533519754
INV008186,1,0,0.003257579777764629
INV008187,1,0,0.0037617344208521015
INV008188,1,0,0.003172154224038758
INV008189,1,0,0.004253683215299293
INV008190,1,0,0.004171571151885425
INV008191,1,0,0.003652560816191835
INV008192,1,0,0.002690171786612357
INV008193,1,0,0.0024362416514807548
INV008194,1,0,0.014568135308278354
INV008195,1,0,0.011023585527182446
INV008196,1,0,0.005595798272304514
INV008197,1,0,0.0024397475573885515
INV008198,1,0,0.006959566919454314
INV008199,1,0,0.009650769117983614
INV008200,1,0,0.0032357357240168196
INV008201,1,0,0.0037655925969593516
INV008202,1,0,0.0023943537219733298
INV008203,1,0,0.002163925143816366
INV008204,1,0,0.0015065664283942751
INV008205,-1,1,0.05637647265880049
INV008206,-1,1,0.05750466216858192
INV008207,1,0,0.011631305110130266
INV008208,1,0,0.0041474786613931915
INV008209,1,0,0.01724899184668015
INV008210,1,0,0.005691581066471132
INV008211,1,0,0.0021215060830690915
INV008212,1,0,0.0025626008108686725
INV008213,1,0,0.00945121513742654
INV008214,1,0,0.0026114220111218933
INV008215,1,0,0.011088086958978368
INV008216,1,0,0.02474148382878878
INV008217,1,0,0.003654626296625058
INV008218,1,0,0.0025251077880490812
INV008219,1,0,0.005530970588447223
INV008220,1,0,0.005458185261422617
INV008221,1,0,0.003790026079969961
INV008222,1,0,0.01127811555315756
INV008223,1,0,0.005227259745617617
INV008224,1,0,0.004612915646834628
INV008225,1,0,0.0015694626393545992
INV008226,1,0,0.002955523910897522
INV008227,1,0,0.006699674426500051
INV008228,1,0,0.0018424675854547719
INV008229,1,0,0.004908428471593498
INV008230,1,0,0.0212705626579878
INV008231,1,0,0.005323617305091
INV008232,1,0,0.003052544146566061
INV008233,1,0,0.005111388043549589
INV008234,1,0,0.002389496735962385
INV008235,1,0,0.019486248467729637
INV008236,1,0,0.004748866916221921
INV008237,1,0,0.0026036579351632542
INV008238,1,0,0.004375235956009729
INV008239,1,0,0.003678410417600998
INV008240,1,0,0.004948677046050816
INV008241,1,0,0.003907650133106469
INV008242,1,0,0.017690337160402945
INV008243,1,0,0.004412335770471805
INV008244,1,0,0.011077318360241157
INV008245,1,0,0.004803287219185846
INV008246,1,0,0.0061840050465995205
INV008247,1,0,0.004714107864127109
INV008248,1,0,0.0048983898199721305
INV008249,1,0,0.0020637477151208066
INV008250,1,0,0.004573178115351141
INV008251,1,0,0.0033777130669241577
INV008252,1,0,0.0028689247487919526
INV008253,1,0,0.003442272660027022
INV008254,1,0,0.002657229193990009
INV008255,1,0,0.005723561959537848
INV008256,1,0,0.003963214893457201
INV008257,1,0,0.0016288249836707883
INV008258,1,0,0.00489180410484296
INV008259,1,0,0.004515547981252194
INV008260,1,0,0.0028384834805505257
INV008261,1,0,0.009931197968961797
INV008262,1,0,0.005349393508967906
INV008263,1,0,0.001815394340880886
INV008264,1,0,0.004173381378202288
INV008265,1,0,0.002160948326715245
INV008266,1,0,0.0019215226653026044
INV008267,1,0,0.0027138852709197993
INV008268,1,0,0.006217192910377717
INV008269,1,0,0.003544604510709949
INV008270,1,0,0.000997228899940854
INV008271,1,0,0.0022352625040196984
INV008272,1,0,0.0014731422656607345
INV008273,1,0,0.007909303563148909
INV008274,1,0,0.002755916613542716
INV008275,1,0,0.0032372093887458393
INV008276,1,0,0.00545455055148258
INV008277,1,0,0.0019503905495315973
INV008278,1,0,0.002508059185048078
INV008279,1,0,0.0062855855725867235
INV008280,1,0,0.0023141321351105026
INV008281,1,0,0.0014779328762384442
INV008282,1,0,0.013603868135867479
INV008283,1,0,0.008549987547552575
INV008284,1,0,0.00257229098109734
INV008285,1,0,0.0066254911148824
INV008286,1,0,0.0033473038611259625
INV008287,1,0,0.004148883221804469
INV008288,1,0,0.0014808552929543159
INV008289,1,0,0.004914497637444539
INV008290,1,0,0.0033777130669241933
INV008291,1,0,0.008720888502557068
INV008292,1,0,0.002298099398451419
INV008293,1,0,0.002455119532601794
INV008294,1,0,0.0029068161663569703
INV008295,1,0,0.004229894041859104
INV008296,1,0,0.004902319577947333
INV008297,1,0,0.0022840894667603404
INV008298,1,0,0.004052248615429028
INV008299,1,0,0.0019852578576607153
INV008300,1,0,0.0017645421304378051
INV008301,1,0,0.003828098052645002
INV008302,1,0,0.007784029949662366
INV008303,1,0,0.00415336817074875
INV008304,1,0,0.017206981978422516
INV008305,1,0,0.007450509419819243
INV008306,1,0,0.01761713959022961
INV008307,1,0,0.0050639200072941076
INV008308,1,0,0.005608788901237976
INV008309,1,0,0.00204480365397524
INV008310,1,0,0.00835621492800539
INV008311,1,0,0.009166981611777215
INV008312,1,0,0.0065024669321765895
INV008313,1,0,0.003456587883879535
INV008314,1,0,0.003136816473616984
INV008315,1,0,0.0024948291993323146
INV008316,1,0,0.0022805286370366825
INV008317,1,0,0.0028557271801115595
INV008318,1,0,0.005041535388989094
INV008319,1,0,0.002636978457476969
INV008320,1,0,0.005288479333623926
INV008321,1,0,0.009335221609640653
INV008322,1,0,0.0024231266323168363
INV008323,1,0,0.006261148560373956
INV008324,1,0,0.0021328121369182745
INV008325,1,0,0.002831403676576493
INV008326,1,0,0.004915712488583482
INV008327,1,0,0.0020210670378919032
INV008328,1,0,0.0030221767709075484
INV008329,1,0,0.011156863284558444
INV008330,1,0,0.004828885133611525
INV008331,1,0,0.005534793189920684
INV008332,1,0,0.020908872910725174
INV008333,1,0,0.007287006260743848
INV008334,1,0,0.002324027268383541
INV008335,1,0,0.006494002265406893
INV008336,1,0,0.007432485131893177
INV008337,1,0,0.003922401528248441
INV008338,1,0,0.00383285542938713
INV008339,1,0,0.006951391793791458
INV008340,1,0,0.004009943030414655
INV008341,1,0,0.005893257692350083
INV008342,1,0,0.017044972817159946
INV008343,1,0,0.007423362483059894
INV008344,1,0,0.003796779573980119
INV008345,1,0,0.0050877309714810965
INV008346,1,0,0.002554151457928565
INV008347,1,0,0.005109839497780561
INV008348,1,0,0.00408443732637376
INV008349,1,0,0.021550819122687612
INV008350,1,0,0.0018531506298747012
INV008351,1,0,0.0036113236374012057
INV008352,1,0,0.0089677302612776
INV008353,1,0,0.0030823929633982004
INV008354,-1,1,0.030356664550872003
INV008355,1,0,0.004613262440426686
INV008356,1,0,0.003391795531874413
INV008357,1,0,0.0026824935458864886
INV008358,1,0,0.002981908957227672
INV008359,1,0,0.00226294548584606
INV008360,1,0,0.005046427898005789
INV008361,1,0,0.003015290543645269
INV008362,1,0,0.003619091073091371
INV008363,1,0,0.006420530849366908
INV008364,1,0,0.0078107613262398505
INV008365,1,0,0.003299323417553278
INV008366,1,0,0.0041436307871320875
INV008367,1,0,0.0034476367613934626
INV008368,1,0,0.01836909764189595
INV008369,1,0,0.007059446198063371
INV008370,1,0,0.0029867396617841687
INV008371,1,0,0.0019187382872196588
INV008372,1,0,0.0026658526163031854
INV008373,1,0,0.002365819540862728
INV008374,1,0,0.009287653200191209
INV008375,1,0,0.0017312216901521156
INV008376,1,0,0.003342786637294213
INV008377,1,0,0.0020590421106581797
INV008378,1,0,0.00203271858104124
INV008379,1,0,0.0031655164514230285
INV008380,1,0,0.017864988016523146
INV008381,1,0,0.022860677363257604
INV008382,1,0,0.0021992093849778085
INV008383,1,0,0.003975367910930792
INV008384,1,0,0.001767390917842982
INV008385,1,0,0.0034373173675435356
INV008386,1,0,0.003390533035996069
INV008387,1,0,0.004951224274690534
INV008388,1,0,0.0056915948344273826
INV008389,1,0,0.0034163082875776816
INV008390,1,0,0.004703010633666888
INV008391,1,0,0.007428223205813264
INV008392,1,0,0.0034433257355474525
INV008393,1,0,0.002248908376215094
INV008394,1,0,0.004939474781531055
INV008395,1,0,0.003164762075973168
INV008396,1,0,0.004107794065014449
INV008397,-1,1,0.03950023428733611
INV008398,1,0,0.01594498788436332
INV008399,1,0,0.009675993591889597
INV008400,1,0,0.008127987999419613
INV008401,1,0,0.0038920015361197267
INV008402,1,0,0.0025928447030089084
INV008403,1,0,0.002002532372135988
INV008404,1,0,0.006510907483741554
INV008405,1,0,0.0021576966295112554
INV008406,1,0,0.008062232639511833
INV008407,1,0,0.007038346985890493
INV008408,1,0,0.0021512413226175467
INV008409,1,0,0.005303051248142988
INV008410,1,0,0.00347404608020853
INV008411,1,0,0.014205138025215766
INV008412,1,0,0.002932709456547776
INV008413,1,0,0.0034545115505257382
INV008414,1,0,0.005828541245815272
INV008415,1,0,0.003186952302885932
INV008416,1,0,0.015114465797299626
INV008417,1,0,0.005269895518328929
INV008418,1,0,0.005317972047438146
INV008419,1,0,0.00920114398224692
INV008420,1,0,0.0018746069446472094
INV008421,1,0,0.0023593190382303333
INV008422,1,0,0.011205147798448655
INV008423,1,0,0.004273043131782728
INV008424,1,0,0.0037873201023051134
INV008425,1,0,0.002178373328309221
INV008426,1,0,0.002122955534935428
INV008427,1,0,0.012715972083287841
INV008428,1,0,0.002026840200179268
INV008429,1,0,0.00318905190107981
INV008430,1,0,0.002973778305595048
INV008431,1,0,0.0022482917326942064
INV008432,1,0,0.006058692488819444
INV008433,1,0,0.005517590693846879
INV008434,1,0,0.0032642653087040503
INV008435,-1,1,0.04413484908182198
INV008436,1,0,0.004874344491582779
INV008437,1,0,0.0020487765901548573
INV008438,1,0,0.003769539678595765
INV008439,1,0,0.002792947930400052
INV008440,1,0,0.002926596481958166
INV008441,1,0,0.002224232659660937
INV008442,1,0,0.0030096604459626383
INV008443,1,0,0.008147297155923485
INV008444,1,0,0.008657000971098939
INV008445,1,0,0.0030053565436062284
INV008446,1,0,0.005421517134189501
INV008447,1,0,0.004956976170421047
INV008448,1,0,0.002465129625951513
INV008449,1,0,0.0012217838252861477
INV008450,1,0,0.009205474553132718
INV008451,1,0,0.002246485004970125
INV008452,1,0,0.0024043410841553653
INV008453,-1,1,0.04831265323725713
INV008454,1,0,0.0023857667985796405
INV008455,1,0,0.004470737037081434
INV008456,1,0,0.003801933541479218
INV008457,1,0,0.004956624890958221
INV008458,1,0,0.00550362640539991
INV008459,1,0,0.004397240137885655
INV008460,1,0,0.005283209813725454
INV008461,1,0,0.002876923119500606
INV008462,1,0,0.0021502303576256196
INV008463,1,0,0.002398597865001251
INV008464,1,0,0.0032251314198975516
INV008465,1,0,0.005574439555218229
INV008466,1,0,0.006417578840788906
INV008467,1,0,0.004951057754475789
INV008468,1,0,0.004474266669086168
INV008469,1,0,0.00791782154646871
INV008470,1,0,0.0035216017213311455
INV008471,1,0,0.020163355447324727
INV008472,1,0,0.0030476075897289748
INV008473,1,0,0.0033713750356391473
INV008474,1,0,0.012735395562865914
INV008475,1,0,0.0020045944529429372
INV008476,1,0,0.0022077629025207715
INV008477,-1,1,0.039011860838038856
INV008478,1,0,0.004869763037595505
INV008479,1,0,0.0020310788974842444
INV008480,1,0,0.004957601240411327
INV008481,1,0,0.0019303743972602567
INV008482,1,0,0.0027654094675630776
INV008483,1,0,0.003421277368909554
INV008484,1,0,0.0014542397571019514
INV008485,1,0,0.005036450160746791
INV008486,1,0,0.007151165142277684
INV008487,1,0,0.0061042357355871575
INV008488,1,0,0.0032573976032087308
INV008489,1,0,0.0018766313208751324
INV008490,1,0,0.0024193911532348253
INV008491,1,0,0.002409238239499627
INV008492,1,0,0.005076507508367442
INV008493,1,0,0.0046110417831817865
INV008494,1,0,0.0027565131271498422
INV008495,1,0,0.0060133595429387844
INV008496,1,0,0.016708643737121154
INV008497,1,0,0.0028273452307104076
INV008498,1,0,0.0077017355860006685
INV008499,1,0,0.004322415526262296
INV008500,1,0,0.014892065261260365
INV008501,-1,1,0.03470299787732709
INV008502,1,0,0.002984402374459298
INV008503,1,0,0.0036794669509701236
INV008504,1,0,0.0020640577585601546
INV008505,1,0,0.0075141170972166
INV008506,1,0,0.005904443026679069
INV008507,1,0,0.0032804360173566867
INV008508,1,0,0.0038929106630664844
INV008509,1,0,0.0021108423421015727
INV008510,1,0,0.0031656815704322093
INV008511,1,0,0.002951334508607887
INV008512,1,0,0.005537844745360842
INV008513,1,0,0.004555321979443022
INV008514,1,0,0.003962299984579793
INV008515,1,0,0.0016288249836707883
INV008516,1,0,0.0024315653553829268
INV008517,1,0,0.0024389835506427753
INV008518,1,0,0.0047842046773388085
INV008519,1,0,0.004770994084970669
INV008520,1,0,0.004750640665519959
INV008521,1,0,0.0015502091861961038
INV008522,1,0,0.019717493207236415
INV008523,1,0,0.0034141933795298557
INV008524,1,0,0.003531036544348935
INV008525,1,0,0.003950982708438489
INV008526,1,0,0.009056113648922082
INV008527,1,0,0.0037407401479051658
INV008528,1,0,0.005878399241692802
INV008529,1,0,0.01854347705443198
INV008530,1,0,0.0047009165509762545
INV008531,1,0,0.0036978443446743837
INV008532,1,0,0.009038472158216996
INV008533,1,0,0.0026322805089061
INV008534,1,0,0.017439961958114727
INV008535,1,0,0.0013013870252083703
INV008536,1,0,0.010046239417180513
INV008537,1,0,0.00951070063466577
INV008538,1,0,0.0033520905026947186
INV008539,1,0,0.0028501646435205325
INV008540,1,0,0.004314559696553339
INV008541,1,0,0.025840527972851635
INV008542,1,0,0.008512943139514083
INV008543,1,0,0.02339013562248622
INV008544,1,0,0.0036908825643431164
INV008545,1,0,0.0026316107424080443
INV008546,1,0,0.010151871443683009
INV008547,1,0,0.004285218016150716
INV008548,1,0,0.026987413646259454
INV008549,1,0,0.0032915081669664375
INV008550,1,0,0.0036982642074738416
INV008551,1,0,0.02336571038588902
INV008552,1,0,0.005709160149323996
INV008553,1,0,0.0026287118265644646
INV008554,1,0,0.0017656311153820866
INV008555,1,0,0.006964205196656265
INV008556,1,0,0.0038959027202472387
INV008557,1,0,0.00411251852055611
INV008558,1,0,0.008701610311767116
INV008559,1,0,0.003506647141962865
INV008560,1,0,0.0031234291185112395
INV008561,1,0,0.0072592216391317065
INV008562,1,0,0.005440369430873379
INV008563,1,0,0.0024268427626131846
INV008564,1,0,0.0031676280234795443
INV008565,1,0,0.003193477820814763
INV008566,1,0,0.0015607633557563178
INV008567,1,0,0.002919433229121116
INV008568,1,0,0.0033436446730287193
INV008569,1,0,0.00815511112052749
INV008570,1,0,0.015929090727090346
INV008571,1,0,0.0022749465075207515
INV008572,1,0,0.009709812944572037
INV008573,1,0,0.0021964987785616443
INV008574,1,0,0.004067193823162367
INV008575,1,0,0.003030636698117755
INV008576,1,0,0.015533691318674105
INV008577,1,0,0.007254147186267146
INV008578,1,0,0.0031911235538730465
INV008579,1,0,0.0027180064842010163
INV008580,1,0,0.001532571672917372
INV008581,1,0,0.002279796460389282
INV008582,1,0,0.02111903219720823
INV008583,1,0,0.002115638958151387
INV008584,1,0,0.0064034575536629276
INV008585,1,0,0.0027134417565722636
INV008586,1,0,0.0022347645569708433
INV008587,1,0,0.005071273902915737
INV008588,1,0,0.0026868905189658216
INV008589,1,0,0.0039578071769166496
INV008590,1,0,0.0036872071960741917
INV008591,1,0,0.002205610123070037
INV008592,1,0,0.0036493104938885718
INV008593,1,0,0.0032838844416658106
INV008594,1,0,0.008267295014100628
INV008595,1,0,0.003505222376478577
INV008596,1,0,0.001983721686568693
INV008597,1,0,0.015331711737585458
INV008598,1,0,0.004898218776001252
INV008599,1,0,0.00169552692965825
INV008600,1,0,0.0030628039919080364
INV008601,1,0,0.0047004382541117684
INV008602,1,0,0.0021877606325930794
INV008603,1,0,0.0024840009463097078
INV008604,1,0,0.006559063950958061
INV008605,1,0,0.004974349888468504
INV008606,1,0,0.0016044699673274034
INV008607,1,0,0.003520195238966391
INV008608,1,0,0.017614448970228264
INV008609,1,0,0.009652633057047645
INV008610,1,0,0.004605022104158086
INV008611,1,0,0.007532919335525947
INV008612,1,0,0.009959065375434705
INV008613,1,0,0.0024589106990586056
INV008614,1,0,0.0034766870674755672
INV008615,1,0,0.008779410816792985
INV008616,-1,1,0.042566088409367216
INV008617,1,0,0.005125002360691013
INV008618,1,0,0.0040462743286949834
INV008619,1,0,0.003397929371976393
INV008620,1,0,0.004406532881415256
INV008621,1,0,0.0070399982295426345
INV008622,1,0,0.003208817737776625
INV008623,1,0,0.006585986819361457
INV008624,1,0,0.0018027957469125288
INV008625,1,0,0.002359207160936933
INV008626,1,0,0.005756504463759878
INV008627,1,0,0.003360171578119227
INV008628,1,0,0.0038163005347710824
INV008629,1,0,0.002218086485108679
INV008630,1,0,0.003874288108568194
INV008631,1,0,0.006609558098578965
INV008632,1,0,0.0018728202117371225
INV008633,1,0,0.00425055022718165
INV008634,1,0,0.004074751473986883
INV008635,1,0,0.012320509879194754
INV008636,1,0,0.008197647687861584
INV008637,1,0,0.004116486122153646
INV008638,1,0,0.0026503138110569023
INV008639,1,0,0.02154752624488744
INV008640,1,0,0.00869913150545386
INV008641,1,0,0.004426008715896585
INV008642,1,0,0.002318178228838111
INV008643,1,0,0.001970520142884472
INV008644,1,0,0.0030337484026106425
INV008645,1,0,0.006067554005757467
INV008646,1,0,0.0038454453325241535
INV008647,1,0,0.0032985902147536408
INV008648,1,0,0.0028435293469713965
INV008649,1,0,0.0036469601527147656
INV008650,1,0,0.0031080619760408064
INV008651,1,0,0.0026017122572875445
INV008652,1,0,0.0033368127660821003
INV008653,1,0,0.0020005025273101174
INV008654,1,0,0.005715658853047101
INV008655,1,0,0.002312061724986852
INV008656,1,0,0.006758437068319644
INV008657,1,0,0.005919244211286735
INV008658,1,0,0.003439342200811801
INV008659,1,0,0.004237385771177024
INV008660,1,0,0.0039738410036975445
INV008661,1,0,0.006228203002851527
INV008662,1,0,0.0015481734948352818
INV008663,1,0,0.0024914174474688685
INV008664,1,0,0.008131483479212399
INV008665,1,0,0.008349307896166513
INV008666,1,0,0.004167906056706605
INV008667,1,0,0.007467695606446357
INV008668,1,0,0.003186516802543466
INV008669,1,0,0.009956125891122204
INV008670,-1,1,0.11725298284926829
INV008671,1,0,0.002637049654480798
INV008672,1,0,0.002700805610857983
INV008673,1,0,0.002991215740295683
INV008674,1,0,0.003457709119679861
INV008675,1,0,0.0020378785457658088
INV008676,1,0,0.005577033671464851
INV008677,1,0,0.003633536809993306
INV008678,1,0,0.025079059178758616
INV008679,1,0,0.005944174257360168
INV008680,1,0,0.0028411326552365075
INV008681,1,0,0.0035586272226216364
INV008682,1,0,0.0036744782506075518
INV008683,1,0,0.0016050543789391171
INV008684,1,0,0.002359397264276744
INV008685,1,0,0.009599464729807404
INV008686,1,0,0.002582734753503868
INV008687,1,0,0.006219893277181034
INV008688,1,0,0.0028480245806728247
INV008689,1,0,0.004576943207062203
INV008690,1,0,0.002969619136900556
INV008691,1,0,0.002431008623162936
INV008692,1,0,0.0034422141437961394
INV008693,1,0,0.0029123398192556363
INV008694,1,0,0.0019487340603347608
INV008695,1,0,0.004422473893675969
INV008696,1,0,0.021426090318246355
INV008697,1,0,0.0024670454728569985
INV008698,1,0,0.001572447537436792
INV008699,1,0,0.003937475962595117
INV008700,1,0,0.003759798058879215
INV008701,1,0,0.0012161064105615437
INV008702,1,0,0.002431527307872132
INV008703,1,0,0.003319896919054459
INV008704,1,0,0.004427275270992718
INV008705,1,0,0.004969037721684655
INV008706,1,0,0.002325432277030269
INV008707,1,0,0.0018083313945121788
INV008708,1,0,0.003440817144750583
INV008709,1,0,0.003141250383538084
INV008710,1,0,0.004538445250393148
INV008711,1,0,0.01724747517452451
INV008712,1,0,0.0016890621162819718
INV008713,1,0,0.0011458833929965644
INV008714,1,0,0.017525629470273793
INV008715,1,0,0.0015950339427723212
INV008716,1,0,0.02221858676068302
INV008717,1,0,0.004203862734341511
INV008718,1,0,0.003834768165642732
INV008719,1,0,0.004114806124815423
INV008720,1,0,0.003885175083945814
INV008721,1,0,0.016773429151299767
INV008722,1,0,0.01314702759369954
INV008723,1,0,0.004764898861980279
INV008724,1,0,0.004022997795256794
INV008725,1,0,0.00859937047256235
INV008726,1,0,0.0018672546377878788
INV008727,1,0,0.010431390652292668
INV008728,-1,1,0.05026493550078891
INV008729,1,0,0.005730122146259736
INV008730,1,0,0.0010639357425074362
INV008731,1,0,0.002119922893288573
INV008732,1,0,0.012149805225543837
INV008733,1,0,0.0035694225921251866
INV008734,1,0,0.005216419091279065
INV008735,1,0,0.0011717885402857404
INV008736,1,0,0.01349796847428569
INV008737,1,0,0.007083387428836508
INV008738,1,0,0.002172739514339131
INV008739,1,0,0.007975833773529834
INV008740,1,0,0.0018290546254761916
INV008741,1,0,0.004734503121286231
INV008742,1,0,0.0020738705183918813
INV008743,1,0,0.00354913378880713
INV008744,1,0,0.0037724014975959383
INV008745,1,0,0.003228656360407005
INV008746,1,0,0.019721502176738136
INV008747,1,0,0.0047752500391061775
INV008748,1,0,0.009783856187115992
INV008749,1,0,0.019566008786758557
INV008750,-1,1,0.08163745978657946
INV008751,1,0,0.007368390331691208
INV008752,1,0,0.004947116909387198
INV008753,1,0,0.0027508151933722247
INV008754,1,0,0.0019426081514695545
INV008755,1,0,0.0014876233889140123
INV008756,1,0,0.0032533715204194854
INV008757,-1,1,0.08624458005480722
INV008758,1,0,0.0013213429224540156
INV008759,1,0,0.002639658983044563
INV008760,1,0,0.0043846117565578355
INV008761,1,0,0.004869347803416477
INV008762,1,0,0.003769084309221149
INV008763,1,0,0.0031019025246301203
INV008764,1,0,0.006521148969150087
INV008765,1,0,0.004472819405146269
INV008766,1,0,0.00706164164900033
INV008767,1,0,0.0017373926687674751
INV008768,1,0,0.004047226901493412
INV008769,1,0,0.023704093744620073
INV008770,1,0,0.0029054313518425477
INV008771,1,0,0.004193785852981605
INV008772,1,0,0.00434771434658048
INV008773,1,0,0.0029251522812921097
INV008774,1,0,0.005421895476593658
INV008775,1,0,0.004330579003159299
INV008776,1,0,0.0026066011120432254
INV008777,1,0,0.0028254743534326244
INV008778,1,0,0.003643445076761184
INV008779,1,0,0.007448511253676733
INV008780,1,0,0.006608979090361709
INV008781,1,0,0.008897272548581003
INV008782,1,0,0.002780220070488982
INV008783,1,0,0.005779263968734301
INV008784,1,0,0.0027425903556265343
INV008785,1,0,0.0015177780378647057
INV008786,1,0,0.003490899269829244
INV008787,1,0,0.0011856167689821586
INV008788,1,0,0.011890272327650863
INV008789,1,0,0.006288987013124852
INV008790,1,0,0.009915734053578677
INV008791,1,0,0.008653053154414721
INV008792,1,0,0.003348560851518293
INV008793,1,0,0.004861615158241141
INV008794,1,0,0.0029027193849650076
INV008795,1,0,0.0005530451239921185
INV008796,1,0,0.002959348178931949
INV008797,1,0,0.0038800490708557015
INV008798,1,0,0.002448223528335863
INV008799,1,0,0.0033259256137978975
INV008800,1,0,0.003490715893717139
INV008801,1,0,0.0022232751725116454
INV008802,1,0,0.0014873925151068846
INV008803,1,0,0.0029571099593735505
INV008804,1,0,0.003520236299846229
INV008805,1,0,0.014695149835845092
INV008806,1,0,0.0019674462758157195
INV008807,1,0,0.014318704610302692
INV008808,1,0,0.002447231155827941
INV008809,-1,1,0.03417943306074651
INV008810,1,0,0.0093497236310534
INV008811,1,0,0.0026963608745191638
INV008812,1,0,0.0034088371472883786
INV008813,1,0,0.002637524419050618
INV008814,1,0,0.006342076655648324
INV008815,1,0,0.0018656373033517288
INV008816,1,0,0.005805394228346824
INV008817,1,0,0.0029994643445218636
INV008818,1,0,0.0017000205080705101
INV008819,1,0,0.003522648992286121
INV008820,1,0,0.0016154162251624028
INV008821,1,0,0.004687231930456152
INV008822,1,0,0.0014076731296536206
INV008823,1,0,0.0012822230213212261
INV008824,1,0,0.002561182313741804
INV008825,1,0,0.008618061397492962
INV008826,1,0,0.003675778889954998
INV008827,1,0,0.011665348523262004
INV008828,1,0,0.002949493672844129
INV008829,1,0,0.004787905772702244
INV008830,1,0,0.0020861510843361362
INV008831,1,0,0.0025180378610409654
INV008832,1,0,0.0026956352829637926
INV008833,1,0,0.0027706465532380585
INV008834,1,0,0.0019262071856077537
INV008835,1,0,0.005644436142145845
INV008836,1,0,0.016893810629762532
INV008837,1,0,0.0038610207493577652
INV008838,1,0,0.003301080300016219
INV008839,1,0,0.0036879243162947703
INV008840,1,0,0.0018617053955646346
INV008841,1,0,0.004053963557365385
INV008842,1,0,0.0022397976032473674
INV008843,1,0,0.008684650009796952
INV008844,1,0,0.004113064202216575
INV008845,1,0,0.003958705989078453
INV008846,1,0,0.0034194773653398337
INV008847,1,0,0.004925674519677988
INV008848,1,0,0.0206277614129871
INV008849,1,0,0.008349388742496279
INV008850,1,0,0.003803065498901684
INV008851,1,0,0.003088493818249954
INV008852,1,0,0.005274465116937367
INV008853,1,0,0.003099637559196645
INV008854,1,0,0.0022116221714640174
INV008855,1,0,0.0011774904248818276
INV008856,1,0,0.005038819784054348
INV008857,1,0,0.01588394228222189
INV008858,1,0,0.012909461540464224
INV008859,1,0,0.0034803384949057105
INV008860,1,0,0.0018794783755326165
INV008861,1,0,0.002986120393677847
INV008862,1,0,0.006620583480247511
INV008863,1,0,0.0016429336391089683
INV008864,1,0,0.005374683137281064
INV008865,1,0,0.005699410999414616
INV008866,1,0,0.004200533617755016
INV008867,1,0,0.009901773039251
INV008868,1,0,0.0036012000462123466
INV008869,1,0,0.00877327142420944
INV008870,1,0,0.002494706185850727
INV008871,1,0,0.005962863447757208
INV008872,1,0,0.0023344349918653566
INV008873,1,0,0.0021786591348250863
INV008874,1,0,0.004309519552171813
INV008875,1,0,0.006303016592781687
INV008876,1,0,0.00255933146509852
INV008877,1,0,0.005313492927480925
INV008878,1,0,0.004791583635289955
INV008879,1,0,0.004316602445038516
INV008880,1,0,0.010454262118344788
INV008881,1,0,0.00202420030885685
INV008882,1,0,0.005940257604806122
INV008883,1,0,0.003089239839485618
INV008884,1,0,0.0022971332133647415
INV008885,1,0,0.007875162081410262
INV008886,1,0,0.0026524279290905954
INV008887,1,0,0.0026868531277650957
INV008888,1,0,0.002412727223744236
INV008889,1,0,0.013995533118779236
INV008890,1,0,0.00275497169602002
INV008891,1,0,0.0026702404920445296
INV008892,1,0,0.0022344851224901747
INV008893,1,0,0.0024216762237048053
INV008894,1,0,0.004358616662570284
INV008895,1,0,0.004519950596128245
INV008896,1,0,0.003881344823849083
INV008897,1,0,0.007571040483126849
INV008898,1,0,0.003005485293701715
INV008899,1,0,0.0019895042204451704
INV008900,1,0,0.0020391006583914285
INV008901,1,0,0.001480855292954298
INV008902,1,0,0.002599519019423056
INV008903,1,0,0.0019392760859805462
INV008904,1,0,0.0029675019746527335
INV008905,-1,1,0.030864219667872193
INV008906,1,0,0.0051258800065393075
INV008907,1,0,0.00292024343980821
INV008908,1,0,0.003761145410100674
INV008909,1,0,0.01775302338584334
INV008910,1,0,0.0034253369520337563
INV008911,1,0,0.02154547377227193
INV008912,1,0,0.006716096562589595
INV008913,1,0,0.005324482386805869
INV008914,1,0,0.007127316781563691
INV008915,1,0,0.006414537564974826
INV008916,1,0,0.0026119687209360675
INV008917,1,0,0.0036951401374527267
INV008918,1,0,0.0019089362496057705
INV008919,1,0,0.006973138510506381
INV008920,1,0,0.008279074868967591
INV008921,1,0,0.005701386517970286
INV008922,-1,1,0.030172754882382535
INV008923,-1,1,0.030153316609444803
INV008924,1,0,0.002734297201521759
INV008925,1,0,0.0024034203670935395
INV008926,1,0,0.0035687224602533227
INV008927,1,0,0.0015904420380796523
INV008928,1,0,0.001679737519071794
INV008929,1,0,0.002560044690302978
INV008930,1,0,0.004361069106835909
INV008931,1,0,0.0026708699741337864
INV008932,1,0,0.0015122220399321784
INV008933,1,0,0.0026546018390764194
INV008934,1,0,0.0017287209396479224
INV008935,1,0,0.002981656795169477
INV008936,1,0,0.004577894265779533
INV008937,1,0,0.004790795511254625
INV008938,1,0,0.003079525118101515
INV008939,1,0,0.0033688768379735974
INV008940,1,0,0.0037502684098855133
INV008941,1,0,0.0056235960800261895
INV008942,1,0,0.0019591776145271053
INV008943,1,0,0.0047615146695822895
INV008944,1,0,0.021988012433792895
INV008945,1,0,0.004847466500690036
INV008946,1,0,0.0032462643753874967
INV008947,1,0,0.0017697979327694737
INV008948,1,0,0.002736314767284461
INV008949,1,0,0.0027014331573811477
INV008950,1,0,0.003316747512780414
INV008951,1,0,0.0017283852883425716
INV008952,1,0,0.020291512907457798
INV008953,1,0,0.020866313785269968
INV008954,1,0,0.0026494781777546194
INV008955,1,0,0.0027508264336599704
INV008956,1,0,0.010438780591864205
INV008957,1,0,0.005061637776111231
INV008958,1,0,0.0007344203799903538
INV008959,1,0,0.0022996027128981585
INV008960,1,0,0.026963324469069624
INV008961,1,0,0.0034607257879219282
INV008962,1,0,0.005499204333080481
INV008963,1,0,0.005846146079151058
INV008964,1,0,0.01811033852798395
INV008965,1,0,0.004890626153308908
INV008966,1,0,0.003980484703119376
INV008967,1,0,0.001880105254587431
INV008968,1,0,0.0021124913420036413
INV008969,1,0,0.0016179049090310575
INV008970,1,0,0.0034941993129430056
INV008971,1,0,0.004009360882992526
INV008972,1,0,0.006007006757267559
INV008973,1,0,0.008845184367116529
INV008974,1,0,0.002860928593384021
INV008975,1,0,0.004491385761656194
INV008976,1,0,0.0065949504848665545
INV008977,1,0,0.002575549584854207
INV008978,1,0,0.004397019659748965
INV008979,1,0,0.002309470190652523
INV008980,1,0,0.0017301211013130283
INV008981,1,0,0.005557385072927626
INV008982,1,0,0.0033116292965414385
INV008983,1,0,0.007318824284347081
INV008984,1,0,0.007350949505548091
INV008985,1,0,0.009486414116445
INV008986,1,0,0.0024482320937350625
INV008987,1,0,0.010213312863110164
INV008988,1,0,0.0029555239108975105
INV008989,1,0,0.00659647117954391
INV008990,1,0,0.005816076228721238
INV008991,1,0,0.008393292220342415
INV008992,1,0,0.005183493197052305
INV008993,1,0,0.0026747577873797615
INV008994,1,0,0.0021981558914871166
INV008995,1,0,0.006939779843704269
INV008996,1,0,0.007526121442548872
INV008997,1,0,0.002149144895306366
INV008998,1,0,0.0035870497476158366
INV008999,1,0,0.0039555160398740295
INV009000,1,0,0.003997725728678623
INV009001,1,0,0.004422807740321021
INV009002,-1,1,0.02954115271092282
INV009003,1,0,0.002157228226223998
INV009004,1,0,0.002367877577692201
INV009005,1,0,0.005065808648239321
INV009006,1,0,0.002773636451023086
INV009007,1,0,0.0024069276608290773
INV009008,1,0,0.009839671344890211
INV009009,-1,1,0.04868541715299113
INV009010,1,0,0.0022632174301060438
INV009011,1,0,0.003287980410144425
INV009012,1,0,0.0053233085106078
INV009013,1,0,0.008382722380778066
INV009014,1,0,0.003279344582662151
INV009015,1,0,0.0032726437910520815
INV009016,1,0,0.0005208783910813851
INV009017,1,0,0.002517271037584624
INV009018,1,0,0.008261495158999549
INV009019,1,0,0.004251175703126143
INV009020,1,0,0.004960024545309331
INV009021,1,0,0.014756173033008548
INV009022,1,0,0.005620526714630529
INV009023,1,0,0.002089040184445646
INV009024,1,0,0.005201040502806643
INV009025,1,0,0.001975253386332523
INV009026,-1,1,0.03046190878327505
INV009027,1,0,0.0043973860065095426
INV009028,1,0,0.00590068801153851
INV009029,1,0,0.004259138933953689
INV009030,1,0,0.004459833773511503
INV009031,1,0,0.015179289862978335
INV009032,1,0,0.0028793702542379133
INV009033,1,0,0.0026758035705045733
INV009034,1,0,0.0016518029065679593
INV009035,1,0,0.0057993527646427
INV009036,1,0,0.009684786000752286
INV009037,1,0,0.001839289105239638
INV009038,1,0,0.007628499110277937
INV009039,1,0,0.004638607590032537
INV009040,1,0,0.011262103528256903
INV009041,1,0,0.004915992877041824
INV009042,1,0,0.00590122653905078
INV009043,1,0,0.0017880176251937217
INV009044,1,0,0.017509168930004697
INV009045,1,0,0.0026562593743594616
INV009046,1,0,0.003335018731215288
INV009047,1,0,0.010831912426102194
INV009048,1,0,0.0016397465438090038
INV009049,1,0,0.0030563452079698052
INV009050,1,0,0.0024888242913496217
INV009051,1,0,0.0028946616139587005
INV009052,1,0,0.0017920323070115375
INV009053,1,0,0.005917776547081163
INV009054,1,0,0.0051788255191506935
INV009055,1,0,0.002110815707418604
INV009056,1,0,0.0034049094951240887
INV009057,1,0,0.009415107049938063
INV009058,1,0,0.004662275681384948
INV009059,1,0,0.004400492285119721
INV009060,1,0,0.004061633357714584
INV009061,1,0,0.0035286697077331615
INV009062,1,0,0.002265907380779906
INV009063,1,0,0.007209345079357569
INV009064,1,0,0.001354226216863293
INV009065,1,0,0.0015681825211786395
INV009066,1,0,0.009312352346842382
INV009067,1,0,0.006653686429097084
INV009068,1,0,0.003918009786306479
INV009069,1,0,0.003984851087036292
INV009070,1,0,0.0048351962348351
INV009071,1,0,0.0019487340603347608
INV009072,1,0,0.0039578705986791675
INV009073,1,0,0.002938812372863774
INV009074,1,0,0.0013135266845561292
INV009075,1,0,0.018047114392306596
INV009076,1,0,0.005023879253229795
INV009077,1,0,0.0017176378878870026
INV009078,1,0,0.0029273714438317593
INV009079,-1,1,0.14650550331683576
INV009080,1,0,0.0026380408952092474
INV009081,1,0,0.008732365289963313
INV009082,1,0,0.019805500339964314
INV009083,1,0,0.002064755761513623
INV009084,1,0,0.007609924408861762
INV009085,1,0,0.003400504387796899
INV009086,1,0,0.0012771881745971896
INV009087,1,0,0.005183635671115725
INV009088,1,0,0.0017989137057473142
INV009089,1,0,0.014186916335465592
INV009090,1,0,0.0019910016929330296
INV009091,1,0,0.005105085324435432
INV009092,1,0,0.0028052459754520443
INV009093,1,0,0.00265510010939461
INV009094,1,0,0.004906292774643291
INV009095,1,0,0.0024235594594966057
INV009096,1,0,0.003984604015660764
INV009097,1,0,0.002372817765210181
INV009098,1,0,0.00634965687665808
INV009099,1,0,0.00391790103890864
INV009100,1,0,0.0036316979703495994
INV009101,1,0,0.00554112598123421
INV009102,1,0,0.011174898677791315
INV009103,1,0,0.004676952823503529
INV009104,1,0,0.003188396522533741
INV009105,1,0,0.003910711232191976
INV009106,1,0,0.0032307887915556457
INV009107,1,0,0.004943680167094181
INV009108,1,0,0.007921284974281071
INV009109,1,0,0.003004950115867315
INV009110,1,0,0.003790504671764389
INV009111,1,0,0.001977696818525772
INV009112,1,0,0.0025708503715395573
INV009113,1,0,0.002776240680383647
INV009114,1,0,0.002550881529761927
INV009115,1,0,0.0034527854674541087
INV009116,1,0,0.0021080111719797064
INV009117,1,0,0.004710815859503109
INV009118,1,0,0.0021021176445501014
INV009119,1,0,0.0034364943346734808
INV009120,1,0,0.004499402911314325
INV009121,1,0,0.004600806457030011
INV009122,1,0,0.0045988765323488855
INV009123,1,0,0.007336448682224571
INV009124,1,0,0.003972124693981032
INV009125,1,0,0.002714742774235275
INV009126,1,0,0.004310885364627629
INV009127,1,0,0.0014384125098477177
INV009128,1,0,0.006576897449208439
INV009129,1,0,0.005415410341404598
INV009130,1,0,0.017385780461143578
INV009131,1,0,0.0023389020093609685
INV009132,1,0,0.003388316880321479
INV009133,1,0,0.0065368829232923895
INV009134,1,0,0.006440198765457846
INV009135,1,0,0.016828161990737386
INV009136,-1,1,0.03898077418500848
INV009137,1,0,0.003135540379844315
INV009138,1,0,0.001310992916987392
INV009139,1,0,0.010883994855728756
INV009140,1,0,0.009484047604009196
INV009141,1,0,0.005721834188036061
INV009142,1,0,0.002977139878689827
INV009143,1,0,0.0011475635826648026
INV009144,1,0,0.0024368001037930673
INV009145,1,0,0.015455961990433675
INV009146,-1,1,0.04995562056151849
INV009147,1,0,0.004760228330364663
INV009148,1,0,0.003743584399517992
INV009149,1,0,0.004328871616222437
INV009150,1,0,0.0033330558591688876
INV009151,1,0,0.01045888581939324
INV009152,1,0,0.000394944825569399
INV009153,1,0,0.00403587677218231
INV009154,1,0,0.002433538063877699
INV009155,1,0,0.014436330529858717
INV009156,1,0,0.017810994346639058
INV009157,1,0,0.0029193100466113945
INV009158,1,0,0.003019159485649895
INV009159,1,0,0.0023366680467596115
INV009160,1,0,0.0030450231237916796
INV009161,1,0,0.012413492271211898
INV009162,1,0,0.0057671772190726585
INV009163,1,0,0.007407442374612885
INV009164,1,0,0.00561502990817723
INV009165,1,0,0.0045960891921536795
INV009166,1,0,0.0028787744099253204
INV009167,1,0,0.002265077323399712
INV009168,1,0,0.005395657113059255
INV009169,1,0,0.007065405426719404
INV009170,1,0,0.0015178065307187066
INV009171,1,0,0.002408235638187837
INV009172,1,0,0.0034792708360804276
INV009173,1,0,0.006918198676341509
INV009174,1,0,0.002337589197748495
INV009175,1,0,0.0070484734852363645
INV009176,1,0,0.0022723780100179043
INV009177,1,0,0.003318293453139094
INV009178,1,0,0.0021889543392233698
INV009179,1,0,0.011173497812809812
INV009180,1,0,0.003615574205696103
INV009181,1,0,0.0036487848613336177
INV009182,1,0,0.016918266007788518
INV009183,1,0,0.005274338955622174
INV009184,1,0,0.003826186137918759
INV009185,1,0,0.0023462905931111583
INV009186,1,0,0.001819020603084094
INV009187,1,0,0.0027391380601618238
INV009188,1,0,0.0021412557780771885
INV009189,1,0,0.0044393159137581266
INV009190,1,0,0.0025334084005168254
INV009191,1,0,0.00194278157850193
INV009192,-1,1,0.331225177668805
INV009193,1,0,0.010121127453548883
INV009194,1,0,0.0024481237194642633
INV009195,1,0,0.012521671006960623
INV009196,1,0,0.0033916034499568057
INV009197,1,0,0.0021231808025467735
INV009198,1,0,0.005091205056193407
INV009199,1,0,0.001882397730035512
INV009200,1,0,0.0003283526790312738
INV009201,1,0,0.002277751477790918
INV009202,1,0,0.006057373472843907
INV009203,1,0,0.0022809342422724986
INV009204,1,0,0.0019752316679428083
INV009205,1,0,0.004267869155141796
INV009206,1,0,0.0017382912218156137
INV009207,1,0,0.00945493906182581
INV009208,1,0,0.004163311618610497
INV009209,1,0,0.0014396050150163988
INV009210,-1,1,0.03499207580848545
INV009211,1,0,0.003069731622507416
INV009212,1,0,0.002150330305500166
INV009213,1,0,0.002306093552013981
INV009214,1,0,0.003316174137645501
INV009215,1,0,0.002794882585451733
INV009216,1,0,0.0066927061199449555
INV009217,1,0,0.0033662705811746715
INV009218,1,0,0.0033759135632496873
INV009219,1,0,0.004260530412462415
INV009220,1,0,0.003689699736004821
INV009221,1,0,0.0031567253486200304
INV009222,1,0,0.005009670755070313
INV009223,1,0,0.0029243074142396167
INV009224,1,0,0.0021825295855996798
INV009225,1,0,0.009922080349513982
INV009226,1,0,0.005353204802049225
INV009227,1,0,0.005574902358457985
INV009228,1,0,0.007449766915577554
INV009229,1,0,0.005676911307786858
INV009230,1,0,0.003883197540918321
INV009231,1,0,0.00395574745864277
INV009232,1,0,0.001424831909577714
INV009233,1,0,0.002926892771856402
INV009234,1,0,0.01310464751996003
INV009235,1,0,0.0039501493347648955
INV009236,1,0,0.004649438468413773
INV009237,1,0,0.0049643303777278875
INV009238,1,0,0.004045127857659543
INV009239,1,0,0.006031291434839226
INV009240,1,0,0.011037979183260436
INV009241,1,0,0.003311979673691381
INV009242,1,0,0.0031721498035089195
INV009243,1,0,0.0028541350387196246
INV009244,1,0,0.0012253950561082203
INV009245,1,0,0.006675728391952281
INV009246,1,0,0.007212667884656658
INV009247,1,0,0.004204458328669876
INV009248,1,0,0.004855172602196536
INV009249,1,0,0.013314719795805542
INV009250,1,0,0.0012130982034702991
INV009251,1,0,0.0029973506944584016
INV009252,1,0,0.0036953168085332873
INV009253,1,0,0.002506550915777239
INV009254,1,0,0.002382930400923328
INV009255,1,0,0.00876263355790627
INV009256,1,0,0.0038216911990079762
INV009257,1,0,0.0027584377598309255
INV009258,1,0,0.003378907493483683
INV009259,1,0,0.0030628039919080364
INV009260,1,0,0.0054941581414222574
INV009261,1,0,0.0030092212635603375
INV009262,1,0,0.002176220749120533
INV009263,1,0,0.003962808329516782
INV009264,1,0,0.003501857837683938
INV009265,1,0,0.0032360777078563564
INV009266,1,0,0.0037129136665012565
INV009267,1,0,0.002901500768572493
INV009268,1,0,0.003981880095074479
INV009269,1,0,0.002373852464084139
INV009270,1,0,0.004567968383010046
INV009271,1,0,0.003675881814502934
INV009272,1,0,0.011313556546708048
INV009273,1,0,0.021222740556914015
INV009274,1,0,0.0029344022694671136
INV009275,1,0,0.00335933538284803
INV009276,1,0,0.003055242992698866
INV009277,1,0,0.0016249530031690776
INV009278,1,0,0.002132852094068683
INV009279,1,0,0.018941255569817527
INV009280,1,0,0.002163540315509961
INV009281,1,0,0.0035225924057677043
INV009282,1,0,0.0047287015418163115
INV009283,1,0,0.0036716439461294266
INV009284,1,0,0.0023464272368196003
INV009285,1,0,0.004046744729842992
INV009286,1,0,0.004819003191723312
INV009287,1,0,0.008681879237224664
INV009288,1,0,0.0029309021964422774
INV009289,1,0,0.002032885081427589
INV009290,1,0,0.003412006796181362
INV009291,1,0,0.008133257883469053
INV009292,1,0,0.009822976983248652
INV009293,1,0,0.0034025478991971756
INV009294,1,0,0.005337080427408376
INV009295,1,0,0.005514634279131099
INV009296,1,0,0.00363846042228319
INV009297,1,0,0.004475388509713981
INV009298,1,0,0.0017220431983592133
INV009299,1,0,0.0035963514892930065
INV009300,1,0,0.003685794408582312
INV009301,1,0,0.0015177834470639267
INV009302,1,0,0.0030610692681460423
INV009303,1,0,0.002091639142776538
INV009304,1,0,0.002481950971841773
INV009305,1,0,0.0029844627494855537
INV009306,1,0,0.004791456452928156
INV009307,1,0,0.017627861443485278
INV009308,1,0,0.0014371913595193405
INV009309,1,0,0.0024201994654995864
INV009310,1,0,0.0027098769146185336
INV009311,1,0,0.004642137092985689
INV009312,1,0,0.005813058208431404
INV009313,1,0,0.0030782062044221164
INV009314,1,0,0.0020821552550806576
INV009315,1,0,0.007246178101295779
INV009316,1,0,0.0022992518864246763
INV009317,1,0,0.005026342898823169
INV009318,1,0,0.002619696741059967
INV009319,1,0,0.02893917260711371
INV009320,1,0,0.003525049920626707
INV009321,1,0,0.00569021996730333
INV009322,1,0,0.000986215954051261
INV009323,1,0,0.002144806675479685
INV009324,1,0,0.0028362632485350934
INV009325,1,0,0.00250878238282634
INV009326,-1,1,0.14011478144345815
INV009327,1,0,0.005290728865890236
INV009328,1,0,0.007575866091690122
INV009329,1,0,0.0016828394169822567
INV009330,1,0,0.0022324124727195966
INV009331,1,0,0.004118896793055143
INV009332,1,0,0.0031499136107198673
INV009333,1,0,0.008348633428283656
INV009334,1,0,0.003244744788320981
INV009335,1,0,0.002682590096499969
INV009336,1,0,0.00274878674808023
INV009337,1,0,0.002558954665756792
INV009338,1,0,0.00810834803103751
INV009339,1,0,0.0019717385048312864
INV009340,1,0,0.003977999243210773
INV009341,1,0,0.00463285653892851
INV009342,1,0,0.004519800465388487
INV009343,1,0,0.0014417349854725313
INV009344,1,0,0.004985323421641799
INV009345,1,0,0.003373694017653314
INV009346,1,0,0.005410582865395732
INV009347,1,0,0.002910153535377996
INV009348,1,0,0.0037549938595993547
INV009349,1,0,0.005422377374603822
INV009350,1,0,0.007170062884706027
INV009351,1,0,0.0021641412583853358
INV009352,1,0,0.0019762297878719165
INV009353,1,0,0.02201815671121413
INV009354,1,0,0.0018886071191095031
INV009355,1,0,0.0031837854030305384
INV009356,1,0,0.0027753816747434247
INV009357,1,0,0.002212167895039905
INV009358,1,0,0.005132083561482525
INV009359,1,0,0.0030265010117987707
INV009360,1,0,0.0014230619229490405
INV009361,1,0,0.004082882729739589
INV009362,1,0,0.004384962375936956
INV009363,1,0,0.006075622669481777
INV009364,1,0,0.0017366919334074404
INV009365,1,0,0.00760461240068059
INV009366,1,0,0.019463045787371708
INV009367,1,0,0.0031545660661482285
INV009368,1,0,0.0026285984221468793
INV009369,1,0,0.002258309171204849
INV009370,1,0,0.002817739347411016
INV009371,1,0,0.0037573244788458447
INV009372,1,0,0.003916349997275561
INV009373,1,0,0.0061274383851565705
INV009374,1,0,0.0027661294117211654
INV009375,1,0,0.00904958465572657
INV009376,1,0,0.0026923464925830407
INV009377,1,0,0.0025097099980000443
INV009378,1,0,0.0033335017907054764
INV009379,1,0,0.009654015320499806
INV009380,1,0,0.002689532915297277
INV009381,1,0,0.0049962105351394216
INV009382,1,0,0.013637808785830896
INV009383,1,0,0.0013187518572683272
INV009384,1,0,0.0026349598529028387
INV009385,1,0,0.007723215122010386
INV009386,-1,1,0.03189757431534862
INV009387,1,0,0.00277889176428803
INV009388,1,0,0.003964036149628542
INV009389,1,0,0.0036597426113349875
INV009390,1,0,0.006130251227450229
INV009391,1,0,0.00414156889670278
INV009392,1,0,0.0038038310660234898
INV009393,1,0,0.005853353217237817
INV009394,1,0,0.00434195740984486
INV009395,1,0,0.005664493537416533
INV009396,1,0,0.004331084396376401
INV009397,1,0,0.003947842456247081
INV009398,1,0,0.004594028634854341
INV009399,1,0,0.0291531761623558
INV009400,1,0,0.006715795984173287
INV009401,1,0,0.006176221000353777
INV009402,1,0,0.0028430082363067152
INV009403,1,0,0.0014005326999562756
INV009404,1,0,0.002348811053863259
INV009405,1,0,0.004309538634238809
INV009406,1,0,0.007569515268203254
INV009407,1,0,0.0035668728213227308
INV009408,1,0,0.001981868423716446
INV009409,1,0,0.003493952309554819
INV009410,1,0,0.003811796073273984
INV009411,1,0,0.011181624431443663
INV009412,1,0,0.002821968571184237
INV009413,1,0,0.0012244735274268654
INV009414,1,0,0.008111816461691916
INV009415,1,0,0.003325547068347321
INV009416,1,0,0.004644047854212446
INV009417,1,0,0.003899825335139374
INV009418,1,0,0.00269736086369985
INV009419,-1,1,0.02981966616590667
INV009420,1,0,0.02161451541438723
INV009421,1,0,0.004257409023153245
INV009422,1,0,0.007449040582343991
INV009423,1,0,0.004802071276543578
INV009424,1,0,0.0030531742819292825
INV009425,1,0,0.0035970283623306997
INV009426,1,0,0.002557466317571135
INV009427,1,0,0.0037777090172747387
INV009428,1,0,0.004782822426075906
INV009429,1,0,0.005405213509616459
INV009430,1,0,0.0035554263215263927
INV009431,-1,1,0.039959490308902515
INV009432,1,0,0.003686845549247102
INV009433,1,0,0.0019094662355998082
INV009434,1,0,0.0038013815492717066
INV009435,1,0,0.002321810847997394
INV009436,1,0,0.00408919369440494
INV009437,1,0,0.0033811350358194233
INV009438,1,0,0.004260216678776366
INV009439,1,0,0.003354140773248951
INV009440,1,0,0.0035910178816821532
INV009441,1,0,0.007701821515396454
INV009442,1,0,0.0021085151483943433
INV009443,1,0,0.0017307607265220888
INV009444,1,0,0.004591812044661259
INV009445,1,0,0.005342143116356544
INV009446,1,0,0.0029199688253272018
INV009447,1,0,0.005468579060851872
INV009448,1,0,0.0020403943732366166
INV009449,1,0,0.0031274442267122645
INV009450,1,0,0.0035584287928439764
INV009451,1,0,0.0007985555605441759
INV009452,1,0,0.002821183811732093
INV009453,1,0,0.004875974717367909
INV009454,1,0,0.007109557523015913
INV009455,1,0,0.005131104038418285
INV009456,1,0,0.00183431152605942
INV009457,1,0,0.0024884138973277313
INV009458,1,0,0.003956920847193764
INV009459,1,0,0.0016677155286696085
INV009460,1,0,0.007315082823359873
INV009461,1,0,0.007008053649249867
INV009462,1,0,0.012973531917956055
INV009463,1,0,0.0017795472282746158
INV009464,1,0,0.002446650119608623
INV009465,1,0,0.005705684780030272
INV009466,1,0,0.002992666389928048
INV009467,1,0,0.002923235493754363
INV009468,1,0,0.0018944100575200822
INV009469,1,0,0.0037657650297184494
INV009470,1,0,0.002355910224613769
INV009471,1,0,0.004793177455330934
INV009472,1,0,0.00485180874514341
INV009473,1,0,0.002443576739737073
INV009474,1,0,0.024331927494743177
INV009475,1,0,0.02944441513010144
INV009476,1,0,0.003695276830225055
INV009477,1,0,0.00124367718425007
INV009478,1,0,0.003471916370870475
INV009479,1,0,0.006443284393414492
INV009480,1,0,0.004137109586409736
INV009481,1,0,0.0045933406659008575
INV009482,1,0,0.01052110387084546
INV009483,1,0,0.003263542695131986
INV009484,1,0,0.005455982518132865
INV009485,1,0,0.0025058672249877196
INV009486,1,0,0.0032976441994317716
INV009487,1,0,0.002565356664118708
INV009488,1,0,0.002871947896263897
INV009489,1,0,0.003203977364480687
INV009490,1,0,0.0029726020674223828
INV009491,1,0,0.0027939791372669576
INV009492,1,0,0.006663746905602361
INV009493,-1,1,0.05464377543226837
INV009494,1,0,0.0019357392618946129
INV009495,1,0,0.004311876150375984
INV009496,1,0,0.012468118981029288
INV009497,1,0,0.0042551337057991885
INV009498,1,0,0.0021889538564282556
INV009499,1,0,0.001240390787687489
INV009500,1,0,0.004087462060034117
INV009501,1,0,0.0030257358742799777
INV009502,1,0,0.003937119426814433
INV009503,1,0,0.0032450228436685597
INV009504,1,0,0.0015680662979473097
INV009505,1,0,0.004762854418085432
INV009506,1,0,0.0011412477879507485
INV009507,1,0,0.0028004482907733916
INV009508,1,0,0.0017159314135729534
INV009509,1,0,0.0068819576600105915
INV009510,1,0,0.002866014399491243
INV009511,1,0,0.017630374219125215
INV009512,1,0,0.005470607901185312
INV009513,1,0,0.005824784769878355
INV009514,1,0,0.008566730432840407
INV009515,1,0,0.0029523424301020214
INV009516,1,0,0.0057326073647138345
INV009517,1,0,0.004402968747502239
INV009518,1,0,0.0045179652106345945
INV009519,1,0,0.0036487968074404424
INV009520,1,0,0.0013869710305785038
INV009521,1,0,0.006088734883911802
INV009522,1,0,0.024502955212389634
INV009523,1,0,0.002420024253622089
INV009524,1,0,0.004577586052261956
INV009525,1,0,0.012121914425300317
INV009526,1,0,0.004049443388897989
INV009527,1,0,0.003849705409546716
INV009528,1,0,0.002330318870043318
INV009529,1,0,0.0035049619981629586
INV009530,1,0,0.0018101270793624866
INV009531,1,0,0.003887794716887451
INV009532,1,0,0.002523843542042199
INV009533,1,0,0.0021844939299601354
INV009534,1,0,0.00503665787807258
INV009535,1,0,0.02252373041448026
INV009536,1,0,0.0022769925626458937
INV009537,1,0,0.005548261878675045
INV009538,1,0,0.008444497546775924
INV009539,1,0,0.0034763183082005965
INV009540,1,0,0.0038691395473997013
INV009541,1,0,0.0018725903557437786
INV009542,1,0,0.0046744914065994505
INV009543,1,0,0.0024449311149098004
INV009544,1,0,0.0036781078689337495
INV009545,1,0,0.0028404003101240613
INV009546,1,0,0.0028157493095825937
INV009547,1,0,0.0027550988026082395
INV009548,1,0,0.0026799620463876404
INV009549,1,0,0.002553070327106276
INV009550,1,0,0.004506415538187461
INV009551,1,0,0.002945612030383248
INV009552,1,0,0.00668574283839346
INV009553,1,0,0.00272794073990582
INV009554,1,0,0.006544933747799423
INV009555,1,0,0.003575846498987251
INV009556,1,0,0.0016648891159732105
INV009557,1,0,0.004501061907686624
INV009558,1,0,0.003603421790006994
INV009559,1,0,0.0032686763485377615
INV009560,1,0,0.002995202178441634
INV009561,1,0,0.003271093009276487
INV009562,1,0,0.0030259778231595527
INV009563,1,0,0.0058912515315047275
INV009564,1,0,0.007658581478602645
INV009565,1,0,0.0037607933940706816
INV009566,1,0,0.00772260590037679
INV009567,1,0,0.0061529436418038385
INV009568,1,0,0.005261435156937302
INV009569,1,0,0.004622080401039235
INV009570,1,0,0.027541775702176887
INV009571,1,0,0.0031436389056677914
INV009572,1,0,0.001962589978702971
INV009573,1,0,0.0014874269332694073
INV009574,1,0,0.0031866070754379165
INV009575,1,0,0.00725644042152414
INV009576,1,0,0.005708052054734698
INV009577,1,0,0.002993669410180756
INV009578,1,0,0.008469147660858125
INV009579,1,0,0.006228403666914246
INV009580,1,0,0.003200816860746757
INV009581,1,0,0.006108589075009569
INV009582,1,0,0.002559331465098514
INV009583,1,0,0.0016095029135663689
INV009584,1,0,0.0034125757590170807
INV009585,1,0,0.026133587912345414
INV009586,1,0,0.005489181969898459
INV009587,1,0,0.00340971738322252
INV009588,1,0,0.00620106878566497
INV009589,1,0,0.02374398730093589
INV009590,1,0,0.004871983664056323
INV009591,1,0,0.006121552406786766
INV009592,1,0,0.003582234362762947
INV009593,1,0,0.002510499253312609
INV009594,1,0,0.0077893061243590805
INV009595,1,0,0.0035297948674192837
INV009596,1,0,0.004049651732855804
INV009597,1,0,0.02680888218675165
INV009598,1,0,0.003226261897746442
INV009599,1,0,0.0014522723320015672
INV009600,1,0,0.004503834746539586
INV009601,1,0,0.004107189943933653
INV009602,1,0,0.0022636159092481382
INV009603,1,0,0.003171147255960309
INV009604,1,0,0.0015937483845352527
INV009605,1,0,0.0034834242020327913
INV009606,1,0,0.002093767983116683
INV009607,1,0,0.0024386137386307838
INV009608,1,0,0.002807773654612584
INV009609,1,0,0.004681324176543647
INV009610,1,0,0.007368241786665031
INV009611,-1,1,0.15699699800818906
INV009612,1,0,0.0031584452148801915
INV009613,1,0,0.002300113113900654
INV009614,1,0,0.006358917984805091
INV009615,1,0,0.002947667456598915
INV009616,1,0,0.006488144436828902
INV009617,1,0,0.01719483809617977
INV009618,1,0,0.007714037578582971
INV009619,1,0,0.0023430342058379542
INV009620,1,0,0.0033339709917389756
INV009621,1,0,0.006962580574686772
INV009622,1,0,0.002896628040283717
INV009623,1,0,0.007643835378752458
INV009624,1,0,0.001269791308600253
INV009625,1,0,0.0012999288836347473
INV009626,1,0,0.0021100118404404015
INV009627,1,0,0.004121053414968018
INV009628,1,0,0.004425215868818599
INV009629,1,0,0.002661436306301606
INV009630,1,0,0.005205482507536534
INV009631,1,0,0.005914485156061302
INV009632,1,0,0.003028803487732964
INV009633,1,0,0.002170559808854777
INV009634,1,0,0.0015494378058647632
INV009635,1,0,0.004663147561360675
INV009636,1,0,0.002551834664552678
INV009637,1,0,0.004649229076391817
INV009638,1,0,0.003817751327024015
INV009639,1,0,0.00368599085810655
INV009640,1,0,0.0036943130283606748
INV009641,1,0,0.002737698528396081
INV009642,1,0,0.0021895254038252114
INV009643,1,0,0.004356463770338647
INV009644,1,0,0.004151028608097889
INV009645,1,0,0.004125273922589281
INV009646,1,0,0.01574928189183027
INV009647,1,0,0.001771484979713136
INV009648,1,0,0.006476840088960756
INV009649,1,0,0.002534558370185518
INV009650,1,0,0.00426517319786595
INV009651,1,0,0.003674254323684236
INV009652,1,0,0.003996668378672812
INV009653,1,0,0.0020444999202929425
INV009654,1,0,0.0027770981031411
INV009655,1,0,0.002305542935042523
INV009656,1,0,0.0028754677809370373
INV009657,1,0,0.003949783658444385
INV009658,1,0,0.0028968748953966204
INV009659,1,0,0.0036588059941285657
INV009660,1,0,0.0017950999625532796
INV009661,1,0,0.005048428501902416
INV009662,1,0,0.007865191495543964
INV009663,1,0,0.003493951714206302
INV009664,1,0,0.003685521586710968
INV009665,1,0,0.005509754637974922
INV009666,1,0,0.0050148241879678975
INV009667,1,0,0.0070000317202205285
INV009668,1,0,0.0008980337945773838
INV009669,1,0,0.007945135909494742
INV009670,1,0,0.005288981330784192
INV009671,1,0,0.018968321046163757
INV009672,1,0,0.0025800495493582026
INV009673,1,0,0.002491484256560534
INV009674,1,0,0.0032409313712959405
INV009675,1,0,0.02549357181833296
INV009676,1,0,0.003282809228956243
INV009677,1,0,0.007349799493856011
INV009678,1,0,0.002624255115106217
INV009679,1,0,0.0026690337759049105
INV009680,1,0,0.001976787221515451
INV009681,1,0,0.003099487994043646
INV009682,1,0,0.003379634164944079
INV009683,-1,1,0.14897227543431912
INV009684,1,0,0.002998149481620628
INV009685,1,0,0.00723157309461272
INV009686,1,0,0.0023368226228863624
INV009687,1,0,0.0016288249836707883
INV009688,1,0,0.004123239207639506
INV009689,1,0,0.014789214266010613
INV009690,1,0,0.005399067392934712
INV009691,1,0,0.0020130223421811794
INV009692,1,0,0.0031003101622968598
INV009693,1,0,0.0027791072374168686
INV009694,1,0,0.007100945170133598
INV009695,1,0,0.002509559168723129
INV009696,1,0,0.004573113598010859
INV009697,1,0,0.0018038267028728564
INV009698,1,0,0.0023368542179865604
INV009699,1,0,0.0037017671910363325
INV009700,1,0,0.007960112369648019
INV009701,1,0,0.0033131633325683267
INV009702,1,0,0.022891207920019994
INV009703,1,0,0.003748883089824319
INV009704,1,0,0.0036883936158137076
INV009705,1,0,0.00329807525168399
INV009706,1,0,0.004330997610413563
INV009707,1,0,0.007010124650500583
INV009708,-1,1,0.03435462183250586
INV009709,1,0,0.00262146774806672
INV009710,1,0,0.007377422805083645
INV009711,1,0,0.0024252227819385897
INV009712,1,0,0.004462168863031983
INV009713,1,0,0.007477203992355109
INV009714,1,0,0.013312607271835173
INV009715,1,0,0.004032717061603138
INV009716,1,0,0.012182303193680898
INV009717,1,0,0.005965427266380785
INV009718,1,0,0.004988305916422177
INV009719,1,0,0.004371556983356396
INV009720,1,0,0.002027524562661044
INV009721,1,0,0.007877570694087675
INV009722,1,0,0.002579775445222285
INV009723,1,0,0.003697556224942933
INV009724,1,0,0.0032849798488607945
INV009725,1,0,0.003365636095400114
INV009726,1,0,0.004894092673569768
INV009727,1,0,0.0036104863646693104
INV009728,1,0,0.0030332696173852765
INV009729,1,0,0.002243157291941624
INV009730,1,0,0.0025439999085684144
INV009731,1,0,0.0020147146986588837
INV009732,1,0,0.00536426337157166
INV009733,1,0,0.0019569999535647272
INV009734,1,0,0.002915209910668393
INV009735,1,0,0.007000264761837295
INV009736,1,0,0.0028851413507705636
INV009737,1,0,0.001003965386104019
INV009738,1,0,0.002466324417962888
INV009739,1,0,0.003033914549021358
INV009740,1,0,0.0034264947021469755
INV009741,1,0,0.004475841404743725
INV009742,1,0,0.002190633393647467
INV009743,1,0,0.0017159738709966108
INV009744,1,0,0.00903573033407381
INV009745,-1,1,0.0350059957711133
INV009746,1,0,0.008765832701154299
INV009747,1,0,0.0031255855335452064
INV009748,1,0,0.004836868576982482
INV009749,1,0,0.003685458372144157
INV009750,1,0,0.006444070048755015
INV009751,1,0,0.004084608047283913
INV009752,1,0,0.003467010770215702
INV009753,1,0,0.0018743742854371644
INV009754,1,0,0.004175150180821222
INV009755,1,0,0.005733599817980458
INV009756,1,0,0.017449350768709997
INV009757,1,0,0.002876258435001713
INV009758,1,0,0.004222663884574073
INV009759,1,0,0.008187455636552885
INV009760,1,0,0.005099598644563008
INV009761,1,0,0.015676849641103177
INV009762,1,0,0.00931274631281545
INV009763,1,0,0.00159762362769668
INV009764,1,0,0.003288306145529808
INV009765,1,0,0.0028794415439850484
INV009766,1,0,0.0060104259061402945
INV009767,1,0,0.003366335400268463
INV009768,1,0,0.0025777142230833795
INV009769,1,0,0.0017504879357952377
INV009770,1,0,0.0031887508600767977
INV009771,1,0,0.007672746667589377
INV009772,1,0,0.005535371162204814
INV009773,1,0,0.009095170772528213
INV009774,1,0,0.014201202188455123
INV009775,1,0,0.007046997762583961
INV009776,1,0,0.0020940219690329088
INV009777,1,0,0.005055829047882782
INV009778,1,0,0.003909097238656411
INV009779,1,0,0.0016630175919618248
INV009780,1,0,0.003963763787481562
INV009781,1,0,0.0030349420315982584
INV009782,1,0,0.002519644888154513
INV009783,1,0,0.005340055836766169
INV009784,1,0,0.006220997342804776
INV009785,1,0,0.004095209330338047
INV009786,1,0,0.004695333305631448
INV009787,1,0,0.0025712776498421092
INV009788,1,0,0.0146115796100745
INV009789,1,0,0.00334860243586596
INV009790,1,0,0.004310514720068843
INV009791,1,0,0.023403472599598886
INV009792,1,0,0.0022416390586229963
INV009793,1,0,0.006215396147090796
INV009794,1,0,0.0017673774215404476
INV009795,1,0,0.0033148917141416373
INV009796,1,0,0.004216477749191935
INV009797,1,0,0.005783314595670146
INV009798,1,0,0.008992818335166132
INV009799,1,0,0.00409816565558325
INV009800,1,0,0.0019876383948981427
INV009801,1,0,0.003579684441113041
INV009802,1,0,0.004194713318764365
INV009803,1,0,0.0021319351052009063
INV009804,1,0,0.0015680662979473097
INV009805,1,0,0.0023354083970153648
INV009806,1,0,0.019934974545507165
INV009807,1,0,0.007128591831550707
INV009808,1,0,0.002290184670296111
INV009809,1,0,0.0019463992129869073
INV009810,1,0,0.018679219987083346
INV009811,1,0,0.002012339739429431
INV009812,1,0,0.002170832079158091
INV009813,-1,1,0.03793011126087362
INV009814,1,0,0.008049359151609186
INV009815,1,0,0.0038024813356756803
INV009816,1,0,0.004108825379930224
INV009817,1,0,0.004828249848283527
INV009818,1,0,0.0034549144093855948
INV009819,1,0,0.006783665753290173
INV009820,1,0,0.0019753026827301476
INV009821,1,0,0.009198923978185544
INV009822,1,0,0.0029454833812766674
INV009823,-1,1,0.07272647360685741
INV009824,1,0,0.004885132967168271
INV009825,1,0,0.005817625779588306
INV009826,1,0,0.003282536594541734
INV009827,1,0,0.002254553179473605
INV009828,1,0,0.0024557253869222115
INV009829,1,0,0.003948599475462063
INV009830,1,0,0.0018492241215004386
INV009831,1,0,0.0018021281987409912
INV009832,1,0,0.004313266157086613
INV009833,1,0,0.0027194622589608035
INV009834,1,0,0.003235578594084264
INV009835,1,0,0.003262774349426392
INV009836,1,0,0.005406172995439735
INV009837,1,0,0.00399664674594852
INV009838,1,0,0.007798958471520502
INV009839,-1,1,0.1671772679691961
INV009840,1,0,0.004223740720558857
INV009841,1,0,0.0032120918782691404
INV009842,1,0,0.010535131969339112
INV009843,1,0,0.0023847689424653534
INV009844,1,0,0.004875502873872452
INV009845,1,0,0.003063730290675825
INV009846,1,0,0.002776709276232454
INV009847,1,0,0.004463083441426761
INV009848,1,0,0.00903471671928257
INV009849,1,0,0.004379383909141644
INV009850,1,0,0.004714437595416363
INV009851,1,0,0.003419675803337385
INV009852,1,0,0.0028591968451870064
INV009853,1,0,0.007306120111135346
INV009854,1,0,0.004869460370099978
INV009855,1,0,0.003911244119553676
INV009856,1,0,0.0046466825517469884
INV009857,1,0,0.0018675057618515046
INV009858,1,0,0.0017345762933993257
INV009859,1,0,0.0034675431072807477
INV009860,1,0,0.002040823470132536
INV009861,1,0,0.003076530358060487
INV009862,1,0,0.0030889995053138522
INV009863,1,0,0.0036640043311042727
INV009864,1,0,0.007726217754297024
INV009865,1,0,0.0040551824953598235
INV009866,1,0,0.0020746566690595324
INV009867,1,0,0.004196106272009266
INV009868,1,0,0.0063426211919880675
INV009869,1,0,0.0036040849885828597
INV009870,1,0,0.0015686473600454555
INV009871,1,0,0.0017827737857842166
INV009872,1,0,0.02434175052716022
INV009873,1,0,0.003274005969323314
INV009874,1,0,0.007580481872050261
INV009875,-1,1,0.0322170103966054
INV009876,1,0,0.0031715209565412426
INV009877,1,0,0.0031703335415092255
INV009878,1,0,0.0035048730515443095
INV009879,1,0,0.003069002340972309
INV009880,1,0,0.002453883254464294
INV009881,1,0,0.005265603714703175
INV009882,1,0,0.005900601282520219
INV009883,1,0,0.003400853268158101
INV009884,1,0,0.002641095195727991
INV009885,1,0,0.004645977898782721
INV009886,1,0,0.0023538200085920437
INV009887,1,0,0.002625209358774368
INV009888,1,0,0.002076356994787797
INV009889,1,0,0.0035938904029936738
INV009890,1,0,0.002500871006469054
INV009891,1,0,0.006060717131182157
INV009892,1,0,0.003667170054424147
INV009893,1,0,0.001964070237048444
INV009894,-1,1,0.044524654068212315
INV009895,1,0,0.004331391453534117
INV009896,1,0,0.001502583048116414
INV009897,1,0,0.003345438054145595
INV009898,-1,1,0.035490364897863634
INV009899,1,0,0.0017523136598635012
INV009900,1,0,0.002899777352658845
INV009901,1,0,0.004866874561788784
INV009902,1,0,0.00835666881788418
INV009903,1,0,0.0022957932996509668
INV009904,1,0,0.004429996148277962
INV009905,1,0,0.0030688472928442115
INV009906,1,0,0.00284294505597249
INV009907,1,0,0.0032071053116114853
INV009908,1,0,0.002130778754617239
INV009909,1,0,0.004040278740423679
INV009910,1,0,0.0029337978824464173
INV009911,1,0,0.0033093007379795636
INV009912,1,0,0.0033255388298881403
INV009913,1,0,0.005006056702629186
INV009914,1,0,0.008931064049525022
INV009915,1,0,0.0044941822848793425
INV009916,1,0,0.0023891833721832573
INV009917,1,0,0.0025678369833375615
INV009918,1,0,0.0020529947915619126
INV009919,1,0,0.009019022224227671
INV009920,1,0,0.007380251895011128
INV009921,1,0,0.004105665206193785
INV009922,-1,1,0.05637746904689656
INV009923,1,0,0.002020833322547561
INV009924,1,0,0.0015523655968762184
INV009925,1,0,0.00224619125323507
INV009926,1,0,0.0006516429499133003
INV009927,1,0,0.007752712332132404
INV009928,1,0,0.0035862164097920234
INV009929,1,0,0.004592873293201801
INV009930,1,0,0.002579991466155152
INV009931,1,0,0.003816431910538436
INV009932,1,0,0.0058395870857971734
INV009933,1,0,0.0029829434752887264
INV009934,1,0,0.004564042943763582
INV009935,1,0,0.006262493435864107
INV009936,1,0,0.0021076926373333883
INV009937,1,0,0.025589270710107744
INV009938,1,0,0.004584522865846661
INV009939,1,0,0.0019556273053942604
INV009940,1,0,0.0040393357830221695
INV009941,1,0,0.002660325337797646
INV009942,1,0,0.012224096622806406
INV009943,1,0,0.00328651187399859
INV009944,1,0,0.0017920323070115493
INV009945,-1,1,0.10323606074850923
INV009946,1,0,0.008246889461119544
INV009947,1,0,0.0034583949207586387
INV009948,1,0,0.006761923731127778
INV009949,1,0,0.001495108374306319
INV009950,1,0,0.0028551141966229984
INV009951,1,0,0.0025505511599624455
INV009952,1,0,0.002773494330599558
INV009953,1,0,0.00222830971734944
INV009954,1,0,0.0028323684207623217
INV009955,1,0,0.006504073267335883
INV009956,1,0,0.0021412557780771824
INV009957,1,0,0.006356317894112784
INV009958,1,0,0.0013254113526874748
INV009959,1,0,0.004818198908363157
INV009960,1,0,0.003067054637023964
INV009961,1,0,0.004822872393706746
INV009962,1,0,0.012548823240871351
INV009963,1,0,0.0028408046356818307
INV009964,1,0,0.006115426357744082
INV009965,1,0,0.007122940358681211
INV009966,1,0,0.0014923794619031887
INV009967,1,0,0.003545457017362739
INV009968,1,0,0.0029567324943319574
INV009969,1,0,0.010340479751860181
INV009970,1,0,0.004905050649821389
INV009971,-1,1,0.13467846161472394
INV009972,1,0,0.002207101601120295
INV009973,1,0,0.007035082826534033
INV009974,1,0,0.002513611710557308
INV009975,1,0,0.005679439396747122
INV009976,1,0,0.0014093409014827763
INV009977,1,0,0.00143755526803344
INV009978,1,0,0.003704622812517769
INV009979,1,0,0.004257150836149383
INV009980,1,0,0.00958784811776562
INV009981,1,0,0.013830030697766291
INV009982,1,0,0.0022946415894097324
INV009983,1,0,0.0028157810371577203
INV009984,1,0,0.002502034241939038
INV009985,1,0,0.0025659196929848694
INV009986,1,0,0.0032322480046493613
INV009987,1,0,0.003163299367217615
INV009988,1,0,0.007697881286156724
INV009989,1,0,0.0037061672625448698
INV009990,1,0,0.0030083671315825973
INV009991,1,0,0.0031197436505292636
INV009992,1,0,0.0019741740786391898
INV009993,1,0,0.003962798522328156
INV009994,1,0,0.0033692393339594734
INV009995,1,0,0.01851024074137692
INV009996,1,0,0.004424760329199914
INV009997,1,0,0.0035983261487513877
INV009998,1,0,0.009056611193114093
INV009999,1,0,0.0018786563311714633
INV010000,1,0,0.0018756288154673346
INV010001,1,0,0.009414127419745144
INV010002,1,0,0.0017868528783907235
INV010003,1,0,0.0036154112630158385
INV010004,1,0,0.02269910162028602
INV010005,1,0,0.0019167826108798562
INV010006,1,0,0.016132414636427006
INV010007,1,0,0.0019209126973592351
INV010008,1,0,0.0015881141566197426
INV010009,1,0,0.028996697596109913
INV010010,1,0,0.00226227454281145
INV010011,1,0,0.002261681160701697
INV010012,1,0,0.0035166015407053033
INV010013,1,0,0.007356797964203174
INV010014,1,0,0.0020699526987912353
INV010015,1,0,0.0027630493447221554
INV010016,1,0,0.0018055892020618655
INV010017,1,0,0.009118287979494
INV010018,1,0,0.005858421327457889
INV010019,1,0,0.004024482833008675
INV010020,1,0,0.008079853344121474
INV010021,1,0,0.005527059551491508
INV010022,1,0,0.003693228084357139
INV010023,1,0,0.0020781339479001605
INV010024,1,0,0.008491370107287606
INV010025,1,0,0.005139799483666595
INV010026,1,0,0.004795796579628407
INV010027,1,0,0.008030477659269614
INV010028,1,0,0.0066609580633951145
INV010029,1,0,0.0036067439793999595
INV010030,1,0,0.00359774788862035
INV010031,1,0,0.0029663286382855935
INV010032,1,0,0.003887277897953182
INV010033,1,0,0.006028931661129623
INV010034,1,0,0.0015136306659312316
INV010035,1,0,0.0023553896098958724
INV010036,1,0,0.004756534956836138
INV010037,1,0,0.0036960638675785844
INV010038,1,0,0.002794479619462483
INV010039,1,0,0.006672463604182801
INV010040,1,0,0.003078817783726023
INV010041,1,0,0.00481141350966395
INV010042,1,0,0.008330405437036165
INV010043,1,0,0.003648790749232751
INV010044,1,0,0.008938451160578278
INV010045,1,0,0.00890601469901848
INV010046,1,0,0.00908507999554394
INV010047,1,0,0.0050729648401811244
INV010048,1,0,0.00249259872289772
INV010049,1,0,0.010249519803962801
INV010050,1,0,0.001954573050621625
INV010051,1,0,0.0038180037234600557
INV010052,1,0,0.008317605620971115
INV010053,1,0,0.004117065436998101
INV010054,1,0,0.0026562593743594616
INV010055,1,0,0.0028924827582807702
INV010056,1,0,0.007839241909908137
INV010057,1,0,0.004258622113995748
INV010058,1,0,0.019815581674508555
INV010059,1,0,0.010448438197333995
INV010060,1,0,0.0031950745403896345
INV010061,1,0,0.0012956719405441198
INV010062,1,0,0.00271789141485629
INV010063,1,0,0.00452900901890742
INV010064,1,0,0.0023856338068127935
INV010065,1,0,0.0017887679513614494
INV010066,1,0,0.0025063575021711825
INV010067,1,0,0.006591900964023834
INV010068,1,0,0.009327550782027483
INV010069,1,0,0.0013313014560575264
INV010070,1,0,0.025729264728000873
INV010071,1,0,0.0029655218863469763
INV010072,1,0,0.010846519880500038
INV010073,1,0,0.00828461373326216
INV010074,1,0,0.0027616778777592894
INV010075,1,0,0.0027030712850810296
INV010076,1,0,0.004577117429704415
INV010077,1,0,0.003594461760234728
INV010078,1,0,0.0016518176523051325
INV010079,1,0,0.002821777307252106
INV010080,1,0,0.002130652271953101
INV010081,1,0,0.008154054741147054
INV010082,1,0,0.00159345203421906
INV010083,1,0,0.0031240934406704377
INV010084,1,0,0.005899723556352722
INV010085,1,0,0.0016755391277649438
INV010086,1,0,0.014881755762314788
INV010087,1,0,0.002762962203498943
INV010088,1,0,0.002980806418631384
INV010089,1,0,0.005798133338027547
INV010090,1,0,0.007600729194363018
INV010091,-1,1,0.03859820868841518
INV010092,1,0,0.0039738381786747975
INV010093,1,0,0.0029571590290967424
INV010094,1,0,0.0035703005172133795
INV010095,-1,1,0.1479659685556716
INV010096,1,0,0.008409822380809593
INV010097,1,0,0.0021315804334659408
INV010098,1,0,0.002596517584264271
INV010099,1,0,0.0027483243580852246
INV010100,1,0,0.005173770601275548
INV010101,1,0,0.005529858402763316
INV010102,1,0,0.002432915419762613
INV010103,1,0,0.02746315538178529
INV010104,1,0,0.0026952270450976575
INV010105,1,0,0.0011287359677898364
INV010106,1,0,0.005290083036926715
INV010107,1,0,0.002065973987977456
INV010108,1,0,0.00425031245077043
INV010109,1,0,0.011890272327650863
INV010110,1,0,0.00280550460580678
INV010111,1,0,0.005301979819250791
INV010112,1,0,0.009931446472154644
INV010113,1,0,0.011540145700762961
INV010114,1,0,0.003207985251510433
INV010115,1,0,0.002667419979791184
INV010116,1,0,0.0007085185572214354
INV010117,1,0,0.008390835928977297
INV010118,1,0,0.002670367997863994
INV010119,1,0,0.0037550521506710087
INV010120,1,0,0.002837962155227449
INV010121,1,0,0.004737048210899155
INV010122,1,0,0.0029274322327251735
INV010123,1,0,0.0017089652818078787
INV010124,1,0,0.003871175056234929
INV010125,1,0,0.004058079370553712
INV010126,1,0,0.0027321554743761243
INV010127,1,0,0.0035650605525338786
INV010128,1,0,0.0015905447988322585
INV010129,1,0,0.007936990093118781
INV010130,1,0,0.004881901406774887
INV010131,1,0,0.009843846209818666
INV010132,1,0,0.016047823797442733
INV010133,1,0,0.003779687636341708
INV010134,1,0,0.0015954975693418464
INV010135,-1,1,0.029686836447652812
INV010136,1,0,0.003884118129635012
INV010137,1,0,0.00246255531328347
INV010138,1,0,0.0030589205688592944
INV010139,1,0,0.0010257195228155274
INV010140,1,0,0.0024796990874369233
INV010141,1,0,0.002237267701991162
INV010142,1,0,0.002495683393167964
INV010143,1,0,0.005057668143074697
INV010144,1,0,0.002099867540695705
INV010145,1,0,0.005127347779538929
INV010146,1,0,0.003532266878499522
INV010147,1,0,0.008320814584170087
INV010148,1,0,0.0027362815816791217
INV010149,1,0,0.004103334488267918
INV010150,1,0,0.005064694937359083
INV010151,1,0,0.002259630661522385
INV010152,1,0,0.0026754944765202747
INV010153,1,0,0.0038510017377133
INV010154,1,0,0.005726533825599697
INV010155,1,0,0.00240646587253349
INV010156,1,0,0.0033867635218150487
INV010157,-1,1,0.03646976253411762
INV010158,1,0,0.004437632474502799
INV010159,1,0,0.006033665194513177
INV010160,1,0,0.002280749748827351
INV010161,1,0,0.0011615506686333099
INV010162,1,0,0.003810575819301709
INV010163,1,0,0.005426553012733725
INV010164,1,0,0.004551016490446009
INV010165,1,0,0.002332437597466087
INV010166,1,0,0.002081399386222395
INV010167,1,0,0.0033306726936735394
INV010168,1,0,0.01679075456095151
INV010169,1,0,0.0041312493255100885
INV010170,1,0,0.006808816264580319
INV010171,1,0,0.011831870036506724
INV010172,1,0,0.006042646311539444
INV010173,1,0,0.0027655781620686565
INV010174,-1,1,0.03367456558740668
INV010175,1,0,0.0046269307334552805
INV010176,1,0,0.0031074660626900174
INV010177,1,0,0.005279641932247626
INV010178,1,0,0.004308466135995553
INV010179,1,0,0.0028874596382012364
INV010180,1,0,0.005530989555480946
INV010181,1,0,0.0028675149063064425
INV010182,1,0,0.0026985691449792327
INV010183,1,0,0.0183677345086189
INV010184,1,0,0.002741202843633809
INV010185,1,0,0.005231965172053128
INV010186,1,0,0.0019481645903761332
INV010187,1,0,0.005753430466696512
INV010188,1,0,0.004514574663650355
INV010189,1,0,0.0027250363523259806
INV010190,1,0,0.0030764574294971634
INV010191,1,0,0.0025447898143044732
INV010192,1,0,0.0016202112924436265
INV010193,1,0,0.0032708127328827294
INV010194,1,0,0.008614816984366903
INV010195,1,0,0.0026296211724268323
INV010196,1,0,0.0019862252598799963
INV010197,1,0,0.0069988347563830254
INV010198,1,0,0.00801924625979919
INV010199,-1,1,0.0322404803951406
INV010200,1,0,0.0015366176490410187
INV010201,1,0,0.002849200081804557
INV010202,1,0,0.0029331005226260346
INV010203,1,0,0.002143703276203802
INV010204,1,0,0.0033737564038619937
INV010205,1,0,0.007234069888628701
INV010206,1,0,0.002362160988659787
INV010207,1,0,0.0021044084390775177
INV010208,1,0,0.010808026800933348
INV010209,1,0,0.004934276324019035
INV010210,1,0,0.006887898919301492
INV010211,1,0,0.004524391365531997
INV010212,1,0,0.003475006227519393
INV010213,1,0,0.0028461570078859642
INV010214,1,0,0.009719197627835826
INV010215,1,0,0.002433456334912427
INV010216,1,0,0.003007537084817805
INV010217,1,0,0.004286507415524447
INV010218,1,0,0.025793769718414166
INV010219,1,0,0.007982586894666712
INV010220,1,0,0.0021444224909203807
INV010221,1,0,0.01580989907421948
INV010222,1,0,0.0019825362587516607
INV010223,1,0,0.006546272305147172
INV010224,1,0,0.015822450484722902
INV010225,1,0,0.0026902283893305186
INV010226,1,0,0.006439806123877589
INV010227,1,0,0.006356937481973775
INV010228,1,0,0.0031082107107701148
INV010229,1,0,0.004162200735578962
INV010230,1,0,0.007779512336630857
INV010231,1,0,0.006938619218763956
INV010232,1,0,0.0017010623351264298
INV010233,1,0,0.018494286468865116
INV010234,1,0,0.0034346050237509715
INV010235,1,0,0.004549156179187503
INV010236,1,0,0.013767344885525203
INV010237,1,0,0.0014688297997067056
INV010238,1,0,0.0027113321762924146
INV010239,1,0,0.0011676379305891103
INV010240,1,0,0.013032205226581878
INV010241,1,0,0.0034037378202573603
INV010242,1,0,0.0058716278033657
INV010243,1,0,0.002425151352181567
INV010244,1,0,0.0063258860245229715
INV010245,1,0,0.003989942458100336
INV010246,1,0,0.003186481477272916
INV010247,1,0,0.00352873798806604
INV010248,1,0,0.0028232837159785323
INV010249,1,0,0.0034815289527009813
INV010250,1,0,0.006643578475368695
INV010251,1,0,0.0028766960218492427
INV010252,1,0,0.0021507093779894173
INV010253,1,0,0.002834579280302267
INV010254,1,0,0.003852535489703756
INV010255,1,0,0.0028184977400281387
INV010256,1,0,0.006715014633257137
INV010257,1,0,0.0027293596841129423
INV010258,1,0,0.007629345695695134
INV010259,1,0,0.00568600406439339
INV010260,1,0,0.003415088598843987
INV010261,1,0,0.002186065196254369
INV010262,1,0,0.0033299352403172527
INV010263,1,0,0.0043795384793763855
INV010264,1,0,0.002020792564257999
INV010265,1,0,0.008547433368539957
INV010266,1,0,0.0034270305536898728
INV010267,1,0,0.0023153255839749552
INV010268,1,0,0.003490100441340527
INV010269,1,0,0.003488588853248496
INV010270,1,0,0.0024655763975813
INV010271,-1,1,0.03098814730516086
INV010272,1,0,0.003205023319880678
INV010273,1,0,0.00583827269792169
INV010274,1,0,0.0035612111745257765
INV010275,1,0,0.00234562441823507
INV010276,1,0,0.0017185092060823417
INV010277,1,0,0.0038632007252080423
INV010278,1,0,0.006440377757348584
INV010279,1,0,0.004830797641605455
INV010280,1,0,0.01969763342589647
INV010281,1,0,0.014545925376578426
INV010282,1,0,0.005072210394731023
INV010283,1,0,0.0017020222277651517
INV010284,1,0,0.004588787608410608
INV010285,1,0,0.0018225908888971957
INV010286,1,0,0.008805533210320985
INV010287,1,0,0.003545676038112956
INV010288,1,0,0.01024120063637515
INV010289,1,0,0.0032917617281949638
INV010290,1,0,0.0027240889435811164
INV010291,1,0,0.002262727745627097
INV010292,1,0,0.0021076926373333883
INV010293,1,0,0.0024071825787562013
INV010294,1,0,0.005171477365618424
INV010295,1,0,0.006619607964405786
INV010296,1,0,0.003485670935976074
INV010297,-1,1,0.0816765192103589
INV010298,1,0,0.009779728543398087
INV010299,1,0,0.004543718054402805
INV010300,-1,1,0.04995777605584314
INV010301,1,0,0.0036285636008458297
INV010302,1,0,0.0034723370295874486
INV010303,1,0,0.01462833901277958
INV010304,1,0,0.0020813276524137814
INV010305,1,0,0.002205305062866571
INV010306,1,0,0.0015951272846812085
INV010307,1,0,0.00313835759497706
INV010308,1,0,0.0021850264093489172
INV010309,1,0,0.004179771938582522
INV010310,1,0,0.004282838712730982
INV010311,1,0,0.001185160601092483
INV010312,1,0,0.006353209492303361
INV010313,1,0,0.004826577067447075
INV010314,1,0,0.004787349326597539
INV010315,1,0,0.008452674659498678
INV010316,1,0,0.00456271850411345
INV010317,1,0,0.00512386809938515
INV010318,1,0,0.003163750916878843
INV010319,1,0,0.0033297289676049975
INV010320,1,0,0.007097724911807696
INV010321,1,0,0.00445258949877395
INV010322,1,0,0.0035004075685775883
INV010323,1,0,0.005900013080296617
INV010324,1,0,0.01482780394957053
INV010325,1,0,0.009346927622270988
INV010326,1,0,0.004721378448560158
INV010327,1,0,0.0032318717142985867
INV010328,1,0,0.003995449029708117
INV010329,1,0,0.0043247978243663955
INV010330,1,0,0.0031430037656249316
INV010331,1,0,0.003044124045460423
INV010332,1,0,0.008606775877654248
INV010333,1,0,0.0029228538490652994
INV010334,1,0,0.004635310482842175
INV010335,1,0,0.002796020147709539
INV010336,1,0,0.0030237220275899303
INV010337,1,0,0.006696926426897247
INV010338,1,0,0.0031652880668610857
INV010339,1,0,0.006061787918638901
INV010340,1,0,0.006501915125403053
INV010341,1,0,0.0022663113036430578
INV010342,1,0,0.0039243520386846795
INV010343,1,0,0.005767961119867137
INV010344,1,0,0.00892714995984031
INV010345,1,0,0.012044038453102115
INV010346,1,0,0.00237174141935663
INV010347,1,0,0.0033842711827147525
INV010348,1,0,0.0030135191772509974
INV010349,1,0,0.006118982355356257
INV010350,1,0,0.004121100986634104
INV010351,1,0,0.0038544993081071977
INV010352,1,0,0.004265106815599702
INV010353,1,0,0.005155426650719737
INV010354,1,0,0.002323645788363082
INV010355,1,0,0.013308360681164488
INV010356,1,0,0.013266791929568922
INV010357,1,0,0.002868528327867336
INV010358,1,0,0.0009413975302714875
INV010359,1,0,0.0026416399177298074
INV010360,1,0,0.0032983309781332627
INV010361,-1,1,0.030596389928150277
INV010362,1,0,0.0024780169602529457
INV010363,1,0,0.004197654474369654
INV010364,1,0,0.006050108618797296
INV010365,1,0,0.003590446496107684
INV010366,1,0,0.002863139361806596
INV010367,1,0,0.00461653185391326
INV010368,1,0,0.005217839866348908
INV010369,1,0,0.020886768912690274
INV010370,1,0,0.00356138206423111
INV010371,1,0,0.0055597260003716195
INV010372,1,0,0.007059405110976475
INV010373,1,0,0.0029736201105189275
INV010374,1,0,0.0027989457025250014
INV010375,1,0,0.0066550112261086125
INV010376,1,0,0.0036262647586588793
INV010377,1,0,0.0050751142215343225
INV010378,1,0,0.005005202358205174
INV010379,1,0,0.004442294540342825
INV010380,1,0,0.0013361497836647728
INV010381,1,0,0.0034780293299325506
INV010382,1,0,0.0032980542983431964
INV010383,1,0,0.002812048037677906
INV010384,1,0,0.0038382325745270553
INV010385,1,0,0.002085851845444014
INV010386,1,0,0.010616088645321773
INV010387,1,0,0.008909207303528854
INV010388,1,0,0.0027651991257685174
INV010389,1,0,0.002949027345917402
INV010390,1,0,0.0025170983888537827
INV010391,1,0,0.0030440807349441275
INV010392,1,0,0.0024742690459114173
INV010393,1,0,0.0016475256104805228
INV010394,1,0,0.003416864380027638
INV010395,1,0,0.004941137003062143
INV010396,1,0,0.0022260844370755265
INV010397,1,0,0.0035148065322041047
INV010398,1,0,0.0032459244360670205
INV010399,1,0,0.00460370281142581
INV010400,1,0,0.002951637598879807
INV010401,1,0,0.001998927814045618
INV010402,1,0,0.005045506470835869
INV010403,1,0,0.005811676158248201
INV010404,1,0,0.003262632348195147
INV010405,1,0,0.003814022459933777
INV010406,1,0,0.0030196634624292057
INV010407,1,0,0.002384850585583756
INV010408,1,0,0.003585350671236958
INV010409,1,0,0.006984760581386496
INV010410,1,0,0.006482984789835695
INV010411,1,0,0.007313946551654231
INV010412,1,0,0.0033737158034390135
INV010413,1,0,0.004106217804935649
INV010414,1,0,0.004516455094526
INV010415,1,0,0.00529528936616436
INV010416,1,0,0.005853879389573205
INV010417,1,0,0.00578815193195481
INV010418,1,0,0.00110382104636804
INV010419,1,0,0.0039020338558334146
INV010420,1,0,0.0038687078937248176
INV010421,1,0,0.0038887392269304454
INV010422,1,0,0.0027734933756038906
INV010423,1,0,0.007227056062260009
INV010424,1,0,0.0037406425289460356
INV010425,1,0,0.0021253356556226815
INV010426,1,0,0.0037000373590548793
INV010427,1,0,0.0035765847423656428
INV010428,1,0,0.002942043030213271
INV010429,1,0,0.00531375521000174
INV010430,1,0,0.004090226155021622
INV010431,1,0,0.00363735501299289
INV010432,1,0,0.005702052352511595
INV010433,1,0,0.0034674287717438076
INV010434,1,0,0.0014200874699932344
INV010435,1,0,0.00286112531912659
INV010436,1,0,0.007703823133915183
INV010437,1,0,0.0020653161674253893
INV010438,1,0,0.008790814601629997
INV010439,1,0,0.0020934611947859283
INV010440,1,0,0.004073091464749511
INV010441,1,0,0.004373264163642684
INV010442,1,0,0.0025725683656388125
INV010443,1,0,0.0030356662924694655
INV010444,1,0,0.0026233771190898487
INV010445,1,0,0.00324196348108661
INV010446,1,0,0.009434640322990694
INV010447,1,0,0.004499702356130187
INV010448,1,0,0.004032622794801783
INV010449,1,0,0.0032303548997456143
INV010450,1,0,0.003461610781340236
INV010451,1,0,0.004919343265192095
INV010452,1,0,0.004346313806834425
INV010453,1,0,0.002104759027547851
INV010454,1,0,0.0025350700108953575
INV010455,1,0,0.004976042871252103
INV010456,1,0,0.0038930712035915916
INV010457,1,0,0.005849559670724485
INV010458,1,0,0.007568586029745424
INV010459,1,0,0.002706923362918766
INV010460,1,0,0.007785666250526196
INV010461,1,0,0.0032694661965668543
INV010462,1,0,0.001912151251603323
INV010463,1,0,0.002024802197752082
INV010464,1,0,0.002808472556313602
INV010465,1,0,0.002287877932400857
INV010466,1,0,0.002503522207676184
INV010467,1,0,0.002865954147457349
INV010468,1,0,0.005925001563127078
INV010469,1,0,0.007750638152424578
INV010470,1,0,0.00226812202813769
INV010471,1,0,0.0021874397091254665
INV010472,1,0,0.0024949847000308193
INV010473,1,0,0.0035031201927484337
INV010474,1,0,0.002938571809502226
INV010475,1,0,0.004757318868387545
INV010476,1,0,0.0034581336327103853
INV010477,1,0,0.0024644467926824578
INV010478,1,0,0.003941043465190395
INV010479,1,0,0.004270488264282044
INV010480,1,0,0.0035586048235624348
INV010481,1,0,0.0037682215403512425
INV010482,1,0,0.0018539283534351283
INV010483,1,0,0.0028253147156323995
INV010484,1,0,0.0037186459034856227
INV010485,1,0,0.003969146874093701
INV010486,1,0,0.007729644308463749
INV010487,1,0,0.0034751049264136395
INV010488,-1,1,0.20128813672101498
INV010489,1,0,0.005126415975892748
INV010490,1,0,0.0024827127362213037
INV010491,1,0,0.007403521252359849
INV010492,1,0,0.003311153900862945
INV010493,1,0,0.001868102523667762
INV010494,1,0,0.0065960874979602265
INV010495,1,0,0.011125355316845956
INV010496,1,0,0.00516601360924169
INV010497,1,0,0.010938395482021053
INV010498,1,0,0.0034091304354563314
INV010499,1,0,0.003464445739640759
INV010500,1,0,0.0023551175351875686
INV010501,1,0,0.002390284049596273
INV010502,1,0,0.001322342530433602
INV010503,1,0,0.007028717108439299
INV010504,1,0,0.002642089164509232
INV010505,1,0,0.009843295833255803
INV010506,1,0,0.003301808427279166
INV010507,1,0,0.002023164098950554
INV010508,1,0,0.005120396295515945
INV010509,1,0,0.003306044719166818
INV010510,1,0,0.004399774674930909
INV010511,1,0,0.00376297585469114
INV010512,1,0,0.004962084011941347
INV010513,1,0,0.0036309322282578765
INV010514,1,0,0.0033010763838377797
INV010515,1,0,0.011765907381384845
INV010516,1,0,0.003298253809621441
INV010517,1,0,0.005899407119736162
INV010518,1,0,0.0026212372651860413
INV010519,1,0,0.0033070279960525526
INV010520,1,0,0.004479356253926242
INV010521,1,0,0.004431230935441598
INV010522,1,0,0.0006530379174291106
INV010523,1,0,0.009575737622546737
INV010524,1,0,0.008924297655949985
INV010525,1,0,0.005499457067439686
INV010526,1,0,0.005519454653522572
INV010527,1,0,0.004734275388205196
INV010528,1,0,0.004426361829530855
INV010529,-1,1,0.1385400397860269
INV010530,1,0,0.0020047671265496754
INV010531,1,0,0.002931017223922602
INV010532,1,0,0.002167620218769237
INV010533,-1,1,0.02952286288641902
INV010534,1,0,0.001336149783664761
INV010535,1,0,0.0044541256381455535
INV010536,1,0,0.0037456042276102428
INV010537,1,0,0.003906317452126405
INV010538,1,0,0.007191741018264569
INV010539,1,0,0.0024906050185173087
INV010540,1,0,0.019841884685089437
INV010541,1,0,0.0030833608525931864
INV010542,1,0,0.005923804607645279
INV010543,1,0,0.0013943208127702683
INV010544,1,0,0.005580203385761773
INV010545,1,0,0.003445075971198314
INV010546,1,0,0.004125887645439743
INV010547,1,0,0.002641214898351331
INV010548,1,0,0.002895749734536795
INV010549,1,0,0.007743820386912427
INV010550,1,0,0.011174794536278112
INV010551,1,0,0.001626308074671043
INV010552,1,0,0.001226791836240692
INV010553,1,0,0.0018917022837394199
INV010554,1,0,0.003533063685996148
INV010555,1,0,0.0028168440726314362
INV010556,1,0,0.0035441105006981115
INV010557,1,0,0.020850825555069154
INV010558,1,0,0.0034102577162991466
INV010559,1,0,0.004561875614621279
INV010560,1,0,0.002713741814364749
INV010561,1,0,0.01705160845342876
INV010562,1,0,0.005094322368236706
INV010563,1,0,0.004559275145956601
INV010564,1,0,0.0070384408578300995
INV010565,1,0,0.003024542285892971
INV010566,1,0,0.0016700621548195772
INV010567,1,0,0.0081117089459617
INV010568,1,0,0.003091146130587174
INV010569,1,0,0.002811293354354589
INV010570,1,0,0.004335407363028282
INV010571,1,0,0.002560533114035082
INV010572,1,0,0.005290767857255249
INV010573,1,0,0.005527780857415572
INV010574,1,0,0.0028588346829797324
INV010575,1,0,0.0023649324193769023
INV010576,1,0,0.0023936445250326956
INV010577,1,0,0.003480520822720183
INV010578,1,0,0.001935399018645348
INV010579,-1,1,0.04211031297197937
INV010580,1,0,0.0025452274643261935
INV010581,1,0,0.0015339669837559594
INV010582,1,0,0.0025649176296420684
INV010583,1,0,0.004588345279047332
INV010584,1,0,0.0024843297458200173
INV010585,1,0,0.002035661343836536
INV010586,1,0,0.002390284049596273
INV010587,1,0,0.008312432369677792
INV010588,1,0,0.005323328590897602
INV010589,1,0,0.0012397874464302738
INV010590,1,0,0.004435985926294534
INV010591,1,0,0.0019793007076582365
INV010592,1,0,0.027540031836661066
INV010593,1,0,0.010771677659223754
INV010594,1,0,0.009095170772528213
INV010595,1,0,0.0022056996256687757
INV010596,1,0,0.005377765643522185
INV010597,1,0,0.003443080921713993
INV010598,1,0,0.004000867042489023
INV010599,1,0,0.0042656803791545125
INV010600,1,0,0.0017465676842484963
INV010601,1,0,0.008419729380463155
INV010602,1,0,0.0033950559237070884
INV010603,1,0,0.005926814075466676
INV010604,1,0,0.0011283656339691357
INV010605,1,0,0.0020333241369428524
INV010606,1,0,0.013825920541209444
INV010607,1,0,0.0028672711956788314
INV010608,1,0,0.004552270454430627
INV010609,1,0,0.008055229024169854
INV010610,1,0,0.004585388370684836
INV010611,1,0,0.0031911727681739233
INV010612,1,0,0.003966902893079815
INV010613,1,0,0.003433331488530293
INV010614,1,0,0.004432665708559242
INV010615,1,0,0.0029421460058190146
INV010616,1,0,0.004670773133988983
INV010617,1,0,0.0017372575331882417
INV010618,1,0,0.012996734872927419
INV010619,1,0,0.0032153173537817744
INV010620,-1,1,0.03735304932378378
INV010621,1,0,0.0031638546611625715
INV010622,1,0,0.005506272717802333
INV010623,1,0,0.005330885706616281
INV010624,1,0,0.003086011404855583
INV010625,1,0,0.0011421267364422187
INV010626,1,0,0.010197164222010795
INV010627,1,0,0.0033060593980087888
INV010628,1,0,0.003500308706955626
INV010629,1,0,0.008227969294982143
INV010630,1,0,0.0034662658314256124
INV010631,1,0,0.002727305525082886
INV010632,-1,1,0.1875685348994392
INV010633,1,0,0.003684951898885023
INV010634,1,0,0.004156466435458368
INV010635,1,0,0.003083167881685818
INV010636,1,0,0.00210310976080807
INV010637,1,0,0.010547825862482174
INV010638,1,0,0.002443071044699312
INV010639,1,0,0.0037531836023416967
INV010640,1,0,0.004877412437731832
INV010641,1,0,0.0015307096874599567
INV010642,1,0,0.0017571558531646724
INV010643,1,0,0.0034252270598625883
INV010644,1,0,0.0026822674507008407
INV010645,1,0,0.00269906333308358
INV010646,1,0,0.007240737267352252
INV010647,1,0,0.004271491413545704
INV010648,1,0,0.003691224234298531
INV010649,1,0,0.012301765765015913
INV010650,1,0,0.009085552396418886
INV010651,1,0,0.006230301242195351
INV010652,1,0,0.004334525167280929
INV010653,1,0,0.007386767054629165
INV010654,1,0,0.0023904065805171663
INV010655,1,0,0.0032454906986925775
INV010656,1,0,0.003599898349377571
INV010657,1,0,0.004018316543212754
INV010658,1,0,0.0027696670438621695
INV010659,1,0,0.004270644952178535
INV010660,1,0,0.006402424738813623
INV010661,1,0,0.003916006298919611
INV010662,1,0,0.0020604966964865726
INV010663,1,0,0.004660162585664167
INV010664,1,0,0.0019186719151996446
INV010665,1,0,0.0026257898954555165
INV010666,1,0,0.0029959070449187344
INV010667,1,0,0.0021550755770016823
INV010668,1,0,0.005352906053439432
INV010669,1,0,0.002713585907204028
INV010670,1,0,0.006178580081137
INV010671,1,0,0.0026029399977997732
INV010672,1,0,0.005435015755110503
INV010673,1,0,0.0033953895880528516
INV010674,1,0,0.007370943274320234
INV010675,1,0,0.00860175452244787
INV010676,1,0,0.001642447011260045
INV010677,1,0,0.004572475295362094
INV010678,1,0,0.010386762069679605
INV010679,1,0,0.003772872280434734
INV010680,1,0,0.004244539077668844
INV010681,1,0,0.0026744817755656705
INV010682,1,0,0.018007931174419893
INV010683,1,0,0.004843700595677159
INV010684,1,0,0.010422070361308768
INV010685,1,0,0.006602584342485712
INV010686,1,0,0.005690960360853757
INV010687,1,0,0.0036123907396007253
INV010688,1,0,0.0014001538030261643
INV010689,1,0,0.00442883187776015
INV010690,1,0,0.002509981279386964
INV010691,1,0,0.0098829277224458
INV010692,1,0,0.006799278631539106
INV010693,1,0,0.00413770594777203
INV010694,1,0,0.0019219771970818119
INV010695,1,0,0.004468510507540885
INV010696,-1,1,0.0697958734061808
INV010697,1,0,0.0032802299418435714
INV010698,1,0,0.001237158183884144
INV010699,1,0,0.002377601950013473
INV010700,1,0,0.0016001856695607578
INV010701,1,0,0.003907329700301483
INV010702,1,0,0.007291698458820841
INV010703,1,0,0.003973855404989071
INV010704,1,0,0.004562415592441742
INV010705,1,0,0.0025659196929848633
INV010706,1,0,0.00502977569217676
INV010707,1,0,0.004313457071642253
INV010708,1,0,0.007025918883837119
INV010709,1,0,0.005713571409490062
INV010710,1,0,0.003096087324057822
INV010711,1,0,0.005463379165821985
INV010712,1,0,0.002871090875780257
INV010713,1,0,0.002748520020157632
INV010714,1,0,0.005281041505122006
INV010715,1,0,0.006327638164802412
INV010716,1,0,0.0015211700251568513
INV010717,1,0,0.0028515652868005095
INV010718,1,0,0.0032345176995851976
INV010719,1,0,0.0016296667480283108
INV010720,1,0,0.004494186770009668
INV010721,1,0,0.0042945389312836705
INV010722,1,0,0.003772897043822832
INV010723,1,0,0.0020997462119620187
INV010724,1,0,0.0030308646685586918
INV010725,1,0,0.00791994240831006
INV010726,1,0,0.008311920090089821
INV010727,1,0,0.007539135279203424
INV010728,1,0,0.003005811496105822
INV010729,1,0,0.00482027524923235
INV010730,1,0,0.0022197744156318617
INV010731,1,0,0.006489619611441522
INV010732,1,0,0.008633577099856907
INV010733,1,0,0.006863056735226033
INV010734,1,0,0.004182266283895459
INV010735,1,0,0.0037400344632280173
INV010736,1,0,0.0036166576813622055
INV010737,1,0,0.0026282405120384516
INV010738,1,0,0.004953952628591364
INV010739,1,0,0.00292188196807271
INV010740,1,0,0.020522284572831888
INV010741,1,0,0.002932135649163377
INV010742,1,0,0.02193838410158647
INV010743,1,0,0.010188885092875204
INV010744,1,0,0.00418327462042441
INV010745,1,0,0.003952923647636299
INV010746,1,0,0.0029397429260690313
INV010747,1,0,0.003875866737243639
INV010748,1,0,0.0024266698008723235
INV010749,1,0,0.0053521997522043
INV010750,1,0,0.0027008404004710083
INV010751,1,0,0.0018736886634768217
INV010752,1,0,0.018767769201049604
INV010753,1,0,0.00488854330793512
INV010754,1,0,0.0020653161674254014
INV010755,1,0,0.0016646635793837435
INV010756,1,0,0.0030963424771381395
INV010757,1,0,0.004947175526844547
INV010758,1,0,0.00399874105715724
INV010759,1,0,0.0032871701852718285
INV010760,1,0,0.008426278398586803
INV010761,1,0,0.01494569885552758
INV010762,1,0,0.005250437561222035
INV010763,1,0,0.0016090534808357985
INV010764,1,0,0.0034424482779003025
INV010765,1,0,0.0032395394683066288
INV010766,1,0,0.0023459087584746614
INV010767,1,0,0.003662055006547788
INV010768,1,0,0.004407521771044528
INV010769,1,0,0.0028551892897116624
INV010770,1,0,0.0032954470353546038
INV010771,1,0,0.00522287064427116
INV010772,1,0,0.015211975648509757
INV010773,1,0,0.004303378127475513
INV010774,1,0,0.004671517259097663
INV010775,1,0,0.0107787284705019
INV010776,1,0,0.0023204040410543915
INV010777,1,0,0.00523022791932732
INV010778,1,0,0.005168001825135594
INV010779,1,0,0.0016263916770678742
INV010780,1,0,0.0030052282836460034
INV010781,1,0,0.003403278114997343
INV010782,1,0,0.0018948944230836
INV010783,1,0,0.0018072249770449502
INV010784,1,0,0.003113114841885246
INV010785,1,0,0.002343900959010443
INV010786,1,0,0.0031350742063125307
INV010787,1,0,0.003851983513433938
INV010788,1,0,0.004593887145016864
INV010789,1,0,0.0012680566469330191
INV010790,1,0,0.006092352824657685
INV010791,1,0,0.008363670751415576
INV010792,1,0,0.002048776590154834
INV010793,1,0,0.0070746620478813116
INV010794,1,0,0.005426129838296231
INV010795,1,0,0.006615460319600697
INV010796,1,0,0.0027288965527112997
INV010797,1,0,0.009791309493160464
INV010798,1,0,0.00594183575371168
INV010799,1,0,0.004330033033354339
INV010800,1,0,0.003570734207398485
INV010801,1,0,0.004225500044258072
INV010802,1,0,0.025658176915428498
INV010803,-1,1,0.04587447064166317
INV010804,1,0,0.0024891386457610858
INV010805,1,0,0.002717556628361191
INV010806,1,0,0.0016714292751572933
INV010807,1,0,0.004616181163563523
INV010808,1,0,0.005219805290222746
INV010809,1,0,0.0021707629781022083
INV010810,1,0,0.004473129740829899
INV010811,1,0,0.005358655670326503
INV010812,1,0,0.0021362920801178908
INV010813,1,0,0.0017122863324754692
INV010814,1,0,0.014504636917588265
INV010815,1,0,0.0021770204938071727
INV010816,-1,1,0.031718158570631136
INV010817,1,0,0.0037101484816008034
INV010818,1,0,0.0036460435945358787
INV010819,1,0,0.004706305793190524
INV010820,1,0,0.004663321070402842
INV010821,1,0,0.0018038267028728623
INV010822,1,0,0.0034718683432845747
INV010823,1,0,0.002172756909785912
INV010824,1,0,0.005542156825595594
INV010825,1,0,0.001426617350283076
INV010826,1,0,0.003597756123969293
INV010827,1,0,0.005990455662611679
INV010828,1,0,0.00435100164252681
INV010829,1,0,0.00593542817081124
INV010830,1,0,0.004011466104298747
INV010831,1,0,0.003846966663394512
INV010832,1,0,0.006622755984795763
INV010833,1,0,0.008919808204169146
INV010834,1,0,0.001934303198972385
INV010835,1,0,0.002543902901229805
INV010836,1,0,0.0039668424925830646
INV010837,1,0,0.005065436225986241
INV010838,1,0,0.002539940665770847
INV010839,1,0,0.001608475612158931
INV010840,1,0,0.002618733285040722
INV010841,1,0,0.008760319205082424
INV010842,1,0,0.005796737925384537
INV010843,1,0,0.003275421963198504
INV010844,1,0,0.002995256207293151
INV010845,1,0,0.0016141232078425223
INV010846,1,0,0.006634547532689007
INV010847,1,0,0.0028511868765395717
INV010848,-1,1,0.11718840817007393
INV010849,1,0,0.0034851414906950403
INV010850,1,0,0.0020869973286175036
INV010851,1,0,0.020092351976121265
INV010852,1,0,0.0032470267490543434
INV010853,1,0,0.004034813123960354
INV010854,1,0,0.0031167429853305732
INV010855,1,0,0.002253811221096594
INV010856,1,0,0.0022563522050981716
INV010857,1,0,0.00483254908640537
INV010858,1,0,0.0079746367106844
INV010859,1,0,0.0069939974667678545
INV010860,1,0,0.006202282528555844
INV010861,1,0,0.006634583619788342
INV010862,1,0,0.001857443725111304
INV010863,1,0,0.007204293611927075
INV010864,1,0,0.00456323914891616
INV010865,1,0,0.00602851007152807
INV010866,1,0,0.0035534471035780536
INV010867,1,0,0.015481396823202442
INV010868,1,0,0.010629287420899483
INV010869,1,0,0.003839772786300907
INV010870,1,0,0.0049413572963319915
INV010871,1,0,0.005764361847251944
INV010872,1,0,0.0033091479366180255
INV010873,1,0,0.010309506278319445
INV010874,1,0,0.005943872144675476
INV010875,1,0,0.014118722994768192
INV010876,1,0,0.00251246813048918
INV010877,1,0,0.001741329113704541
INV010878,1,0,0.006339748109954145
INV010879,1,0,0.001163153565501529
INV010880,1,0,0.002873214821697558
INV010881,1,0,0.0031767457689164435
INV010882,1,0,0.013025379554598957
INV010883,1,0,0.002381904032049134
INV010884,1,0,0.0021418316045160196
INV010885,1,0,0.0010828888500789091
INV010886,1,0,0.002910381967353399
INV010887,1,0,0.00873778252121466
INV010888,1,0,0.0028182419396494034
INV010889,1,0,0.0047621502723269905
INV010890,1,0,0.001987670118427865
INV010891,1,0,0.006594976959883343
INV010892,1,0,0.0018933803607167562
INV010893,1,0,0.005277135213521051
INV010894,1,0,0.001415193441520608
INV010895,1,0,0.003777414421784337
INV010896,1,0,0.0032231015482529213
INV010897,1,0,0.0016750171918768417
INV010898,1,0,0.0044066710198212055
INV010899,1,0,0.001950075624556742
INV010900,1,0,0.0028460481942339474
INV010901,1,0,0.006481865537631858
INV010902,1,0,0.002121798633984745
INV010903,1,0,0.005514048290617823
INV010904,1,0,0.0031579668014480484
INV010905,1,0,0.0029640467113900347
INV010906,1,0,0.0020325104195969127
INV010907,1,0,0.0019353104681138996
INV010908,1,0,0.0017687823812579488
INV010909,1,0,0.0045537767628812545
INV010910,1,0,0.0032274537216968077
INV010911,1,0,0.006042271549249079
INV010912,1,0,0.007844423798530176
INV010913,1,0,0.005835987951996626
INV010914,1,0,0.0023305802781946063
INV010915,1,0,0.004314212413075918
INV010916,1,0,0.006387168886095587
INV010917,1,0,0.004228095355970713
INV010918,1,0,0.004719843564973036
INV010919,1,0,0.002494706185850709
INV010920,1,0,0.003393588570439376
INV010921,1,0,0.00813944901802036
INV010922,1,0,0.006209914635541358
INV010923,1,0,0.002895483730858517
INV010924,1,0,0.002551317843399365
INV010925,1,0,0.0022513915763714013
INV010926,1,0,0.0032443246874472734
INV010927,1,0,0.0060239753574067864
INV010928,1,0,0.0028914022973947078
INV010929,1,0,0.006652240762937944
INV010930,1,0,0.004410216926179342
INV010931,1,0,0.004643990916242415
INV010932,1,0,0.0029499538222743397
INV010933,1,0,0.005960756423035579
INV010934,1,0,0.006351128212624528
INV010935,1,0,0.00445761692592873
INV010936,1,0,0.002785209587947439
INV010937,1,0,0.005783122334011803
INV010938,1,0,0.0015105484579575666
INV010939,1,0,0.002825332279258637
INV010940,1,0,0.004746928666430785
INV010941,1,0,0.00575120298390779
INV010942,1,0,0.0017606606262430306
INV010943,1,0,0.0052708428993049625
INV010944,1,0,0.00800870989093491
INV010945,1,0,0.0047483307817171505
INV010946,1,0,0.006480957630079389
INV010947,1,0,0.015329179820598731
INV010948,-1,1,0.16747836012320486
INV010949,1,0,0.0016756188413949388
INV010950,1,0,0.0025456843822250384
INV010951,1,0,0.002085447689757597
INV010952,1,0,0.003280553771183943
INV010953,1,0,0.0027936638229251664
INV010954,1,0,0.001044815144410324
INV010955,1,0,0.003014181113756778
INV010956,1,0,0.003650032971803151
INV010957,1,0,0.004058043947085981
INV010958,1,0,0.0036173371718361187
INV010959,1,0,0.002990412687053271
INV010960,1,0,0.002625457750248331
INV010961,1,0,0.006760515792083554
INV010962,1,0,0.0016444525348133384
INV010963,1,0,0.01713185696434934
INV010964,1,0,0.0034091793881041465
INV010965,1,0,0.005604683312835784
INV010966,1,0,0.0010136882521023824
INV010967,1,0,0.005469869769908598
INV010968,1,0,0.0021854406233576484
INV010969,1,0,0.0028014698808111497
INV010970,1,0,0.0017159314135729534
INV010971,1,0,0.004209206211767305
INV010972,1,0,0.003547204469560842
INV010973,1,0,0.0039204354336892285
INV010974,1,0,0.003120898550148531
INV010975,1,0,0.0037886237283777306
INV010976,1,0,0.005027991257201096
INV010977,1,0,0.004362733284475443
INV010978,1,0,0.004501739149054416
INV010979,1,0,0.02244039311370646
INV010980,1,0,0.004199928289332559
INV010981,1,0,0.015285292423159675
INV010982,1,0,0.0049716592169452446
INV010983,1,0,0.0019261654592790296
INV010984,1,0,0.002820503167116883
INV010985,1,0,0.003716731774460583
INV010986,1,0,0.004044915698656016
INV010987,1,0,0.0018563499283785244
INV010988,1,0,0.006123764256893514
INV010989,1,0,0.0026446488477200876
INV010990,1,0,0.0017880176251937158
INV010991,-1,1,0.03679290792855854
INV010992,1,0,0.011371793297064971
INV010993,1,0,0.0026815504226235104
INV010994,1,0,0.0036156676190417427
INV010995,1,0,0.025471813579260757
INV010996,1,0,0.0023629186497802386
INV010997,1,0,0.0026811823222815307
INV010998,1,0,0.0030133951456079553
INV010999,1,0,0.0037682399104638706
INV011000,1,0,0.005769628882046781
INV011001,1,0,0.016464771677938906
INV011002,1,0,0.004833570155849373
INV011003,1,0,0.003114947618486546
INV011004,1,0,0.0018926807912542287
INV011005,1,0,0.004770238156835287
INV011006,1,0,0.003804077924235879
INV011007,1,0,0.006602463456186132
INV011008,1,0,0.003652195591918623
INV011009,1,0,0.004266536631249743
INV011010,1,0,0.0018695848310157565
INV011011,1,0,0.003687669858166435
INV011012,1,0,0.0024005267287659587
INV011013,1,0,0.004711062276955558
INV011014,1,0,0.003472399263700942
INV011015,1,0,0.0029807906631250103
INV011016,1,0,0.002538755733402082
INV011017,1,0,0.0042142606023441685
INV011018,1,0,0.0024144709056079807
INV011019,1,0,0.0023908953073136265
INV011020,1,0,0.005247671094626472
INV011021,1,0,0.0043495112648133825
INV011022,1,0,0.004738260889645344
INV011023,1,0,0.001850595285939918
INV011024,1,0,0.010360596385643525
INV011025,1,0,0.0034894800345268034
INV011026,1,0,0.0036729574790087907
INV011027,1,0,0.001607145461556482
INV011028,1,0,0.005414130738360333
INV011029,1,0,0.00944754116055396
INV011030,1,0,0.0035742508660581854
INV011031,1,0,0.0044810332285754526
INV011032,1,0,0.0029024700369457523
INV011033,1,0,0.027243042015914966
INV011034,1,0,0.003903155790999065
INV011035,1,0,0.0016890621162819598
INV011036,1,0,0.0031901700109457846
INV011037,1,0,0.0038141361485106843
INV011038,1,0,0.002114755697189162
INV011039,1,0,0.005108839425783468
INV011040,1,0,0.003456705845046225
INV011041,1,0,0.016301192109565866
INV011042,1,0,0.003106408953562187
INV011043,1,0,0.005020043363615639
INV011044,1,0,0.002559327437929787
INV011045,1,0,0.0030348838043836213
INV011046,1,0,0.0016070296306807605
INV011047,1,0,0.003652667102409152
INV011048,1,0,0.0031495446238993243
INV011049,1,0,0.0039144848428738525
INV011050,1,0,0.01573654837193399
INV011051,1,0,0.0037997002280355813
INV011052,1,0,0.00473848905824956
INV011053,1,0,0.0020005025273101174
INV011054,1,0,0.005593321005386234
INV011055,1,0,0.007482222176480222
INV011056,1,0,0.0031488213476932466
INV011057,1,0,0.009928670332349154
INV011058,1,0,0.004928708511010099
INV011059,1,0,0.0048772681046255545
INV011060,1,0,0.008335316781015723
INV011061,1,0,0.004571245459990445
INV011062,1,0,0.0070132808202617416
INV011063,1,0,0.003202055672058315
INV011064,1,0,0.0022526091183770244
INV011065,1,0,0.012725947930235187
INV011066,1,0,0.003377700740635842
INV011067,1,0,0.010521665646660279
INV011068,1,0,0.0018165924558552465
INV011069,1,0,0.0036212030888093313
INV011070,1,0,0.00535648721827992
INV011071,1,0,0.029314753135250195
INV011072,1,0,0.003313115529416353
INV011073,1,0,0.0032208330043905185
INV011074,1,0,0.005442729608358887
INV011075,1,0,0.004564067456857148
INV011076,1,0,0.00536027768485872
INV011077,1,0,0.0010584325667258084
INV011078,1,0,0.005369602950880285
INV011079,1,0,0.003210961995732217
INV011080,1,0,0.006467682635757802
INV011081,1,0,0.0022296644165669633
INV011082,1,0,0.003169301366198723
INV011083,1,0,0.0031686021157798865
INV011084,-1,1,0.03721667745680147
INV011085,1,0,0.004823576628281562
INV011086,1,0,0.00329244680870205
INV011087,1,0,0.003843973218647772
INV011088,-1,1,0.09703719056512979
INV011089,1,0,0.00308841961843993
INV011090,1,0,0.013749511668540267
INV011091,1,0,0.01191226615110164
INV011092,1,0,0.0036249883631483733
INV011093,1,0,0.0017758762390731842
INV011094,1,0,0.01136388890372624
INV011095,1,0,0.005152259438158548
INV011096,1,0,0.0023240033734165796
INV011097,1,0,0.0038245533328783656
INV011098,1,0,0.0015468872324273363
INV011099,1,0,0.0035112771882319003
INV011100,1,0,0.005265501384508259
INV011101,-1,1,0.035120456174465756
INV011102,1,0,0.0011856167689821703
INV011103,1,0,0.002295249598114227
INV011104,1,0,0.0045035602445819955
INV011105,1,0,0.0030310296822146526
INV011106,1,0,0.007382189313757302
INV011107,1,0,0.0025975589762757038
INV011108,1,0,0.001618082164332542
INV011109,1,0,0.0044620456300190495
INV011110,1,0,0.0036810670361095425
INV011111,1,0,0.010783825994063358
INV011112,1,0,0.004909707864599411
INV011113,1,0,0.0028998776885753464
INV011114,1,0,0.005451605470596081
INV011115,1,0,0.0035935729549535366
INV011116,1,0,0.002250003346735149
INV011117,1,0,0.0039279785156697
INV011118,1,0,0.004267784384602681
INV011119,1,0,0.00438791297335521
INV011120,1,0,0.0023998549165210195
INV011121,1,0,0.00597157840907419
INV011122,1,0,0.004424256798977246
INV011123,1,0,0.0027046617768379266
INV011124,1,0,0.006926246481298607
INV011125,1,0,0.008366027466368083
INV011126,1,0,0.0015036073212784892
INV011127,1,0,0.004354811020758421
INV011128,1,0,0.011257819410673407
INV011129,1,0,0.003313848047089455
INV011130,1,0,0.0030770923295302555
INV011131,1,0,0.00665388103003435
INV011132,1,0,0.0018829031777414613
INV011133,1,0,0.003547294209088137
INV011134,1,0,0.0038320160364746993
INV011135,1,0,0.002500541715674354
INV011136,1,0,0.0037933339402293326
INV011137,1,0,0.001831673998355903
INV011138,1,0,0.003123025661346609
INV011139,1,0,0.005027967866876079
INV011140,1,0,0.0029307832970658474
INV011141,1,0,0.002346960841617129
INV011142,1,0,0.003163142817337499
INV011143,1,0,0.004309054286702419
INV011144,1,0,0.003441961756504091
INV011145,1,0,0.0024766606872331097
INV011146,1,0,0.002792055671330675
INV011147,1,0,0.009674865919352415
INV011148,1,0,0.0013386195671020436
INV011149,1,0,0.0006911171355826204
INV011150,1,0,0.008270646484369848
INV011151,1,0,0.004069549596719252
INV011152,1,0,0.011006868810947073
INV011153,1,0,0.005018090929575894
INV011154,1,0,0.00397216910193608
INV011155,1,0,0.005546290165242991
INV011156,1,0,0.0023866895070987445
INV011157,1,0,0.0037187381965865856
INV011158,1,0,0.018942627582927928
INV011159,1,0,0.003688311503418634
INV011160,1,0,0.001706971748069389
INV011161,1,0,0.012556907464654175
INV011162,1,0,0.0033953004435459434
INV011163,1,0,0.005254977956591854
INV011164,1,0,0.006285868466267345
INV011165,1,0,0.002843635060161621
INV011166,1,0,0.00313576239753015
INV011167,1,0,0.0028939104237506036
INV011168,1,0,0.005417726073101725
INV011169,1,0,0.004013004324799399
INV011170,1,0,0.0033189312212301577
INV011171,1,0,0.007654708648820321
INV011172,1,0,0.001806358101127182
INV011173,1,0,0.003426332842344647
INV011174,1,0,0.0032053105975861263
INV011175,1,0,0.012261595650472867
INV011176,1,0,0.0043641517855860365
INV011177,1,0,0.007376683370630292
INV011178,1,0,0.003091461206262264
INV011179,1,0,0.0019406014756599226
INV011180,1,0,0.0049654427418130654
INV011181,1,0,0.002572268502663725
INV011182,1,0,0.003067110963796816
INV011183,1,0,0.009415739018091675
INV011184,1,0,0.009835526793706782
INV011185,1,0,0.013704919388441901
INV011186,1,0,0.0014058420246876265
INV011187,1,0,0.011893375463357754
INV011188,1,0,0.006275135369943088
INV011189,1,0,0.006934536596421554
INV011190,1,0,0.006737510505214326
INV011191,1,0,0.0028094576554265416
INV011192,1,0,0.004067584033376767
INV011193,1,0,0.0028381745004630327
INV011194,1,0,0.005708204109481687
INV011195,1,0,0.010222078201712394
INV011196,1,0,0.00517269018313307
INV011197,1,0,0.0018413130824827422
INV011198,1,0,0.003247664789570999
INV011199,1,0,0.0014111665020520288
INV011200,1,0,0.0018462268278640031
INV011201,1,0,0.004629037051885027
INV011202,1,0,0.0031063205022519584
INV011203,1,0,0.000766654155618127
INV011204,1,0,0.001729313199155735
INV011205,1,0,0.004338910338259636
INV011206,1,0,0.0039305538093548234
INV011207,1,0,0.0027031464356959225
INV011208,1,0,0.005429555685571176
INV011209,1,0,0.0027230740216944126
INV011210,1,0,0.00340124906668432
INV011211,1,0,0.0034639362260928245
INV011212,1,0,0.0052091216023394836
INV011213,1,0,0.024395807017341842
INV011214,1,0,0.002833257432579222
INV011215,1,0,0.001341899197984341
INV011216,1,0,0.011497399209627664
INV011217,1,0,0.0009314480764815174
INV011218,1,0,0.00333758524589089
INV011219,1,0,0.0011625105025094688
INV011220,1,0,0.007691248241003003
INV011221,1,0,0.004520060832379026
INV011222,1,0,0.003105783632487773
INV011223,-1,1,0.03130818214602653
INV011224,1,0,0.0036651482979675656
INV011225,1,0,0.004322861404447492
INV011226,1,0,0.0044693654804973705
INV011227,1,0,0.0024670043305049373
INV011228,1,0,0.002689602158054979
INV011229,1,0,0.0022987261970924275
INV011230,1,0,0.009889981611285618
INV011231,1,0,0.001402082416785318
INV011232,1,0,0.0035532998240350284
INV011233,1,0,0.0029977174714640818
INV011234,1,0,0.005668111446539599
INV011235,1,0,0.0018845132508727887
INV011236,1,0,0.0021307469595050273
INV011237,1,0,0.006706630325975168
INV011238,1,0,0.0029274767073300383
INV011239,1,0,0.0024098485289875235
INV011240,1,0,0.004063411223146736
INV011241,1,0,0.002489262114289675
INV011242,1,0,0.003735760360581666
INV011243,1,0,0.0037243612205393813
INV011244,1,0,0.007978128085214345
INV011245,1,0,0.009028957547811182
INV011246,1,0,0.003614076772048104
INV011247,1,0,0.0028026883204815087
INV011248,1,0,0.0036682252131902955
INV011249,1,0,0.007073109333239225
INV011250,1,0,0.003070314091088581
INV011251,1,0,0.006881036174043523
INV011252,1,0,0.002865875095605699
INV011253,1,0,0.001227085272839317
INV011254,1,0,0.0024558933560581224
INV011255,1,0,0.0038628664156498483
INV011256,1,0,0.00534465655648855
INV011257,1,0,0.005714263250623602
INV011258,1,0,0.0030132924763901004
INV011259,1,0,0.013231057424782929
INV011260,1,0,0.0032631437624563854
INV011261,1,0,0.002225467737729626
INV011262,1,0,0.007237274879344919
INV011263,1,0,0.003530258389811024
INV011264,1,0,0.006256041597158772
INV011265,1,0,0.0027710082526181223
INV011266,1,0,0.007258280803931225
INV011267,1,0,0.0021072005778064017
INV011268,1,0,0.004877260747046731
INV011269,1,0,0.002824484576684539
INV011270,-1,1,0.2840379900852669
INV011271,1,0,0.0034001713480751594
INV011272,1,0,0.00512759896554176
INV011273,1,0,0.004800078645023664
INV011274,1,0,0.0017673774215404476
INV011275,1,0,0.0007378867582282371
INV011276,1,0,0.007921739880093167
INV011277,1,0,0.0071033073615140285
INV011278,1,0,0.004329616341103776
INV011279,1,0,0.004103260691641615
INV011280,1,0,0.004752512832317837
INV011281,1,0,0.002960901016516931
INV011282,1,0,0.0023230974381374544
INV011283,1,0,0.0033424654819534756
INV011284,1,0,0.0015834381455389808
INV011285,1,0,0.002596517584264271
INV011286,1,0,0.0032468481377866247
INV011287,1,0,0.007550532126900371
INV011288,1,0,0.005184729308046127
INV011289,1,0,0.006759451921129356
INV011290,1,0,0.004319412434320028
INV011291,1,0,0.002642535417425319
INV011292,1,0,0.0028659083594210406
INV011293,1,0,0.009809121684408782
INV011294,1,0,0.005826467379828088
INV011295,1,0,0.0035540124704790564
INV011296,1,0,0.007670654052093239
INV011297,1,0,0.0020564416620399636
INV011298,1,0,0.007894216877197165
INV011299,1,0,0.0030120675093320047
INV011300,1,0,0.0036221158564066344
INV011301,1,0,0.004568768830696752
INV011302,1,0,0.005358236551819407
INV011303,-1,1,0.29867038853190986
INV011304,1,0,0.0029293827172562014
INV011305,1,0,0.007499560694714115
INV011306,-1,1,0.04259313661885513
INV011307,1,0,0.00539952022221242
INV011308,1,0,0.002863259373929157
INV011309,1,0,0.005000409404146306
INV011310,1,0,0.004486644441990882
INV011311,1,0,0.009073792089577717
INV011312,1,0,0.0026010618870213943
INV011313,1,0,0.0036764736372636407
INV011314,1,0,0.005587903814427593
INV011315,1,0,0.0038159518298159557
INV011316,1,0,0.0029284962479129476
INV011317,1,0,0.0017344306434682376
INV011318,1,0,0.004991553602728864
INV011319,-1,1,0.03784787334077664
INV011320,1,0,0.002348873181566788
INV011321,1,0,0.005458358496591499
INV011322,1,0,0.0022600423667257434
INV011323,1,0,0.0028419065641424033
INV011324,1,0,0.004091618738367833
INV011325,1,0,0.003163952388883885
INV011326,1,0,0.0012549396910900745
INV011327,1,0,0.0030594811646233295
INV011328,1,0,0.016708001610551474
INV011329,1,0,0.007614750157513203
INV011330,1,0,0.006764616143934722
INV011331,1,0,0.00587972789358479
INV011332,1,0,0.003633991054599461
INV011333,1,0,0.003890323328721394
INV011334,1,0,0.0040923106500761535
INV011335,1,0,0.004377265637507193
INV011336,1,0,0.005898218696791834
INV011337,1,0,0.0036137877025672446
INV011338,1,0,0.003933668165194892
INV011339,1,0,0.0036026732942513627
INV011340,1,0,0.005011738691262184
INV011341,1,0,0.003736360736561529
INV011342,1,0,0.002845469628737055
INV011343,1,0,0.0029923703496544463
INV011344,1,0,0.00414556827784331
INV011345,1,0,0.0020582872469162568
INV011346,1,0,0.004269007647600698
INV011347,1,0,0.004510451861989006
INV011348,1,0,0.004926833373350308
INV011349,1,0,0.012759781097265487
INV011350,1,0,0.001747731165393265
INV011351,1,0,0.002600245510224435
INV011352,1,0,0.002566407626476777
INV011353,1,0,0.0026818436420458294
INV011354,1,0,0.009729286513060847
INV011355,1,0,0.006029257291886461
INV011356,1,0,0.0031502176329200994
INV011357,1,0,0.005616113595386533
INV011358,1,0,0.004784547689223022
INV011359,1,0,0.004606104371711132
INV011360,1,0,0.009917386149381228
INV011361,1,0,0.0034035624067666175
INV011362,1,0,0.0030068437272185375
INV011363,1,0,0.002856982775591755
INV011364,1,0,0.007635162169040982
INV011365,1,0,0.0032057635596236837
INV011366,1,0,0.0030756467776948296
INV011367,1,0,0.007111391790980401
INV011368,1,0,0.002764201978215018
INV011369,1,0,0.0036147447145406294
INV011370,1,0,0.00529220889936288
INV011371,1,0,0.0025859097284049257
INV011372,1,0,0.005637981310785508
INV011373,1,0,0.002990644156990107
INV011374,1,0,0.002950149256126829
INV011375,1,0,0.004748085471286205
INV011376,1,0,0.0031635976115723273
INV011377,1,0,0.002431238661291107
INV011378,1,0,0.006255252383789209
INV011379,1,0,0.0014377046057350792
INV011380,1,0,0.028123732221703425
INV011381,1,0,0.0034807316267063573
INV011382,1,0,0.0038397116261381942
INV011383,1,0,0.004648122340118452
INV011384,-1,1,0.03683802125659978
INV011385,1,0,0.0023246365232081783
INV011386,1,0,0.006483546159027314
INV011387,1,0,0.0012757618581497637
INV011388,1,0,0.00503752244902141
INV011389,1,0,0.00439145934846912
INV011390,1,0,0.003807428348292956
INV011391,1,0,0.003061092863437763
INV011392,1,0,0.0026582468075545284
INV011393,1,0,0.0029700323216657674
INV011394,1,0,0.003467110155320823
INV011395,1,0,0.003540094201379094
INV011396,1,0,0.0035921806730154597
INV011397,1,0,0.01797257861817101
INV011398,1,0,0.0023736579751018096
INV011399,1,0,0.0013049336119622264
INV011400,1,0,0.0027153029078053775
INV011401,1,0,0.0030160264924641404
INV011402,1,0,0.0007908499068506546
INV011403,1,0,0.0023965622803309317
INV011404,1,0,0.0012887453114806236
INV011405,-1,1,0.21351181054641286
INV011406,1,0,0.013704919388441901
INV011407,1,0,0.0027121509675221995
INV011408,1,0,0.0014084027907855972
INV011409,1,0,0.0076826100934199795
INV011410,1,0,0.002784142735404951
INV011411,1,0,0.0018599770919894166
INV011412,1,0,0.017897604486457126
INV011413,1,0,0.007318555310906215
INV011414,1,0,0.01707957510168681
INV011415,1,0,0.0020845758818861908
INV011416,1,0,0.024578128596064445
INV011417,1,0,0.005261459188337481
INV011418,1,0,0.011654468171024219
INV011419,1,0,0.005054819589803979
INV011420,-1,1,0.1125196829769852
INV011421,1,0,0.0031642291868443015
INV011422,1,0,0.0032288629448212545
INV011423,1,0,0.0019565781185355304
INV011424,1,0,0.005072786976768487
INV011425,1,0,0.001330782083347136
INV011426,1,0,0.009909605735430503
INV011427,1,0,0.0015566107048705885
INV011428,1,0,0.00455882263040668
INV011429,1,0,0.0019107986988890207
INV011430,1,0,0.0016020911050186105
INV011431,1,0,0.006653024272048285
INV011432,-1,1,0.19977990470532514
INV011433,1,0,0.008044918328857944
INV011434,1,0,0.006164325328574098
INV011435,1,0,0.0053844556346109755
INV011436,1,0,0.008554869583473823
INV011437,1,0,0.004811114673557554
INV011438,1,0,0.0014739633219497175
INV011439,1,0,0.002155956986997866
INV011440,1,0,0.005541061825656353
INV011441,1,0,0.004253192296878755
INV011442,1,0,0.004243875258792875
INV011443,1,0,0.0032014558096297913
INV011444,1,0,0.0036584611295987102
INV011445,1,0,0.003157333198606705
INV011446,1,0,0.004223737153517309
INV011447,1,0,0.005386694827486087
INV011448,1,0,0.0036856455791861083
INV011449,1,0,0.004201003289963291
INV011450,1,0,0.0023169238443824297
INV011451,-1,1,0.09096132620465779
INV011452,1,0,0.0008647344591610854
INV011453,-1,1,0.036210829823773494
INV011454,1,0,0.0030554834933980476
INV011455,1,0,0.002903169280399069
INV011456,1,0,0.001324568879322781
INV011457,1,0,0.0031761484081433864
INV011458,1,0,0.007458561057096218
INV011459,1,0,0.002169902735154204
INV011460,1,0,0.002042234069098476
INV011461,1,0,0.0023778182703836476
INV011462,1,0,0.004247026722645697
INV011463,1,0,0.003501857837683938
INV011464,1,0,0.0033348305065686716
INV011465,1,0,0.01579942236976031
INV011466,1,0,0.003601416139737086
INV011467,1,0,0.004733834177822017
INV011468,1,0,0.003658184991385199
INV011469,1,0,0.003111582448223557
INV011470,1,0,0.002924108876935575
INV011471,-1,1,0.22463211886250992
INV011472,1,0,0.005128190040615621
INV011473,1,0,0.002561057369883288
INV011474,1,0,0.02074896785904973
INV011475,1,0,0.003087544085965352
INV011476,1,0,0.003396803825081693
INV011477,1,0,0.002238608509523724
INV011478,1,0,0.00334526861507429
INV011479,1,0,0.0028624168387943972
INV011480,1,0,0.002338245327111497
INV011481,1,0,0.0022901301476712494
INV011482,1,0,0.001548721939263548
INV011483,1,0,0.008409774194348822
INV011484,1,0,0.0029489963487960708
INV011485,1,0,0.005502131181978755
INV011486,1,0,0.002411138735844047
INV011487,1,0,0.0032567957035083347
INV011488,1,0,0.0022495952930521837
INV011489,1,0,0.006025783118035986
INV011490,1,0,0.0029188409555388458
INV011491,1,0,0.005769291170822564
INV011492,1,0,0.008805375372148018
INV011493,1,0,0.002240829396831172
INV011494,1,0,0.001813430445185942
INV011495,1,0,0.0026050332985642615
INV011496,1,0,0.012651637119311885
INV011497,1,0,0.004927411312761083
INV011498,1,0,0.004957281950284328
INV011499,1,0,0.004055988963671554
INV011500,1,0,0.003855183994569636
INV011501,1,0,0.002841059691591057
INV011502,1,0,0.0043232749994084755
INV011503,1,0,0.003798038091323551
INV011504,1,0,0.0014698351087182454
INV011505,1,0,0.009015922234685921
INV011506,1,0,0.005851871099220999
INV011507,1,0,0.005426388948968676
INV011508,1,0,0.0027704810189105233
INV011509,1,0,0.0052266178636874916
INV011510,1,0,0.002942596606265723
INV011511,1,0,0.0012277145269200284
INV011512,1,0,0.0031565370875333526
INV011513,1,0,0.0022412403875767834
INV011514,1,0,0.003111582448223557
INV011515,1,0,0.009253907346694212
INV011516,1,0,0.010436865018691729
INV011517,1,0,0.001311627106645241
INV011518,1,0,0.006055725844650539
INV011519,1,0,0.002559331465098514
INV011520,1,0,0.0037116125148242314
INV011521,1,0,0.004997772182074125
INV011522,1,0,0.00832490040177645
INV011523,1,0,0.002245000949592685
INV011524,1,0,0.007066111455949217
INV011525,1,0,0.003680792092478545
INV011526,1,0,0.0031777337600960858
INV011527,1,0,0.007671404222162782
INV011528,1,0,0.0043024867382903086
INV011529,1,0,0.012487517458386544
INV011530,1,0,0.0040007163061892
INV011531,1,0,0.0055485569819761615
INV011532,1,0,0.0024621508552453725
INV011533,1,0,0.0034150195715175677
INV011534,1,0,0.004213955574281938
INV011535,1,0,0.0036242505990496422
INV011536,1,0,0.0035754332086311404
INV011537,1,0,0.004373271473834707
INV011538,1,0,0.0071250761334774575
INV011539,1,0,0.0020423274348323945
INV011540,1,0,0.0014230619229490522
INV011541,1,0,0.0019060338229362503
INV011542,1,0,0.0032171448102021197
INV011543,1,0,0.00613450149370633
INV011544,1,0,0.004536046462553262
INV011545,1,0,0.013138980435563857
INV011546,1,0,0.004533227553475053
INV011547,1,0,0.003052596861377413
INV011548,1,0,0.002706737595547469
INV011549,1,0,0.0265351826473382
INV011550,1,0,0.015192164876638756
INV011551,1,0,0.0034300965115399143
INV011552,1,0,0.004525185270117313
INV011553,1,0,0.0021196876360665053
INV011554,1,0,0.005303082571894554
INV011555,1,0,0.0015135394778587395
INV011556,1,0,0.005863743668041178
INV011557,1,0,0.007904163779301797
INV011558,1,0,0.002308833537729324
INV011559,1,0,0.003566157415539457
INV011560,1,0,0.002496450612806742
INV011561,1,0,0.0006445089950116657
INV011562,1,0,0.005662602858253521
INV011563,1,0,0.0039061187847807136
INV011564,1,0,0.013592405051721601
INV011565,1,0,0.002452823854693998
INV011566,1,0,0.0013610497647533893
INV011567,1,0,0.0038808789062258564
INV011568,1,0,0.0030967096182522537
INV011569,1,0,0.0017280889923517297
INV011570,1,0,0.016128464877611926
INV011571,1,0,0.002108177119914318
INV011572,1,0,0.008581952819635119
INV011573,1,0,0.005340733647306741
INV011574,1,0,0.0026941329466818945
INV011575,1,0,0.004690622122630145
INV011576,1,0,0.003856225318049102
INV011577,1,0,0.002553917019558541
INV011578,1,0,0.003981079452596398
INV011579,1,0,0.0031112231475591166
INV011580,1,0,0.004148670743909671
INV011581,1,0,0.0024614480368868917
INV011582,1,0,0.00661633102245216
INV011583,1,0,0.027572820665014628
INV011584,1,0,0.0032913652559810537
INV011585,1,0,0.004807130689254119
INV011586,1,0,0.002714079473556474
INV011587,1,0,0.004633541488262234
INV011588,1,0,0.006222595965232923
INV011589,1,0,0.006121819216237518
INV011590,1,0,0.0026173648013692362
INV011591,1,0,0.00363249552491452
INV011592,1,0,0.003718877070703295
INV011593,1,0,0.0028964847681954803
INV011594,1,0,0.00415583212977004
INV011595,1,0,0.006283210394140955
INV011596,1,0,0.003154054699712561
INV011597,1,0,0.001945094426798221
INV011598,1,0,0.0022418989633721364
INV011599,1,0,0.008087174286171383
INV011600,1,0,0.005863109576314356
INV011601,1,0,0.0038769654678196697
INV011602,1,0,0.001938658920374397
INV011603,1,0,0.01126862584512119
INV011604,1,0,0.00358313208242232
INV011605,1,0,0.0047616355837669785
INV011606,1,0,0.0042727707149230664
INV011607,1,0,0.003331028004676574
INV011608,1,0,0.0029905639096800434
INV011609,1,0,0.009730217671557937
INV011610,1,0,0.006102642557141361
INV011611,1,0,0.006838888113444866
INV011612,1,0,0.002894017203828115
INV011613,1,0,0.003458426921396124
INV011614,1,0,0.0029205649823012218
INV011615,1,0,0.0045362492586875575
INV011616,1,0,0.0024040001014631984
INV011617,1,0,0.002411138735844047
INV011618,1,0,0.007772631617680345
INV011619,1,0,0.003537510189683633
INV011620,1,0,0.004831392476959332
INV011621,1,0,0.004531641625201838
INV011622,1,0,0.0035287459379293317
INV011623,1,0,0.0039555242985434185
INV011624,1,0,0.0027177712460000358
INV011625,1,0,0.0033838348661684127
INV011626,1,0,0.0028531028969865663
INV011627,1,0,0.004048079174038516
INV011628,1,0,0.002172739514339131
INV011629,1,0,0.009407739288870147
INV011630,1,0,0.0022757568676675293
INV011631,1,0,0.006738674043783369
INV011632,1,0,0.0039011805038186406
INV011633,1,0,0.0019818349556467744
INV011634,1,0,0.008480543039695039
INV011635,1,0,0.004267088853564775
INV011636,-1,1,0.04327246360897289
INV011637,1,0,0.01982961255781624
INV011638,1,0,0.008982037883404455
INV011639,1,0,0.002529696568645487
INV011640,1,0,0.002694615256536595
INV011641,1,0,0.004682621821125645
INV011642,1,0,0.012219685864669209
INV011643,1,0,0.004657473067338285
INV011644,1,0,0.004390437702988245
INV011645,1,0,0.003841803420211569
INV011646,-1,1,0.0466450721665302
INV011647,1,0,0.008147240027559347
INV011648,1,0,0.002518692908100699
INV011649,1,0,0.0038716806206315207
INV011650,1,0,0.002785243145398353
INV011651,1,0,0.006216966781620048
INV011652,1,0,0.0037682215403512425
INV011653,1,0,0.004926651986170918
INV011654,1,0,0.003103486261575966
INV011655,1,0,0.002190914318011468
INV011656,1,0,0.005143995928478305
INV011657,1,0,0.006092890217536789
INV011658,1,0,0.003347416466491079
INV011659,1,0,0.004719313124148195
INV011660,1,0,0.007164546938981837
INV011661,1,0,0.004986889391294785
INV011662,1,0,0.002084403776345225
INV011663,1,0,0.002672485704411332
INV011664,1,0,0.0034705277984400365
INV011665,1,0,0.0022408279111457816
INV011666,1,0,0.0014874100326709723
INV011667,1,0,0.0028226919773058326
INV011668,1,0,0.0026854161778046407
INV011669,1,0,0.002647811761329917
INV011670,1,0,0.0037175619602349643
INV011671,1,0,0.0024783144588078694
INV011672,1,0,0.0020172450515832663
INV011673,1,0,0.001273285350102995
INV011674,1,0,0.003165088758046479
INV011675,1,0,0.0026049813846256826
INV011676,1,0,0.003197334605847789
INV011677,1,0,0.004832065816989204
INV011678,1,0,0.003878409328394392
INV011679,1,0,0.01061658976055686
INV011680,1,0,0.004380555135048162
INV011681,1,0,0.0046969391157463255
INV011682,1,0,0.004814617472068905
INV011683,1,0,0.003250558347358595
INV011684,1,0,0.0014401206592905907
INV011685,1,0,0.003915271377687056
INV011686,1,0,0.003517736090245452
INV011687,1,0,0.0022444991873194152
INV011688,1,0,0.0010879677705138092
INV011689,1,0,0.002802524085610595
INV011690,1,0,0.0035692522172819734
INV011691,1,0,0.0050604338263057465
INV011692,-1,1,0.029975519229023792
INV011693,1,0,0.0023660922241969602
INV011694,1,0,0.0016771570882209853
INV011695,1,0,0.009097093159182364
INV011696,1,0,0.0016278555099075718
INV011697,1,0,0.006439486400243337
INV011698,1,0,0.00219899161044905
INV011699,1,0,0.005090043103309508
INV011700,1,0,0.0021759093352865886
INV011701,1,0,0.0035363887799646104
INV011702,1,0,0.009491507619668386
INV011703,1,0,0.010738450827213879
INV011704,1,0,0.004045709177469862
INV011705,1,0,0.0017497965760362047
INV011706,1,0,0.005293627079186254
INV011707,1,0,0.0022394341148159764
INV011708,1,0,0.007356151256994188
INV011709,1,0,0.0026092346617034336
INV011710,1,0,0.002897755226821099
INV011711,1,0,0.005444449144903344
INV011712,1,0,0.002366799113001477
INV011713,1,0,0.0026173648013692184
INV011714,-1,1,0.03339830399009563
INV011715,1,0,0.0011283656339691357
INV011716,1,0,0.005638777045678683
INV011717,1,0,0.003074554111929105
INV011718,1,0,0.0013988925591497175
INV011719,1,0,0.01239812012486251
INV011720,1,0,0.005014261632003829
INV011721,1,0,0.006190134847034986
INV011722,1,0,0.002886199234384969
INV011723,1,0,0.005608138106637622
INV011724,1,0,0.005815952473704197
INV011725,1,0,0.0030902589237035293
INV011726,1,0,0.0026503146721740334
INV011727,1,0,0.002727940739905826
INV011728,1,0,0.028256705058222566
INV011729,1,0,0.0065468355057891016
INV011730,1,0,0.0035158696800212225
INV011731,1,0,0.003971872299898216
INV011732,1,0,0.005979668999045765
INV011733,1,0,0.0021930622345917436
INV011734,1,0,0.006268070003033968
INV011735,1,0,0.0033113313223175848
INV011736,1,0,0.0015494919705126415
INV011737,1,0,0.006102687767194349
INV011738,1,0,0.004073388701831399
INV011739,1,0,0.002645745412528708
INV011740,1,0,0.001778811514041047
INV011741,1,0,0.003188396522533729
INV011742,1,0,0.0019058918345276881
INV011743,1,0,0.0034689714736461023
INV011744,1,0,0.011374522438329511
INV011745,1,0,0.002548571568345293
INV011746,1,0,0.0018910987519570458
INV011747,1,0,0.002888153099776989
INV011748,1,0,0.005036760530069473
INV011749,1,0,0.002081633186469717
INV011750,1,0,0.005442244976881982
INV011751,1,0,0.0037250720579506754
INV011752,1,0,0.0013217131567953132
INV011753,1,0,0.004152449434281133
INV011754,1,0,0.0033622663260738104
INV011755,1,0,0.007728399516142002
INV011756,1,0,0.0032992967556235583
INV011757,1,0,0.0029803820116562807
INV011758,1,0,0.006798127935812223
INV011759,1,0,0.003147537374933204
INV011760,1,0,0.0029575985570626045
INV011761,1,0,0.006883973735370123
INV011762,1,0,0.0067363096617762104
INV011763,1,0,0.005296471859487725
INV011764,1,0,0.0018751513478283462
INV011765,1,0,0.002528528974811448
INV011766,1,0,0.0020736447571781816
INV011767,1,0,0.003488531584980062
INV011768,1,0,0.0032563990644177174
INV011769,1,0,0.0023061287054159866
INV011770,1,0,0.0036313545439200265
INV011771,1,0,0.004764920325064563
INV011772,1,0,0.0014583200683815788
INV011773,1,0,0.0027639796536134426
INV011774,1,0,0.0029117184916433933
INV011775,1,0,0.002318132024605266
INV011776,1,0,0.0038990341836734423
INV011777,1,0,0.0015820162738323122
INV011778,1,0,0.005611298583777731
INV011779,1,0,0.004200777364927512
INV011780,1,0,0.011855442155463438
INV011781,1,0,0.004680542654428798
INV011782,1,0,0.004967286712554152
INV011783,1,0,0.0021849544848418713
INV011784,1,0,0.003286173872915358
INV011785,1,0,0.002761059846338904
INV011786,1,0,0.0017000845675698188
INV011787,1,0,0.0036183170079239694
INV011788,1,0,0.0048104676151298304
INV011789,1,0,0.00338051644173395
INV011790,1,0,0.0027474961735894404
INV011791,1,0,0.008329093296146563
INV011792,1,0,0.015727356907990334
INV011793,-1,1,0.03657010393600199
INV011794,1,0,0.0031719737666755054
INV011795,1,0,0.003363142398754879
INV011796,1,0,0.005842991423521813
INV011797,1,0,0.006108529164042066
INV011798,1,0,0.0017911792563992553
INV011799,1,0,0.008542147126056925
INV011800,1,0,0.0029702603469340845
INV011801,1,0,0.0040853386104665445
INV011802,1,0,0.005045846650497448
INV011803,1,0,0.02787976075674356
INV011804,1,0,0.0030165467009859713
INV011805,1,0,0.00549875065584687
INV011806,1,0,0.010907995867742581
INV011807,1,0,0.0035791746742315314
INV011808,1,0,0.0020564416620399636
INV011809,1,0,0.005824794883711569
INV011810,1,0,0.0031844013512059626
INV011811,1,0,0.0021896571411235267
INV011812,1,0,0.009624943596024314
INV011813,1,0,0.005122871750653697
INV011814,1,0,0.006185828439027011
INV011815,1,0,0.001323151320539
INV011816,1,0,0.009039896572358219
INV011817,1,0,0.00256625727939606
INV011818,1,0,0.00485654233803134
INV011819,1,0,0.0029254777950295306
INV011820,1,0,0.0035480089370664874
INV011821,1,0,0.003971296406856608
INV011822,1,0,0.001833247835939315
INV011823,1,0,0.00501635804487757
INV011824,1,0,0.0027041118048938095
INV011825,1,0,0.00294947404170412
INV011826,1,0,0.011985486723019129
INV011827,1,0,0.0033225420740836263
INV011828,1,0,0.0018931571473506372
INV011829,1,0,0.0027556505852339196
INV011830,1,0,0.006857130093594887
INV011831,1,0,0.004044738968882645
INV011832,1,0,0.00568562348599634
INV011833,1,0,0.02209010663565419
INV011834,1,0,0.0023509397864099196
INV011835,1,0,0.005392108593843507
INV011836,1,0,0.0022816760389506824
INV011837,1,0,0.00484102932722472
INV011838,1,0,0.0038432719225801977
INV011839,1,0,0.004645072374647853
INV011840,1,0,0.00289632661407062
INV011841,1,0,0.0052686286086519474
INV011842,1,0,0.003981208163971284
INV011843,1,0,0.005349245790144891
INV011844,1,0,0.001967376684755699
INV011845,1,0,0.001551871829408518
INV011846,1,0,0.005177839734003341
INV011847,1,0,0.002296865704072586
INV011848,1,0,0.0016328013633494388
INV011849,1,0,0.002260139285580444
INV011850,1,0,0.005493281825516739
INV011851,1,0,0.0022622028049698816
INV011852,1,0,0.004161180453719055
INV011853,1,0,0.0028799053807730185
INV011854,1,0,0.005592291064578881
INV011855,1,0,0.0029211886252498175
INV011856,1,0,0.004701056885982446
INV011857,1,0,0.004491168474138797
INV011858,1,0,0.0039956696325642955
INV011859,1,0,0.006746600228273028
INV011860,1,0,0.0066819119541014355
INV011861,1,0,0.0019309486172638356
INV011862,1,0,0.013119489747768094
INV011863,1,0,0.0031716927344030196
INV011864,-1,1,0.18641759172073982
INV011865,1,0,0.0032407481562164325
INV011866,1,0,0.001741901916866823
INV011867,1,0,0.006119158174975964
INV011868,1,0,0.0032248053009838727
INV011869,1,0,0.004856468979990005
INV011870,1,0,0.001985923867262795
INV011871,1,0,0.003291529536447347
INV011872,1,0,0.0037237178889236713
INV011873,1,0,0.0030457963782705606
INV011874,1,0,0.025229487963943795
INV011875,1,0,0.01732346288490402
INV011876,1,0,0.004051714773172637
INV011877,1,0,0.007551760851821278
INV011878,1,0,0.005826967370842474
INV011879,1,0,0.003974738548523748
INV011880,1,0,0.015592250383171505
INV011881,1,0,0.0021989477430771256
INV011882,1,0,0.006875005139218573
INV011883,1,0,0.005885950750399755
INV011884,1,0,0.0029547386623811145
INV011885,1,0,0.0025843395376920803
INV011886,1,0,0.00878950915315913
INV011887,1,0,0.0022451912277341433
INV011888,1,0,0.006459978184098044
INV011889,1,0,0.0029067134683323425
INV011890,1,0,0.0005519959208618928
INV011891,1,0,0.00704286489697141
INV011892,1,0,0.007122940358681211
INV011893,1,0,0.0057136052726379305
INV011894,1,0,0.00701662484969494
INV011895,1,0,0.0025063910457776644
INV011896,1,0,0.004256684052579751
INV011897,1,0,0.004446104961693928
INV011898,1,0,0.003572808868909714
INV011899,1,0,0.0019885947288119403
INV011900,1,0,0.005052377865306249
INV011901,1,0,0.0022885035922516417
INV011902,1,0,0.00248258805589555
INV011903,1,0,0.0027661921736945867
INV011904,1,0,0.0033478074004379163
INV011905,1,0,0.006901837761827676
INV011906,1,0,0.010544504967594128
INV011907,1,0,0.0022732584181704074
INV011908,1,0,0.004027225180099799
INV011909,1,0,0.006174245752041287
INV011910,1,0,0.003893299257205637
INV011911,1,0,0.0027973425910532645
INV011912,1,0,0.003206295052614887
INV011913,1,0,0.003554015692854412
INV011914,1,0,0.00411690156192175
INV011915,1,0,0.003349876510052135
INV011916,1,0,0.003114370527044852
INV011917,1,0,0.0032694694153736826
INV011918,1,0,0.003792972499307502
INV011919,1,0,0.004849180523223666
INV011920,1,0,0.00178839509022891
INV011921,1,0,0.0037186311354764257
INV011922,1,0,0.0025664617081128556
INV011923,1,0,0.0031199001197871586
INV011924,1,0,0.004381511313347003
INV011925,1,0,0.005200847419006458
INV011926,1,0,0.013389648252183336
INV011927,1,0,0.0015998725320880542
INV011928,1,0,0.0020189565273723018
INV011929,1,0,0.00851376206373528
INV011930,1,0,0.005340447059186212
INV011931,1,0,0.003936027050802356
INV011932,1,0,0.0012959565558906103
INV011933,1,0,0.02659313880956882
INV011934,1,0,0.0015682717105749353
INV011935,1,0,0.003967443497261494
INV011936,1,0,0.002791819629907476
INV011937,1,0,0.0049134012334939945
INV011938,1,0,0.0022239926445935714
INV011939,1,0,0.002916564916213273
INV011940,1,0,0.001329750511453811
INV011941,1,0,0.0028069746721686747
INV011942,1,0,0.005981923211674926
INV011943,1,0,0.0036938601687158223
INV011944,1,0,0.02536110166389638
INV011945,1,0,0.004997295087371362
INV011946,1,0,0.0010117502609004777
INV011947,1,0,0.002769489229772873
INV011948,1,0,0.0013174977154985635
INV011949,1,0,0.004388936929522197
INV011950,1,0,0.008863081044715383
INV011951,1,0,0.003888112493461806
INV011952,1,0,0.014588779301199072
INV011953,1,0,0.003740355943934409
INV011954,1,0,0.0032747800421530663
INV011955,1,0,0.0033805901588173687
INV011956,1,0,0.004679764631065479
INV011957,1,0,0.0017122863324754692
INV011958,1,0,0.004667948565874321
INV011959,1,0,0.0036575820847444622
INV011960,1,0,0.0025304707176224393
INV011961,1,0,0.002391864587216151
INV011962,1,0,0.0024566441571388783
INV011963,1,0,0.004193436733743033
INV011964,1,0,0.009907231990005585
INV011965,1,0,0.007497338965058011
INV011966,1,0,0.0
INV011967,1,0,0.0023025090848678023
INV011968,1,0,0.0035205078178233437
INV011969,1,0,0.0018473756995795298
INV011970,1,0,0.0033553841085172636
INV011971,1,0,0.018771319905329653
INV011972,1,0,0.004745234778309465
INV011973,1,0,0.008778007158438
INV011974,1,0,0.004263837011448671
INV011975,1,0,0.0027876906816881038
INV011976,1,0,0.009717520064819078
INV011977,1,0,0.004289114914914193
INV011978,-1,1,0.05294520966454655
INV011979,1,0,0.003475413822888707
INV011980,1,0,0.00667477019001975
INV011981,1,0,0.003585538891601491
INV011982,1,0,0.008296844032883968
INV011983,1,0,0.0035089874964850023
INV011984,1,0,0.004147138713405192
INV011985,1,0,0.002543747674718516
INV011986,1,0,0.002015961408273139
INV011987,1,0,0.003363087375363415
INV011988,1,0,0.0028962088277361417
INV011989,1,0,0.0016538477389036069
INV011990,1,0,0.0046311290712244295
INV011991,1,0,0.004124604786535904
INV011992,1,0,0.007409355078420963
INV011993,1,0,0.0019599395260457655
INV011994,1,0,0.0047802880545752165
INV011995,1,0,0.0011383599035970882
INV011996,1,0,0.0032298285015102957
INV011997,1,0,0.002568140203675953
INV011998,1,0,0.005194699427187493
INV011999,1,0,0.002204949520050051
INV012000,1,0,0.0016882154056081734
INV012001,1,0,0.0018766598356521084
INV012002,1,0,0.0029445142884441254
INV012003,1,0,0.0025301248705553313
INV012004,1,0,0.004167877379501016
INV012005,1,0,0.008540727785949153
INV012006,1,0,0.0014893071687443757
INV012007,1,0,0.0037190532542552292
INV012008,1,0,0.002594626916654709
INV012009,1,0,0.003069450445864773
INV012010,1,0,0.0028464170000827202
INV012011,1,0,0.0023889415101572917
INV012012,1,0,0.008100932430207727
INV012013,1,0,0.0028722483288041527
INV012014,1,0,0.003925377073219185
INV012015,1,0,0.011868013574094591
INV012016,1,0,0.0025569702845068634
INV012017,1,0,0.0031824293389343936
INV012018,1,0,0.02887650793381133
INV012019,1,0,0.0024535438410638213
INV012020,1,0,0.004132098732101327
INV012021,1,0,0.0027886309085718257
INV012022,1,0,0.0017921657768572856
INV012023,1,0,0.0034867796383532697
INV012024,1,0,0.00340242306422782
INV012025,1,0,0.006084015540561306
INV012026,1,0,0.006546706041437251
INV012027,1,0,0.0018594521055016033
INV012028,1,0,0.002451007795050789
INV012029,1,0,0.020417360480844412
INV012030,1,0,0.0057136052726379305
INV012031,1,0,0.004680687199380704
INV012032,1,0,0.003122494636031691
INV012033,1,0,0.002255716543145689
INV012034,1,0,0.0023395407259483355
INV012035,1,0,0.012169120817444168
INV012036,1,0,0.0028828993440172955
INV012037,1,0,0.011437105785736111
INV012038,1,0,0.001825764206740861
INV012039,1,0,0.0026630344881095887
INV012040,1,0,0.002661218914423014
INV012041,1,0,0.0019546873828476235
INV012042,1,0,0.0032308431335119157
INV012043,1,0,0.003866993006511669
INV012044,1,0,0.004355416459880306
INV012045,1,0,0.005956281221365731
INV012046,1,0,0.0030797064053794377
INV012047,-1,1,0.038298743110132615
INV012048,1,0,0.0015848175914526686
INV012049,1,0,0.0024432818738099908
INV012050,1,0,0.002812042846831615
INV012051,1,0,0.00907557108067092
INV012052,1,0,0.004636343844013186
INV012053,1,0,0.0019283128546863397
INV012054,1,0,0.0031498964204755703
INV012055,1,0,0.0013258361255574218
INV012056,1,0,0.002710215968501252
INV012057,1,0,0.010660497602585868
INV012058,1,0,0.00552927340509511
INV012059,1,0,0.004006045259449993
INV012060,1,0,0.010331836965971307
INV012061,1,0,0.0066432291861602
INV012062,1,0,0.0021687445166948495
INV012063,1,0,0.005825820675049921
INV012064,1,0,0.0020272779106206367
INV012065,1,0,0.002335837977928425
INV012066,1,0,0.015596669638809142
INV012067,1,0,0.009264741771708983
INV012068,-1,1,0.05659695317485398
INV012069,1,0,0.00442331876012886
INV012070,1,0,0.0042128110293070346
INV012071,1,0,0.002593699523913286
INV012072,1,0,0.00922199835191481
INV012073,1,0,0.002322085860075023
INV012074,1,0,0.0036803206051372354
INV012075,1,0,0.002561796224387847
INV012076,1,0,0.001936652520020724
INV012077,1,0,0.00475324678363027
INV012078,1,0,0.003659623072889553
INV012079,1,0,0.0016289376078142158
INV012080,1,0,0.004523087291366413
INV012081,1,0,0.002616388436612566
INV012082,1,0,0.002692218703662642
INV012083,1,0,0.00247238109713552
INV012084,1,0,0.006235876221200267
INV012085,1,0,0.0031299750987190066
INV012086,1,0,0.006114071551473186
INV012087,1,0,0.002646134672740224
INV012088,1,0,0.0019267776240027036
INV012089,1,0,0.0029193100466113945
INV012090,1,0,0.0026471958268474037
INV012091,1,0,0.0025380085971737423
INV012092,1,0,0.005577226288821548
INV012093,1,0,0.0027418346233806998
INV012094,1,0,0.003869652260589325
INV012095,1,0,0.004086016805319773
INV012096,1,0,0.004797119575607724
INV012097,1,0,0.0033281320095859337
INV012098,1,0,0.010285815558282129
INV012099,1,0,0.004828855672716759
INV012100,1,0,0.003070906866259127
INV012101,1,0,0.00757008816822104
INV012102,1,0,0.003533864436566526
INV012103,1,0,0.0017409972907428415
INV012104,1,0,0.002103098096101229
INV012105,1,0,0.0020033844991883534
INV012106,1,0,0.0027236546091615947
INV012107,1,0,0.0050143619852019245
INV012108,1,0,0.004881726253679972
INV012109,1,0,0.001853713038382079
INV012110,1,0,0.003143773934597921
INV012111,1,0,0.008645803961501842
INV012112,1,0,0.0033022063211814432
INV012113,1,0,0.0019495652863792115
INV012114,1,0,0.0037926935625516543
INV012115,1,0,0.0028029650001240997
INV012116,1,0,0.0022768592333486724
INV012117,1,0,0.0018197727519047935
INV012118,1,0,0.004203946572746832
INV012119,1,0,0.003720810817730986
INV012120,1,0,0.005723569385658373
INV012121,1,0,0.014711946884881009
INV012122,1,0,0.005541160176313621
INV012123,1,0,0.006304339832414184
INV012124,1,0,0.004545703189933802
INV012125,1,0,0.010450832552269649
INV012126,1,0,0.0030227601081576597
INV012127,1,0,0.003059373122542303
INV012128,1,0,0.0034031392706330584
INV012129,1,0,0.008523350627552804
INV012130,1,0,0.004247474461308126
INV012131,1,0,0.008046056534966367
INV012132,1,0,0.005451520544646309
INV012133,1,0,0.005249719355942576
INV012134,1,0,0.004198713513096564
INV012135,1,0,0.0019343031989723731
INV012136,1,0,0.01338412224676307
INV012137,1,0,0.003068663275296689
INV012138,1,0,0.004785203821817088
INV012139,1,0,0.0021809410200001288
INV012140,1,0,0.003964034707515933
INV012141,1,0,0.002243378886208905
INV012142,1,0,0.002363572032060786
INV012143,1,0,0.0027201385424571027
INV012144,1,0,0.003212967872505148
INV012145,1,0,0.0020954645884013767
INV012146,1,0,0.0026693069292468992
INV012147,1,0,0.0089880614193746
INV012148,1,0,0.0037302762034773606
INV012149,1,0,0.0027226594790790556
INV012150,1,0,0.0037860164597779394
INV012151,1,0,0.006010090290200313
INV012152,1,0,0.002357942743805071
INV012153,1,0,0.004834412641864659
INV012154,-1,1,0.04420552695796797
INV012155,1,0,0.0019530752204509536
INV012156,1,0,0.00371122123142956
INV012157,1,0,0.0036306148953145897
INV012158,1,0,0.0028289451307858416
INV012159,1,0,0.0019702997403198107
INV012160,1,0,0.005999106401417746
INV012161,1,0,0.0018226235675738941
INV012162,1,0,0.0032454120076883717
INV012163,1,0,0.006503299052685962
INV012164,1,0,0.003412362622801201
INV012165,1,0,0.0036728590515081017
INV012166,1,0,0.003293241816478086
INV012167,1,0,0.008984017736725513
INV012168,1,0,0.002812658957270629
INV012169,1,0,0.006017897970086767
INV012170,1,0,0.0028777550263278
INV012171,1,0,0.002809315484693538
INV012172,1,0,0.005611786293679635
INV012173,1,0,0.00185805858956474
INV012174,1,0,0.004325576593246688
INV012175,1,0,0.01996549883536832
INV012176,1,0,0.005293919215498459
INV012177,1,0,0.003998877272749415
INV012178,-1,1,0.08919716446163858
INV012179,1,0,0.0015758164438836187
INV012180,1,0,0.0022433850239351742
INV012181,1,0,0.016223721102152637
INV012182,1,0,0.004577333149515813
INV012183,1,0,0.0020480241756448588
INV012184,1,0,0.00348624217175274
INV012185,1,0,0.0072209384853145955
INV012186,1,0,0.02222583114303569
INV012187,1,0,0.005504380669359676
INV012188,1,0,0.0010136882521023824
INV012189,1,0,0.002829332797898759
INV012190,1,0,0.003141585774890561
INV012191,1,0,0.00428892762280816
INV012192,1,0,0.0026114220111218877
INV012193,1,0,0.0036413531562126517
INV012194,1,0,0.007824604814022133
INV012195,1,0,0.0036514499826047933
INV012196,1,0,0.015830614132186734
INV012197,1,0,0.0030491336233940966
INV012198,1,0,0.004840974738942988
INV012199,1,0,0.0027069580388433654
INV012200,1,0,0.003043159557020867
INV012201,1,0,0.003541614195970862
INV012202,1,0,0.004420233995577607
INV012203,1,0,0.003017187932307849
INV012204,1,0,0.006202725818816337
INV012205,1,0,0.001295956555890622
INV012206,1,0,0.003325844262223717
INV012207,1,0,0.0024997220052427396
INV012208,1,0,0.0059831765976087435
INV012209,1,0,0.0026585849749594576
INV012210,1,0,0.004194564829863279
INV012211,1,0,0.010508153194095262
INV012212,1,0,0.02509135793423953
INV012213,1,0,0.006647188472458823
INV012214,1,0,0.001938417437970749
INV012215,1,0,0.0020647634386209215
INV012216,1,0,0.003355315586977802
INV012217,1,0,0.0033179193019214617
INV012218,1,0,0.0018309424153373798
INV012219,1,0,0.0021297034463377777
INV012220,1,0,0.009556159251734772
INV012221,1,0,0.004353905315178035
INV012222,1,0,0.002231037249552346
INV012223,1,0,0.010469345212883625
INV012224,1,0,0.004334400326507136
INV012225,1,0,0.004543447742621314
INV012226,1,0,0.012377280056597476
INV012227,1,0,0.0017440451683810947
INV012228,1,0,0.0021304176426587174
INV012229,1,0,0.006458658418278372
INV012230,1,0,0.011523755778087291
INV012231,1,0,0.0026863567401231394
INV012232,1,0,0.004841326443442544
INV012233,1,0,0.003946991137376728
INV012234,1,0,0.005725102850471535
INV012235,1,0,0.0027456887350008484
INV012236,1,0,0.002448223528335875
INV012237,1,0,0.006196702379449197
INV012238,1,0,0.002964628319560599
INV012239,1,0,0.0035406907961325965
INV012240,1,0,0.003129027928988905
INV012241,1,0,0.00408213424883801
INV012242,1,0,0.0038032568299322164
INV012243,1,0,0.003170632681853414
INV012244,1,0,0.022746794135998862
INV012245,1,0,0.01162017973475547
INV012246,1,0,0.0156350440334539
INV012247,1,0,0.004387106892453375
INV012248,1,0,0.002266161572385045
INV012249,1,0,0.0047678684356185575
INV012250,1,0,0.0022736772046069195
INV012251,1,0,0.0014202299318846663
INV012252,1,0,0.0042135610609662704
INV012253,1,0,0.0047937921970872014
INV012254,1,0,0.02052354090079144
INV012255,1,0,0.002914663402243394
INV012256,1,0,0.007463600952262915
INV012257,1,0,0.016152975456022376
INV012258,1,0,0.011426738017526682
INV012259,1,0,0.001461529670368602
INV012260,1,0,0.02064917814608321
INV012261,1,0,0.0017786875048131756
INV012262,1,0,0.0099931029674946
INV012263,1,0,0.004135680991494099
INV012264,1,0,0.0029362800173170956
INV012265,1,0,0.0022427164196219883
INV012266,1,0,0.003350394480767397
INV012267,1,0,0.005974686146691714
INV012268,1,0,0.001594865221150144
INV012269,1,0,0.0025522997176918773
INV012270,1,0,0.002338940813431609
INV012271,1,0,0.0032881690915696404
INV012272,1,0,0.004154935163292155
INV012273,1,0,0.011444119492315745
INV012274,1,0,0.004039454061291508
INV012275,1,0,0.00373581194960551
INV012276,1,0,0.00790417031971729
INV012277,1,0,0.002165150180241462
INV012278,1,0,0.0025156516839188645
INV012279,1,0,0.0023120151566577746
INV012280,1,0,0.010052274900604506
INV012281,1,0,0.0013084387544459617
INV012282,1,0,0.018668702878745
INV012283,1,0,0.004126109200007191
INV012284,1,0,0.004086417551409489
INV012285,1,0,0.00786515463274028
INV012286,1,0,0.002781792836889735
INV012287,1,0,0.003120481898825134
INV012288,1,0,0.003084796384369526
INV012289,1,0,0.0024695917447092024
INV012290,1,0,0.0029599721809197782
INV012291,1,0,0.0031552937954898133
INV012292,1,0,0.005615580955428424
INV012293,1,0,0.004410168459054908
INV012294,1,0,0.005400184224940158
INV012295,1,0,0.010263375963954791
INV012296,1,0,0.0017410783303808857
INV012297,1,0,0.0030422943371121868
INV012298,1,0,0.0020292526965843723
INV012299,1,0,0.016670798297960636
INV012300,1,0,0.00364379260817141
INV012301,1,0,0.003817742655186298
INV012302,1,0,0.005427767502142996
INV012303,1,0,0.027921789944170005
INV012304,1,0,0.00167501719187683
INV012305,1,0,0.007728510862200974
INV012306,1,0,0.005876329159431237
INV012307,1,0,0.001887673470559003
INV012308,1,0,0.003989564914430177
INV012309,1,0,0.0027452144306923934
INV012310,1,0,0.0041495958632353155
INV012311,1,0,0.0064711238311187975
INV012312,1,0,0.002930987894871427
INV012313,1,0,0.0026274220515587884
INV012314,1,0,0.0032552151867183987
INV012315,1,0,0.0031820155534153624
INV012316,1,0,0.0035583326424581127
INV012317,1,0,0.003718288077929997
INV012318,1,0,0.0019132921212640106
INV012319,1,0,0.002022665639285703
INV012320,1,0,0.012241578897525644
INV012321,1,0,0.001288767057835803
INV012322,1,0,0.004868158925515551
INV012323,1,0,0.0028766976658245393
INV012324,1,0,0.0024473355181483017
INV012325,1,0,0.003561933448332756
INV012326,-1,1,0.03406357987633026
INV012327,1,0,0.005573396267499847
INV012328,1,0,0.003390279261003594
INV012329,1,0,0.002454727244431291
INV012330,1,0,0.0017897133917841727
INV012331,1,0,0.0008253864596978348
INV012332,1,0,0.0024194726887779355
INV012333,1,0,0.003030782830420178
INV012334,1,0,0.003924184227510977
INV012335,1,0,0.004038164246084335
INV012336,1,0,0.0048277290187224995
INV012337,1,0,0.01045496319713729
INV012338,1,0,0.003424705228921959
INV012339,1,0,0.0045074718286966745
INV012340,1,0,0.010207334548009858
INV012341,1,0,0.0014782175047314064
INV012342,1,0,0.0020992943256835464
INV012343,1,0,0.0032335360678535595
INV012344,1,0,0.005305239152918859
INV012345,1,0,0.00435578541716765
INV012346,1,0,0.004165612546413564
INV012347,1,0,0.004465298946807702
INV012348,1,0,0.0045262376066454125
INV012349,1,0,0.0035309452980356692
INV012350,1,0,0.002448944807272944
INV012351,1,0,0.0013258361255574218
INV012352,1,0,0.00889497833000123
INV012353,1,0,0.0057631062065355365
INV012354,1,0,0.0018464912152676195
INV012355,1,0,0.0019541274669122046
INV012356,1,0,0.005422527448378759
INV012357,1,0,0.004802878373745317
INV012358,1,0,0.0034987381257735087
INV012359,1,0,0.0005917044968994525
INV012360,1,0,0.0030183731904104435
INV012361,1,0,0.0026075365061360915
INV012362,1,0,0.001608475612158931
INV012363,1,0,0.012978590417107186
INV012364,1,0,0.00801878438406255
INV012365,1,0,0.005006388188527115
INV012366,1,0,0.004023120405946127
INV012367,1,0,0.005191218704622526
INV012368,1,0,0.003250463756614488
INV012369,1,0,0.00212378470355985
INV012370,1,0,0.0034694758582528556
INV012371,1,0,0.009203748183270617
INV012372,1,0,0.004201863968306108
INV012373,1,0,0.006320002652363843
INV012374,1,0,0.002741685115490111
INV012375,1,0,0.003876445385607707
INV012376,1,0,0.01715353750102781
INV012377,1,0,0.004087212684710642
INV012378,1,0,0.009529725087822868
INV012379,1,0,0.0022684185352328783
INV012380,1,0,0.0029469944687041095
INV012381,1,0,0.004290862372742917
INV012382,1,0,0.0026600717589653627
INV012383,1,0,0.0017185092060823417
INV012384,1,0,0.0032382418520966187
INV012385,1,0,0.0016239805202802105
INV012386,1,0,0.0034913768590657188
INV012387,1,0,0.002782037993897892
INV012388,1,0,0.0022774335721220495
INV012389,1,0,0.006416297926779087
INV012390,1,0,0.004093642317089902
INV012391,1,0,0.002969196618414122
INV012392,1,0,0.003137866241497546
INV012393,1,0,0.0026555589610347125
INV012394,1,0,0.0064837867649074595
INV012395,1,0,0.013279809919459835
INV012396,1,0,0.005211442137661555
INV012397,-1,1,0.036043239334634325
INV012398,1,0,0.005144831527483106
INV012399,1,0,0.0039766325579049765
INV012400,1,0,0.0017827737857842166
INV012401,1,0,0.0027014977788179066
INV012402,1,0,0.002821183811732093
INV012403,1,0,0.0022400433419873106
INV012404,1,0,0.0021770204938071727
INV012405,1,0,0.0020332638237929696
INV012406,1,0,0.013891986057736354
INV012407,1,0,0.02519925657547936
INV012408,1,0,0.003915775813567791
INV012409,1,0,0.0023968732032561596
INV012410,1,0,0.008754495497768702
INV012411,1,0,0.005178108658420732
INV012412,1,0,0.002164261695910424
INV012413,1,0,0.004756194513064585
INV012414,1,0,0.004150249354874425
INV012415,1,0,0.004283656861662259
INV012416,1,0,0.0029472076721877784
INV012417,1,0,0.0023946902122359386
INV012418,1,0,0.013866879542060782
INV012419,1,0,0.003089144819079273
INV012420,1,0,0.0024590611066746997
INV012421,1,0,0.0033672902217477254
INV012422,1,0,0.0063491509731566495
INV012423,1,0,0.00392299334039759
INV012424,1,0,0.004064625925045676
INV012425,1,0,0.002428909529903109
INV012426,1,0,0.003781707894178285
INV012427,1,0,0.0035793852826614273
INV012428,1,0,0.00880431932115119
INV012429,1,0,0.0024768854916498747
INV012430,1,0,0.010675030170370036
INV012431,1,0,0.008969789633900696
INV012432,1,0,0.0038588522885366246
INV012433,1,0,0.003179667850602428
INV012434,1,0,0.002539742540649951
INV012435,1,0,0.0030091346486944516
INV012436,1,0,0.009007506420214986
INV012437,1,0,0.007482815353057209
INV012438,1,0,0.002284438175246285
INV012439,1,0,0.017757585311866383
INV012440,1,0,0.0028771583122316167
INV012441,1,0,0.002182512508624175
INV012442,1,0,0.006200704678959422
INV012443,1,0,0.004064649242993663
INV012444,1,0,0.0025706218293199217
INV012445,1,0,0.002053334716038521
INV012446,1,0,0.0031799893671613207
INV012447,1,0,0.0025971033317556762
INV012448,1,0,0.003141491354458773
INV012449,1,0,0.010459791935291658
INV012450,1,0,0.0015292516937931995
INV012451,1,0,0.0021743826565336598
INV012452,1,0,0.003634829807448348
INV012453,1,0,0.007441248986198564
INV012454,1,0,0.02004713532389702
INV012455,1,0,0.004994020714843721
INV012456,1,0,0.006659194648381438
INV012457,1,0,0.004417494204227518
INV012458,1,0,0.0021444770909134756
INV012459,1,0,0.02101046293677712
INV012460,1,0,0.0053299898407252015
INV012461,1,0,0.003572203091082244
INV012462,1,0,0.0025483793710360967
INV012463,1,0,0.004311438597552176
INV012464,1,0,0.0031990969551247807
INV012465,1,0,0.014981838307569205
INV012466,1,0,0.00468089936803515
INV012467,1,0,0.003596704496701515
INV012468,1,0,0.003941394244905423
INV012469,1,0,0.004688452848566497
INV012470,1,0,0.004502681845489333
INV012471,1,0,0.0024144825826819126
INV012472,1,0,0.009310524073456476
INV012473,1,0,0.00426371430698741
INV012474,1,0,0.006124466912536929
INV012475,1,0,0.0020144750154684017
INV012476,1,0,0.0035520881479676777
INV012477,1,0,0.004713512348592575
INV012478,-1,1,0.16656042705643426
INV012479,1,0,0.0017915668366141602
INV012480,1,0,0.0051490243997234595
INV012481,1,0,0.002388395032844232
INV012482,1,0,0.002794479619462483
INV012483,1,0,0.008314000278181003
INV012484,1,0,0.0022463081719056735
INV012485,1,0,0.025407337803920776
INV012486,1,0,0.002408412675635772
INV012487,1,0,0.004350814002503802
INV012488,1,0,0.005302416316859342
INV012489,1,0,0.010125669096495345
INV012490,1,0,0.0011971462927720662
INV012491,1,0,0.008976321314024939
INV012492,1,0,0.0018967211090144618
INV012493,1,0,0.0022270408134662505
INV012494,1,0,0.003446080722811298
INV012495,1,0,0.003848047090679704
INV012496,1,0,0.003352844350182513
INV012497,1,0,0.01046233278257666
INV012498,1,0,0.005674524124282425
INV012499,1,0,0.005600002750092489
INV012500,1,0,0.004899497047432214
INV012501,1,0,0.0023979230114229096
INV012502,1,0,0.00786778399549235
INV012503,1,0,0.0037508529269709664
INV012504,1,0,0.003405231099491628
INV012505,1,0,0.0021973296322477963
INV012506,1,0,0.00446897934956814
INV012507,1,0,0.003148003604827415
INV012508,1,0,0.006750390524480604
INV012509,1,0,0.004512690317651442
INV012510,1,0,0.008750030381617981
INV012511,1,0,0.0015579209325676106
INV012512,1,0,0.01810558781807552
INV012513,1,0,0.002927661581016333
INV012514,1,0,0.002360094316544797
INV012515,1,0,0.002230784656508352
INV012516,1,0,0.00372458625959486
INV012517,1,0,0.00300097562620494
INV012518,-1,1,0.03016488036001348
INV012519,1,0,0.0047602043925662136
INV012520,1,0,0.002246449693437866
INV012521,1,0,0.007061525478293374
INV012522,1,0,0.002103883672450251
INV012523,1,0,0.0041481740257061014
INV012524,1,0,0.0015621903128504946
INV012525,1,0,0.004273837302584835
INV012526,1,0,0.005307183730880962
INV012527,1,0,0.005033940954114236
INV012528,1,0,0.016965337903588
INV012529,1,0,0.0032359167816336477
INV012530,1,0,0.005678167819495002
INV012531,1,0,0.0096229564571831
INV012532,1,0,0.01619435634471253
INV012533,1,0,0.004385671221838709
INV012534,1,0,0.003966897246822181
INV012535,1,0,0.004153004296314681
INV012536,1,0,0.007274017257865748
INV012537,1,0,0.001967376684755699
INV012538,1,0,0.0033977240727170776
INV012539,1,0,0.015985645691387208
INV012540,1,0,0.00516448609476517
INV012541,1,0,0.00784628620255814
INV012542,1,0,0.004367255612118179
INV012543,1,0,0.0034155515841707133
INV012544,1,0,0.0031252628085657787
INV012545,1,0,0.008341730849318926
INV012546,1,0,0.008885904413756892
INV012547,1,0,0.0027019904078583535
INV012548,1,0,0.00237289624976082
INV012549,-1,1,0.048573941261139765
INV012550,1,0,0.0024361284587336965
INV012551,1,0,0.0063860257176063424
INV012552,1,0,0.002566302503673844
INV012553,1,0,0.002465223761612135
INV012554,1,0,0.005689944365707307
INV012555,1,0,0.016536514363760677
INV012556,1,0,0.007121579008930656
INV012557,1,0,0.004630999285906002
INV012558,1,0,0.0055336800417713355
INV012559,1,0,0.0029410319290910565
INV012560,1,0,0.002696648483046189
INV012561,1,0,0.0016439570694138166
INV012562,1,0,0.0030305187977765504
INV012563,1,0,0.005967184789882776
INV012564,1,0,0.0034397493879661047
INV012565,1,0,0.003256500814385075
INV012566,1,0,0.0018817757018333508
INV012567,1,0,0.002990152700112053
INV012568,1,0,0.003586755961086663
INV012569,1,0,0.00829816100470853
INV012570,1,0,0.008832303537825228
INV012571,1,0,0.0050101016103042345
INV012572,1,0,0.002867713464955119
INV012573,1,0,0.004016647879553711
INV012574,1,0,0.0039078864400959755
INV012575,1,0,0.008102603394968686
INV012576,1,0,0.011579772348321594
INV012577,1,0,0.001552999795173025
INV012578,1,0,0.0017000845675698188
INV012579,1,0,0.003163295400651799
INV012580,1,0,0.010888586254729425
INV012581,1,0,0.0061553947926439164
INV012582,1,0,0.011945018099037665
INV012583,1,0,0.014530833214700433
INV012584,1,0,0.006402204394817978
INV012585,1,0,0.01758195709245775
INV012586,1,0,0.006560402255215661
INV012587,1,0,0.002764367100089141
INV012588,1,0,0.011774972081448098
INV012589,1,0,0.004949962346323301
INV012590,1,0,0.005787621757691082
INV012591,1,0,0.0028453544265159224
INV012592,1,0,0.0054338634291088055
INV012593,1,0,0.006613222051175927
INV012594,1,0,0.004681888848706407
INV012595,1,0,0.006144085477646756
INV012596,1,0,0.002669556715277804
INV012597,1,0,0.0030878046015271783
INV012598,1,0,0.00218743970912549
INV012599,1,0,0.0037500635612396655
INV012600,1,0,0.003949419911472405
INV012601,1,0,0.0044600232496207984
INV012602,1,0,0.002111466185657674
INV012603,1,0,0.009507316426079574
INV012604,1,0,0.0063134056766051645
INV012605,1,0,0.0030983028533599355
INV012606,1,0,0.002342307378282578
INV012607,1,0,0.0035815076448103647
INV012608,1,0,0.024477187867108816
INV012609,1,0,0.004866662683987785
INV012610,1,0,0.005255424101682935
INV012611,1,0,0.0027987388851631353
INV012612,1,0,0.007083495487920595
INV012613,1,0,0.0032970437185360644
INV012614,1,0,0.0033188016040789805
INV012615,1,0,0.006762615459663145
INV012616,1,0,0.003134169270741018
INV012617,1,0,0.0035674667161431184
INV012618,1,0,0.005882318536334404
INV012619,1,0,0.002264421460372789
INV012620,1,0,0.0024221956954637754
INV012621,1,0,0.003365407256095229
INV012622,1,0,0.00773594171881681
INV012623,1,0,0.0022651340006820744
INV012624,1,0,0.015591268913546147
INV012625,1,0,0.0031444412697820704
INV012626,1,0,0.0015554836406654938
INV012627,1,0,0.008075174216587272
INV012628,1,0,0.0015913654709539906
INV012629,1,0,0.0025740727493785164
INV012630,1,0,0.0037012418708678436
INV012631,1,0,0.002414395284770268
INV012632,1,0,0.004978382907222206
INV012633,1,0,0.009357507433249465
INV012634,1,0,0.008400416828300672
INV012635,1,0,0.002720062422527515
INV012636,1,0,0.002891320438382475
INV012637,1,0,0.003218069486147113
INV012638,1,0,0.0037262432160149266
INV012639,1,0,0.004283046098980808
INV012640,1,0,0.002618437141593875
INV012641,1,0,0.0024544448167811536
INV012642,1,0,0.003253423884076623
INV012643,1,0,0.0052992133507679465
INV012644,1,0,0.001977020204592873
INV012645,1,0,0.0019582548964987736
INV012646,1,0,0.02812550539735636
INV012647,1,0,0.002307438139442594
INV012648,1,0,0.0030632223046928825
INV012649,1,0,0.002078815749268199
INV012650,1,0,0.0020809445539972946
INV012651,1,0,0.0035591061588650646
INV012652,1,0,0.003760444961095005
INV012653,1,0,0.00292399042480635
INV012654,1,0,0.005297029391440545
INV012655,1,0,0.002843008236306727
INV012656,1,0,0.0031970168772507157
INV012657,1,0,0.01671755215613103
INV012658,1,0,0.0024752610450467015
INV012659,1,0,0.005209771980798361
INV012660,1,0,0.005723266102845644
INV012661,1,0,0.0181405043609672
INV012662,1,0,0.003993280499091093
INV012663,1,0,0.0042461259547757185
INV012664,1,0,0.004473412305430992
INV012665,1,0,0.0046907716931751395
INV012666,1,0,0.026658045810965647
INV012667,1,0,0.0024977313001224278
INV012668,1,0,0.0033343266656046477
INV012669,1,0,0.00781176006565322
INV012670,1,0,0.0032990769858524706
INV012671,1,0,0.002046157883393256
INV012672,1,0,0.008287298301779112
INV012673,1,0,0.0030053725873596506
INV012674,1,0,0.004132970260354477
INV012675,1,0,0.002179014397854807
INV012676,1,0,0.0022433853412395554
INV012677,1,0,0.003221463503614453
INV012678,1,0,0.02917060309856825
INV012679,1,0,0.0016005275749164305
INV012680,1,0,0.0032720992087841745
INV012681,1,0,0.0030604710570883895
INV012682,1,0,0.027557781402246916
INV012683,1,0,0.004130398557370881
INV012684,1,0,0.01101615373246583
INV012685,1,0,0.006843191754485156
INV012686,1,0,0.005804794583123881
INV012687,1,0,0.003675950231601223
INV012688,1,0,0.009003317221328456
INV012689,1,0,0.003422322039728438
INV012690,1,0,0.003028321304715013
INV012691,1,0,0.0039020707475869837
INV012692,1,0,0.003669696983739748
INV012693,1,0,0.004339543762837237
INV012694,1,0,0.0025857517647844834
INV012695,1,0,0.016461866252834093
INV012696,1,0,0.002166810571001322
INV012697,1,0,0.004287479780240485
INV012698,1,0,0.016035615636426942
INV012699,1,0,0.005723805237074328
INV012700,1,0,0.0016024157501210265
INV012701,1,0,0.01510881677640922
INV012702,1,0,0.004822283196396586
INV012703,1,0,0.014018041111886667
INV012704,1,0,0.0013129726751440727
INV012705,1,0,0.004733309016263752
INV012706,1,0,0.002569146387800571
INV012707,1,0,0.0035089874964849906
INV012708,1,0,0.0032754211900286006
INV012709,1,0,0.002908596301566923
INV012710,1,0,0.002717478638122708
INV012711,1,0,0.0033573430357046363
INV012712,1,0,0.006164536283460311
INV012713,1,0,0.00394108973147595
INV012714,1,0,0.007155062850997177
INV012715,1,0,0.0023188908517796426
INV012716,1,0,0.0017926846875328528
INV012717,1,0,0.002515056228447272
INV012718,-1,1,0.5323920063489578
INV012719,1,0,0.005589520988485555
INV012720,1,0,0.008819269210830828
INV012721,1,0,0.0022769059830674452
INV012722,1,0,0.003015487914181173
INV012723,1,0,0.002088559161329263
INV012724,1,0,0.010092525483282171
INV012725,1,0,0.006708907794206902
INV012726,1,0,0.0025883978379832866
INV012727,1,0,0.0036860508346385143
INV012728,1,0,0.005093903963816153
INV012729,1,0,0.004216172318745651
INV012730,1,0,0.0032646807473606684
INV012731,1,0,0.005709534331854827
INV012732,1,0,0.0030698978387497604
INV012733,1,0,0.003169108116442194
INV012734,1,0,0.001559144638867106
INV012735,-1,1,0.0304400178081363
INV012736,1,0,0.0036430100882887066
INV012737,1,0,0.004240527416982899
INV012738,1,0,0.007462424271651927
INV012739,1,0,0.0023586413638909363
INV012740,1,0,0.007893924182896797
INV012741,1,0,0.001874679236516003
INV012742,1,0,0.00441039914574374
INV012743,-1,1,0.03406882744323906
INV012744,1,0,0.0027261969327137593
INV012745,1,0,0.0041623059908378335
INV012746,1,0,0.004327863127594054
INV012747,1,0,0.00580332627442937
INV012748,1,0,0.008165516356276114
INV012749,1,0,0.0026072367469314505
INV012750,1,0,0.0021285316171467243
INV012751,1,0,0.005049896075824356
INV012752,1,0,0.0060846918850566934
INV012753,1,0,0.0014333176549618976
INV012754,1,0,0.0053273096624932605
INV012755,1,0,0.0033691045968230015
INV012756,1,0,0.003163142817337499
INV012757,1,0,0.0031715746767483786
INV012758,1,0,0.0025626008108686725
INV012759,1,0,0.003147755021666455
INV012760,1,0,0.009130996506180706
INV012761,1,0,0.005605654735980446
INV012762,1,0,0.005864527043653453
INV012763,1,0,0.004046551120254293
INV012764,1,0,0.004432734534203723
INV012765,1,0,0.0023692774911483
INV012766,1,0,0.0022493210486978507
INV012767,1,0,0.003235756441475085
INV012768,1,0,0.0013069082722146146
INV012769,1,0,0.00452245379110083
INV012770,1,0,0.008217530859814852
INV012771,1,0,0.004116871419626422
INV012772,1,0,0.00780433984463938
INV012773,1,0,0.0045349796111595194
INV012774,1,0,0.00331585331695518
INV012775,1,0,0.005836905457791397
INV012776,1,0,0.0022623859987315467
INV012777,1,0,0.0020005025273101174
INV012778,1,0,0.00700923133044733
INV012779,1,0,0.005819201509226957
INV012780,1,0,0.0021979835324526676
INV012781,1,0,0.002690594365301324
INV012782,1,0,0.00278631441703916
INV012783,1,0,0.005313742757040024
INV012784,1,0,0.0014524314953093974
INV012785,1,0,0.0025511696634439515
INV012786,1,0,0.004541299868142681
INV012787,1,0,0.0018687096548650863
INV012788,1,0,0.007174394762304748
INV012789,1,0,0.0052622622852714004
INV012790,1,0,0.0021707840106411505
INV012791,1,0,0.0028535135000227353
INV012792,1,0,0.0077902845614068175
INV012793,1,0,0.022894870228987143
INV012794,1,0,0.001914546926578073
INV012795,1,0,0.0027152270793683805
INV012796,1,0,0.005191391321666453
INV012797,1,0,0.0027543664252531476
INV012798,1,0,0.00296511499488184
INV012799,1,0,0.004051131976970922
INV012800,1,0,0.01771068521219377
INV012801,1,0,0.002797802469826971
INV012802,1,0,0.0029138020278674497
INV012803,1,0,0.002030191189857548
INV012804,1,0,0.003833859497707752
INV012805,1,0,0.00372732561724505
INV012806,1,0,0.0018639373442405586
INV012807,1,0,0.009508516032744224
INV012808,1,0,0.0021095984622782815
INV012809,1,0,0.00378876559317263
INV012810,1,0,0.004776379124731804
INV012811,1,0,0.0077667824880911255
INV012812,1,0,0.005791184935524766
INV012813,1,0,0.0020343039101280505
INV012814,1,0,0.002382829802219764
INV012815,1,0,0.004169103651128869
INV012816,1,0,0.006458458365148469
INV012817,1,0,0.00356469347125414
INV012818,1,0,0.004216336011313034
INV012819,1,0,0.0034915776186928084
INV012820,1,0,0.002792355554277766
INV012821,1,0,0.003759127246436018
INV012822,1,0,0.0044208771666233515
INV012823,1,0,0.004916702250143411
INV012824,1,0,0.0014761070831808653
INV012825,1,0,0.004061667325522047
INV012826,1,0,0.0028431065589166952
INV012827,1,0,0.0028380771052980815
INV012828,1,0,0.0032531671944718912
INV012829,1,0,0.002696544765609502
INV012830,1,0,0.0047127859430111056
INV012831,1,0,0.0058048775400408315
INV012832,1,0,0.0027019904078583535
INV012833,1,0,0.0031059947350731702
INV012834,1,0,0.002166972871272756
INV012835,1,0,0.0022458740743087967
INV012836,1,0,0.004674797890539296
INV012837,1,0,0.005741890013510292
INV012838,1,0,0.003260884019073194
INV012839,1,0,0.007064386119267799
INV012840,1,0,0.0038463130912247206
INV012841,1,0,0.01031681377664293
INV012842,1,0,0.003061057352413944
INV012843,1,0,0.0023120617249868343
INV012844,1,0,0.0027279828900232013
INV012845,1,0,0.007202413330769297
INV012846,1,0,0.0019836158526328525
INV012847,1,0,0.0018545820334905992
INV012848,1,0,0.007823453651379741
INV012849,1,0,0.0015711232067708786
INV012850,1,0,0.0049620830655233775
INV012851,1,0,0.0035645057970713017
INV012852,1,0,0.006737710261288321
INV012853,1,0,0.006482098476443476
INV012854,1,0,0.007984682484860681
INV012855,1,0,0.0038104226205153504
INV012856,1,0,0.0031567357401596813
INV012857,1,0,0.017364695796769847
INV012858,1,0,0.002452823854693998
INV012859,1,0,0.005834680213344346
INV012860,1,0,0.0013551178591390367
INV012861,1,0,0.0031965472795523198
INV012862,1,0,0.002958302517763034
INV012863,1,0,0.0076442304215391926
INV012864,1,0,0.003160299427396364
INV012865,1,0,0.003374826300166827
INV012866,1,0,0.0021776765028950662
INV012867,1,0,0.002759784187272207
INV012868,1,0,0.005502425719719786
INV012869,1,0,0.002074076857465047
INV012870,1,0,0.0032886124289307696
INV012871,1,0,0.0226593671744964
INV012872,1,0,0.003075602669489134
INV012873,1,0,0.005944158819248118
INV012874,1,0,0.0024394852200537755
INV012875,1,0,0.005333495993546151
INV012876,1,0,0.004113772861000659
INV012877,1,0,0.007425595061172828
INV012878,1,0,0.0014668778230087067
INV012879,1,0,0.0041049670174124865
INV012880,1,0,0.004939087078885996
INV012881,1,0,0.006604264587328079
INV012882,1,0,0.004801488510712461
INV012883,1,0,0.007283232751546649
INV012884,1,0,0.001777252746062321
INV012885,1,0,0.01303232339669824
INV012886,1,0,0.0036808789556528193
INV012887,1,0,0.004682758040973844
INV012888,1,0,0.0034741943623639413
INV012889,-1,1,0.03237610112810073
INV012890,1,0,0.0022456620201043503
INV012891,1,0,0.002443386368975347
INV012892,1,0,0.0019654705031112176
INV012893,1,0,0.014699948747216827
INV012894,-1,1,0.18035070050596147
INV012895,1,0,0.010194880998008995
INV012896,1,0,0.002413680001467295
INV012897,1,0,0.0014966877916834777
INV012898,1,0,0.018483567961929546
INV012899,1,0,0.0036589356151431273
INV012900,1,0,0.0036099329583845776
INV012901,1,0,0.002004014383118145
INV012902,1,0,0.003857342228372834
INV012903,1,0,0.005751952486133975
INV012904,1,0,0.005228673072546234
INV012905,1,0,0.0016581418767535974
INV012906,1,0,0.0024801923171374326
INV012907,1,0,0.0051764300161386235
INV012908,1,0,0.008532399817116098
INV012909,1,0,0.005176814013617424
INV012910,1,0,0.009743794448515792
INV012911,1,0,0.004675018620985168
INV012912,1,0,0.0014660379772337977
INV012913,1,0,0.0019463992129869015
INV012914,1,0,0.002888461394442853
INV012915,1,0,0.001243810877328914
INV012916,1,0,0.0061251500971504745
INV012917,1,0,0.00897472946430282
INV012918,1,0,0.002527156724305497
INV012919,1,0,0.0047494612970883365
INV012920,1,0,0.007816636700933351
INV012921,1,0,0.001987158186694819
INV012922,1,0,0.002936660225419857
INV012923,1,0,0.004260957839568592
INV012924,1,0,0.0032696989393719367
INV012925,1,0,0.002291216624157645
INV012926,1,0,0.011091885962691641
INV012927,1,0,0.003223648554373371
INV012928,1,0,0.004573812614661671
INV012929,1,0,0.00468100991195451
INV012930,1,0,0.0025866483789479715
INV012931,1,0,0.0014261067411799112
INV012932,1,0,0.002965675731218248
INV012933,1,0,0.0033361889448581226
INV012934,1,0,0.0036274462839774382
INV012935,1,0,0.005616042788943261
INV012936,1,0,0.0027532156276343536
INV012937,1,0,0.0035228586984677756
INV012938,1,0,0.002516461137484491
INV012939,1,0,0.003028815433724557
INV012940,1,0,0.0034640761311777383
INV012941,1,0,0.001741901916866823
INV012942,1,0,0.002481753470590205
INV012943,1,0,0.018737019845912913
INV012944,1,0,0.0080357487706402
INV012945,1,0,0.0023942617343094994
INV012946,1,0,0.01088679529705724
INV012947,1,0,0.009627808948725128
INV012948,1,0,0.003901566159182202
INV012949,1,0,0.009284281869676345
INV012950,1,0,0.003936369286424406
INV012951,1,0,0.003750078135506697
INV012952,1,0,0.003724013239508121
INV012953,1,0,0.0034892751456789377
INV012954,1,0,0.0019371648045317371
INV012955,1,0,0.0020615654746622097
INV012956,1,0,0.006408329909935847
INV012957,1,0,0.005104532843499072
INV012958,1,0,0.008056001689132572
INV012959,1,0,0.005539396685898267
INV012960,1,0,0.004886992824948864
INV012961,1,0,0.0031175767542620117
INV012962,1,0,0.003385112004478615
INV012963,1,0,0.0016913962031698982
INV012964,1,0,0.008150879065462887
INV012965,1,0,0.002110180738040666
INV012966,1,0,0.0032668645040306718
INV012967,1,0,0.0044256521113751985
INV012968,1,0,0.0030561042618084213
INV012969,1,0,0.0035067672103434736
INV012970,1,0,0.003043523211985151
INV012971,1,0,0.005120102490127359
INV012972,1,0,0.005943505258059118
INV012973,1,0,0.002240059428629114
INV012974,1,0,0.005482664474503575
INV012975,1,0,0.004451186084508444
INV012976,1,0,0.008437781285940351
INV012977,1,0,0.01050538168431671
INV012978,1,0,0.01627548313054502
INV012979,-1,1,0.03730278807217133
INV012980,1,0,0.001945094426798221
INV012981,1,0,0.003327753900595614
INV012982,1,0,0.0026194220738400015
INV012983,1,0,0.002905169455890953
INV012984,1,0,0.002036920407899189
INV012985,1,0,0.003144158573002988
INV012986,1,0,0.003558699100358287
INV012987,1,0,0.0028185750248351277
INV012988,1,0,0.002902671490962575
INV012989,1,0,0.003652736571808244
INV012990,1,0,0.0024960592534129028
INV012991,1,0,0.005925044909003117
INV012992,1,0,0.002587590283654634
INV012993,1,0,0.009792885124716632
INV012994,1,0,0.005117278913896379
INV012995,1,0,0.002930279624229259
INV012996,1,0,0.017831746893746458
INV012997,1,0,0.004470980689476251
INV012998,1,0,0.0034638418602967627
INV012999,1,0,0.002762351196527113
INV013000,1,0,0.004891468778294122
INV013001,1,0,0.002014768980506579
INV013002,1,0,0.0026400648939971863
INV013003,1,0,0.004736429563863955
INV013004,1,0,0.0037214751627614494
INV013005,1,0,0.0023406949068780778
INV013006,1,0,0.02396592654947622
INV013007,1,0,0.010429255897855825
INV013008,1,0,0.002977962371578248
INV013009,1,0,0.00219037069041198
INV013010,1,0,0.006359508676765665
INV013011,1,0,0.010261463471443483
INV013012,1,0,0.0032526235514477343
INV013013,1,0,0.005051263975399317
INV013014,1,0,0.004110800494814527
INV013015,1,0,0.0037142288732675633
INV013016,1,0,0.0022996027128981585
INV013017,1,0,0.005428922988477819
INV013018,1,0,0.003701227225604151
INV013019,1,0,0.0018161558626011128
INV013020,1,0,0.007937874044831119
INV013021,1,0,0.007028682050407354
INV013022,1,0,0.00615557018848
INV013023,1,0,0.010423936856912766
INV013024,1,0,0.0024004351770242666
INV013025,1,0,0.0044304594858798505
INV013026,1,0,0.0036672117553008397
INV013027,1,0,0.0028934852256569795
INV013028,1,0,0.0033494194756057173
INV013029,1,0,0.0025045913602783935
INV013030,1,0,0.009044755940438748
INV013031,1,0,0.0012189377489331564
INV013032,1,0,0.0021160016431195105
INV013033,1,0,0.007924219304135163
INV013034,1,0,0.001910966164952318
INV013035,1,0,0.0026307473804718933
INV013036,1,0,0.008658363845918919
INV013037,1,0,0.002320025548478757
INV013038,1,0,0.005931121255705976
INV013039,1,0,0.004644879616609584
INV013040,1,0,0.00991661269019485
INV013041,1,0,0.00648667617407468
INV013042,1,0,0.002541075547215339
INV013043,1,0,0.002328278998453988
INV013044,1,0,0.003911931505193411
INV013045,1,0,0.0073317277351434606
INV013046,1,0,0.012325054360419451
INV013047,1,0,0.0020784850385221236
INV013048,1,0,0.005396538014807613
INV013049,-1,1,0.04218323988679334
INV013050,1,0,0.001857949859698292
INV013051,1,0,0.0061236828558370125
INV013052,1,0,0.0051086213394585965
INV013053,1,0,0.00558559857165009
INV013054,1,0,0.004815628136916616
INV013055,1,0,0.0026540501934930985
INV013056,1,0,0.0028615120832100284
INV013057,1,0,0.00560610385239135
INV013058,1,0,0.0032167702345930285
INV013059,1,0,0.00807193500089334
INV013060,1,0,0.004788252962998091
INV013061,1,0,0.0018766313208751324
INV013062,1,0,0.00569313407378079
INV013063,1,0,0.00325816554249261
INV013064,1,0,0.0017421634356647269
INV013065,1,0,0.0016927619394165169
INV013066,1,0,0.006899443007620751
INV013067,1,0,0.00295870747804491
INV013068,1,0,0.0026982706111001653
INV013069,1,0,0.0018739986976280846
INV013070,1,0,0.0027687208138798057
INV013071,1,0,0.0047395716871575086
INV013072,1,0,0.0020249149297595494
INV013073,1,0,0.004066747859355762
INV013074,1,0,0.0031887401665069847
INV013075,1,0,0.002675394615512005
INV013076,1,0,0.004185347663847988
INV013077,1,0,0.0017863890133179704
INV013078,1,0,0.0042768661166549165
INV013079,1,0,0.003369323846312129
INV013080,1,0,0.0021664457023879637
INV013081,1,0,0.0017219646975108617
INV013082,1,0,0.009874275130767355
INV013083,1,0,0.007229197833672718
INV013084,1,0,0.0030568486620535947
INV013085,1,0,0.008193109533262433
INV013086,1,0,0.006778617387745975
INV013087,1,0,0.007384023415628888
INV013088,1,0,0.002575253606245305
INV013089,1,0,0.0031379926018427866
INV013090,1,0,0.014640180988680675
INV013091,1,0,0.0030093485965712948
INV013092,1,0,0.0018752236280415592
INV013093,1,0,0.00649054962404734
INV013094,1,0,0.002585405117675869
INV013095,1,0,0.0035200199678285054
INV013096,1,0,0.0030912579931230474
INV013097,1,0,0.004579303844525202
INV013098,1,0,0.002069952698791247
INV013099,1,0,0.00448865167688802
INV013100,1,0,0.003097080365963539
INV013101,1,0,0.004595107802117833
INV013102,1,0,0.005848843205756291
INV013103,1,0,0.016658197741237432
INV013104,1,0,0.0016755391277649438
INV013105,1,0,0.012530815971528797
INV013106,1,0,0.005058343878166957
INV013107,-1,1,0.045295468815848935
INV013108,1,0,0.0019164668692093813
INV013109,1,0,0.0031790635970660192
INV013110,1,0,0.004237248693015424
INV013111,1,0,0.016776285374554615
INV013112,1,0,0.00159134334847049
INV013113,1,0,0.004483087490199385
INV013114,1,0,0.0023535903274425445
INV013115,1,0,0.002579410934378382
INV013116,1,0,0.0028174897128946563
INV013117,1,0,0.003626166830124786
INV013118,1,0,0.00758914856433765
INV013119,1,0,0.010938004814377069
INV013120,1,0,0.0024403449547539774
INV013121,1,0,0.004570531942398902
INV013122,1,0,0.00425030659429975
INV013123,1,0,0.0023622695172710218
INV013124,1,0,0.0018828110349686964
INV013125,1,0,0.0007747487577391698
INV013126,1,0,0.010070845087282674
INV013127,1,0,0.0022733227691125804
INV013128,1,0,0.025257821130840092
INV013129,1,0,0.0033682526745472227
INV013130,1,0,0.0018831189283730232
INV013131,1,0,0.0029168853336784518
INV013132,1,0,0.013809569318159845
INV013133,1,0,0.003460806739494911
INV013134,1,0,0.003787782105678074
INV013135,1,0,0.0034660972502565312
INV013136,1,0,0.0022518040683952947
INV013137,1,0,0.01127797775311492
INV013138,1,0,0.00870558125513427
INV013139,1,0,0.002727458793857795
INV013140,1,0,0.008167107495989616
INV013141,1,0,0.0035429718476291325
INV013142,1,0,0.0025442535132082647
INV013143,1,0,0.019078591690871526
INV013144,1,0,0.004879624375736176
INV013145,1,0,0.0036470051255981357
INV013146,1,0,0.002881213587933281
INV013147,1,0,0.002791140460523598
INV013148,1,0,0.003351012247954628
INV013149,1,0,0.0023233503517689925
INV013150,1,0,0.006481690954564617
INV013151,1,0,0.003845355721469254
INV013152,1,0,0.0032448215996483355
INV013153,1,0,0.014020853354901002
INV013154,1,0,0.004836617188712067
INV013155,1,0,0.004882092425966264
INV013156,1,0,0.003350033763251044
INV013157,1,0,0.003664379086506203
INV013158,1,0,0.007750342580006414
INV013159,1,0,0.004649886677666173
INV013160,1,0,0.001961497017126986
INV013161,1,0,0.007079837197018858
INV013162,1,0,0.004079671669253254
INV013163,1,0,0.00243061827627981
INV013164,1,0,0.0028492000818045806
INV013165,1,0,0.0029299906733239885
INV013166,1,0,0.010364396429999862
INV013167,-1,1,0.0982294904356041
INV013168,1,0,0.003937752417301574
INV013169,1,0,0.0017716309276869886
INV013170,1,0,0.0051703607654096555
INV013171,1,0,0.0028998360404774723
INV013172,1,0,0.0025293088842193584
INV013173,1,0,0.006116380562144488
INV013174,1,0,0.003166814037298044
INV013175,1,0,0.005183537262425597
INV013176,1,0,0.002290063333461491
INV013177,1,0,0.004298142236885667
INV013178,1,0,0.002976936395959538
INV013179,1,0,0.0025543488709923582
INV013180,1,0,0.022806691903244785
INV013181,1,0,0.0026216149978416886
INV013182,1,0,0.0023740411834049526
INV013183,1,0,0.003826745483092171
INV013184,1,0,0.002937382795581017
INV013185,1,0,0.004631244032598294
INV013186,1,0,0.003540946822763499
INV013187,1,0,0.0080818567389848
INV013188,1,0,0.0023950289500594447
INV013189,1,0,0.011528544442497523
INV013190,1,0,0.004852193209892274
INV013191,1,0,0.004833483606103924
INV013192,1,0,0.004035509280783625
INV013193,1,0,0.002018885264794188
INV013194,1,0,0.0036252111644986644
INV013195,1,0,0.003506092891331173
INV013196,1,0,0.004479208451999668
INV013197,1,0,0.002832448067410324
INV013198,1,0,0.005253709680389267
INV013199,1,0,0.007622915382501184
INV013200,1,0,0.00429648963974786
INV013201,1,0,0.004083420125944266
INV013202,1,0,0.0007437035847072865
INV013203,1,0,0.0016263080746710607
INV013204,1,0,0.0062817400680412845
INV013205,1,0,0.002477858413806277
INV013206,1,0,0.005332242085080752
INV013207,1,0,0.003701290101177381
INV013208,1,0,0.0019359173547633362
INV013209,1,0,0.004012794555376475
INV013210,1,0,0.00825851516423705
INV013211,1,0,0.004630103118250023
INV013212,1,0,0.0019099261052847073
INV013213,1,0,0.007911758519957585
INV013214,1,0,0.0024809342808431874
INV013215,1,0,0.004854319526895387
INV013216,1,0,0.0042117376446877495
INV013217,1,0,0.004592853598850874
INV013218,1,0,0.003969140481822978
INV013219,1,0,0.002285113916476437
INV013220,1,0,0.004625805467634842
INV013221,1,0,0.0034356264507074056
INV013222,1,0,0.007581459590677066
INV013223,1,0,0.005720521714023943
INV013224,1,0,0.007270779387752034
INV013225,1,0,0.017205267952891942
INV013226,1,0,0.0030042219384287415
INV013227,1,0,0.003994767311813899
INV013228,1,0,0.0025055231983667583
INV013229,1,0,0.0025729536749356826
INV013230,1,0,0.008887592276529422
INV013231,1,0,0.0030395046860524975
INV013232,1,0,0.0052252859417324365
INV013233,1,0,0.0030557315057624444
INV013234,1,0,0.013157568939531029
INV013235,1,0,0.0027994325127542845
INV013236,1,0,0.0036886473021804102
INV013237,1,0,0.005293417146866671
INV013238,1,0,0.0038243499102235618
INV013239,-1,1,0.13102584620408528
INV013240,1,0,0.0036484824592970043
INV013241,1,0,0.008223474191354887
INV013242,1,0,0.004374733965231597
INV013243,1,0,0.00461723304670532
INV013244,1,0,0.006322036498615348
INV013245,1,0,0.0019019025892851337
INV013246,1,0,0.002132852094068683
INV013247,1,0,0.0021222784777812356
INV013248,1,0,0.004425259359706684
INV013249,1,0,0.0037230280300653354
INV013250,1,0,0.02018093167277376
INV013251,1,0,0.002849018937744167
INV013252,1,0,0.002766168491883632
INV013253,1,0,0.004305018353960511
INV013254,1,0,0.003700414126406077
INV013255,1,0,0.024649125234591694
INV013256,1,0,0.004181115543050759
INV013257,1,0,0.004113615277412079
INV013258,1,0,0.004275232826500545
INV013259,1,0,0.002624255115106205
INV013260,1,0,0.0014702858210501912
INV013261,1,0,0.003425834714923707
INV013262,1,0,0.0055482768139512835
INV013263,1,0,0.00470519125219341
INV013264,1,0,0.007644823997062005
INV013265,1,0,0.004858728102381573
INV013266,1,0,0.0033762851774935434
INV013267,1,0,0.004792683754786835
INV013268,1,0,0.0016587853710193527
INV013269,1,0,0.005868163241454992
INV013270,1,0,0.004186220314189047
INV013271,1,0,0.002411138735844047
INV013272,1,0,0.003627333036616773
INV013273,1,0,0.005369274799828387
INV013274,1,0,0.00099300199324031
INV013275,1,0,0.009488598701143418
INV013276,1,0,0.0024367183082858756
INV013277,1,0,0.0043684769810752345
INV013278,1,0,0.0048359375385929396
INV013279,1,0,0.02889595075718768
INV013280,1,0,0.0015699199319739207
INV013281,1,0,0.0036963528431050046
INV013282,1,0,0.003642172081134111
INV013283,1,0,0.002481928938505361
INV013284,1,0,0.010319700368536858
INV013285,1,0,0.008272415921454324
INV013286,1,0,0.003674668107064372
INV013287,1,0,0.0053762174318375995
INV013288,1,0,0.003714415820598773
INV013289,1,0,0.0032621861305034343
INV013290,1,0,0.0013294169130976786
INV013291,1,0,0.004047486344285566
INV013292,1,0,0.009657400027102817
INV013293,1,0,0.0037497658293351457
INV013294,1,0,0.0032744654915143967
INV013295,1,0,0.004351174321412619
INV013296,1,0,0.0050112700615944274
INV013297,1,0,0.0056953844853507764
INV013298,1,0,0.0033281172021563357
INV013299,1,0,0.003417111535151204
INV013300,1,0,0.004293238195510064
INV013301,1,0,0.01206273341414649
INV013302,1,0,0.003214390729461242
INV013303,1,0,0.0018728202117371225
INV013304,1,0,0.0052942884503218764
INV013305,1,0,0.0052418649587884685
INV013306,-1,1,0.044267946679329095
INV013307,1,0,0.0033762851774935434
INV013308,1,0,0.0076865250445638505
INV013309,1,0,0.0019779051134301982
INV013310,1,0,0.004738069399413148
INV013311,-1,1,0.03323839684323129
INV013312,1,0,0.0017797450593616793
INV013313,1,0,0.0026823480791663226
INV013314,1,0,0.003346328676689253
INV013315,1,0,0.004713813449877265
INV013316,1,0,0.0028859612059324072
INV013317,1,0,0.003899340868390097
INV013318,1,0,0.0022416390586229963
INV013319,1,0,0.003728712083661779
INV013320,1,0,0.003311240693309901
INV013321,1,0,0.00668250995386446
INV013322,1,0,0.002020155989247048
INV013323,1,0,0.0076791326467000685
INV013324,1,0,0.003286860105438904
INV013325,1,0,0.004921323026425073
INV013326,1,0,0.005153384024075433
INV013327,1,0,0.004825063338005851
INV013328,1,0,0.0038416754847483726
INV013329,1,0,0.0039279785156697
INV013330,1,0,0.0022503768189929153
INV013331,1,0,0.0025467593296065556
INV013332,1,0,0.0022400433419873106
INV013333,1,0,0.002635792270038473
INV013334,1,0,0.0028077208084717783
INV013335,1,0,0.006165952266647521
INV013336,1,0,0.0028448570592216104
INV013337,1,0,0.0028866693032651323
INV013338,1,0,0.0025020867057338613
INV013339,1,0,0.006679461355812944
INV013340,1,0,0.009045516884677295
INV013341,1,0,0.014885183334466529
INV013342,1,0,0.0016844289106919853
INV013343,1,0,0.00821555389248801
INV013344,1,0,0.001291913119009853
INV013345,1,0,0.002059444506123001
INV013346,1,0,0.021465195606399368
INV013347,1,0,0.006098097223145691
INV013348,1,0,0.0031917735854909853
INV013349,1,0,0.004946906059352186
INV013350,1,0,0.0028177504639676373
INV013351,1,0,0.0040508771071479386
INV013352,1,0,0.002039847560443087
INV013353,1,0,0.002512782603983545
INV013354,1,0,0.010728206783609945
INV013355,1,0,0.0031481201282585252
INV013356,-1,1,0.40053935965365967
INV013357,1,0,0.002992547011804327
INV013358,1,0,0.025148926456601457
INV013359,1,0,0.002598959907071158
INV013360,1,0,0.007553841019337287
INV013361,1,0,0.002541661757281377
INV013362,1,0,0.0022659179126618095
INV013363,1,0,0.003481306861084453
INV013364,1,0,0.0016156198446385553
INV013365,1,0,0.004789249372023687
INV013366,1,0,0.004248519124027815
INV013367,1,0,0.003528051144539111
INV013368,1,0,0.007867883830382765
INV013369,1,0,0.005066713347491934
INV013370,1,0,0.0030709068662591508
INV013371,1,0,0.003095532136157748
INV013372,1,0,0.006894442584915122
INV013373,1,0,0.007721990308682945
INV013374,1,0,0.004528886975395877
INV013375,1,0,0.003073495322363265
INV013376,-1,1,0.0836087475185112
INV013377,1,0,0.0032359711579745924
INV013378,1,0,0.0012013349995935783
INV013379,1,0,0.0022788895492699746
INV013380,1,0,0.0038065578049257588
INV013381,1,0,0.0025519183742019587
INV013382,1,0,0.004571347245602539
INV013383,1,0,0.004977132066573395
INV013384,-1,1,0.04197296433710865
INV013385,1,0,0.0025614857354954996
INV013386,1,0,0.0018848003805023558
INV013387,1,0,0.009540651296112763
INV013388,1,0,0.0030260350399866458
INV013389,1,0,0.0028197825867177046
INV013390,1,0,0.0018520776091847332
INV013391,1,0,0.0016639876138761188
INV013392,1,0,0.002170832079158091
INV013393,1,0,0.01733983922882305
INV013394,1,0,0.011727145388336808
INV013395,1,0,0.003766384335882299
INV013396,1,0,0.0023794010173498912
INV013397,1,0,0.006529248980463022
INV013398,1,0,0.0018568265703552903
INV013399,1,0,0.005005372125178793
INV013400,1,0,0.0015544937589504952
INV013401,1,0,0.003021592247775933
INV013402,1,0,0.0019328351306272865
INV013403,1,0,0.0019475026900330217
INV013404,1,0,0.003155818791836991
INV013405,1,0,0.004728042580625589
INV013406,1,0,0.005739968675497802
INV013407,1,0,0.003100013460270326
INV013408,1,0,0.0019012332058425659
INV013409,1,0,0.007583629548227084
INV013410,1,0,0.00444444211441238
INV013411,1,0,0.00297113518027573
INV013412,1,0,0.004268430537271275
INV013413,1,0,0.006635479819929022
INV013414,1,0,0.002768317352940888
INV013415,1,0,0.02133138668532523
INV013416,1,0,0.003305477959797373
INV013417,1,0,0.011094184038013452
INV013418,1,0,0.004220613398814632
INV013419,1,0,0.02290975673243762
INV013420,1,0,0.00980856551471078
INV013421,1,0,0.005634963464664269
INV013422,1,0,0.004616094568894917
INV013423,1,0,0.004181253336836635
INV013424,1,0,0.0022968263995033445
INV013425,1,0,0.006062711873914595
INV013426,1,0,0.0037692108783571603
INV013427,1,0,0.007381122503836283
INV013428,1,0,0.002849295088476568
INV013429,1,0,0.003578302218889208
INV013430,1,0,0.0014690796528949702
INV013431,1,0,0.002216049490948246
INV013432,1,0,0.0013063858451238207
INV013433,1,0,0.002491641780237085
INV013434,1,0,0.0023794010173498912
INV013435,1,0,0.0025776456290852617
INV013436,1,0,0.0025548197481743548
INV013437,1,0,0.0024312908718115496
INV013438,1,0,0.016242938391995212
INV013439,1,0,0.0035160096436538846
INV013440,1,0,0.002872034874911666
INV013441,1,0,0.007054485033763141
INV013442,1,0,0.013952759652197779
INV013443,1,0,0.0041951579280011305
INV013444,1,0,0.0013486965515190244
INV013445,1,0,0.002199635246435154
INV013446,1,0,0.002225364889364215
INV013447,1,0,0.00543953244175135
INV013448,1,0,0.009112629062719705
INV013449,1,0,0.007283075970196046
INV013450,1,0,0.0023061474270098053
INV013451,1,0,0.001730847675983744
INV013452,1,0,0.006154021673209707
INV013453,1,0,0.006670795188213229
INV013454,1,0,0.006327783128762333
INV013455,1,0,0.0021674785267540185
INV013456,1,0,0.0038195140377442196
INV013457,1,0,0.002264378015782161
INV013458,1,0,0.004556888904333708
INV013459,1,0,0.0012177801315048896
INV013460,1,0,0.00877272436728742
INV013461,1,0,0.004582119616976844
INV013462,1,0,0.003023353159216201
INV013463,1,0,0.002638683126131904
INV013464,1,0,0.006458786198934428
INV013465,1,0,0.0032567802598311817
INV013466,1,0,0.0085843026722025
INV013467,-1,1,0.04150195264188765
INV013468,1,0,0.01868723821909221
INV013469,1,0,0.00907986345411559
INV013470,1,0,0.010207180261044327
INV013471,1,0,0.0036261796275349817
INV013472,1,0,0.00220728849067989
INV013473,1,0,0.0033866802192482736
INV013474,1,0,0.0050941240114095
INV013475,1,0,0.006701181045224885
INV013476,1,0,0.0070125903923908516
INV013477,1,0,0.010763901926146213
INV013478,1,0,0.0025200040427017685
INV013479,1,0,0.004132434499603748
INV013480,1,0,0.006907004322615378
INV013481,1,0,0.005705055298201463
INV013482,1,0,0.009470934049166551
INV013483,1,0,0.0027991909883086615
INV013484,1,0,0.004706289291493979
INV013485,1,0,0.0009384242895869024
INV013486,1,0,0.0010614507212110193
INV013487,1,0,0.006072601664585015
INV013488,1,0,0.008703587251953596
INV013489,-1,1,0.04393264918716597
INV013490,1,0,0.002500034095030655
INV013491,1,0,0.021355258403483894
INV013492,1,0,0.0024753726318293167
INV013493,1,0,0.005711561867332074
INV013494,1,0,0.002742792065676645
INV013495,1,0,0.004005036607074622
INV013496,1,0,0.00286926514540148
INV013497,1,0,0.006319715528670162
INV013498,1,0,0.005728584837262776
INV013499,1,0,0.0029554897194712117
INV013500,1,0,0.003172670964670319
INV013501,1,0,0.009074383385683626
INV013502,1,0,0.0201668526150915
INV013503,1,0,0.0017717426991802998
INV013504,1,0,0.007379188453014955
INV013505,1,0,0.005764152612946616
INV013506,1,0,0.004681141431464964
INV013507,1,0,0.002014762454860329
INV013508,1,0,0.0051829845698956
INV013509,1,0,0.001532571672917372
INV013510,1,0,0.009812356648346647
INV013511,1,0,0.006832646872704883
INV013512,1,0,0.003505548108369632
INV013513,1,0,0.002949442313335418
INV013514,1,0,0.0025199275938798064
INV013515,1,0,0.00409073643007544
INV013516,1,0,0.004505921943103595
INV013517,1,0,0.001981656654715356
INV013518,1,0,0.0023137140955929703
INV013519,1,0,0.004173717862645064
INV013520,1,0,0.00636626631230337
INV013521,1,0,0.015352998348484935
INV013522,1,0,0.018049064310398148
INV013523,1,0,0.007104924436908571
INV013524,1,0,0.003244576223540383
INV013525,1,0,0.007475417306451664
INV013526,1,0,0.007997596886248844
INV013527,1,0,0.0034636032246378443
INV013528,1,0,0.01114867403873524
INV013529,1,0,0.0030554373155445166
INV013530,1,0,0.0020882791366313414
INV013531,1,0,0.004171395425643324
INV013532,-1,1,0.04740870750806452
INV013533,1,0,0.0035586048235624348
INV013534,1,0,0.005062570731703694
INV013535,1,0,0.005237629693374997
INV013536,1,0,0.0027194279086072406
INV013537,1,0,0.005583899537042945
INV013538,-1,1,0.06861730359850347
INV013539,1,0,0.0013943208127702744
INV013540,1,0,0.006421476089984596
INV013541,1,0,0.00473179937239504
INV013542,-1,1,0.03621261522304744
INV013543,1,0,0.004645277936674093
INV013544,1,0,0.0033017287133207986
INV013545,1,0,0.0028707131880553963
INV013546,1,0,0.005745653737074344
INV013547,1,0,0.006891727057389134
INV013548,1,0,0.007242653146508977
INV013549,1,0,0.0018857454733742088
INV013550,1,0,0.020644455872581412
INV013551,1,0,0.002791626371441528
INV013552,1,0,0.004730234844904494
INV013553,1,0,0.0011107686701239859
INV013554,1,0,0.00877376857210982
INV013555,-1,1,0.07216124813547048
INV013556,1,0,0.01559800116302996
INV013557,1,0,0.0025208897681473254
INV013558,1,0,0.0031039027912575495
INV013559,1,0,0.004998298873715114
INV013560,1,0,0.007074101382860102
INV013561,1,0,0.0025090156045113623
INV013562,1,0,0.002063299061092893
INV013563,-1,1,0.2251809847847857
INV013564,1,0,0.010631270834418189
INV013565,1,0,0.0031890049760782725
INV013566,1,0,0.003091392332431743
INV013567,1,0,0.005682327055258413
INV013568,1,0,0.01118148342407627
INV013569,1,0,0.009617416006040564
INV013570,1,0,0.0032240432697057545
INV013571,1,0,0.003416080425613286
INV013572,1,0,0.004033889282403355
INV013573,1,0,0.0037406269952030336
INV013574,1,0,0.002898499743564284
INV013575,1,0,0.005109922947768732
INV013576,1,0,0.0039091137811204275
INV013577,1,0,0.0020904708873486053
INV013578,1,0,0.010911003564180389
INV013579,1,0,0.008504690035481459
INV013580,1,0,0.004678077855872518
INV013581,1,0,0.006269520867170853
INV013582,1,0,0.013106980504983195
INV013583,1,0,0.005485280950496423
INV013584,1,0,0.005615705794899042
INV013585,1,0,0.0016852514597573889
INV013586,1,0,0.0008311829300777919
INV013587,-1,1,0.03828325345877731
INV013588,1,0,0.0033257562796834804
INV013589,1,0,0.002693181588475715
INV013590,1,0,0.010093456492720067
INV013591,1,0,0.0037181200698508518
INV013592,1,0,0.004947427061022471
INV013593,1,0,0.005852393046751061
INV013594,1,0,0.007041682927852636
INV013595,1,0,0.007537303266498124
INV013596,1,0,0.0019597290601996277
INV013597,1,0,0.0012655402915682176
INV013598,-1,1,0.050155613625513816
INV013599,1,0,0.001513322762537884
INV013600,1,0,0.006762064356598595
INV013601,1,0,0.002779107237416851
INV013602,1,0,0.0014078358882158594
INV013603,1,0,0.005427696797767398
INV013604,1,0,0.0047010157405166396
INV013605,1,0,0.002593241325006954
INV013606,1,0,0.023299585214001436
INV013607,1,0,0.002415798767834144
INV013608,1,0,0.00445956251851724
INV013609,1,0,0.007286472881237641
INV013610,1,0,0.020381154923239414
INV013611,1,0,0.001564295708333199
INV013612,1,0,0.0022936459801151496
INV013613,1,0,0.0027106378709280247
INV013614,1,0,0.006276552592993752
INV013615,1,0,0.003686480167009908
INV013616,1,0,0.0013798933681231829
INV013617,1,0,0.003324802232691633
INV013618,1,0,0.0047201505203427465
INV013619,1,0,0.006815671767390594
INV013620,1,0,0.004707457033047156
INV013621,1,0,0.0036308974144230377
INV013622,1,0,0.002387345255427278
INV013623,1,0,0.013798623167151894
INV013624,1,0,0.009063311448713777
INV013625,1,0,0.0008253864596978348
INV013626,1,0,0.005339405395621859
INV013627,1,0,0.005351381040055669
INV013628,1,0,0.008136162604344691
INV013629,1,0,0.0024476183236199164
INV013630,1,0,0.0009020994332403722
INV013631,1,0,0.005615183467285818
INV013632,-1,1,0.034865482678642305
INV013633,1,0,0.0029835211558020985
INV013634,1,0,0.006479709109556745
INV013635,1,0,0.002189414603708322
INV013636,1,0,0.0075500920368597015
INV013637,1,0,0.0026224042044695477
INV013638,1,0,0.0040416847224336175
INV013639,1,0,0.006339209095646819
INV013640,1,0,0.0024298200872316846
INV013641,1,0,0.002340566402406804
INV013642,1,0,0.004056403212940831
INV013643,-1,1,0.04688672314807353
INV013644,1,0,0.007879305510167503
INV013645,1,0,0.0022418467190434494
INV013646,1,0,0.0025039804233885103
INV013647,1,0,0.00686236983190188
INV013648,1,0,0.003306942203836891
INV013649,1,0,0.001704208150813771
INV013650,1,0,0.0008768156385722747
INV013651,1,0,0.004956357360754307
INV013652,1,0,0.024766722789690485
INV013653,1,0,0.005164645170756601
INV013654,1,0,0.005863155736350871
INV013655,1,0,0.004789916212851668
INV013656,1,0,0.015532797546282067
INV013657,1,0,0.0024251868860744453
INV013658,1,0,0.005584704690366338
INV013659,1,0,0.025129456501577625
INV013660,1,0,0.0024644458189137723
INV013661,1,0,0.0042092199963449746
INV013662,1,0,0.002743605801800919
INV013663,1,0,0.01808164127847487
INV013664,1,0,0.005475356080404399
INV013665,1,0,0.0021741336367967798
INV013666,1,0,0.003782261802120631
INV013667,1,0,0.005647114412397361
INV013668,1,0,0.008310741476504041
INV013669,1,0,0.003513530397434565
INV013670,1,0,0.006009736278390665
INV013671,1,0,0.003925035853375279
INV013672,1,0,0.002664448800512571
INV013673,1,0,0.002909633947991503
INV013674,1,0,0.013310132757783387
INV013675,1,0,0.004870773458866139
INV013676,1,0,0.005464906921982444
INV013677,1,0,0.00342845267555888
INV013678,1,0,0.0022943824169625194
INV013679,1,0,0.007127421954717717
INV013680,1,0,0.0042733015560112095
INV013681,1,0,0.0015694626393545992
INV013682,1,0,0.002361383759559352
INV013683,1,0,0.006863915583158013
INV013684,1,0,0.003029987530574671
INV013685,1,0,0.0028178728367439475
INV013686,1,0,0.004326513270221851
INV013687,1,0,0.002799111540858221
INV013688,1,0,0.0017970994481116389
INV013689,1,0,0.0014470436920896918
INV013690,1,0,0.005416988117114423
INV013691,1,0,0.002280003458382262
INV013692,1,0,0.0021838032911992706
INV013693,1,0,0.0050530208926669335
INV013694,1,0,0.002824159969024997
INV013695,1,0,0.011725636960726952
INV013696,1,0,0.0019989581731393587
INV013697,1,0,0.004481741603218779
INV013698,1,0,0.005708612983321812
INV013699,1,0,0.0014230619229490405
INV013700,1,0,0.001878545094015314
INV013701,1,0,0.005692872334314352
INV013702,1,0,0.02859426750299272
INV013703,1,0,0.0025301852500600568
INV013704,1,0,0.0022523978965216206
INV013705,1,0,0.005001141515455628
INV013706,1,0,0.004751274716584772
INV013707,1,0,0.004509675255848713
INV013708,1,0,0.0032391170601393303
INV013709,1,0,0.004281154352245401
INV013710,1,0,0.0032323696857180077
INV013711,1,0,0.0012206035381164251
INV013712,1,0,0.0031123431707365708
INV013713,1,0,0.0023064693490669097
INV013714,1,0,0.0026017104251357657
INV013715,1,0,0.0025130065018468604
INV013716,1,0,0.003856420689886874
INV013717,1,0,0.004374489767593038
INV013718,1,0,0.019735015809996866
INV013719,1,0,0.008403019233014623
INV013720,1,0,0.008342253411428174
INV013721,1,0,0.006079102784471935
INV013722,1,0,0.005895885531026724
INV013723,1,0,0.0024297774813456198
INV013724,1,0,0.00593249269062166
INV013725,1,0,0.003412880850677607
INV013726,1,0,0.006337393079977838
INV013727,1,0,0.003639539881208371
INV013728,1,0,0.004813942115886672
INV013729,1,0,0.0023598170839446006
INV013730,1,0,0.004759903152642022
INV013731,1,0,0.0052080635137246156
INV013732,1,0,0.0024370032235753944
INV013733,1,0,0.002674443599486777
INV013734,1,0,0.0024822345289945875
INV013735,1,0,0.003948456070010968
INV013736,1,0,0.004698302844549801
INV013737,1,0,0.0024038105846273462
INV013738,1,0,0.005550125076091046
INV013739,1,0,0.006957885881491054
INV013740,1,0,0.003570729808116839
INV013741,1,0,0.0016724704773424977
INV013742,1,0,0.0025937856049551055
INV013743,1,0,0.004904615370299409
INV013744,1,0,0.00388729106267974
INV013745,1,0,0.005470216107240103
INV013746,1,0,0.004492542496897532
INV013747,1,0,0.003561960715075817
INV013748,1,0,0.001976905692655071
INV013749,1,0,0.0045645906695159855
INV013750,1,0,0.0055494123320250725
INV013751,1,0,0.00734006548659696
INV013752,1,0,0.002656690905967078
INV013753,1,0,0.004069501821668526
INV013754,1,0,0.002762260909154556
INV013755,1,0,0.005010702026835678
INV013756,1,0,0.0026479570154052195
INV013757,1,0,0.0035603985360170938
INV013758,1,0,0.0031017252308621667
INV013759,1,0,0.00927235954401728
INV013760,1,0,0.0039070859592874475
INV013761,-1,1,0.05885406694855359
INV013762,1,0,0.005421339945868437
INV013763,1,0,0.004112809931434798
INV013764,1,0,0.0021953313609476537
INV013765,1,0,0.013012762394515091
INV013766,1,0,0.023889299771909324
INV013767,1,0,0.0027671538787477053
INV013768,1,0,0.0022064528220730423
INV013769,1,0,0.006803198715552786
INV013770,1,0,0.0029485149367562556
INV013771,1,0,0.003177657878756889
INV013772,1,0,0.0027107704805400413
INV013773,1,0,0.007134865097398171
INV013774,1,0,0.0025031402721355667
INV013775,1,0,0.005273113379094535
INV013776,1,0,0.0015794156600868955
INV013777,1,0,0.005108391324410893
INV013778,1,0,0.0034851414906950403
INV013779,1,0,0.0021599466968339736
INV013780,1,0,0.004544204173133449
INV013781,1,0,0.004402423073236427
INV013782,1,0,0.0023510047822131864
INV013783,1,0,0.0050231196615132595
INV013784,1,0,0.004507950062166418
INV013785,1,0,0.0031571391645313527
INV013786,1,0,0.006997033272862028
INV013787,1,0,0.0034175197387167526
INV013788,1,0,0.0016479433226455943
INV013789,1,0,0.00469230068667763
INV013790,1,0,0.006340737518426932
INV013791,1,0,0.0062753413431234075
INV013792,1,0,0.0023124368007854702
INV013793,1,0,0.005119838461517492
INV013794,1,0,0.010792809571432194
INV013795,1,0,0.002340566402406804
INV013796,1,0,0.007072678962345292
INV013797,-1,1,0.03089584197401883
INV013798,1,0,0.004462611769001358
INV013799,1,0,0.005230286744758385
INV013800,1,0,0.001975861519680544
INV013801,1,0,0.002817576848324437
INV013802,1,0,0.009987910952389187
INV013803,1,0,0.007538166374110709
INV013804,1,0,0.004589532380205672
INV013805,1,0,0.0024634342240593987
INV013806,1,0,0.005216117118750992
INV013807,1,0,0.004291797339900923
INV013808,1,0,0.001807059048732974
INV013809,1,0,0.0029070698051031456
INV013810,1,0,0.010246971571063494
INV013811,1,0,0.0036405935030999737
INV013812,1,0,0.0048623995488741795
INV013813,1,0,0.006101608457821415
INV013814,1,0,0.0026819111069212973
INV013815,1,0,0.0041776079191218835
INV013816,1,0,0.0026360034827281028
INV013817,1,0,0.001260505696434508
INV013818,1,0,0.002494706185850709
INV013819,1,0,0.00335806196089327
INV013820,1,0,0.01447209688494444
INV013821,1,0,0.002237724696539083
INV013822,1,0,0.006944111468201179
INV013823,1,0,0.0035057347884035212
INV013824,1,0,0.028001607991872065
INV013825,1,0,0.004465395753333644
INV013826,1,0,0.004052068579253255
INV013827,1,0,0.003256457292969655
INV013828,1,0,0.008417285104737908
INV013829,1,0,0.003002260784888619
INV013830,1,0,0.0030330878200508864
INV013831,1,0,0.006001590799769846
INV013832,1,0,0.022097059060772
INV013833,1,0,0.007098177713465156
INV013834,1,0,0.0027834353530919675
INV013835,1,0,0.0010507872290025308
INV013836,1,0,0.0065876316724420275
INV013837,1,0,0.0022996027128981585
INV013838,1,0,0.004428855429106704
INV013839,1,0,0.00392812935232359
INV013840,1,0,0.005409457791312426
INV013841,1,0,0.006091154639649703
INV013842,1,0,0.0025797980113259193
INV013843,1,0,0.0035109951344767104
INV013844,1,0,0.0014996747786869566
INV013845,1,0,0.008179429203284728
INV013846,1,0,0.0024558240760743475
INV013847,1,0,0.0031831885934390032
INV013848,1,0,0.0030414724161698897
INV013849,1,0,0.008186728407945085
INV013850,1,0,0.0028017412205395375
INV013851,1,0,0.0015032177166698932
INV013852,1,0,0.004655229272560301
INV013853,1,0,0.004663460400121503
INV013854,1,0,0.004623902302667572
INV013855,1,0,0.004073388701831399
INV013856,1,0,0.02497779381756074
INV013857,1,0,0.005343509106614029
INV013858,1,0,0.0033844203534347203
INV013859,1,0,0.003459341245686544
INV013860,1,0,0.0035995743216121943
INV013861,1,0,0.009318246307149735
INV013862,1,0,0.0032503931340041076
INV013863,1,0,0.008112940602244172
INV013864,1,0,0.0033403885663990823
INV013865,1,0,0.0021182444833809035
INV013866,1,0,0.010045233338611173
INV013867,1,0,0.0049571212343144785
INV013868,1,0,0.0014499549453193196
INV013869,1,0,0.002975146544734591
INV013870,1,0,0.007765964562050496
INV013871,1,0,0.007096613567290912
INV013872,1,0,0.005111960490827185
INV013873,1,0,0.003180668985538
INV013874,1,0,0.005211682911232742
INV013875,1,0,0.018084279270511747
INV013876,1,0,0.002935980951576632
INV013877,1,0,0.00347537227728143
INV013878,1,0,0.004970282079450129
INV013879,1,0,0.007970330137270762
INV013880,1,0,0.005875081823187759
INV013881,1,0,0.002660974074079135
INV013882,1,0,0.0020978765579554516
INV013883,1,0,0.00576092544778463
INV013884,1,0,0.008114666811576616
INV013885,1,0,0.002152785345457194
INV013886,1,0,0.0024027071527933674
INV013887,1,0,0.016047719277031896
INV013888,1,0,0.0018010812318617299
INV013889,1,0,0.002339592261231663
INV013890,1,0,0.0020938166092957793
INV013891,-1,1,0.07615909651517024
INV013892,1,0,0.026606150655518798
INV013893,1,0,0.004414593337320113
INV013894,1,0,0.003576550835168507
INV013895,1,0,0.003509830719920444
INV013896,1,0,0.003087753447659067
INV013897,1,0,0.0026895669467272244
INV013898,1,0,0.007020544977090179
INV013899,1,0,0.003720577718857263
INV013900,1,0,0.015779704743258738
INV013901,1,0,0.008026250565479601
INV013902,1,0,0.003863508171063157
INV013903,1,0,0.005201198753685959
INV013904,1,0,0.008441161312294856
INV013905,1,0,0.003217119007655319
INV013906,1,0,0.0021991164712262925
INV013907,1,0,0.0065048013466061
INV013908,1,0,0.003141275517557508
INV013909,1,0,0.021965990302675344
INV013910,1,0,0.002560613904678002
INV013911,1,0,0.0034965459207977213
INV013912,1,0,0.003765904128653317
INV013913,1,0,0.0029543908411752743
INV013914,1,0,0.0020838671370346095
INV013915,1,0,0.004408605229886651
INV013916,1,0,0.018325025933364766
INV013917,1,0,0.003422322039728438
INV013918,1,0,0.00225081572943132
INV013919,1,0,0.003584019339062217
INV013920,1,0,0.0020028854079667713
INV013921,1,0,0.0025341063212916464
INV013922,1,0,0.006702139770586354
INV013923,1,0,0.0030004129762090624
INV013924,1,0,0.007829292810918731
INV013925,1,0,0.005015205763967181
INV013926,1,0,0.018767769201049604
INV013927,1,0,0.003650679653172586
INV013928,1,0,0.00490673876449765
INV013929,1,0,0.011774739108453277
INV013930,1,0,0.005628881907034023
INV013931,1,0,0.003367443627071556
INV013932,1,0,0.007537622405247775
INV013933,1,0,0.0038871087657172195
INV013934,1,0,0.00919623194254907
INV013935,1,0,0.008175298602191511
INV013936,1,0,0.001126567933407392
INV013937,1,0,0.0033447008484008894
INV013938,1,0,0.0057034219105101215
INV013939,1,0,0.0015376166030947392
INV013940,1,0,0.003322767063241729
INV013941,1,0,0.003013669866956566
INV013942,1,0,0.004058858085993343
INV013943,1,0,0.012447224602376924
INV013944,1,0,0.004005918124189589
INV013945,-1,1,0.12928944174030438
INV013946,1,0,0.0024393919448098167
INV013947,1,0,0.0018918243361600452
INV013948,1,0,0.014558349409437989
INV013949,1,0,0.00521005365904468
INV013950,1,0,0.0013554972773566296
INV013951,1,0,0.007688245745846962
INV013952,1,0,0.004069107290302883
INV013953,1,0,0.0026993714113883534
INV013954,1,0,0.005826453033901104
INV013955,1,0,0.002568969031262702
INV013956,1,0,0.004609849200586376
INV013957,1,0,0.0033322727309532856
INV013958,1,0,0.0027061124588862334
INV013959,1,0,0.002621075476456342
INV013960,1,0,0.011318994807422956
INV013961,1,0,0.002312436733638738
INV013962,1,0,0.004417315082759392
INV013963,1,0,0.0036223330602081676
INV013964,1,0,0.001098424805239146
INV013965,1,0,0.0028913131472576756
INV013966,1,0,0.004270482987756686
INV013967,1,0,0.003486476626115317
INV013968,1,0,0.0016786703283452448
INV013969,1,0,0.009757237264394035
INV013970,1,0,0.0022480519833274837
INV013971,1,0,0.00362172237231138
INV013972,1,0,0.0040837640759485375
INV013973,1,0,0.003377585498386693
INV013974,1,0,0.004411477124154614
INV013975,1,0,0.0029564470056447226
INV013976,1,0,0.002661343246085472
INV013977,1,0,0.001394320812770286
INV013978,1,0,0.005345598255686469
INV013979,1,0,0.004749395970728915
INV013980,1,0,0.005275774754732171
INV013981,1,0,0.0018024397734046937
INV013982,1,0,0.003635827460894385
INV013983,1,0,0.0035217416153337806
INV013984,1,0,0.0035208151558263237
INV013985,1,0,0.008867220086293509
INV013986,1,0,0.0044537388659367325
INV013987,1,0,0.004904060037890658
INV013988,1,0,0.0027031377838434975
INV013989,1,0,0.005807992250714603
INV013990,1,0,0.004749735570017719
INV013991,1,0,0.005314626778283728
INV013992,1,0,0.005696630135524051
INV013993,1,0,0.0056208153210505095
INV013994,-1,1,0.05056580326217057
INV013995,1,0,0.003095034201821626
INV013996,1,0,0.003351190338771513
INV013997,1,0,0.002238234751245405
INV013998,1,0,0.006429735847547418
INV013999,1,0,0.004528886975395877
INV014000,1,0,0.0013742352948847953
INV014001,1,0,0.009680010283695282
INV014002,1,0,0.011164208137930128
INV014003,1,0,0.007731233318708761
INV014004,1,0,0.002329753518866826
INV014005,1,0,0.0025090280212008956
INV014006,1,0,0.0025627712033968616
INV014007,-1,1,0.02960718787711166
INV014008,1,0,0.001767625964471747
INV014009,1,0,0.0059185224455477374
INV014010,1,0,0.001872406376556306
INV014011,1,0,0.004110974915840866
INV014012,1,0,0.0022727834025592373
INV014013,1,0,0.020114545542504785
INV014014,1,0,0.0037419985636608574
INV014015,1,0,0.0026905946126550948
INV014016,1,0,0.01646856127086736
INV014017,1,0,0.010661982913418511
INV014018,1,0,0.00976168295530777
INV014019,1,0,0.0023578318820794125
INV014020,1,0,0.003379396084630885
INV014021,1,0,0.015025882492150564
INV014022,1,0,0.004698620202069384
INV014023,-1,1,0.0468645766663446
INV014024,1,0,0.002580054469075613
INV014025,1,0,0.006443088203515004
INV014026,1,0,0.003206961957265109
INV014027,1,0,0.004635166156333544
INV014028,1,0,0.003180514251153918
INV014029,1,0,0.0022453383774695126
INV014030,1,0,0.0026571211275819564
INV014031,1,0,0.003086148962680792
INV014032,1,0,0.004260905036800704
INV014033,1,0,0.0028249799039288563
INV014034,1,0,0.004681104465327405
INV014035,1,0,0.029290391559381002
INV014036,1,0,0.008521051474223246
INV014037,1,0,0.004814325509384255
INV014038,1,0,0.002195818587173344
INV014039,1,0,0.004873558633893754
INV014040,1,0,0.010477055025978746
INV014041,1,0,0.004566596013944675
INV014042,1,0,0.004048189445779697
INV014043,1,0,0.00863473780271727
INV014044,1,0,0.003704612405278281
INV014045,1,0,0.0052169938972655705
INV014046,1,0,0.0033328272084514024
INV014047,1,0,0.0026675184096380472
INV014048,1,0,0.005008334857010784
INV014049,-1,1,0.08341668286034397
INV014050,1,0,0.004330445500829194
INV014051,1,0,0.002296564204439467
INV014052,1,0,0.003661116552815621
INV014053,1,0,0.0053530464754183976
INV014054,1,0,0.0052680323757731086
INV014055,1,0,0.004724917697225633
INV014056,1,0,0.0018086429510510212
INV014057,1,0,0.003703411537674738
INV014058,1,0,0.002536865646329111
INV014059,1,0,0.005916953262020174
INV014060,1,0,0.005071060417377428
INV014061,1,0,0.014278489989420978
INV014062,1,0,0.0013402466172854185
INV014063,1,0,0.009605449386061036
INV014064,1,0,0.01654322875811152
INV014065,1,0,0.0035285059256822387
INV014066,1,0,0.0038328659542998583
INV014067,1,0,0.005339593947792506
INV014068,1,0,0.004372416942946886
INV014069,1,0,0.024670865709385075
INV014070,1,0,0.004893699573248165
INV014071,1,0,0.0016844289106919734
INV014072,1,0,0.004725030318986626
INV014073,1,0,0.007861474128720314
INV014074,1,0,0.0037429903836345394
INV014075,1,0,0.007566182630023367
INV014076,1,0,0.0020958516843600484
INV014077,1,0,0.0015686473600454555
INV014078,1,0,0.004909861259719406
INV014079,1,0,0.006378417326958546
INV014080,1,0,0.005518146050281934
INV014081,1,0,0.0192358028169009
INV014082,1,0,0.00422586604930455
INV014083,1,0,0.002130442953641086
INV014084,1,0,0.0066190946806654865
INV014085,1,0,0.00734553633487283
INV014086,1,0,0.007765862180175023
INV014087,1,0,0.002348432830001791
INV014088,1,0,0.005425266379101234
INV014089,1,0,0.0012697913086002707
INV014090,1,0,0.004798238083310369
INV014091,1,0,0.0027176571629634124
INV014092,1,0,0.004289903835184653
INV014093,1,0,0.0037883979617242425
INV014094,1,0,0.007168439511386055
INV014095,1,0,0.0012167668809331563
INV014096,1,0,0.003056842684629061
INV014097,-1,1,0.033666628621611155
INV014098,1,0,0.005101974653850151
INV014099,1,0,0.008038019708042955
INV014100,1,0,0.0029560782890928504
INV014101,1,0,0.0035932420623917094
INV014102,1,0,0.017717747137864674
INV014103,1,0,0.008641310043554735
INV014104,1,0,0.003151584823110174
INV014105,1,0,0.002516003083221042
INV014106,1,0,0.002378316981566903
INV014107,1,0,0.005492152482621326
INV014108,1,0,0.0018081810859687233
INV014109,1,0,0.005239129340984141
INV014110,1,0,0.003980700368001244
INV014111,1,0,0.006609669295742647
INV014112,1,0,0.0031480832040450954
INV014113,-1,1,0.11789172386699931
INV014114,1,0,0.016365591854458985
INV014115,1,0,0.005308326105631519
INV014116,1,0,0.003514774000769064
INV014117,1,0,0.005471401848651363
INV014118,1,0,0.004884576468605095
INV014119,1,0,0.0024893208296035375
INV014120,1,0,0.008735551333153744
INV014121,1,0,0.0028028887677286033
INV014122,1,0,0.005484114521282472
INV014123,1,0,0.004078940069170696
INV014124,1,0,0.0030182643631079618
INV014125,1,0,0.003793281946693033
INV014126,1,0,0.005419953563910794
INV014127,1,0,0.002739276981298039
INV014128,1,0,0.005723689388895408
INV014129,1,0,0.003710070717141939
INV014130,1,0,0.006145337364646598
INV014131,1,0,0.014335929091210009
INV014132,1,0,0.002177745309921049
INV014133,1,0,0.0061774632452012805
INV014134,1,0,0.004163106058654689
INV014135,1,0,0.01571322644186144
INV014136,1,0,0.004848848024825804
INV014137,1,0,0.0030926705538465355
INV014138,-1,1,0.125325402149286
INV014139,1,0,0.002553070327106276
INV014140,1,0,0.0023694470463169674
INV014141,1,0,0.004224563224990034
INV014142,-1,1,0.20216588628819437
INV014143,1,0,0.004347996208769812
INV014144,1,0,0.003918593848280798
INV014145,1,0,0.002373319006174045
INV014146,1,0,0.0010076265589704602
INV014147,1,0,0.018262518749534738
INV014148,-1,1,0.040025194992498264
INV014149,1,0,0.003826921184774689
INV014150,1,0,0.014825302953704104
INV014151,1,0,0.0019344923621768735
INV014152,1,0,0.005644403470758047
INV014153,1,0,0.003310753452435599
INV014154,1,0,0.0037381804048854947
INV014155,1,0,0.004445609790486011
INV014156,1,0,0.003567209410494049
INV014157,1,0,0.004079301508751134
INV014158,1,0,0.002368415097175136
INV014159,1,0,0.0024516653037361096
INV014160,1,0,0.0012159392032701616
INV014161,1,0,0.0019476355422196334
INV014162,1,0,0.0034740460802085062
INV014163,1,0,0.0023287068239508228
INV014164,1,0,0.0009105134600305756
INV014165,1,0,0.007210769275299772
INV014166,1,0,0.004155798532136879
INV014167,1,0,0.00713354580869038
INV014168,1,0,0.002318799892635012
INV014169,1,0,0.0031774714509901327
INV014170,1,0,0.004225886033251784
INV014171,1,0,0.002144325295843872
INV014172,1,0,0.011313556546708048
INV014173,1,0,0.0027191090658685822
INV014174,1,0,0.005537210348002624
INV014175,1,0,0.004323561441492541
INV014176,1,0,0.004525050716280736
INV014177,1,0,0.006156801619185407
INV014178,1,0,0.003286129737402474
INV014179,1,0,0.002611323567382592
INV014180,1,0,0.0028204521270454156
INV014181,1,0,0.0021423011419189
INV014182,1,0,0.015610898188883093
INV014183,1,0,0.0035195723058957687
INV014184,1,0,0.002441511804348415
INV014185,1,0,0.005035271188550838
INV014186,1,0,0.003358926356584211
INV014187,1,0,0.0034280496686248337
INV014188,1,0,0.004280565198798946
INV014189,1,0,0.011258727654025275
INV014190,1,0,0.00779011063523487
INV014191,1,0,0.0047366114452083085
INV014192,1,0,0.00709775219240056
INV014193,1,0,0.0022775327147337766
INV014194,1,0,0.0027698287934932284
INV014195,1,0,0.0019089753789481483
INV014196,1,0,0.004961346473017788
INV014197,1,0,0.0023436697219015624
INV014198,1,0,0.0042456954012923135
INV014199,1,0,0.007312510871740574
INV014200,1,0,0.003916748443799732
INV014201,1,0,0.004119673175348833
INV014202,1,0,0.0019639681599238285
INV014203,1,0,0.002496300956893577
INV014204,1,0,0.0032428359577608814
INV014205,1,0,0.005363939971223178
INV014206,1,0,0.0017697979327694973
INV014207,1,0,0.0031290224043363096
INV014208,1,0,0.007869509956513792
INV014209,1,0,0.005835148722619149
INV014210,1,0,0.0028883352041459698
INV014211,1,0,0.002657277246540968
INV014212,1,0,0.0031540334785094422
INV014213,1,0,0.004539290960340435
INV014214,1,0,0.012696787722174861
INV014215,1,0,0.0019309486172638356
INV014216,1,0,0.019625106592805457
INV014217,1,0,0.002392005079271924
INV014218,1,0,0.003573392277910342
INV014219,1,0,0.002461290056024729
INV014220,1,0,0.003198426139670822
INV014221,1,0,0.00576626168031754
INV014222,1,0,0.002827133111123491
INV014223,1,0,0.0008835800559282944
INV014224,1,0,0.005328293912593547
INV014225,1,0,0.00333533307847244
INV014226,1,0,0.006288070993104804
INV014227,1,0,0.004172472953763763
INV014228,1,0,0.0023287155552906167
INV014229,1,0,0.00347810826767724
INV014230,1,0,0.0016288249836707766
INV014231,1,0,0.0003283526790312738
INV014232,1,0,0.005594639892644494
INV014233,1,0,0.002089040184445646
INV014234,1,0,0.003268075854929097
INV014235,1,0,0.0034804013052822345
INV014236,1,0,0.0189926759019744
INV014237,1,0,0.0023612079230497934
INV014238,1,0,0.004557873988239821
INV014239,1,0,0.008747508798597078
INV014240,1,0,0.007556953070088047
INV014241,1,0,0.005189056589412611
INV014242,1,0,0.015282852086573376
INV014243,1,0,0.010664402522654434
INV014244,1,0,0.002043163139174542
INV014245,1,0,0.0033520901869476447
INV014246,1,0,0.003918769334053942
INV014247,1,0,0.0028710071076845966
INV014248,1,0,0.004716072607788153
INV014249,1,0,0.004611929024557661
INV014250,1,0,0.004224021164765664
INV014251,1,0,0.0064007157134530245
INV014252,1,0,0.0017086929989791344
INV014253,1,0,0.007575642480122753
INV014254,1,0,0.004529751709579504
INV014255,1,0,0.005675219304924727
INV014256,1,0,0.005925889889142542
INV014257,1,0,0.0032287406622219265
INV014258,1,0,0.021011491092087994
INV014259,1,0,0.002095976521718829
INV014260,1,0,0.00495277364766754
INV014261,1,0,0.0016230912544715464
INV014262,1,0,0.00407137212508471
INV014263,1,0,0.0021671877488140447
INV014264,1,0,0.0048980131521123476
INV014265,1,0,0.0062870619049013666
INV014266,1,0,0.003795706739805438
INV014267,1,0,0.0021814965302756474
INV014268,1,0,0.007553172281716411
INV014269,1,0,0.004927821200318181
INV014270,1,0,0.0030493796136763377
INV014271,1,0,0.0023380927698737762
INV014272,1,0,0.0016016831117924876
INV014273,1,0,0.001671137932756482
INV014274,1,0,0.004258258187286581
INV014275,1,0,0.00462342727150275
INV014276,1,0,0.0022050451664629572
INV014277,1,0,0.0036130840062119952
INV014278,1,0,0.004949020428463425
INV014279,1,0,0.0027651950821785663
INV014280,1,0,0.003997246033817188
INV014281,1,0,0.002277990448277701
INV014282,1,0,0.005148603059695241
INV014283,1,0,0.004083344250690253
INV014284,1,0,0.0063015064102929135
INV014285,1,0,0.011595086338419023
INV014286,1,0,0.006282609367226761
INV014287,1,0,0.0035910421346242176
INV014288,1,0,0.025753097137462665
INV014289,1,0,0.0021528235055814377
INV014290,1,0,0.007250549801590887
INV014291,1,0,0.0023210066107067465
INV014292,1,0,0.012227404764373256
INV014293,1,0,0.0032879711286194872
INV014294,1,0,0.006197226199803576
INV014295,-1,1,0.21153429109094118
INV014296,1,0,0.003740876755826417
INV014297,1,0,0.007505180987421603
INV014298,1,0,0.0024989403281103235
INV014299,1,0,0.003274678132333072
INV014300,1,0,0.002789558324613167
INV014301,1,0,0.002685481543231571
INV014302,1,0,0.004088685166703537
INV014303,1,0,0.006557560678403721
INV014304,1,0,0.01234793894704242
INV014305,1,0,0.003684942282876023
INV014306,1,0,0.0030963616653071017
INV014307,1,0,0.003818375119522362
INV014308,1,0,0.005369477592301823
INV014309,1,0,0.004413774349622724
INV014310,1,0,0.0021174459722799635
INV014311,1,0,0.0016444525348133384
INV014312,1,0,0.005078770528339006
INV014313,1,0,0.014522454054426061
INV014314,1,0,0.005363987285761288
INV014315,1,0,0.006369884403250628
INV014316,1,0,0.0026116910287667062
INV014317,1,0,0.0031522041382276273
INV014318,1,0,0.004053892136620362
INV014319,1,0,0.0035466380486811264
INV014320,1,0,0.006752164765706334
INV014321,1,0,0.002324376462271129
INV014322,1,0,0.004049504433320532
INV014323,1,0,0.00213876342776203
INV014324,1,0,0.01749261176710005
INV014325,1,0,0.002695635282963787
INV014326,1,0,0.005392307605639607
INV014327,1,0,0.005064476200645263
INV014328,1,0,0.0036786046078955813
INV014329,1,0,0.01156298961562175
INV014330,1,0,0.004872741076566923
INV014331,1,0,0.0018410580133978278
INV014332,1,0,0.007902141995565269
INV014333,1,0,0.003349570542372213
INV014334,1,0,0.005507609567190093
INV014335,1,0,0.0027398155982270656
INV014336,1,0,0.00207017198082809
INV014337,1,0,0.0025611879146509933
INV014338,1,0,0.003263763975946868
INV014339,1,0,0.004081411650676083
INV014340,1,0,0.0030674919823933207
INV014341,1,0,0.011142631588003677
INV014342,1,0,0.004960745278841094
INV014343,1,0,0.001459317852007355
INV014344,1,0,0.008519757515814696
INV014345,1,0,0.009339828064378008
INV014346,1,0,0.0117062520296297
INV014347,1,0,0.012832586658179386
INV014348,1,0,0.0038845873465828203
INV014349,1,0,0.013133021165522582
INV014350,1,0,0.0028366799992939743
INV014351,1,0,0.005154877521305556
INV014352,1,0,0.00307825307220851
INV014353,1,0,0.0028528904666592276
INV014354,1,0,0.005229539113806376
INV014355,1,0,0.00388565229957603
INV014356,1,0,0.003077851482565279
INV014357,1,0,0.0026364668307660936
INV014358,1,0,0.0041849663321038046
INV014359,1,0,0.002422588916664288
INV014360,1,0,0.0021035301470658176
INV014361,1,0,0.00296185470943604
INV014362,1,0,0.005780503919243605
INV014363,1,0,0.003924399586992528
INV014364,1,0,0.00382459631409975
INV014365,1,0,0.0034288867087866673
INV014366,1,0,0.020341940074402147
INV014367,1,0,0.003721266109534323
INV014368,1,0,0.0031290675793278523
INV014369,1,0,0.005135918477021653
INV014370,1,0,0.0022970777393463435
INV014371,1,0,0.002424438292543354
INV014372,1,0,0.015443085957190192
INV014373,1,0,0.00292188196807271
INV014374,1,0,0.012057713276404737
INV014375,1,0,0.004619613980416369
INV014376,1,0,0.008072789071799969
INV014377,1,0,0.003033791888430118
INV014378,1,0,0.01096532510887934
INV014379,1,0,0.003731008451025282
INV014380,1,0,0.0051394755897519245
INV014381,1,0,0.009253390725934365
INV014382,1,0,0.003634762497204512
INV014383,1,0,0.006565503254463768
INV014384,1,0,0.003991147813784465
INV014385,1,0,0.005122783823842729
INV014386,1,0,0.0049227005579137615
INV014387,1,0,0.0014821778842088996
INV014388,1,0,0.002143106435371511
INV014389,1,0,0.005298791031104991
INV014390,1,0,0.0008057428325804843
INV014391,1,0,0.0068713977280674896
INV014392,1,0,0.007816293246485815
INV014393,1,0,0.002757576266305227
INV014394,1,0,0.003239324217631842
INV014395,1,0,0.012110523885568327
INV014396,1,0,0.004643055441957442
INV014397,1,0,0.005851278788905525
INV014398,1,0,0.006835349296966222
INV014399,1,0,0.00354511196439199
INV014400,1,0,0.0024881340511678633
INV014401,1,0,0.00568991771495124
INV014402,1,0,0.013603286975497342
INV014403,1,0,0.0011621163391124622
INV014404,1,0,0.009859065291262492
INV014405,1,0,0.014222529884873531
INV014406,1,0,0.004508787898431673
INV014407,1,0,0.004106547254362071
INV014408,1,0,0.002410694385954095
INV014409,1,0,0.005399517980995186
INV014410,1,0,0.0035366396119284375
INV014411,1,0,0.0031474126171879883
INV014412,1,0,0.002539859418755815
INV014413,1,0,0.0030743700793612713
INV014414,1,0,0.0024019456407138287
INV014415,1,0,0.004475417254736349
INV014416,1,0,0.0057951571299119
INV014417,1,0,0.0016911600490062786
INV014418,1,0,0.00656947763537548
INV014419,1,0,0.006223981892239765
INV014420,1,0,0.0032524845281849866
INV014421,1,0,0.02382127073900349
INV014422,1,0,0.011841056616106295
INV014423,1,0,0.00269735330155075
INV014424,1,0,0.00589451895372217
INV014425,1,0,0.0033831452273038695
INV014426,1,0,0.0031399411437311405
INV014427,1,0,0.0020325822416179928
INV014428,1,0,0.004071300147410964
INV014429,1,0,0.004169967028809303
INV014430,1,0,0.005220110549354755
INV014431,1,0,0.006296886293396352
INV014432,1,0,0.004307601316798374
INV014433,1,0,0.001380858262151437
INV014434,1,0,0.02338758675555417
INV014435,1,0,0.004676627182882708
INV014436,1,0,0.0034675293189710367
INV014437,1,0,0.014658649126061792
INV014438,1,0,0.001291241299324427
INV014439,1,0,0.0030964733634595166
INV014440,1,0,0.002123180802546762
INV014441,1,0,0.003842448782600686
INV014442,1,0,0.0031395651091986974
INV014443,1,0,0.0029887139950212924
INV014444,1,0,0.002015961408273127
INV014445,1,0,0.003525766489609426
INV014446,1,0,0.002958023203164158
INV014447,1,0,0.004235020091529634
INV014448,1,0,0.005052813804997996
INV014449,1,0,0.0033393932674219574
INV014450,1,0,0.0015611335704520566
INV014451,1,0,0.009098335863595578
INV014452,1,0,0.0037664559871037917
INV014453,1,0,0.003666607063820629
INV014454,1,0,0.004310587990394419
INV014455,1,0,0.002879549585623186
INV014456,1,0,0.0029794055282540213
INV014457,1,0,0.0026398699217496727
INV014458,1,0,0.0039340019297463835
INV014459,1,0,0.0032419512918515705
INV014460,1,0,0.0033642463091765433
INV014461,1,0,0.0017713610326391422
INV014462,1,0,0.003807353079860239
INV014463,1,0,0.002186472128321912
INV014464,1,0,0.003421016793223829
INV014465,1,0,0.0025745091532432423
INV014466,1,0,0.007980687977424234
INV014467,1,0,0.0064869533095843306
INV014468,1,0,0.004649121703629389
INV014469,1,0,0.005650708479624486
INV014470,1,0,0.005232258457946574
INV014471,1,0,0.0026332999581731827
INV014472,1,0,0.004831197786306218
INV014473,1,0,0.0030469139488493668
INV014474,1,0,0.003583265457717753
INV014475,1,0,0.0038648125151472808
INV014476,1,0,0.001846165174559259
INV014477,1,0,0.004324296547501227
INV014478,1,0,0.0035888774786027623
INV014479,1,0,0.004037423463534058
INV014480,1,0,0.003167846083244069
INV014481,1,0,0.003334381251315845
INV014482,1,0,0.003861770091482434
INV014483,1,0,0.0026969320068979874
INV014484,1,0,0.007032297455283079
INV014485,1,0,0.004736400780285921
INV014486,1,0,0.007174013851581421
INV014487,1,0,0.00315947801524987
INV014488,1,0,0.002111356255578618
INV014489,1,0,0.010544608046027611
INV014490,1,0,0.01001371542556751
INV014491,-1,1,0.07238747452620302
INV014492,1,0,0.006109015002340302
INV014493,1,0,0.028109129894695085
INV014494,-1,1,0.037259634717738625
INV014495,1,0,0.003821075638713144
INV014496,-1,1,0.04568069974541843
INV014497,1,0,0.0029076655231281786
INV014498,1,0,0.0018478608300217406
INV014499,1,0,0.0042999823021239595
INV014500,1,0,0.0019415979058784668
INV014501,1,0,0.003146561882441129
INV014502,1,0,0.0026427807479051566
INV014503,1,0,0.002176120054139639
INV014504,1,0,0.003405533257167845
INV014505,1,0,0.003468778894331864
INV014506,1,0,0.0032105650230625595
INV014507,1,0,0.0023462905931111466
INV014508,1,0,0.0016443662648733834
INV014509,1,0,0.004052131707956744
INV014510,1,0,0.0020097553003800327
INV014511,1,0,0.012440975085628874
INV014512,1,0,0.0028880622027717584
INV014513,1,0,0.0037335813210769707
INV014514,-1,1,0.03299911265526238
INV014515,-1,1,0.2055181469974937
INV014516,1,0,0.002670326570063085
INV014517,1,0,0.006549259590470494
INV014518,1,0,0.003833073680881536
INV014519,1,0,0.0030257840337811017
INV014520,1,0,0.006219426080869261
INV014521,1,0,0.00287993686258971
INV014522,1,0,0.004109734197293679
INV014523,1,0,0.002960002280020612
INV014524,1,0,0.003528476889799529
INV014525,1,0,0.00440460427565326
INV014526,1,0,0.001798622593283156
INV014527,1,0,0.004655648202230173
INV014528,1,0,0.0027756483838533275
INV014529,1,0,0.007489627569816997
INV014530,1,0,0.005519311094009948
INV014531,1,0,0.0026726023274639865
INV014532,1,0,0.002525617023240079
INV014533,1,0,0.008038212356140004
INV014534,1,0,0.001915831288376123
INV014535,1,0,0.002400744293479784
INV014536,1,0,0.0024277609767244172
INV014537,1,0,0.008180061257002843
INV014538,1,0,0.004479218950238214
INV014539,1,0,0.00651636100232344
INV014540,-1,1,0.04550985093200321
INV014541,1,0,0.004846286353160158
INV014542,1,0,0.0029675019746527457
INV014543,1,0,0.0031686179553952155
INV014544,1,0,0.002139303999423393
INV014545,1,0,0.0019519733860421727
INV014546,1,0,0.004123740342917135
INV014547,1,0,0.003589444934307395
INV014548,1,0,0.005738386220956459
INV014549,1,0,0.002923010589905591
INV014550,1,0,0.0034979688730168708
INV014551,1,0,0.004186779330598062
INV014552,1,0,0.0031109462782086166
INV014553,1,0,0.007573679047752199
INV014554,1,0,0.002641095195727997
INV014555,1,0,0.004564046253310487
INV014556,1,0,0.003599325386230293
INV014557,1,0,0.005936496710138445
INV014558,1,0,0.0023713041087697053
INV014559,1,0,0.0029428047883459365
INV014560,1,0,0.007120815285125149
INV014561,1,0,0.007467257543048118
INV014562,1,0,0.01670304878751814
INV014563,1,0,0.0016204575964447066
INV014564,1,0,0.0028938875007642906
INV014565,1,0,0.00620182837182538
INV014566,1,0,0.0025705106472623473
INV014567,1,0,0.002067409404978014
INV014568,1,0,0.0027197894043680085
INV014569,1,0,0.0018546132612716675
INV014570,1,0,0.003271291553093733
INV014571,1,0,0.0022475453258349503
INV014572,1,0,0.0028202784240532117
INV014573,1,0,0.0018865082193952314
INV014574,1,0,0.01787091974076045
INV014575,1,0,0.00529700713978696
INV014576,1,0,0.0041296763064287674
INV014577,1,0,0.0038664551900843246
INV014578,1,0,0.002633095015901901
INV014579,-1,1,0.039615689497198375
INV014580,1,0,0.005093352513685855
INV014581,1,0,0.0028760107052357054
INV014582,1,0,0.0014295356947549923
INV014583,1,0,0.0024978079455502504
INV014584,1,0,0.0033592854538509174
INV014585,1,0,0.003207985251510433
INV014586,1,0,0.008253112142474924
INV014587,1,0,0.0043291830981687495
INV014588,1,0,0.0019775170157333606
INV014589,1,0,0.007909958761875478
INV014590,1,0,0.0014729001846346627
INV014591,1,0,0.01134535416205321
INV014592,1,0,0.00203510082307758
INV014593,1,0,0.002264378015782161
INV014594,1,0,0.019579397350978685
INV014595,1,0,0.0041168122782893465
INV014596,1,0,0.004965829598025688
INV014597,1,0,0.001220603538116437
INV014598,1,0,0.019873124633371736
INV014599,1,0,0.006085089834306621
INV014600,1,0,0.004675548896060377
INV014601,1,0,0.0037987715593018755
INV014602,1,0,0.003231550638502497
INV014603,1,0,0.003497395340572011
INV014604,1,0,0.0030172050083982272
INV014605,1,0,0.013909956789480711
INV014606,1,0,0.007288148521185144
INV014607,1,0,0.002748545565304427
INV014608,1,0,0.003588500571303788
INV014609,1,0,0.003386054156491954
INV014610,1,0,0.0020447870181880337
INV014611,1,0,0.002423403104159487
INV014612,1,0,0.007799605395203593
INV014613,1,0,0.0015419427487377156
INV014614,1,0,0.0027894277023172084
INV014615,1,0,0.0049290802134301795
INV014616,1,0,0.0020832774643863936
INV014617,1,0,0.002778511778280153
INV014618,1,0,0.004080884143811706
INV014619,1,0,0.005170034290753147
INV014620,1,0,0.0029621729874503085
INV014621,1,0,0.0037850228666902637
INV014622,1,0,0.019280348234826983
INV014623,1,0,0.006124448514666217
INV014624,1,0,0.002215513546974382
INV014625,1,0,0.0036018122694420444
INV014626,1,0,0.002500268223330386
INV014627,1,0,0.002377244027209842
INV014628,1,0,0.005261233884076002
INV014629,1,0,0.009414754557278644
INV014630,1,0,0.007395479716810586
INV014631,1,0,0.0037107940111201676
INV014632,1,0,0.00966573528656387
INV014633,1,0,0.003492238363211474
INV014634,1,0,0.00194169549178597
INV014635,1,0,0.004457540662743108
INV014636,1,0,0.0031719737666755054
INV014637,1,0,0.003259622854034746
INV014638,1,0,0.006882596587529824
INV014639,1,0,0.002376901879074956
INV014640,-1,1,0.0386742957155538
INV014641,1,0,0.004702350489482219
INV014642,1,0,0.004659698265068115
INV014643,1,0,0.004335929598184796
INV014644,1,0,0.004940545949808801
INV014645,1,0,0.0023352620833314145
INV014646,1,0,0.025262367777225306
INV014647,1,0,0.0021178797519662744
INV014648,1,0,0.008786261010952654
INV014649,1,0,0.003238226247412903
INV014650,1,0,0.0015965866610217856
INV014651,1,0,0.0014094344117780333
INV014652,1,0,0.016881061658567842
INV014653,1,0,0.0023126016842181275
INV014654,1,0,0.0029057461681541163
INV014655,1,0,0.00684422454620904
INV014656,1,0,0.005333076810025273
INV014657,1,0,0.004336439370248727
INV014658,1,0,0.011141135120278863
INV014659,1,0,0.004172619999755022
INV014660,1,0,0.0032250002429977842
INV014661,1,0,0.002915108692209095
INV014662,1,0,0.00825273950235041
INV014663,1,0,0.0029869112429546673
INV014664,1,0,0.003380424052470599
INV014665,1,0,0.0016186012335366344
INV014666,1,0,0.005713951020390203
INV014667,1,0,0.01971334152459023
INV014668,1,0,0.003920964661645204
INV014669,1,0,0.002156623888038753
INV014670,1,0,0.007331696634747941
INV014671,1,0,0.005179397670712638
INV014672,1,0,0.00375685628979784
INV014673,1,0,0.008056896933783373
INV014674,1,0,0.0027237331768374964
INV014675,1,0,0.003097247335534966
INV014676,1,0,0.00430925139042781
INV014677,1,0,0.006606568930485314
INV014678,1,0,0.002344262402705872
INV014679,1,0,0.007886148124360134
INV014680,1,0,0.0044135255541864005
INV014681,1,0,0.009747057030258164
INV014682,1,0,0.004322345696800902
INV014683,1,0,0.0018454253407035233
INV014684,1,0,0.019073235885397537
INV014685,1,0,0.0034245714586375866
INV014686,1,0,0.004978766380373388
INV014687,1,0,0.003162583906576822
INV014688,1,0,0.0023226724759723657
INV014689,1,0,0.00314816726256481
INV014690,-1,1,0.03775596464951437
INV014691,1,0,0.0022968263995033445
INV014692,1,0,0.002056461231365539
INV014693,1,0,0.0027212905731551955
INV014694,1,0,0.0034167149973690007
INV014695,1,0,0.003407533799723864
INV014696,1,0,0.0026121513699941426
INV014697,1,0,0.0022744110429579727
INV014698,1,0,0.0009749839368131922
INV014699,1,0,0.001325320109492065
INV014700,1,0,0.012604689297545253
INV014701,1,0,0.003978695078362841
INV014702,1,0,0.0036745771296883083
INV014703,1,0,0.0049368826644449705
INV014704,1,0,0.008847938681273562
INV014705,1,0,0.004763173475524713
INV014706,1,0,0.005866576755493203
INV014707,1,0,0.005245233135846979
INV014708,1,0,0.005337509146035807
INV014709,1,0,0.007189601620036658
INV014710,1,0,0.011657927526883454
INV014711,1,0,0.0026536594319591395
INV014712,1,0,0.0027884552884910752
INV014713,1,0,0.0033888165764782404
INV014714,1,0,0.003958976625426984
INV014715,1,0,0.005286041849842104
INV014716,1,0,0.005797937135125544
INV014717,1,0,0.0039291519810869206
INV014718,1,0,0.0024688669267387913
INV014719,1,0,0.006233011970800005
INV014720,1,0,0.004559749775211307
INV014721,1,0,0.007323061246501952
INV014722,1,0,0.003730880340328586
INV014723,1,0,0.0019588586393552722
INV014724,1,0,0.005243684937804691
INV014725,1,0,0.0027250307468585453
INV014726,1,0,0.007401777010306173
INV014727,1,0,0.002222843646601486
INV014728,1,0,0.0021058291178336587
INV014729,1,0,0.004470079162237012
INV014730,1,0,0.0025764831110284894
INV014731,1,0,0.004807064941328024
INV014732,1,0,0.0027077262424573074
INV014733,1,0,0.0018773478364396867
INV014734,1,0,0.0023459395871702933
INV014735,1,0,0.0018751495600663024
INV014736,1,0,0.0014150026106204607
INV014737,1,0,0.00428958401381191
INV014738,1,0,0.0016998462729930885
INV014739,1,0,0.004164705837694263
INV014740,1,0,0.0028317408506615565
INV014741,1,0,0.0026282950431673513
INV014742,1,0,0.001055202750675799
INV014743,1,0,0.007666322807717886
INV014744,1,0,0.00868462928453397
INV014745,1,0,0.0026395153632093006
INV014746,1,0,0.0030966697768687354
INV014747,1,0,0.0016444335617091818
INV014748,1,0,0.004669817851759886
INV014749,1,0,0.0033500486428892115
INV014750,1,0,0.006105636828582139
INV014751,1,0,0.004116774286065907
INV014752,1,0,0.008781504805756757
INV014753,1,0,0.0019301624673175065
INV014754,1,0,0.0034797256375408217
INV014755,1,0,0.006448213891106724
INV014756,1,0,0.002032128236617579
INV014757,1,0,0.005589421211917121
INV014758,1,0,0.002945715074831038
INV014759,1,0,0.004716051907866205
INV014760,1,0,0.005326890821177323
INV014761,1,0,0.0021565601249938582
INV014762,1,0,0.002910014316682789
INV014763,1,0,0.008767280676177136
INV014764,-1,1,0.052695964521767204
INV014765,1,0,0.0038526432169508924
INV014766,1,0,0.026555060315042973
INV014767,1,0,0.004941887707463194
INV014768,1,0,0.007404527405203826
INV014769,1,0,0.002239295605231983
INV014770,1,0,0.003078045968481443
INV014771,1,0,0.003336875991488792
INV014772,1,0,0.002022202342920268
INV014773,1,0,0.0031740932912089144
INV014774,1,0,0.0035644482441022866
INV014775,1,0,0.002456375667362374
INV014776,1,0,0.018612391846144504
INV014777,1,0,0.002004309771905263
INV014778,1,0,0.0026545613176126607
INV014779,1,0,0.0028338292781196492
INV014780,1,0,0.003339812789307598
INV014781,1,0,0.011141188713366968
INV014782,1,0,0.002455929534002859
INV014783,1,0,0.0074536444551455555
INV014784,1,0,0.004361008682805564
INV014785,1,0,0.0029328930497167912
INV014786,1,0,0.013467072857022415
INV014787,1,0,0.004938960324924447
INV014788,1,0,0.0023607459466160182
INV014789,1,0,0.00836009814012093
INV014790,1,0,0.002345770974077388
INV014791,1,0,0.003796389250200236
INV014792,1,0,0.015384989335723681
INV014793,1,0,0.007789458038457547
INV014794,1,0,0.010253195719204074
INV014795,1,0,0.008471016519586079
INV014796,1,0,0.002693443501186333
INV014797,1,0,0.003847142892039494
INV014798,1,0,0.003114969679966126
INV014799,1,0,0.0028471325227676777
INV014800,1,0,0.0037160925810744904
INV014801,1,0,0.0025902111556828575
INV014802,1,0,0.009952859808150928
INV014803,1,0,0.0015281666616928432
INV014804,1,0,0.003934340418271683
INV014805,1,0,0.011125679921166132
INV014806,1,0,0.007285890173637343
INV014807,1,0,0.0028351882168533623
INV014808,1,0,0.007422109798571224
INV014809,1,0,0.0009413975302714875
INV014810,1,0,0.003297831068722733
INV014811,1,0,0.0035520881479676777
INV014812,1,0,0.0022483035772662588
INV014813,1,0,0.003113614107836908
INV014814,1,0,0.0023313968478887266
INV014815,1,0,0.002089061286485237
INV014816,1,0,0.003750572446062076
INV014817,1,0,0.004045636939784308
INV014818,1,0,0.009219682923792579
INV014819,1,0,0.009405261301399834
INV014820,1,0,0.006444952493326887
INV014821,1,0,0.004873311605242282
INV014822,1,0,0.0020325822416179928
INV014823,1,0,0.01709253382878279
INV014824,1,0,0.0022586960641597827
INV014825,1,0,0.00598039830059913
INV014826,1,0,0.012611795231156365
INV014827,1,0,0.020175435717189955
INV014828,1,0,0.009614664828531036
INV014829,1,0,0.008919156980202795
INV014830,1,0,0.00254781523287396
INV014831,1,0,0.0027425426602104993
INV014832,1,0,0.0038725268779373034
INV014833,1,0,0.005885888922992875
INV014834,1,0,0.0029186488610216323
INV014835,1,0,0.002188818815423994
INV014836,1,0,0.002933432640246931
INV014837,1,0,0.004429197628322475
INV014838,1,0,0.00752083068992959
INV014839,1,0,0.009627068474203
INV014840,1,0,0.002362160988659787
INV014841,1,0,0.0030974676397877814
INV014842,1,0,0.0030850458801162588
INV014843,1,0,0.004833256859302053
INV014844,1,0,0.02592352171766231
INV014845,1,0,0.0027536895575849415
INV014846,1,0,0.0025380662585428515
INV014847,1,0,0.006225533907804819
INV014848,1,0,0.002485141627240542
INV014849,1,0,0.0034256876316705064
INV014850,1,0,0.0021772753646012327
INV014851,1,0,0.009093204821166354
INV014852,1,0,0.0020964585514150363
INV014853,1,0,0.001569901596523354
INV014854,1,0,0.003046324757847816
INV014855,1,0,0.0023320449750468884
INV014856,1,0,0.0030990244517170615
INV014857,1,0,0.003715164886690774
INV014858,1,0,0.0034557292551332117
INV014859,1,0,0.024364306414257984
INV014860,1,0,0.004804659421684022
INV014861,1,0,0.009915425161190443
INV014862,1,0,0.0032799249056042323
INV014863,1,0,0.006717390997518503
INV014864,1,0,0.006741799855580655
INV014865,1,0,0.0029574108815914823
INV014866,1,0,0.0009020994332403604
INV014867,1,0,0.005270019554915543
INV014868,1,0,0.006230029143157904
INV014869,1,0,0.0012987231297337553
INV014870,1,0,0.002958138120644026
INV014871,1,0,0.004391524353058501
INV014872,1,0,0.006405492916353274
INV014873,1,0,0.0028111746016295
INV014874,1,0,0.005700360594957228
INV014875,1,0,0.0033365188267783087
INV014876,1,0,0.0028868154468560015
INV014877,1,0,0.0037039252995345155
INV014878,1,0,0.007276765970117692
INV014879,1,0,0.0022218833923218283
INV014880,1,0,0.003920352049512057
INV014881,1,0,0.007328380904105485
INV014882,1,0,0.010943930374753906
INV014883,1,0,0.004190455656902585
INV014884,1,0,0.0032419293808249065
INV014885,1,0,0.002673398657626642
INV014886,1,0,0.010318880795209021
INV014887,1,0,0.0037628776887139452
INV014888,1,0,0.006424487353968371
INV014889,1,0,0.004938796140387606
INV014890,1,0,0.0017737707975152245
INV014891,1,0,0.004099283725722457
INV014892,1,0,0.00404665193626479
INV014893,1,0,0.0027019904078583413
INV014894,1,0,0.004441331215370011
INV014895,1,0,0.004558362940978492
INV014896,1,0,0.004258979619096432
INV014897,1,0,0.002433228754758955
INV014898,1,0,0.002264378015782161
INV014899,1,0,0.0027771151049667403
INV014900,1,0,0.0037247690746158497
INV014901,1,0,0.0033222870578896637
INV014902,1,0,0.004576146037751499
INV014903,1,0,0.010213917032385967
INV014904,1,0,0.009092258537449435
INV014905,1,0,0.0022900563985866957
INV014906,1,0,0.003715926081737333
INV014907,1,0,0.010852523653309666
INV014908,1,0,0.0038507517585504416
INV014909,1,0,0.001935399018645348
INV014910,1,0,0.0066947977282747016
INV014911,1,0,0.0026004936904366156
INV014912,1,0,0.00253334231115038
INV014913,1,0,0.010588135009626892
INV014914,1,0,0.002237733793659903
INV014915,1,0,0.002781038375495002
INV014916,1,0,0.0013422759127024743
INV014917,1,0,0.002313565192458237
INV014918,1,0,0.0024092562653437962
INV014919,1,0,0.006379526074149983
INV014920,1,0,0.001469613304331552
INV014921,1,0,0.004208801488439795
INV014922,1,0,0.005783925861707121
INV014923,1,0,0.002091724272461915
INV014924,1,0,0.01622957929695643
INV014925,1,0,0.0030666919305725425
INV014926,1,0,0.0040726784828493436
INV014927,1,0,0.002667281913876057
INV014928,1,0,0.0019878992097813954
INV014929,1,0,0.003889686536795047
INV014930,1,0,0.0025522997176918834
INV014931,1,0,0.0024787993575842537
INV014932,1,0,0.00393661811669144
INV014933,1,0,0.003033106344952735
INV014934,1,0,0.003830405042563488
INV014935,1,0,0.006178002476256998
INV014936,1,0,0.0036503062849261862
INV014937,1,0,0.005205725733707397
INV014938,1,0,0.00344646248553633
INV014939,1,0,0.0027912062586169274
INV014940,1,0,0.0033116774763018225
INV014941,1,0,0.004350188128707036
INV014942,1,0,0.0021652294226514137
INV014943,1,0,0.0026208133480901752
INV014944,1,0,0.0028368982940511996
INV014945,1,0,0.005317665900879585
INV014946,1,0,0.0013613662587057722
INV014947,1,0,0.0045736590116042496
INV014948,1,0,0.005123833476352165
INV014949,1,0,0.0041624225833714855
INV014950,1,0,0.004471805005232293
INV014951,1,0,0.003640868927299011
INV014952,1,0,0.006501337843004164
INV014953,1,0,0.0023554684941354824
INV014954,1,0,0.0014952651103391894
INV014955,1,0,0.0028243490600203245
INV014956,1,0,0.002064738964659565
INV014957,1,0,0.0038551134412762814
INV014958,1,0,0.003187831213476298
INV014959,-1,1,0.03659235661852967
INV014960,1,0,0.0025939310100784258
INV014961,1,0,0.0031839450178213847
INV014962,1,0,0.009590500520174272
INV014963,1,0,0.0021852153440117214
INV014964,1,0,0.002356466210315512
INV014965,1,0,0.0018327492931088426
INV014966,1,0,0.005246485357104927
INV014967,1,0,0.0025449770049477158
INV014968,1,0,0.0021593842409696746
INV014969,1,0,0.0030128347932898325
INV014970,-1,1,0.19486922185368286
INV014971,1,0,0.002680937628646384
INV014972,1,0,0.0023496522728267124
INV014973,1,0,0.006785462844022242
INV014974,1,0,0.006396005419188805
INV014975,1,0,0.002275100769778875
INV014976,1,0,0.0020400483118776145
INV014977,1,0,0.0034857251780601515
INV014978,1,0,0.0068317744682151104
INV014979,1,0,0.0045838858731594954
INV014980,1,0,0.0038675526376488224
INV014981,1,0,0.004018988895277699
INV014982,1,0,0.008284898019824375
INV014983,1,0,0.027726042750783993
INV014984,1,0,0.004753483929862193
INV014985,1,0,0.0010136882521023824
INV014986,1,0,0.0057429153238868986
INV014987,1,0,0.007150748900275673
INV014988,1,0,0.012398733493690067
INV014989,1,0,0.0018252594119355149
INV014990,1,0,0.0015172031263950454
INV014991,1,0,0.0032528295580840747
INV014992,1,0,0.004571848184545537
INV014993,1,0,0.015453702706289816
INV014994,1,0,0.00688197858043469
INV014995,1,0,0.004872192274965586
INV014996,1,0,0.0048852260431407534
INV014997,1,0,0.004656659056037969
INV014998,1,0,0.006632819658112102
INV014999,1,0,0.008854172102927152
INV015000,1,0,0.0067238808304657715
INV015001,1,0,0.00563115423262076
INV015002,1,0,0.0052649553019356605
INV015003,1,0,0.003188707352754383
INV015004,1,0,0.008986600791925828
INV015005,1,0,0.002610217607962014
INV015006,1,0,0.004408792852947029
INV015007,1,0,0.002379282226173089
INV015008,1,0,0.003597787601687512
INV015009,1,0,0.02623970729515048
INV015010,1,0,0.001979722448180469
INV015011,1,0,0.0032109391655105544
INV015012,1,0,0.0028493024662319235
INV015013,-1,1,0.21769687962314357
INV015014,1,0,0.007960535932863298
INV015015,1,0,0.003455253124993599
INV015016,1,0,0.013761778311658856
INV015017,1,0,0.014895795838252531
INV015018,1,0,0.023638111722222115
INV015019,1,0,0.005493160740749122
INV015020,1,0,0.0026464009856133567
INV015021,1,0,0.0034976953893696002
INV015022,1,0,0.0038767587988059434
INV015023,1,0,0.003208529262131201
INV015024,1,0,0.004360293680977762
INV015025,1,0,0.0041191334993769205
INV015026,1,0,0.013975809566186232
INV015027,1,0,0.0028722483288041527
INV015028,1,0,0.0035742015077064463
INV015029,1,0,0.0024099267788037213
INV015030,1,0,0.006984180598343976
INV015031,1,0,0.014125597769110631
INV015032,1,0,0.003659915887677431
INV015033,1,0,0.00865823101792821
INV015034,1,0,0.0024722859682753213
INV015035,1,0,0.0034566399426971257
INV015036,1,0,0.002527124386338146
INV015037,1,0,0.00508008873571602
INV015038,1,0,0.0034507365706097195
INV015039,1,0,0.003538754195139217
INV015040,1,0,0.003325756279683457
INV015041,1,0,0.004693997156145179
INV015042,1,0,0.0027989944239367017
INV015043,1,0,0.0018841213678834037
INV015044,1,0,0.023077970421102496
INV015045,1,0,0.007709021758783738
INV015046,1,0,0.0019692712946439307
INV015047,1,0,0.0029822285064183916
INV015048,1,0,0.002390284049596273
INV015049,1,0,0.0035019391178761137
INV015050,1,0,0.0158468212770262
INV015051,1,0,0.001724965018399937
INV015052,1,0,0.0030938544681284002
INV015053,1,0,0.00221670789141898
INV015054,1,0,0.007044308778929073
INV015055,1,0,0.010393982823841899
INV015056,1,0,0.0025821069425997958
INV015057,1,0,0.00266051386152119
INV015058,1,0,0.002391379998716417
INV015059,1,0,0.004022747975661333
INV015060,1,0,0.003262340368085732
INV015061,1,0,0.007529973898747381
INV015062,1,0,0.0029399279108021648
INV015063,1,0,0.0036403265812215424
INV015064,1,0,0.004740422807380401
INV015065,1,0,0.007445988906574054
INV015066,-1,1,0.03764891013110614
INV015067,1,0,0.0028064024462864236
INV015068,1,0,0.0010385016344427156
INV015069,1,0,0.003953197102833161
INV015070,1,0,0.00469823780991671
INV015071,1,0,0.004182346833461061
INV015072,1,0,0.0029726506304753003
INV015073,1,0,0.003647183789761963
INV015074,1,0,0.019857015509668514
INV015075,1,0,0.003983857509876718
INV015076,1,0,0.0012737619978292387
INV015077,1,0,0.003573019571160779
INV015078,1,0,0.0031287197308858296
INV015079,1,0,0.00416123772355873
INV015080,1,0,0.004986093948143767
INV015081,1,0,0.02697934022508132
INV015082,1,0,0.007614045580408512
INV015083,1,0,0.0031105235842439783
INV015084,1,0,0.003429159362771129
INV015085,1,0,0.002480338043033617
INV015086,1,0,0.004390454243538661
INV015087,1,0,0.0025982152407418614
INV015088,1,0,0.0021440018807327536
INV015089,1,0,0.00798084414576597
INV015090,1,0,0.005385460573672503
INV015091,1,0,0.0026284050551873103
INV015092,1,0,0.003212247856916831
INV015093,1,0,0.02614022079088303
INV015094,1,0,0.004518331509071474
INV015095,1,0,0.003037768260883605
INV015096,1,0,0.0021960543614175233
INV015097,1,0,0.0024835226566346045
INV015098,1,0,0.003363854969399088
INV015099,1,0,0.0036912963660128816
INV015100,1,0,0.0035195713369312225
INV015101,1,0,0.0030496567166659566
INV015102,1,0,0.004615181370233599
INV015103,1,0,0.003424274195721682
INV015104,1,0,0.0026027999530737972
INV015105,1,0,0.0031783917357234947
INV015106,1,0,0.006052883344406784
INV015107,1,0,0.0036177505638743113
INV015108,1,0,0.003063844961954842
INV015109,1,0,0.0017083847485841776
INV015110,1,0,0.006995122882850655
INV015111,1,0,0.0026354157669464637
INV015112,1,0,0.02510291738108969
INV015113,1,0,0.0074532679506666855
INV015114,1,0,0.0034349338701244046
INV015115,1,0,0.002387395732123141
INV015116,1,0,0.00672572619430555
INV015117,1,0,0.0022908769184171755
INV015118,1,0,0.002409238239499627
INV015119,-1,1,0.04069509751599894
INV015120,1,0,0.00391993333533642
INV015121,1,0,0.003216366831453108
INV015122,-1,1,0.05271443580592394
INV015123,1,0,0.00288400226837785
INV015124,1,0,0.003742292096943311
INV015125,1,0,0.002061645700578935
INV015126,1,0,0.008881733585468836
INV015127,1,0,0.0019484961190474374
INV015128,1,0,0.01634269779724727
INV015129,1,0,0.002177014356061759
INV015130,1,0,0.005076857575799121
INV015131,1,0,0.004282796663209126
INV015132,1,0,0.015823082629092336
INV015133,1,0,0.006160961015515201
INV015134,1,0,0.00430704897801761
INV015135,1,0,0.005017836549391028
INV015136,1,0,0.012502687959309469
INV015137,1,0,0.0015597952332687718
INV015138,1,0,0.004142824238495608
INV015139,1,0,0.0010119392565817043
INV015140,1,0,0.005955043415861749
INV015141,1,0,0.0022362397829319984
INV015142,1,0,0.0018741167266882177
INV015143,1,0,0.001586895737638095
INV015144,1,0,0.003637259911580612
INV015145,1,0,0.009127022600936055
INV015146,1,0,0.006406564093273633
INV015147,1,0,0.007645953936959774
INV015148,1,0,0.008541872648750623
INV015149,1,0,0.002981333084087872
INV015150,1,0,0.0035753253532791155
INV015151,1,0,0.005508665630175498
INV015152,1,0,0.0028658116908994156
INV015153,1,0,0.003750560663631399
INV015154,1,0,0.002539263746578791
INV015155,1,0,0.0027717651362706543
INV015156,1,0,0.0018794783755326104
INV015157,1,0,0.0029772545349509814
INV015158,1,0,0.0025855212140259804
INV015159,1,0,0.004621622325879268
INV015160,1,0,0.0025773782154978856
INV015161,1,0,0.002041203807471017
INV015162,1,0,0.003568143188471805
INV015163,1,0,0.0031651364619217576
INV015164,1,0,0.0022054161361303626
INV015165,1,0,0.002136154981945555
INV015166,1,0,0.0013611857085973746
INV015167,1,0,0.0025066890165715717
INV015168,1,0,0.0027110604276067178
INV015169,1,0,0.004606117963392516
INV015170,1,0,0.0017491642971527808
INV015171,-1,1,0.08129664798779697
INV015172,1,0,0.0018985881417796853
INV015173,1,0,0.0029608111641300926
INV015174,1,0,0.0019083398187607003
INV015175,1,0,0.0019392760859805462
INV015176,1,0,0.0017571558531646724
INV015177,1,0,0.004739981625630024
INV015178,1,0,0.004321781513138183
INV015179,1,0,0.0036730573949329704
INV015180,1,0,0.008425091181593158
INV015181,1,0,0.004920726493220866
INV015182,1,0,0.0033130441675818887
INV015183,1,0,0.0001553140628976158
INV015184,1,0,0.0018349384254313292
INV015185,1,0,0.0018309424153373798
INV015186,1,0,0.005148862903706521
INV015187,1,0,0.002367601523287276
INV015188,1,0,0.003082826919001482
INV015189,1,0,0.002014194878693192
INV015190,1,0,0.004667342743742884
INV015191,1,0,0.002671967169433026
INV015192,1,0,0.005340776371542159
INV015193,1,0,0.00589221918042188
INV015194,1,0,0.009800661390372048
INV015195,-1,1,0.0708126491581269
INV015196,1,0,0.0020355010639355434
INV015197,1,0,0.0008027652723869273
INV015198,1,0,0.0026100024235234196
INV015199,1,0,0.0023201216973349624
INV015200,1,0,0.0033113313223175614
INV015201,1,0,0.0019997086237702843
INV015202,1,0,0.004994972556379142
INV015203,1,0,0.003325373953798439
INV015204,1,0,0.004738711960826069
INV015205,1,0,0.003139395415358128
INV015206,1,0,0.004922752845142534
INV015207,1,0,0.005669172521772614
INV015208,1,0,0.0035165041556531685
INV015209,1,0,0.0027605402623318625
INV015210,1,0,0.003089693606641589
INV015211,1,0,0.003112109460599513
INV015212,1,0,0.002588589170703935
INV015213,1,0,0.0034057120764489635
INV015214,1,0,0.0038307608115899366
INV015215,1,0,0.008232223076190766
INV015216,1,0,0.0031518398449920187
INV015217,1,0,0.003116308929659411
INV015218,1,0,0.0038393566132222507
INV015219,1,0,0.0032763386147076014
INV015220,1,0,0.0029253921569112264
INV015221,1,0,0.005972271361251119
INV015222,1,0,0.0027170961765988996
INV015223,1,0,0.0029039773678535613
INV015224,1,0,0.002505520723620391
INV015225,1,0,0.004060752784041517
INV015226,1,0,0.004212765189141496
INV015227,1,0,0.006160721973113333
INV015228,1,0,0.015400028632395613
INV015229,1,0,0.002464518506461097
INV015230,1,0,0.0238275472131622
INV015231,1,0,0.010841646745779374
INV015232,1,0,0.0034389775171285424
INV015233,1,0,0.002871992687997534
INV015234,1,0,0.001378743448875761
INV015235,1,0,0.004600900116188414
INV015236,1,0,0.004214264675467697
INV015237,1,0,0.002216860993039659
INV015238,1,0,0.004781600762377418
INV015239,1,0,0.004247970524006043
INV015240,1,0,0.0014212926421026896
INV015241,1,0,0.00625742495698414
INV015242,1,0,0.006795308107941014
INV015243,1,0,0.016704133282124667
INV015244,1,0,0.003100591710802383
INV015245,1,0,0.004192445472749817
INV015246,1,0,0.005255003557391743
INV015247,1,0,0.007537758219224502
INV015248,-1,1,0.04556703825084808
INV015249,1,0,0.010519439295634458
INV015250,1,0,0.0033283832756211304
INV015251,1,0,0.0016263080746710548
INV015252,1,0,0.004778069507458041
INV015253,1,0,0.0017348671168802572
INV015254,1,0,0.006626661808821577
INV015255,1,0,0.0021953127989733116
INV015256,1,0,0.007450526623799802
INV015257,1,0,0.004010634505140049
INV015258,1,0,0.009250205777816415
INV015259,1,0,0.004515668681614598
INV015260,1,0,0.007195614140338346
INV015261,1,0,0.006586924081860294
INV015262,1,0,0.011160254316504975
INV015263,1,0,0.004500391420122146
INV015264,1,0,0.0028504440205823316
INV015265,1,0,0.0019089825295908489
INV015266,1,0,0.0026197070177619323
INV015267,1,0,0.0032727171464963746
INV015268,1,0,0.0036566381743698127
INV015269,1,0,0.004523599038078493
INV015270,1,0,0.0033405112463449744
INV015271,1,0,0.0034243765340795478
INV015272,1,0,0.002321284200794996
INV015273,1,0,0.00486294040447387
INV015274,1,0,0.0033782102456687674
INV015275,1,0,0.0022462370659576897
INV015276,1,0,0.0016897351844663321
INV015277,1,0,0.01418906233049314
INV015278,1,0,0.0011242573065419368
INV015279,1,0,0.005976798982750297
INV015280,1,0,0.003839745882492873
INV015281,1,0,0.007896852002536519
INV015282,1,0,0.0027465076203367646
INV015283,1,0,0.0036648948554362823
INV015284,1,0,0.006031559724945633
INV015285,1,0,0.0027071750220072537
INV015286,1,0,0.008883521615228507
INV015287,1,0,0.0021991164712262985
INV015288,1,0,0.005252279569952844
INV015289,1,0,0.003519522492887931
INV015290,1,0,0.0045354891428773915
INV015291,1,0,0.002340603097364876
INV015292,1,0,0.002892402753288018
INV015293,1,0,0.0030682361712167814
INV015294,1,0,0.005064895133881035
INV015295,1,0,0.0027479961031613744
INV015296,1,0,0.02037093923214777
INV015297,1,0,0.004785344915624047
INV015298,1,0,0.0027427567710675933
INV015299,1,0,0.0047172964726493105
INV015300,1,0,0.0022664465567588487
INV015301,1,0,0.0024930242766239446
INV015302,1,0,0.0024687229211007504
INV015303,1,0,0.002957981268353608
INV015304,1,0,0.008966909142709294
INV015305,1,0,0.007186542053644839
INV015306,1,0,0.012857128289538668
INV015307,1,0,0.002529431963883018
INV015308,-1,1,0.03343799959683595
INV015309,1,0,0.002608681344617952
INV015310,1,0,0.005963410528103515
INV015311,1,0,0.009750649732900454
INV015312,1,0,0.003376337051825933
INV015313,1,0,0.0029377758733434576
INV015314,1,0,0.0016443662648733834
INV015315,1,0,0.0020507968301074824
INV015316,1,0,0.0037914681851670008
INV015317,1,0,0.002330137973097068
INV015318,1,0,0.004098925928050048
INV015319,1,0,0.005053133280117076
INV015320,1,0,0.004177940704371357
INV015321,1,0,0.0058010600387728315
INV015322,1,0,0.0026482528077305346
INV015323,1,0,0.002446919188146705
INV015324,1,0,0.005478443660323765
INV015325,1,0,0.005686786273787426
INV015326,1,0,0.0023865547585468373
INV015327,1,0,0.011225949752712374
INV015328,1,0,0.004227604627550163
INV015329,1,0,0.01945578456150055
INV015330,1,0,0.00558854272378221
INV015331,1,0,0.006470085793833818
INV015332,1,0,0.0021328121369182983
INV015333,1,0,0.0007908499068506546
INV015334,1,0,0.0037822496003031246
INV015335,1,0,0.008895593600267869
INV015336,1,0,0.007997350894042429
INV015337,1,0,0.010556606373008691
INV015338,1,0,0.004712925307525204
INV015339,1,0,0.0032938046578373905
INV015340,1,0,0.0060365322542780785
INV015341,1,0,0.009999034480606184
INV015342,1,0,0.0032708249508638506
INV015343,1,0,0.004595400115784737
INV015344,1,0,0.010184362040019193
INV015345,1,0,0.0025252158817356263
INV015346,1,0,0.01647316440536989
INV015347,1,0,0.008486741931691714
INV015348,1,0,0.0027806643065733595
INV015349,1,0,0.0032256389878417766
INV015350,1,0,0.0013040495662778792
INV015351,1,0,0.0031615171696099485
INV015352,1,0,0.00304260790631238
INV015353,1,0,0.0028069746721686747
INV015354,1,0,0.010259536296210722
INV015355,1,0,0.006077673701119916
INV015356,1,0,0.0025637725509777463
INV015357,1,0,0.0018558178942146922
INV015358,1,0,0.002140079999005552
INV015359,1,0,0.004111929302952779
INV015360,1,0,0.0015868957376380891
INV015361,1,0,0.0056136664059390174
INV015362,1,0,0.0055177741127480015
INV015363,1,0,0.007129421622097583
INV015364,1,0,0.006512418148796469
INV015365,1,0,0.0024136235408324233
INV015366,1,0,0.0029526634813819143
INV015367,1,0,0.006253891708167943
INV015368,1,0,0.004749863464665527
INV015369,1,0,0.01070623844352287
INV015370,1,0,0.003286119913465475
INV015371,1,0,0.005016407646066676
INV015372,1,0,0.0021557751095601166
INV015373,1,0,0.002190837564324628
INV015374,1,0,0.0020709938395082326
INV015375,1,0,0.003032844472757958
INV015376,1,0,0.008941597981544439
INV015377,1,0,0.0025637725509777584
INV015378,1,0,0.002858130660489655
INV015379,1,0,0.0026640327446519115
INV015380,1,0,0.002337714554388807
INV015381,-1,1,0.04122922868782037
INV015382,1,0,0.0028309336373229196
INV015383,1,0,0.001987605483896017
INV015384,1,0,0.007665922403485865
INV015385,1,0,0.0034131218606689795
INV015386,1,0,0.005034705902811382
INV015387,1,0,0.004556634046859405
INV015388,1,0,0.00326145316682541
INV015389,1,0,0.01801009734625311
INV015390,1,0,0.001856461503283062
INV015391,1,0,0.005015238254823223
INV015392,1,0,0.002869941999012628
INV015393,1,0,0.004114618651743357
INV015394,1,0,0.002412110080536928
INV015395,1,0,0.005923404418939699
INV015396,1,0,0.0027414142521559907
INV015397,1,0,0.0030993938336022573
INV015398,1,0,0.0034982508411205123
INV015399,1,0,0.01206077242245188
INV015400,1,0,0.0024733785124123795
INV015401,1,0,0.004553493832924477
INV015402,1,0,0.0024773360574926874
INV015403,1,0,0.0038789246951511053
INV015404,1,0,0.005106453295078532
INV015405,1,0,0.01447427880677239
INV015406,1,0,0.0033932259475971983
INV015407,1,0,0.0055424118387972345
INV015408,1,0,0.0024020734212443326
INV015409,1,0,0.003653087071414287
INV015410,1,0,0.004592941434141912
INV015411,1,0,0.009801308824021793
INV015412,1,0,0.007205812548206865
INV015413,1,0,0.0041767588811755536
INV015414,-1,1,0.04905814149132749
INV015415,1,0,0.0022663113036430578
INV015416,1,0,0.0025354277588253006
INV015417,1,0,0.0034555770648938013
INV015418,1,0,0.006394500135254318
INV015419,1,0,0.0025647961103357144
INV015420,1,0,0.0044101458202181875
INV015421,1,0,0.012908985355167575
INV015422,1,0,0.0043114967615257216
INV015423,1,0,0.004895049830770958
INV015424,1,0,0.002328770300859708
INV015425,1,0,0.0010415789665215423
INV015426,1,0,0.005992857218669257
INV015427,1,0,0.0017308764174231177
INV015428,-1,1,0.9343786814381452
INV015429,1,0,0.0017408567389301864
INV015430,-1,1,0.03648131798829985
INV015431,1,0,0.0037618120147530076
INV015432,1,0,0.004241738898250311
INV015433,1,0,0.0033593343616386906
INV015434,1,0,0.00574454110479728
INV015435,1,0,0.00576268715471722
INV015436,-1,1,0.04246167216933633
INV015437,1,0,0.005032714504763029
INV015438,1,0,0.006616916480536571
INV015439,1,0,0.004350023979152106
INV015440,1,0,0.00276415412553732
INV015441,1,0,0.0028925501369709006
INV015442,1,0,0.017626862981190407
INV015443,1,0,0.0030363968246204603
INV015444,1,0,0.00861679177382758
INV015445,1,0,0.0034078724909400696
INV015446,1,0,0.0040558071149364525
INV015447,1,0,0.012994866374671512
INV015448,1,0,0.0032230900594018863
INV015449,1,0,0.003374920799963023
INV015450,1,0,0.006246993521169812
INV015451,1,0,0.003373756403862006
INV015452,1,0,0.002681766195791424
INV015453,1,0,0.0032313628661790046
INV015454,1,0,0.002163711524468921
INV015455,1,0,0.003700315787929456
INV015456,1,0,0.0035297413355990567
INV015457,1,0,0.002513520268153319
INV015458,1,0,0.0019430246087450112
INV015459,1,0,0.001978693754267348
INV015460,1,0,0.003293595046330994
INV015461,1,0,0.006042520208027098
INV015462,1,0,0.005769729047372525
INV015463,1,0,0.006497512116965258
INV015464,1,0,0.002251346129819137
INV015465,1,0,0.003429711362312944
INV015466,1,0,0.00410463976296437
INV015467,1,0,0.0015699090955449558
INV015468,1,0,0.0032504595456482955
INV015469,1,0,0.009081010391486337
INV015470,1,0,0.02938850665562731
INV015471,1,0,0.003880746688453342
INV015472,1,0,0.0103792227127538
INV015473,1,0,0.001587378223781791
INV015474,1,0,0.004885490730817421
INV015475,1,0,0.022310216674390797
INV015476,1,0,0.014741502905731823
INV015477,1,0,0.0018266066692962863
INV015478,1,0,0.00414984535454991
INV015479,1,0,0.0036277438320708897
INV015480,1,0,0.018849733138823842
INV015481,1,0,0.005530162952777477
INV015482,1,0,0.002416152990696448
INV015483,1,0,0.0035733061471976886
INV015484,1,0,0.0024008490324672884
INV015485,1,0,0.0022022117123880903
INV015486,1,0,0.004275600082318691
INV015487,1,0,0.0030960385223728426
INV015488,1,0,0.0029989454299400174
INV015489,1,0,0.002471544582316402
INV015490,1,0,0.003861331350396443
INV015491,1,0,0.001338628622876046
INV015492,-1,1,0.02986860748838976
INV015493,1,0,0.0047595133439760845
INV015494,1,0,0.0044581730422946775
INV015495,1,0,0.00447426893229193
INV015496,1,0,0.0016882154056081734
INV015497,1,0,0.003843746086450987
INV015498,1,0,0.003319920653596404
INV015499,1,0,0.00679029275153487
INV015500,1,0,0.001430919412495014
INV015501,1,0,0.002289319864525677
INV015502,1,0,0.009911073407025689
INV015503,1,0,0.014048987981461005
INV015504,1,0,0.012685089687794365
INV015505,1,0,0.011769496181365921
INV015506,1,0,0.0026878235222609834
INV015507,1,0,0.006919934340088204
INV015508,1,0,0.002111356255578618
INV015509,1,0,0.0036722284661807295
INV015510,1,0,0.0031913395183649873
INV015511,1,0,0.0014779328762384442
INV015512,1,0,0.003649667885949767
INV015513,1,0,0.02541903131501561
INV015514,1,0,0.005175634956120468
INV015515,1,0,0.009185120457307887
INV015516,1,0,0.015025030224056619
INV015517,1,0,0.0030134379850003715
INV015518,1,0,0.0038018871003493633
INV015519,1,0,0.0028844058257416322
INV015520,1,0,0.002627445900238785
INV015521,1,0,0.0026535084903900564
INV015522,1,0,0.004280150234909358
INV015523,1,0,0.004508967265058099
INV015524,1,0,0.0030363055543510815
INV015525,1,0,0.01470228228899064
INV015526,1,0,0.0027579098792989173
INV015527,1,0,0.00372138999036844
INV015528,1,0,0.003392804591641601
INV015529,1,0,0.003622128466696287
INV015530,1,0,0.0027155276999570356
INV015531,1,0,0.00516140891396425
INV015532,1,0,0.006379614814648074
INV015533,1,0,0.013808159443014612
INV015534,1,0,0.0056902793789645285
INV015535,1,0,0.0017034691335977659
INV015536,1,0,0.0035900465676985743
INV015537,1,0,0.0016304572493477563
INV015538,1,0,0.007626306507599293
INV015539,1,0,0.0033737279420959915
INV015540,1,0,0.0012652368899078545
INV015541,1,0,0.0045827308163323725
INV015542,1,0,0.000861783787694199
INV015543,1,0,0.005511934093456692
INV015544,1,0,0.0019134799084018534
INV015545,1,0,0.00278751837080065
INV015546,1,0,0.003148766549042063
INV015547,1,0,0.004306147981306028
INV015548,1,0,0.014565285142303278
INV015549,1,0,0.020090198145393794
INV015550,1,0,0.0017057872458480308
INV015551,1,0,0.005877231433784913
INV015552,1,0,0.0018511226418811675
INV015553,1,0,0.0036370217308008277
INV015554,1,0,0.0020774419072169116
INV015555,1,0,0.003560649353730019
INV015556,1,0,0.0027764030033919406
INV015557,1,0,0.0029884520698937743
INV015558,1,0,0.0017006674695549037
INV015559,1,0,0.010965290233414287
INV015560,1,0,0.002444848931031229
INV015561,1,0,0.005289214007503065
INV015562,1,0,0.0023841893184880065
INV015563,1,0,0.004749216206220728
INV015564,1,0,0.002420656699494027
INV015565,1,0,0.003978406979797388
INV015566,1,0,0.004643775964955375
INV015567,1,0,0.002123180802546762
INV015568,1,0,0.003736825565304564
INV015569,1,0,0.002095694076307062
INV015570,1,0,0.0017987028077760597
INV015571,1,0,0.004491237202266829
INV015572,1,0,0.001230547959380853
INV015573,1,0,0.0029983475866304492
INV015574,1,0,0.003725068864321603
INV015575,1,0,0.004886916600652552
INV015576,1,0,0.009940979264338907
INV015577,1,0,0.0050496448309826575
INV015578,1,0,0.0022741400174224034
INV015579,1,0,0.0022007179849338906
INV015580,1,0,0.0019274874787526307
INV015581,1,0,0.0025722621005492856
INV015582,1,0,0.004590486645016814
INV015583,1,0,0.006833954199792544
INV015584,-1,1,0.1042994728235368
INV015585,1,0,0.006916183429362631
INV015586,1,0,0.008566102034345423
INV015587,1,0,0.004245186781336973
INV015588,1,0,0.0030517164270888694
INV015589,1,0,0.002227016262043501
INV015590,1,0,0.006966361393116573
INV015591,1,0,0.003388014153108571
INV015592,1,0,0.004257156214890801
INV015593,1,0,0.004326513270221851
INV015594,1,0,0.012452093963200657
INV015595,1,0,0.003000273412013399
INV015596,1,0,0.001285563516120315
INV015597,1,0,0.001865396486585984
INV015598,1,0,0.005849176692609129
INV015599,1,0,0.005458735285264046
INV015600,1,0,0.00508467391640068
INV015601,1,0,0.005175006268096941
INV015602,1,0,0.0021546618049833226
INV015603,1,0,0.0033991132590753853
INV015604,1,0,0.0029462606278061842
INV015605,1,0,0.002807268277621723
INV015606,1,0,0.004347707184298717
INV015607,1,0,0.002680113489434032
INV015608,1,0,0.0035575187955209347
INV015609,1,0,0.002778832330778233
INV015610,1,0,0.004895332507929865
INV015611,1,0,0.004864171787516972
INV015612,1,0,0.0031908885333876494
INV015613,1,0,0.00398636751104732
INV015614,1,0,0.003952031885658649
INV015615,1,0,0.010057594527016673
INV015616,1,0,0.0013381735189728872
INV015617,1,0,0.010389801951295597
INV015618,1,0,0.0019316815929507763
INV015619,1,0,0.0034732989555561777
INV015620,1,0,0.004993017861042656
INV015621,1,0,0.001527418490792225
INV015622,1,0,0.003130025855374037
INV015623,1,0,0.002180934967539922
INV015624,1,0,0.0028125386015238106
INV015625,1,0,0.004800598381820973
INV015626,1,0,0.004068814018179245
INV015627,1,0,0.0016289376078142158
INV015628,1,0,0.0031849413270705032
INV015629,1,0,0.007630135764106108
INV015630,1,0,0.002828462844480182
INV015631,1,0,0.0043412221864560395
INV015632,1,0,0.003132272995966412
INV015633,1,0,0.0013123601569608471
INV015634,1,0,0.002408173942719978
INV015635,1,0,0.0030278913893064872
INV015636,1,0,0.0026115544717865936
INV015637,1,0,0.00366215850640481
INV015638,1,0,0.006075936456429312
INV015639,1,0,0.002865048900204683
INV015640,1,0,0.003287889890899945
INV015641,1,0,0.00638352407848549
INV015642,1,0,0.004066711935095885
INV015643,1,0,0.004231724036990383
INV015644,1,0,0.003610556269018204
INV015645,1,0,0.0044327805283154754
INV015646,1,0,0.0032338068362468934
INV015647,1,0,0.004276461253773123
INV015648,1,0,0.0033731895043596816
INV015649,1,0,0.003015714750406401
INV015650,1,0,0.008586069992230437
INV015651,1,0,0.004888045133813932
INV015652,1,0,0.0026278136281298087
INV015653,1,0,0.005179594106203959
INV015654,1,0,0.0030161228680619634
INV015655,1,0,0.0038398141440694833
INV015656,1,0,0.0025097570673861453
INV015657,1,0,0.0030763705951120496
INV015658,1,0,0.0036110282305761364
INV015659,1,0,0.0027213201947781022
INV015660,1,0,0.0038083740723914585
INV015661,1,0,0.0042544000020716755
INV015662,1,0,0.0024083167480555695
INV015663,1,0,0.005171124344194032
INV015664,1,0,0.0015194016100630395
INV015665,1,0,0.008076169906434259
INV015666,1,0,0.0025905730068980326
INV015667,1,0,0.0010389510765872899
INV015668,1,0,0.005187649628994948
INV015669,1,0,0.0020777147472533734
INV015670,1,0,0.0007437035847072806
INV015671,1,0,0.0030939714998772716
INV015672,1,0,0.0027205496776244367
INV015673,1,0,0.0021160016431195105
INV015674,1,0,0.0033616928089527775
INV015675,1,0,0.007788545180442016
INV015676,1,0,0.0025368656463291227
INV015677,1,0,0.0016706535499338676
INV015678,1,0,0.005798152103869663
INV015679,1,0,0.006150845176604937
INV015680,1,0,0.01175365774632723
INV015681,1,0,0.0018306333686899056
INV015682,1,0,0.004041048905110244
INV015683,1,0,0.005294846002979754
INV015684,1,0,0.002179499989151184
INV015685,1,0,0.006890822885803481
INV015686,1,0,0.002072992058165287
INV015687,1,0,0.011800958692771828
INV015688,1,0,0.005096238790188292
INV015689,1,0,0.002072992058165287
INV015690,1,0,0.0041271529678349435
INV015691,1,0,0.0017921657768572856
INV015692,1,0,0.0028459836531517283
INV015693,1,0,0.001520873733571303
INV015694,1,0,0.00197792368069923
INV015695,1,0,0.0038261988138446473
INV015696,1,0,0.009756530243372578
INV015697,1,0,0.0018222343766836379
INV015698,1,0,0.0030737008289083833
INV015699,1,0,0.002338259903047536
INV015700,1,0,0.0029856212021510896
INV015701,1,0,0.008179667333616136
INV015702,1,0,0.0011203157280837513
INV015703,1,0,0.005350048839465771
INV015704,1,0,0.0032880511345693415
INV015705,1,0,0.008057207829217044
INV015706,1,0,0.0025223147905114136
INV015707,1,0,0.0015122220399321784
INV015708,1,0,0.0017331562502550613
INV015709,1,0,0.004440605230398467
INV015710,1,0,0.004887834247090654
INV015711,1,0,0.0044072024220610136
INV015712,1,0,0.005328344025025918
INV015713,1,0,0.01520570513720109
INV015714,1,0,0.003509199415907456
INV015715,1,0,0.003575248144820638
INV015716,1,0,0.004502719173151733
INV015717,1,0,0.005667261083764038
INV015718,1,0,0.003566554289023593
INV015719,1,0,0.0014874100326709842
INV015720,1,0,0.004649137679616682
INV015721,1,0,0.0037814437151318238
INV015722,1,0,0.0045990069187717125
INV015723,1,0,0.007987553488595792
INV015724,1,0,0.0031556393028557626
INV015725,1,0,0.0034483324871669137
INV015726,1,0,0.002281164567768955
INV015727,1,0,0.009013362985465505
INV015728,1,0,0.004668749131041738
INV015729,1,0,0.00581995100552537
INV015730,1,0,0.005049552263779708
INV015731,1,0,0.004458495405000613
INV015732,1,0,0.0038962556566258712
INV015733,1,0,0.003341614499722568
INV015734,1,0,0.0025659196929848694
INV015735,1,0,0.0024371135235046674
INV015736,1,0,0.003972395819936559
INV015737,1,0,0.007297785038488979
INV015738,1,0,0.01801577745058001
INV015739,1,0,0.0014503020391770246
INV015740,1,0,0.0021570131828769104
INV015741,1,0,0.014817934374165363
INV015742,1,0,0.0024371135235046674
INV015743,1,0,0.001703068957152946
INV015744,1,0,0.011752523967245505
INV015745,1,0,0.01642591570413583
INV015746,1,0,0.010731674853969137
INV015747,1,0,0.0019380093690546452
INV015748,-1,1,0.03272485174922556
INV015749,1,0,0.0031297104021510355
INV015750,1,0,0.004440316869230279
INV015751,1,0,0.002291030991075808
INV015752,1,0,0.004465155329169685
INV015753,1,0,0.002209303480993404
INV015754,1,0,0.0030146988333262697
INV015755,1,0,0.005008350557098513
INV015756,1,0,0.006710627675566541
INV015757,1,0,0.004679564193563066
INV015758,1,0,0.00192149479041436
INV015759,1,0,0.0031453620661810156
INV015760,1,0,0.001881563480873686
INV015761,1,0,0.002866219147484677
INV015762,1,0,0.005296163759690475
INV015763,1,0,0.003686079408831451
INV015764,1,0,0.00985585590313185
INV015765,1,0,0.00531959109524385
INV015766,1,0,0.0054026369039637204
INV015767,1,0,0.009284647931004392
INV015768,1,0,0.0031017204152845785
INV015769,1,0,0.005438816274049443
INV015770,-1,1,0.0432969501973773
INV015771,1,0,0.0020333224508514826
INV015772,1,0,0.006405738409168221
INV015773,1,0,0.008548471083437823
INV015774,1,0,0.007215193584543541
INV015775,1,0,0.004165123329066094
INV015776,1,0,0.006985092288810923
INV015777,1,0,0.003633521046852201
INV015778,1,0,0.003760477586987012
INV015779,1,0,0.0024394852200537755
INV015780,1,0,0.0036411864138677866
INV015781,1,0,0.0037639816782248305
INV015782,1,0,0.0227484018554425
INV015783,1,0,0.010313786746617246
INV015784,1,0,0.010195483542173738
INV015785,1,0,0.002081631066245618
INV015786,1,0,0.028864890367314457
INV015787,1,0,0.006090072893379757
INV015788,1,0,0.002655063708236922
INV015789,1,0,0.005262560649391289
INV015790,1,0,0.005096945913923275
INV015791,1,0,0.003684544941075441
INV015792,1,0,0.00625012781463735
INV015793,1,0,0.003734355475947612
INV015794,1,0,0.009494038021416492
INV015795,1,0,0.006307717254221161
INV015796,1,0,0.012063241630520928
INV015797,1,0,0.003098124022235526
INV015798,1,0,0.0028881530997770005
INV015799,1,0,0.0039310148883542435
INV015800,1,0,0.001939634332902551
INV015801,1,0,0.0021267153869797702
INV015802,1,0,0.002264378015782161
INV015803,1,0,0.0038273644542316403
INV015804,1,0,0.010206350281121102
INV015805,1,0,0.005497430825008756
INV015806,1,0,0.0018953520884220554
INV015807,1,0,0.00268828545031487
INV015808,1,0,0.0022292499242806286
INV015809,1,0,0.020277832093330873
INV015810,1,0,0.001946764407044366
INV015811,1,0,0.01439932309182396
INV015812,1,0,0.003131623826941
INV015813,1,0,0.005010531734329547
INV015814,1,0,0.0013386286228760519
INV015815,-1,1,0.03742657912250295
INV015816,1,0,0.0025913901026503585
INV015817,1,0,0.002207412563394924
INV015818,1,0,0.004160519458645717
INV015819,1,0,0.004550672373454791
INV015820,1,0,0.0036712994707042428
INV015821,1,0,0.006770852591655097
INV015822,1,0,0.0023692774911483
INV015823,1,0,0.002107364512853783
INV015824,1,0,0.002122250715822281
INV015825,1,0,0.009541217151783812
INV015826,1,0,0.0028733133428185706
INV015827,1,0,0.0023198645455175327
INV015828,1,0,0.005666535630963734
INV015829,1,0,0.007066905778759205
INV015830,1,0,0.0067737379427688146
INV015831,1,0,0.0029758193999175463
INV015832,1,0,0.0019569744355924356
INV015833,1,0,0.02093315310237837
INV015834,1,0,0.003708204232188627
INV015835,1,0,0.004102866982073385
INV015836,1,0,0.004552777257095516
INV015837,-1,1,0.030984014026169942
INV015838,1,0,0.0056587372967234545
INV015839,1,0,0.00326969851958531
INV015840,1,0,0.014375917873432368
INV015841,1,0,0.005198511501269562
INV015842,1,0,0.004614042305042461
INV015843,1,0,0.004886649725515802
INV015844,1,0,0.005040963061159735
INV015845,1,0,0.02783109577478194
INV015846,1,0,0.003187467596569956
INV015847,1,0,0.0036542226740235964
INV015848,1,0,0.007209052024385338
INV015849,1,0,0.004995475712280385
INV015850,1,0,0.002455557904480225
INV015851,1,0,0.002356075554441157
INV015852,1,0,0.005884999427769051
INV015853,-1,1,0.03623517097116182
INV015854,1,0,0.002320089506289265
INV015855,1,0,0.0032024757548857734
INV015856,1,0,0.006097573910569133
INV015857,1,0,0.0014709622194007475
INV015858,1,0,0.010039215800034779
INV015859,1,0,0.008322140785462439
INV015860,1,0,0.0028711782830588973
INV015861,1,0,0.00268638793948541
INV015862,1,0,0.002833508271959282
INV015863,1,0,0.0026340979824800775
INV015864,1,0,0.002858834682979715
INV015865,1,0,0.002612753534647506
INV015866,1,0,0.004052828676894821
INV015867,1,0,0.003406379005688884
INV015868,1,0,0.007811489865129326
INV015869,1,0,0.0020313171121098227
INV015870,1,0,0.003363030162589338
INV015871,1,0,0.002529766098694756
INV015872,1,0,0.0036160399043221212
INV015873,1,0,0.004068423098374796
INV015874,1,0,0.0039480187942919475
INV015875,1,0,0.005249684409889141
INV015876,1,0,0.01769345721109187
INV015877,1,0,0.003941301055847168
INV015878,1,0,0.002321131413206589
INV015879,1,0,0.004484362788764286
INV015880,1,0,0.0027328414941554607
INV015881,1,0,0.002701525705980881
INV015882,1,0,0.0033210820548633326
INV015883,1,0,0.002671443290442394
INV015884,1,0,0.005377394940233837
INV015885,1,0,0.0033013464862838046
INV015886,1,0,0.006203101975825355
INV015887,1,0,0.0072257936726467555
INV015888,1,0,0.0019556273053942604
INV015889,1,0,0.004279960459099599
INV015890,1,0,0.025655171364655654
INV015891,1,0,0.00409990870864503
INV015892,1,0,0.004359421547956574
INV015893,1,0,0.007924126068927874
INV015894,1,0,0.0048283751804287026
INV015895,1,0,0.005066501223587053
INV015896,1,0,0.005004517596066843
INV015897,1,0,0.0032237177597895022
INV015898,1,0,0.004856855674619588
INV015899,1,0,0.008306593923494317
INV015900,1,0,0.0022221799101909538
INV015901,-1,1,0.03498715610895005
INV015902,1,0,0.0022542782399872633
INV015903,1,0,0.002671624342607635
INV015904,1,0,0.0024466917586786407
INV015905,1,0,0.005493434033771692
INV015906,1,0,0.020058797752657863
INV015907,1,0,0.0057833630038964185
INV015908,1,0,0.0029141204807109486
INV015909,-1,1,0.032994670259239196
INV015910,1,0,0.003230916413751923
INV015911,1,0,0.007511989656980687
INV015912,1,0,0.0072300307898977454
INV015913,1,0,0.002726274816027219
INV015914,1,0,0.0069451041658915875
INV015915,1,0,0.02778403492559097
INV015916,1,0,0.005963438918755554
INV015917,1,0,0.004306963447272452
INV015918,1,0,0.0025374045004784634
INV015919,1,0,0.004803295588826894
INV015920,1,0,0.0028040598122727155
INV015921,1,0,0.0047764955814048075
INV015922,1,0,0.008183948117756796
INV015923,1,0,0.005870648265041151
INV015924,1,0,0.0034773194445694914
INV015925,1,0,0.017524849673676506
INV015926,1,0,0.0024049087305915732
INV015927,1,0,0.003315498108803956
INV015928,-1,1,0.03306805711692804
INV015929,1,0,0.003836503116010264
INV015930,1,0,0.012383970983218934
INV015931,1,0,0.006387516587982333
INV015932,1,0,0.0015172031263950454
INV015933,1,0,0.0033716511515409922
INV015934,1,0,0.005379834577850528
INV015935,1,0,0.004585447560100906
INV015936,1,0,0.004415367711630697
INV015937,1,0,0.0017827421245000714
INV015938,1,0,0.001655046504166181
INV015939,1,0,0.009638888496196353
INV015940,1,0,0.0011473276763683095
INV015941,-1,1,0.06679407079872957
INV015942,1,0,0.005072137818012759
INV015943,1,0,0.0029155940924006887
INV015944,1,0,0.0021648982298984112
INV015945,1,0,0.015063657905875065
INV015946,1,0,0.003559513681976934
INV015947,1,0,0.003161823706161513
INV015948,1,0,0.005055737397038005
INV015949,1,0,0.003485659277038488
INV015950,1,0,0.002406659268921258
INV015951,1,0,0.002892746049355831
INV015952,1,0,0.002946900976751762
INV015953,1,0,0.0020062246502959746
INV015954,1,0,0.006787805538093095
INV015955,1,0,0.0036048611977312845
INV015956,1,0,0.002593909372311423
INV015957,1,0,0.0017208770237143378
INV015958,1,0,0.0024590611066746997
INV015959,1,0,0.0022770785393526585
INV015960,1,0,0.003104228532203423
INV015961,1,0,0.007265792490294395
INV015962,1,0,0.008243771874416541
INV015963,1,0,0.004989180501183418
INV015964,1,0,0.0018823065232502676
INV015965,1,0,0.004574368718628031
INV015966,1,0,0.0047565317601955225
INV015967,1,0,0.0068144543769604205
INV015968,1,0,0.002623495845590942
INV015969,1,0,0.0015805444391031832
INV015970,1,0,0.0025726175116708794
INV015971,1,0,0.0011412477879507485
INV015972,1,0,0.007805698378913486
INV015973,1,0,0.00490500972410124
INV015974,1,0,0.0035697974214469754
INV015975,1,0,0.0016965588969759511
INV015976,1,0,0.005052754153727077
INV015977,1,0,0.004616754673582939
INV015978,1,0,0.003685871092665443
INV015979,1,0,0.005585747702860246
INV015980,1,0,0.005334512810948574
INV015981,1,0,0.009991741791294573
INV015982,-1,1,0.03473063141615279
INV015983,1,0,0.002395159798771712
INV015984,1,0,0.002834780450118073
INV015985,1,0,0.003257876986862737
INV015986,1,0,0.004408307327409731
INV015987,1,0,0.0027688326141921734
INV015988,1,0,0.003406981871261248
INV015989,1,0,0.003495897009880548
INV015990,1,0,0.006272359269289484
INV015991,1,0,0.002051240270514034
INV015992,1,0,0.003498392211187159
INV015993,1,0,0.0016092979774390817
INV015994,1,0,0.002347599606977659
INV015995,1,0,0.0028656233761127393
INV015996,1,0,0.0018695848310157565
INV015997,1,0,0.0044868630215919
INV015998,1,0,0.002602950158138339
INV015999,1,0,0.002073402223873319
INV016000,1,0,0.00554759407950711
INV016001,1,0,0.007867228793722118
INV016002,1,0,0.006532935369270155
INV016003,1,0,0.00363555438445228
INV016004,1,0,0.003927788170316034
INV016005,1,0,0.002690524298800554
INV016006,1,0,0.012890182925065089
INV016007,1,0,0.0023042993868936023
INV016008,1,0,0.005057714475239204
INV016009,1,0,0.0032908157195492105
INV016010,1,0,0.0047652885066249056
INV016011,1,0,0.0025174155147760194
INV016012,1,0,0.006962558147051758
INV016013,1,0,0.005598904718083216
INV016014,1,0,0.004743683201769121
INV016015,1,0,0.004586853049944113
INV016016,1,0,0.011613978390346289
INV016017,1,0,0.004588743217676062
INV016018,1,0,0.001788017625193704
INV016019,1,0,0.0024069117739384488
INV016020,1,0,0.0018654994037782839
INV016021,1,0,0.0029113029507126013
INV016022,1,0,0.0023346082707667074
INV016023,1,0,0.003552516621715413
INV016024,1,0,0.0032831407782458865
INV016025,1,0,0.019577973677153658
INV016026,1,0,0.0037667518518907784
INV016027,1,0,0.0029475712563863375
INV016028,1,0,0.014483533417626355
INV016029,1,0,0.005088671319915808
INV016030,1,0,0.0035696559414834647
INV016031,1,0,0.00810318923614404
INV016032,1,0,0.0013552352490212442
INV016033,1,0,0.0016612981328420929
INV016034,1,0,0.0046416551363059316
INV016035,1,0,0.005001421403272198
INV016036,1,0,0.017945666550368063
INV016037,1,0,0.005166457372139403
INV016038,1,0,0.0010098002483533615
INV016039,1,0,0.0018188783363424887
INV016040,1,0,0.002317113013684865
INV016041,1,0,0.0013624077421125532
INV016042,1,0,0.0030555035967771826
INV016043,1,0,0.016463550351250834
INV016044,1,0,0.004905691435866001
INV016045,1,0,0.00542577321720922
INV016046,1,0,0.0022073957148116942
INV016047,1,0,0.0021151648873518566
INV016048,1,0,0.014800212192662055
INV016049,1,0,0.00812576595221926
INV016050,1,0,0.0022977977427153825
INV016051,1,0,0.020324757798635556
INV016052,1,0,0.003439737593379952
INV016053,1,0,0.007053685581003204
INV016054,1,0,0.002133647557077023
INV016055,1,0,0.004168566780669356
INV016056,1,0,0.008319543205335095
INV016057,1,0,0.0038286898281641732
INV016058,1,0,0.002495835274912953
INV016059,1,0,0.005755219322361909
INV016060,-1,1,0.02958714219083665
INV016061,1,0,0.0031913383430846676
INV016062,1,0,0.002151806221650764
INV016063,1,0,0.0013515213162071237
INV016064,1,0,0.0027543275566133656
INV016065,1,0,0.0033181567663602444
INV016066,1,0,0.0028438818921711993
INV016067,1,0,0.002444238763274361
INV016068,1,0,0.005514660628167699
INV016069,1,0,0.002236134316255342
INV016070,1,0,0.003383501086494957
INV016071,1,0,0.0012210349904413266
INV016072,1,0,0.014704500438428756
INV016073,1,0,0.02860096979845539
INV016074,1,0,0.00857074680854619
INV016075,1,0,0.0017061239041507052
INV016076,1,0,0.003377409764120507
INV016077,1,0,0.0055558259811082965
INV016078,1,0,0.006026277054008073
INV016079,1,0,0.0020202881920550926
INV016080,1,0,0.025885318465871263
INV016081,1,0,0.00651426288763587
INV016082,1,0,0.002901985431948998
INV016083,1,0,0.012662583075743205
INV016084,1,0,0.001527810573749072
INV016085,1,0,0.004571344596132242
INV016086,1,0,0.009178811582073908
INV016087,1,0,0.005752385889027278
INV016088,1,0,0.0037710834832719595
INV016089,1,0,0.01734161398120449
INV016090,1,0,0.0033488173954203467
INV016091,1,0,0.0024736846349064797
INV016092,1,0,0.005787276021042806
INV016093,1,0,0.007428340587681772
INV016094,1,0,0.0058612574897541295
INV016095,1,0,0.012396340874307504
INV016096,1,0,0.0015786286686580702
INV016097,1,0,0.005423995402705817
INV016098,1,0,0.0029603337913578338
INV016099,1,0,0.002611325274441899
INV016100,1,0,0.007142950799331727
INV016101,1,0,0.003656115589439654
INV016102,1,0,0.0034195524659679575
INV016103,1,0,0.003214737218268104
INV016104,1,0,0.00164573337559725
INV016105,1,0,0.003458602418487653
INV016106,1,0,0.004310520111703128
INV016107,1,0,0.0032278261195339245
INV016108,1,0,0.002904012296660899
INV016109,1,0,0.00945619052773074
INV016110,1,0,0.018075651024362448
INV016111,1,0,0.004035546728458355
INV016112,1,0,0.0024267612421731252
INV016113,1,0,0.0026076576349291425
INV016114,1,0,0.0035561571802394786
INV016115,1,0,0.004323599855503217
INV016116,1,0,0.0024726613745113964
INV016117,1,0,0.005371771754436121
INV016118,1,0,0.00169552692965825
INV016119,1,0,0.004314537120279912
INV016120,1,0,0.0015576897005250914
INV016121,1,0,0.003206468611894164
INV016122,1,0,0.002390708149840365
INV016123,1,0,0.0021178797519662744
INV016124,1,0,0.008058298346848071
INV016125,1,0,0.005002735377017875
INV016126,1,0,0.00644940440340858
INV016127,1,0,0.003739282668163145
INV016128,1,0,0.00327102648544839
INV016129,1,0,0.0029666366051734486
INV016130,1,0,0.008356741220143736
INV016131,1,0,0.0029029734309792632
INV016132,1,0,0.0043100746338909784
INV016133,1,0,0.0025864532645234993
INV016134,1,0,0.0032000278699007723
INV016135,1,0,0.025050994074138553
INV016136,1,0,0.01889716077101141
INV016137,-1,1,0.05277057982874907
INV016138,1,0,0.012076801486001822
INV016139,1,0,0.0030419278215516143
INV016140,1,0,0.0032072632583154625
INV016141,1,0,0.00968313037979934
INV016142,1,0,0.0029468277531106307
INV016143,1,0,0.002927139219371439
INV016144,1,0,0.003165188828711371
INV016145,1,0,0.0033460146770448148
INV016146,1,0,0.00403252701212943
INV016147,1,0,0.0018628512661893306
INV016148,1,0,0.004316532309337336
INV016149,1,0,0.0026105061745891195
INV016150,1,0,0.0033064739321570064
INV016151,1,0,0.0016943253940431343
INV016152,1,0,0.002969814262401558
INV016153,1,0,0.003906055203942444
INV016154,1,0,0.007279827378125215
INV016155,1,0,0.010117828817721561
INV016156,1,0,0.008679144667107248
INV016157,1,0,0.0027179611412299636
INV016158,1,0,0.005643215202876529
INV016159,1,0,0.001330782083347124
INV016160,1,0,0.0024298200872316963
INV016161,1,0,0.003324940353863172
INV016162,1,0,0.004384233782858334
INV016163,1,0,0.0032779421350858924
INV016164,1,0,0.005248293097497624
INV016165,1,0,0.0027249670101333083
INV016166,1,0,0.0038061194832647084
INV016167,1,0,0.004353866466472612
INV016168,1,0,0.006946029485061922
INV016169,1,0,0.003633991054599461
INV016170,1,0,0.0026990647914822393
INV016171,1,0,0.009949391369571037
INV016172,1,0,0.011749477924464041
INV016173,1,0,0.0026667617074725043
INV016174,1,0,0.00370041603053692
INV016175,1,0,0.004885900957407216
INV016176,1,0,0.0022947285209638795
INV016177,-1,1,0.033918598026797905
INV016178,1,0,0.002581675889227694
INV016179,1,0,0.01019877852028462
INV016180,1,0,0.0032195149117295184
INV016181,1,0,0.006497186998521156
INV016182,1,0,0.0034646718985756556
INV016183,-1,1,0.05005543796788913
INV016184,1,0,0.007465752007475211
INV016185,1,0,0.0027257431377165093
INV016186,1,0,0.0036113942773377964
INV016187,1,0,0.0019511416839236892
INV016188,1,0,0.0026564282346504416
INV016189,1,0,0.004900927097063236
INV016190,1,0,0.0049651309722143384
INV016191,1,0,0.00520372391651444
INV016192,1,0,0.0037305261359912947
INV016193,1,0,0.00589415625950881
INV016194,1,0,0.008544593780548764
INV016195,1,0,0.005389209288657352
INV016196,1,0,0.0010119267061795723
INV016197,1,0,0.0017382912218156137
INV016198,1,0,0.001830513064614306
INV016199,1,0,0.0031021942346975313
INV016200,1,0,0.0022371605598799017
INV016201,1,0,0.004732477499567114
INV016202,1,0,0.003933161057040833
INV016203,1,0,0.0031519158584008694
INV016204,1,0,0.004181161054116317
INV016205,1,0,0.0025263933735659907
INV016206,1,0,0.003122688265098885
INV016207,1,0,0.003846127357886199
INV016208,1,0,0.002854606628640965
INV016209,1,0,0.003989602155179997
INV016210,1,0,0.01950804501279632
INV016211,1,0,0.007872436861089587
INV016212,1,0,0.0008253864596978348
INV016213,1,0,0.0015788232343421414
INV016214,1,0,0.003305424542405612
INV016215,1,0,0.0030605141866464464
INV016216,1,0,0.0020836349146463305
INV016217,1,0,0.0029266837419537083
INV016218,1,0,0.010828667456334049
INV016219,1,0,0.0051768763154884006
INV016220,1,0,0.0030797809230453626
INV016221,-1,1,0.030405606761852978
INV016222,1,0,0.0038780678878220587
INV016223,1,0,0.005318681830820138
INV016224,1,0,0.005141136463086259
INV016225,1,0,0.0031176796277711956
INV016226,1,0,0.0028041333931962645
INV016227,1,0,0.0037042807145183047
INV016228,1,0,0.003819026478692972
INV016229,1,0,0.021613647310781216
INV016230,1,0,0.005189771404692835
INV016231,1,0,0.0041448393148207545
INV016232,1,0,0.005433688136814563
INV016233,1,0,0.01240603395959832
INV016234,1,0,0.011854237748510878
INV016235,1,0,0.00399399441146613
INV016236,1,0,0.002606054489136592
INV016237,1,0,0.006615875720481467
INV016238,1,0,0.007571487099709977
INV016239,1,0,0.0027548119049225243
INV016240,1,0,0.0032474611475829204
INV016241,1,0,0.0037940290401937264
INV016242,1,0,0.003614265671474475
INV016243,1,0,0.001822623567573888
INV016244,1,0,0.002805713136023615
INV016245,1,0,0.0020771899984048338
INV016246,1,0,0.0027286679592070716
INV016247,1,0,0.021538487077847515
INV016248,1,0,0.006108519335644398
INV016249,1,0,0.0016263080746710548
INV016250,1,0,0.000754336169105231
INV016251,1,0,0.004168180856426303
INV016252,1,0,0.0023548734798141007
INV016253,1,0,0.005044939648351896
INV016254,1,0,0.0018531506298746954
INV016255,1,0,0.004640880568937038
INV016256,1,0,0.004289766519551196
INV016257,1,0,0.004829253107411499
INV016258,1,0,0.00238764406180703
INV016259,1,0,0.003922169864557694
INV016260,1,0,0.010003889424653486
INV016261,1,0,0.004041659406704252
INV016262,1,0,0.007668582107235595
INV016263,1,0,0.0022153425637548127
INV016264,1,0,0.0023365472215327514
INV016265,1,0,0.004625623029198523
INV016266,1,0,0.0033193673979759124
INV016267,1,0,0.0068633888713063775
INV016268,1,0,0.0031670232045110554
INV016269,1,0,0.007028925295955616
INV016270,1,0,0.00495686027762388
INV016271,1,0,0.006331054412054819
INV016272,1,0,0.002439955497299663
INV016273,1,0,0.013980803389848967
INV016274,1,0,0.009382586414513165
INV016275,1,0,0.007111117324379527
INV016276,1,0,0.0045614391627292255
INV016277,1,0,0.0036271591343854195
INV016278,1,0,0.004696076361748687
INV016279,1,0,0.002673936804561958
INV016280,1,0,0.0023331895893551817
INV016281,1,0,0.0058769607679044255
INV016282,1,0,0.0034504710056052525
INV016283,1,0,0.003996772353587394
INV016284,1,0,0.0026477176234066227
INV016285,1,0,0.01612666364269588
INV016286,1,0,0.00672719394065513
INV016287,1,0,0.002800178394845954
INV016288,1,0,0.010074633066644046
INV016289,1,0,0.0035868454938150092
INV016290,-1,1,0.1573713194108224
INV016291,1,0,0.003145672239767191
INV016292,1,0,0.0019017084375953224
INV016293,1,0,0.00394550123484191
INV016294,1,0,0.003288439189791245
INV016295,1,0,0.004580352002798027
INV016296,1,0,0.0020816331864697054
INV016297,1,0,0.00839800141215683
INV016298,1,0,0.0038833140834424766
INV016299,1,0,0.01697534691293744
INV016300,1,0,0.01516440839906147
INV016301,1,0,0.0017666292873999363
INV016302,1,0,0.0035297046730384755
INV016303,1,0,0.00484201976589137
INV016304,1,0,0.004182764484325404
INV016305,1,0,0.004168086861066635
INV016306,1,0,0.00671026174137055
INV016307,1,0,0.0024732458904332486
INV016308,1,0,0.002480441445292297
INV016309,1,0,0.0032265210096127576
INV016310,1,0,0.0047377992383883126
INV016311,1,0,0.003107578061005468
INV016312,1,0,0.004043004011410396
INV016313,1,0,0.0014573561885580808
INV016314,1,0,0.0018543203688206882
INV016315,1,0,0.004466441957934057
INV016316,1,0,0.006770210202993166
INV016317,1,0,0.0032474269710552547
INV016318,1,0,0.0022931258838063727
INV016319,1,0,0.003943036147575196
INV016320,1,0,0.0024526802526398054
INV016321,1,0,0.002321818348012411
INV016322,1,0,0.0015067833745192921
INV016323,1,0,0.0035373093142220305
INV016324,1,0,0.001953266153602138
INV016325,1,0,0.016694149544676445
INV016326,1,0,0.00271622274901244
INV016327,1,0,0.008975074809909297
INV016328,1,0,0.00235916998403495
INV016329,1,0,0.0034987665805121886
INV016330,1,0,0.004416474099778103
INV016331,1,0,0.028877534922059953
INV016332,1,0,0.013503553854473358
INV016333,1,0,0.004774409274281752
INV016334,1,0,0.006678908934273985
INV016335,1,0,0.0052316743808063955
INV016336,1,0,0.002553142214357483
INV016337,1,0,0.0032598886516431863
INV016338,1,0,0.0022723091167799053
INV016339,1,0,0.0025003100037695397
INV016340,1,0,0.011179933834248496
INV016341,1,0,0.005534726758015177
INV016342,1,0,0.012078304313068208
INV016343,1,0,0.017087661307414924
INV016344,1,0,0.003986220065345379
INV016345,1,0,0.0024536092982043707
INV016346,1,0,0.006045722369155965
INV016347,1,0,0.003192045001204702
INV016348,1,0,0.001929258840749794
INV016349,1,0,0.0038074806821972902
INV016350,1,0,0.0036723936062247075
INV016351,1,0,0.001658141876753609
INV016352,1,0,0.0014462849706036562
INV016353,1,0,0.005972236276772829
INV016354,1,0,0.0026457585736876315
INV016355,1,0,0.0062603426537758905
INV016356,1,0,0.003154411058446142
INV016357,1,0,0.002319812697254424
INV016358,1,0,0.00363399787267002
INV016359,1,0,0.006083292983577235
INV016360,1,0,0.0020244622001567903
INV016361,1,0,0.0014930220404234674
INV016362,1,0,0.0060066779170952515
INV016363,1,0,0.006079716055216951
INV016364,1,0,0.004425731391656838
INV016365,1,0,0.0021994146856413785
INV016366,1,0,0.009773142883364422
INV016367,1,0,0.002141536534263034
INV016368,1,0,0.005070044383960635
INV016369,1,0,0.004372978026581185
INV016370,1,0,0.0036137877025672446
INV016371,1,0,0.001325320109492065
INV016372,1,0,0.00416785785887835
INV016373,1,0,0.005660015343280913
INV016374,1,0,0.0034105044329393493
INV016375,1,0,0.004042174907979748
INV016376,1,0,0.0026351999537568734
INV016377,1,0,0.008409878992120966
INV016378,1,0,0.003623077262257959
INV016379,1,0,0.0066704264865342505
INV016380,1,0,0.0054262345167628125
INV016381,1,0,0.00589088959849894
INV016382,1,0,0.003382302517596625
INV016383,1,0,0.0050534737335087
INV016384,1,0,0.0015028700601676043
INV016385,1,0,0.0055581153684463765
INV016386,1,0,0.0028457587106286634
INV016387,1,0,0.0022170826641025694
INV016388,1,0,0.0030901510250799496
INV016389,1,0,0.004162397579472689
INV016390,1,0,0.005579499315495566
INV016391,1,0,0.004306772358871322
INV016392,1,0,0.002205912909531339
INV016393,1,0,0.006838369964022287
INV016394,1,0,0.003268246195343622
INV016395,1,0,0.004981819661924736
INV016396,1,0,0.002188395096792208
INV016397,1,0,0.008132641699610395
INV016398,1,0,0.0030333712216446328
INV016399,1,0,0.010241425708695006
INV016400,1,0,0.002852863545577164
INV016401,1,0,0.021514196679772734
INV016402,1,0,0.0013047427214586162
INV016403,1,0,0.002037903501694337
INV016404,1,0,0.0025061834754644243
INV016405,1,0,0.0037186449014119344
INV016406,1,0,0.006200912253739031
INV016407,1,0,0.006487535655478956
INV016408,1,0,0.0031303454947923933
INV016409,1,0,0.005368798741538815
INV016410,1,0,0.018204652400031707
INV016411,1,0,0.0018486550752614614
INV016412,1,0,0.005173970056068764
INV016413,1,0,0.010656273652846205
INV016414,1,0,0.004659904545089669
INV016415,1,0,0.0021674785267540185
INV016416,1,0,0.004249623276003886
INV016417,1,0,0.003612327012820218
INV016418,1,0,0.0026823061060480572
INV016419,1,0,0.0036513712523105696
INV016420,1,0,0.002744456351932572
INV016421,1,0,0.002484700513445962
INV016422,1,0,0.0027200866275679278
INV016423,1,0,0.004787396714428462
INV016424,1,0,0.004159082498191785
INV016425,1,0,0.003408768683050325
INV016426,-1,1,0.030408951495169194
INV016427,1,0,0.002894111670061528
INV016428,1,0,0.005192217744926078
INV016429,1,0,0.0036018254657202244
INV016430,1,0,0.004976198695915243
INV016431,1,0,0.004138816915266093
INV016432,1,0,0.004261271137326223
INV016433,1,0,0.01824075101416351
INV016434,1,0,0.007335140289576857
INV016435,1,0,0.0037419261280805033
INV016436,1,0,0.007985681252056525
INV016437,1,0,0.0034717431133607234
INV016438,1,0,0.009400881884703022
INV016439,1,0,0.003214282901604026
INV016440,1,0,0.0027870179174015715
INV016441,1,0,0.005651533401794622
INV016442,1,0,0.0018122893861271525
INV016443,1,0,0.0033756824124252065
INV016444,1,0,0.00173600060453216
INV016445,1,0,0.001394320812770286
INV016446,1,0,0.007848274400711274
INV016447,1,0,0.00758523795558976
INV016448,1,0,0.010096028861216376
INV016449,1,0,0.0033956387307115666
INV016450,1,0,0.002523581940336667
INV016451,1,0,0.0023759251239754524
INV016452,1,0,0.005263668490026806
INV016453,1,0,0.002293649486133053
INV016454,1,0,0.0033579962187544024
INV016455,1,0,0.003752862944674942
INV016456,1,0,0.002236589271788975
INV016457,1,0,0.005226409212583663
INV016458,1,0,0.0033595900467627737
INV016459,1,0,0.00391532398132581
INV016460,1,0,0.00711883166209871
INV016461,1,0,0.0071676172123812665
INV016462,1,0,0.0020938166092957736
INV016463,1,0,0.002049687857901962
INV016464,1,0,0.0019382437678020922
INV016465,1,0,0.0042148306622875635
INV016466,1,0,0.0014326115503905195
INV016467,1,0,0.0034382946564392143
INV016468,1,0,0.0029448320576760862
INV016469,1,0,0.0052578124689997415
INV016470,1,0,0.005659374657698338
INV016471,1,0,0.017963516587293272
INV016472,1,0,0.006362842343975267
INV016473,-1,1,0.13019881703376587
INV016474,1,0,0.0029584792492936005
INV016475,1,0,0.0033760741484415847
INV016476,1,0,0.00529871766763964
INV016477,1,0,0.0037696860295116127
INV016478,1,0,0.004445534881459644
INV016479,1,0,0.002288503592251665
INV016480,1,0,0.0013403489633275528
INV016481,1,0,0.0034972279833792334
INV016482,1,0,0.005548363587525107
INV016483,1,0,0.003216578342908935
INV016484,1,0,0.007798656306780153
INV016485,1,0,0.0035782907735513693
INV016486,1,0,0.002695118678381335
INV016487,1,0,0.0037926386985540294
INV016488,1,0,0.0031241294534542804
INV016489,1,0,0.017439095849957297
INV016490,1,0,0.0026987665411961352
INV016491,1,0,0.008553463940470275
INV016492,1,0,0.0025531891230858926
INV016493,1,0,0.0025505976969054686
INV016494,1,0,0.0047302928586519565
INV016495,1,0,0.004118126460419975
INV016496,1,0,0.004548492638719402
INV016497,1,0,0.005736046304052749
INV016498,1,0,0.005442562402454366
INV016499,1,0,0.012942972410578795
INV016500,1,0,0.0029201456121088873
INV016501,-1,1,0.03753798333577717
INV016502,1,0,0.0022050197726466224
INV016503,1,0,0.0021968380576843664
INV016504,1,0,0.0036637205821036484
INV016505,1,0,0.004431563022342463
INV016506,1,0,0.0034760871083895804
INV016507,1,0,0.0036448664007383727
INV016508,1,0,0.00373427504158296
INV016509,1,0,0.008943172562256865
INV016510,1,0,0.0022099492338434243
INV016511,1,0,0.0027816498489948564
INV016512,1,0,0.012220395035467705
INV016513,1,0,0.029405373709348908
INV016514,1,0,0.0034824161616380848
INV016515,1,0,0.003291126613905415
INV016516,1,0,0.0053198886450663094
INV016517,-1,1,0.1038023023259027
INV016518,1,0,0.0013254113526874748
INV016519,1,0,0.004177827936282463
INV016520,1,0,0.004394489961923193
INV016521,1,0,0.007903684790833258
INV016522,1,0,0.001967376684755699
INV016523,1,0,0.002449912990317968
INV016524,1,0,0.012751851705836752
INV016525,1,0,0.004017635035299972
INV016526,1,0,0.002663034488109577
INV016527,1,0,0.004670599037612033
INV016528,1,0,0.003448798200340086
INV016529,1,0,0.002624255115106217
INV016530,1,0,0.0022301314521611347
INV016531,1,0,0.002936453347434138
INV016532,1,0,0.0026969284243153198
INV016533,1,0,0.0021628010366249372
INV016534,1,0,0.0024310886178574155
INV016535,1,0,0.003403346221593019
INV016536,1,0,0.0035177041433425275
INV016537,1,0,0.0026793311366113807
INV016538,1,0,0.0036332263962838823
INV016539,1,0,0.0060269544051646294
INV016540,1,0,0.0016734921313518655
INV016541,1,0,0.0028986414801199954
INV016542,-1,1,0.03610552649517046
INV016543,1,0,0.0025422893217854924
INV016544,1,0,0.002533386169927703
INV016545,1,0,0.005411688070298149
INV016546,1,0,0.00551681777990028
INV016547,1,0,0.003058886701479873
INV016548,1,0,0.002579025429443636
INV016549,1,0,0.003662030496038489
INV016550,1,0,0.012754834603127888
INV016551,1,0,0.0017927505266937208
INV016552,1,0,0.0017671510414288176
INV016553,1,0,0.0036724296258218627
INV016554,1,0,0.004747210989106191
INV016555,1,0,0.0035636552483821146
INV016556,1,0,0.0033106860667619343
INV016557,1,0,0.0030440639959304415
INV016558,1,0,0.003921765520861468
INV016559,1,0,0.0036167328562589935
INV016560,1,0,0.003178078863566711
INV016561,1,0,0.0017481003991817914
INV016562,1,0,0.00427906002818836
INV016563,1,0,0.011202194868689072
INV016564,1,0,0.003974795932284206
INV016565,1,0,0.01092444577119025
INV016566,1,0,0.0022679044212583844
INV016567,1,0,0.0032958114408207016
INV016568,1,0,0.005039215280609511
INV016569,1,0,0.005466630014423125
INV016570,1,0,0.0025083506924351673
INV016571,1,0,0.0025164586786516935
INV016572,1,0,0.0025080068557525198
INV016573,1,0,0.004059635774107318
INV016574,1,0,0.0050211854420024
INV016575,1,0,0.0021541674727300736
INV016576,1,0,0.009292493264065348
INV016577,1,0,0.004151931783585837
INV016578,1,0,0.0010056287848971234
INV016579,1,0,0.0036555941126556737
INV016580,1,0,0.0014583200683815788
INV016581,1,0,0.0030520610427010944
INV016582,1,0,0.0005318741538904972
INV016583,1,0,0.0023409400674415854
INV016584,1,0,0.008806146289834896
INV016585,1,0,0.002660179419946664
INV016586,1,0,0.0057130354651257036
INV016587,1,0,0.0036536028573325584
INV016588,1,0,0.012216400490732457
INV016589,1,0,0.00535817127617419
INV016590,1,0,0.003803716172381014
INV016591,-1,1,0.17877435252122334
INV016592,1,0,0.00170135062763697
INV016593,1,0,0.00413311887393144
INV016594,1,0,0.0033278778512889906
INV016595,1,0,0.01674371187934482
INV016596,1,0,0.006342899256934296
INV016597,1,0,0.002197350881772076
INV016598,1,0,0.0039944517707207325
INV016599,1,0,0.0239873463871779
INV016600,1,0,0.0032923569286076692
INV016601,1,0,0.005734954138284719
INV016602,1,0,0.006087733985433581
INV016603,1,0,0.00455152926682488
INV016604,1,0,0.002186032853462427
INV016605,1,0,0.0035014374258756586
INV016606,1,0,0.007413736617609059
INV016607,1,0,0.003222007017266468
INV016608,1,0,0.004478718021376403
INV016609,1,0,0.0022244835983724984
INV016610,1,0,0.004745126403710849
INV016611,1,0,0.0032584347939746423
INV016612,1,0,0.0044422223690497266
INV016613,1,0,0.004091728710016322
INV016614,1,0,0.00791564763944452
INV016615,1,0,0.008361473436347444
INV016616,1,0,0.0038211318478507846
INV016617,1,0,0.008925094918879155
INV016618,1,0,0.003134310099470669
INV016619,1,0,0.003212347355970483
INV016620,1,0,0.007720810692721581
INV016621,1,0,0.0052589912059199115
INV016622,1,0,0.002463835381757215
INV016623,1,0,0.0037288123151726048
INV016624,1,0,0.0015339868834148198
INV016625,-1,1,0.05882353952246819
INV016626,1,0,0.004073474071437778
INV016627,1,0,0.005872426178384831
INV016628,1,0,0.006153605662619017
INV016629,1,0,0.002464915979516207
INV016630,1,0,0.0028105319591053323
INV016631,1,0,0.005554493268251096
INV016632,1,0,0.007681145243964857
INV016633,1,0,0.003877089865085019
INV016634,1,0,0.006287616993506234
INV016635,1,0,0.0021235213312385225
INV016636,1,0,0.006611250673233227
INV016637,1,0,0.00479275201323278
INV016638,1,0,0.010331836965971307
INV016639,1,0,0.004424109758601894
INV016640,1,0,0.002078815749268199
INV016641,1,0,0.005132214540405203
INV016642,1,0,0.006226578260530787
INV016643,1,0,0.00733523899544527
INV016644,1,0,0.004707730259623971
INV016645,-1,1,0.05115599469487021
INV016646,1,0,0.0030027435726170757
INV016647,1,0,0.010499775112273525
INV016648,1,0,0.0016418369952130552
INV016649,1,0,0.014216723150751029
INV016650,1,0,0.005278003847139512
INV016651,1,0,0.006380662629000554
INV016652,1,0,0.007067042912476788
INV016653,1,0,0.003485371532949155
INV016654,1,0,0.002335957735983237
INV016655,-1,1,0.051494490833533746
INV016656,1,0,0.0036284776543620213
INV016657,1,0,0.012617993279451555
INV016658,1,0,0.00537008029903434
INV016659,1,0,0.005196072262277533
INV016660,1,0,0.0035694785606078584
INV016661,1,0,0.0023810769456002138
INV016662,1,0,0.0023061287054159866
INV016663,1,0,0.005433457131417338
INV016664,1,0,0.006215688490810896
INV016665,1,0,0.007899904182479187
INV016666,1,0,0.006192955710791239
INV016667,1,0,0.005494573036178702
INV016668,1,0,0.0038163149126569746
INV016669,1,0,0.0018427009316878842
INV016670,1,0,0.003841982427832993
INV016671,1,0,0.0027815642204331525
INV016672,1,0,0.006030496888359292
INV016673,1,0,0.0031343497341304906
INV016674,1,0,0.0016854397336657384
INV016675,1,0,0.001910481506454654
INV016676,1,0,0.007908558580806899
INV016677,1,0,0.0010533739330644055
INV016678,1,0,0.0014188390140693033
INV016679,1,0,0.002210422995979702
INV016680,1,0,0.004690268584650984
INV016681,1,0,0.0038854027477388275
INV016682,1,0,0.0037844003536960744
INV016683,1,0,0.004788411638551858
INV016684,1,0,0.004137523615778759
INV016685,1,0,0.0021040283933447717
INV016686,1,0,0.0035207845637747056
INV016687,1,0,0.002998479666716469
INV016688,1,0,0.0030526106637535745
INV016689,1,0,0.0005354082653966034
INV016690,1,0,0.0023485722847566616
INV016691,1,0,0.0037813453103152403
INV016692,-1,1,0.15414610062173736
INV016693,1,0,0.0036321861872087562
INV016694,1,0,0.005430493981979983
INV016695,1,0,0.0037149323635325944
INV016696,1,0,0.0015970157177537861
INV016697,1,0,0.0020101167917697736
INV016698,1,0,0.006268744317990402
INV016699,1,0,0.0037527323562007537
INV016700,1,0,0.0020664060259831707
INV016701,1,0,0.0023600452768468157
INV016702,1,0,0.0019639681599238406
INV016703,1,0,0.015029112527290556
INV016704,1,0,0.0027498924051651908
INV016705,1,0,0.0017185092060823417
INV016706,1,0,0.002728530399046173
INV016707,1,0,0.005225735233575166
INV016708,1,0,0.0020898535829871525
INV016709,1,0,0.0019247560586926238
INV016710,1,0,0.005428394616124272
INV016711,1,0,0.0028827672347143435
INV016712,1,0,0.0033352014165920958
INV016713,1,0,0.0018886818224000468
INV016714,1,0,0.01864686154534571
INV016715,1,0,0.0019301624673175183
INV016716,1,0,0.003637096742833105
INV016717,1,0,0.003961758050397013
INV016718,1,0,0.014825319113178569
INV016719,1,0,0.009123788621697337
INV016720,1,0,0.0031486274337194334
INV016721,1,0,0.010356523636981212
INV016722,1,0,0.0032749265536913042
INV016723,1,0,0.006372272126406708
INV016724,1,0,0.003348156723686149
INV016725,1,0,0.003824222270801674
INV016726,1,0,0.011408599028249715
INV016727,1,0,0.006481690954564617
INV016728,-1,1,0.06270825013353107
INV016729,1,0,0.0026135322901990284
INV016730,1,0,0.0023870996314269343
INV016731,1,0,0.0034394953237063637
INV016732,1,0,0.004222569204307924
INV016733,1,0,0.006354719310860014
INV016734,1,0,0.00191304268030009
INV016735,1,0,0.0034040965808042
INV016736,1,0,0.0034973386248896192
INV016737,1,0,0.002598687670621545
INV016738,1,0,0.005820760031013207
INV016739,1,0,0.00951357533518959
INV016740,1,0,0.003019106327486753
INV016741,1,0,0.010611295370665099
INV016742,1,0,0.0022754131330570216
INV016743,1,0,0.0037229468652769794
INV016744,1,0,0.00421949331196311
INV016745,1,0,0.01124484589323473
INV016746,1,0,0.002196072032336983
INV016747,-1,1,0.030662193582185922
INV016748,1,0,0.004205810463690127
INV016749,1,0,0.0033777045945455855
INV016750,1,0,0.0023768620175351903
INV016751,1,0,0.0034276210829294017
INV016752,1,0,0.00305676361751896
INV016753,1,0,0.005706851565266686
INV016754,1,0,0.0024476049449739736
INV016755,1,0,0.0034328931332891434
INV016756,1,0,0.0009105134600305756
INV016757,1,0,0.002024336483330103
INV016758,1,0,0.004763154433702932
INV016759,1,0,0.003417645343545354
INV016760,1,0,0.007549366592087977
INV016761,1,0,0.003749168555243968
INV016762,1,0,0.003779229720506385
INV016763,1,0,0.008326759204183095
INV016764,1,0,0.0016499964680430721
INV016765,1,0,0.004941556908480859
INV016766,1,0,0.0036440993482164466
INV016767,1,0,0.0033102667745200124
INV016768,1,0,0.0032352808337525662
INV016769,1,0,0.004833230460208407
INV016770,1,0,0.003553056456347843
INV016771,1,0,0.0013777296460821742
INV016772,1,0,0.001437191359519323
INV016773,1,0,0.004351177153380411
INV016774,1,0,0.0048739930797212705
INV016775,1,0,0.0034349032163699706
INV016776,1,0,0.0022757803953384736
INV016777,1,0,0.008549490746915108
INV016778,1,0,0.00516272720686354
INV016779,1,0,0.003741939063212194
INV016780,1,0,0.004388362253097737
INV016781,1,0,0.005571794567305741
INV016782,1,0,0.003465450560470594
INV016783,1,0,0.005574508995319045
INV016784,1,0,0.008028467764709876
INV016785,1,0,0.0026280616029003725
INV016786,1,0,0.003948983431128772
INV016787,1,0,0.00886827855983677
INV016788,1,0,0.003196411028803211
INV016789,1,0,0.001767625964471741
INV016790,1,0,0.001351725660914736
INV016791,-1,1,0.033202660400033
INV016792,1,0,0.012947226632411556
INV016793,1,0,0.012260862816555664
INV016794,-1,1,0.03472997691934861
INV016795,1,0,0.004321135266543916
INV016796,1,0,0.00426903080401924
INV016797,1,0,0.0026942550444220095
INV016798,1,0,0.0046473581677371105
INV016799,1,0,0.0043264309726710635
INV016800,1,0,0.009959634975684325
INV016801,1,0,0.0032040007692848925
INV016802,1,0,0.005436170443588827
INV016803,1,0,0.0031236551668149216
INV016804,1,0,0.00475288043042773
INV016805,1,0,0.005943073123376832
INV016806,1,0,0.027279654828443273
INV016807,1,0,0.003082758776925224
INV016808,1,0,0.002685123288924081
INV016809,1,0,0.002489262114289675
INV016810,1,0,0.0023804237369460853
INV016811,1,0,0.003504912816196941
INV016812,1,0,0.017644084875507626
INV016813,1,0,0.0036399336580546096
INV016814,1,0,0.0038129294097029045
INV016815,1,0,0.0015566107048705885
INV016816,1,0,0.0035255619897816243
INV016817,1,0,0.0022663113036430578
INV016818,1,0,0.0051108759290490295
INV016819,1,0,0.0025048088847661604
INV016820,1,0,0.0050388897238038055
INV016821,-1,1,0.04319587030809931
INV016822,1,0,0.003936536147634489
INV016823,1,0,0.0022219028480919335
INV016824,1,0,0.005458412750608075
INV016825,1,0,0.003893678137268861
INV016826,1,0,0.01770930533072938
INV016827,1,0,0.003401473385893409
INV016828,1,0,0.001832576501662972
INV016829,1,0,0.00512747415748805
INV016830,1,0,0.005368586069729098
INV016831,1,0,0.0029118751621355003
INV016832,1,0,0.009452458483250154
INV016833,1,0,0.028959264277505777
INV016834,1,0,0.008578129595701818
INV016835,1,0,0.004593295899647338
INV016836,1,0,0.0030652218549343025
INV016837,1,0,0.0023438845091482124
INV016838,1,0,0.002708768208545698
INV016839,1,0,0.0010108209580875112
INV016840,1,0,0.004045349353657881
INV016841,1,0,0.0035804622609836804
INV016842,1,0,0.0027265810587099267
INV016843,1,0,0.002296146834574341
INV016844,1,0,0.00332674081524271
INV016845,1,0,0.006079567305400701
INV016846,1,0,0.003118052109294109
INV016847,1,0,0.0027208041650008965
INV016848,-1,1,0.035995042989300036
INV016849,1,0,0.0030669795421477603
INV016850,1,0,0.004633466675729957
INV016851,1,0,0.006666473437173157
INV016852,1,0,0.00380771124171689
INV016853,1,0,0.005356442356985837
INV016854,1,0,0.00286214165366099
INV016855,1,0,0.001325268095701378
INV016856,1,0,0.002698713950849596
INV016857,1,0,0.002355512412666956
INV016858,1,0,0.0011976173588798351
INV016859,1,0,0.0020296124572025402
INV016860,1,0,0.0017353461286309776
INV016861,1,0,0.004289098497550857
INV016862,1,0,0.0014001538030261643
INV016863,1,0,0.002184206719683614
INV016864,1,0,0.007434983969906765
INV016865,1,0,0.004986934351545867
INV016866,1,0,0.003776724361509798
INV016867,1,0,0.00860244831776594
INV016868,1,0,0.005061606679476272
INV016869,1,0,0.005957082325382265
INV016870,1,0,0.005254840487921452
INV016871,1,0,0.003875420047239193
INV016872,1,0,0.0028193391952688208
INV016873,1,0,0.016570025731114574
INV016874,1,0,0.005621554556385965
INV016875,1,0,0.0033662881099871195
INV016876,1,0,0.002844597230408682
INV016877,1,0,0.007767431061954163
INV016878,1,0,0.0027548061037461604
INV016879,1,0,0.005231052269715887
INV016880,1,0,0.0015289497697570653
INV016881,1,0,0.0024027945316046962
INV016882,1,0,0.011470164839114836
INV016883,1,0,0.006109614951176477
INV016884,1,0,0.002307132580829015
INV016885,1,0,0.0028306522277451516
INV016886,1,0,0.002343671129002086
INV016887,1,0,0.0031148665733651206
INV016888,1,0,0.0039059772249411965
INV016889,1,0,0.007058843046159393
INV016890,1,0,0.00404597743634678
INV016891,1,0,0.006190012591814124
INV016892,1,0,0.0025947327987637142
INV016893,1,0,0.002645792021008841
INV016894,1,0,0.005449561142351923
INV016895,-1,1,0.06764371451721346
INV016896,1,0,0.0021614137675373085
INV016897,1,0,0.003974148952427965
INV016898,1,0,0.004010477529480714
INV016899,1,0,0.014833702535851569
INV016900,1,0,0.0033451612620631066
INV016901,1,0,0.0027438007510151197
INV016902,1,0,0.00507150495723928
INV016903,1,0,0.0021991164712262985
INV016904,1,0,0.0009020994332403604
INV016905,1,0,0.0058441888391469
INV016906,1,0,0.0024852159882554946
INV016907,1,0,0.02636965701986139
INV016908,1,0,0.007862789506116828
INV016909,1,0,0.007493406157144922
INV016910,1,0,0.002004166282173832
INV016911,1,0,0.0016890621162819718
INV016912,1,0,0.004460495547387199
INV016913,1,0,0.002814678578561985
INV016914,1,0,0.0011942697739007193
INV016915,1,0,0.0036284382748862603
INV016916,1,0,0.011244475182398815
INV016917,1,0,0.0035446727760654537
INV016918,1,0,0.0024907087837809923
INV016919,1,0,0.004191752285327931
INV016920,1,0,0.0033384515585763355
INV016921,1,0,0.0026414140176996936
INV016922,1,0,0.0035977478479378177
INV016923,1,0,0.002631804963921436
INV016924,1,0,0.012377280056597476
INV016925,1,0,0.003192113492177156
INV016926,1,0,0.0036955659219891452
INV016927,1,0,0.005148038010777424
INV016928,1,0,0.012905603732007168
INV016929,1,0,0.013451652166281691
INV016930,1,0,0.0021194089812840078
INV016931,1,0,0.003175538731581014
INV016932,1,0,0.005704868350810675
INV016933,1,0,0.007031973513053073
INV016934,1,0,0.004780923011743245
INV016935,1,0,0.010324612363688887
INV016936,1,0,0.003804314814179992
INV016937,1,0,0.02398134663620541
INV016938,1,0,0.0016664883475347575
INV016939,1,0,0.004684928217887157
INV016940,1,0,0.006903899683642583
INV016941,1,0,0.005995936870310596
INV016942,1,0,0.005318287546622265
INV016943,1,0,0.009666526359182765
INV016944,1,0,0.004143689310684334
INV016945,1,0,0.003237855393704238
INV016946,1,0,0.0017418789666758026
INV016947,1,0,0.006345483444868512
INV016948,1,0,0.0027117635454134833
INV016949,1,0,0.004525309613785358
INV016950,1,0,0.0026486815609603294
INV016951,1,0,0.004935531998895509
INV016952,1,0,0.002290976858039066
INV016953,1,0,0.004317226750487406
INV016954,1,0,0.0018520105084673488
INV016955,1,0,0.004924990744457327
INV016956,1,0,0.000229353072581074
INV016957,1,0,0.009721182062861081
INV016958,1,0,0.003143827317098387
INV016959,1,0,0.006328467011926988
INV016960,1,0,0.008435085486893064
INV016961,1,0,0.0033708852656391015
INV016962,1,0,0.007161658258764391
INV016963,1,0,0.0037678744711108787
INV016964,1,0,0.0034073759393647763
INV016965,1,0,0.0012284208424594432
INV016966,1,0,0.0036549959533849386
INV016967,1,0,0.002322990480615319
INV016968,1,0,0.0043515651972266456
INV016969,1,0,0.01509923132931131
INV016970,1,0,0.02365598180402346
INV016971,1,0,0.004008761778548708
INV016972,1,0,0.0042458645453245245
INV016973,1,0,0.0022940679117754263
INV016974,1,0,0.002819121361394238
INV016975,1,0,0.0050881687273642414
INV016976,1,0,0.0002974980144267221
INV016977,1,0,0.0052891044389877535
INV016978,-1,1,0.035359883520336796
INV016979,1,0,0.0018696320431732844
INV016980,1,0,0.005899954766809693
INV016981,1,0,0.001782374133794555
INV016982,1,0,0.0026682728485677063
INV016983,1,0,0.009536035208820537
INV016984,1,0,0.006424532439887101
INV016985,1,0,0.0027688630794161563
INV016986,1,0,0.0034560061157051796
INV016987,1,0,0.009097554366122695
INV016988,1,0,0.0033186104459817494
INV016989,1,0,0.01381516087736804
INV016990,1,0,0.00342535919641956
INV016991,1,0,0.0027271193632593957
INV016992,1,0,0.0036875154266762444
INV016993,1,0,0.0045096056563797135
INV016994,1,0,0.0034333335109819544
INV016995,1,0,0.0029868480868336443
INV016996,1,0,0.0027195726830114945
INV016997,1,0,0.0028946906735729384
INV016998,1,0,0.006395377502691716
INV016999,1,0,0.0036496021296082344
INV017000,1,0,0.005698950045439702
INV017001,1,0,0.0047917349765368485
INV017002,1,0,0.008038655057640565
INV017003,1,0,0.002772172463812974
INV017004,1,0,0.0022663113036430578
INV017005,1,0,0.012538627293786134
INV017006,1,0,0.004098023374055221
INV017007,1,0,0.003811982774064302
INV017008,1,0,0.0011680376136371463
INV017009,1,0,0.0071854277679032534
INV017010,1,0,0.0044256876200154775
INV017011,1,0,0.00668210004197551
INV017012,1,0,0.009174060969180475
INV017013,1,0,0.007985776622558482
INV017014,1,0,0.013722047718968301
INV017015,1,0,0.0037161202155284482
INV017016,1,0,0.0035603048036847514
INV017017,1,0,0.005908136792951799
INV017018,1,0,0.004037093209338597
INV017019,1,0,0.0063132216353189346
INV017020,1,0,0.013911309899338975
INV017021,1,0,0.006393900867716815
INV017022,1,0,0.00205977689018322
INV017023,1,0,0.005047818036662264
INV017024,1,0,0.00799749919331003
INV017025,1,0,0.006228240196929879
INV017026,1,0,0.003409736291739449
INV017027,1,0,0.0011473276763683095
INV017028,1,0,0.0015868496019294045
INV017029,1,0,0.004169865788158456
INV017030,1,0,0.003071270973406428
INV017031,1,0,0.0019878212882976183
INV017032,1,0,0.0023744559402082387
INV017033,1,0,0.009303931075829802
INV017034,1,0,0.005524424843936469
INV017035,1,0,0.0042388934518565275
INV017036,1,0,0.0014331565260823054
INV017037,1,0,0.003806679343932549
INV017038,-1,1,0.036096270071060574
INV017039,1,0,0.0027348644325475473
INV017040,1,0,0.004864886550547033
INV017041,1,0,0.0026183631070619347
INV017042,1,0,0.005237916062388018
INV017043,1,0,0.003885220996712717
INV017044,1,0,0.0066845390659147136
INV017045,1,0,0.005428233752021672
INV017046,1,0,0.0022313471206661622
INV017047,1,0,0.0020983902338266324
INV017048,1,0,0.0036040571099025683
INV017049,1,0,0.0024335472182704094
INV017050,1,0,0.023107060707450968
INV017051,1,0,0.003552823550698098
INV017052,1,0,0.003795687409430988
INV017053,1,0,0.004159625747496421
INV017054,1,0,0.0032653654779346746
INV017055,1,0,0.0026337828475077483
INV017056,1,0,0.0033804406670752073
INV017057,1,0,0.005888271018962164
INV017058,1,0,0.005811990541602464
INV017059,1,0,0.0028143870220676643
INV017060,1,0,0.002792321750522184
INV017061,-1,1,0.05930805289032673
INV017062,1,0,0.010795808299499766
INV017063,1,0,0.004626099284761233
INV017064,1,0,0.004125185189432898
INV017065,1,0,0.0022718990868495405
INV017066,1,0,0.001988071413648744
INV017067,1,0,0.0038148591001661747
INV017068,1,0,0.009238798456891129
INV017069,1,0,0.003615632593418726
INV017070,1,0,0.008922127402659168
INV017071,1,0,0.006144902874736825
INV017072,1,0,0.0030328457011772336
INV017073,1,0,0.0035550558523597714
INV017074,1,0,0.004125025851822707
INV017075,1,0,0.003419936644703946
INV017076,1,0,0.0034735243591804137
INV017077,1,0,0.006030761887403283
INV017078,1,0,0.0022775327147337887
INV017079,1,0,0.018571102741965224
INV017080,1,0,0.00427961571528334
INV017081,1,0,0.012536989979774794
INV017082,1,0,0.002110649150081989
INV017083,1,0,0.0030836697999410776
INV017084,1,0,0.0019158312883761348
INV017085,1,0,0.012588488102336254
INV017086,1,0,0.004126344731625517
INV017087,1,0,0.006917934293110753
INV017088,1,0,0.0031128615556755565
INV017089,1,0,0.003984212865957624
INV017090,1,0,0.004077140367568093
INV017091,1,0,0.002665336710550145
INV017092,1,0,0.005450975834265469
INV017093,1,0,0.0018823065232502676
INV017094,1,0,0.013945252741832186
INV017095,1,0,0.002631692554888613
INV017096,1,0,0.0059395659725616935
INV017097,1,0,0.004810240631856296
INV017098,1,0,0.0046157004552515365
INV017099,1,0,0.004712756395587743
INV017100,1,0,0.003111679879757742
INV017101,1,0,0.0038116126775693234
INV017102,1,0,0.005527496937509994
INV017103,1,0,0.005906674365517376
INV017104,1,0,0.001992396228832182
INV017105,1,0,0.002562742466949171
INV017106,1,0,0.0026771838233939135
INV017107,1,0,0.008054165577349458
INV017108,1,0,0.003552312078267759
INV017109,1,0,0.0017504151580747217
INV017110,1,0,0.0042925678434057495
INV017111,1,0,0.0038132387056855383
INV017112,1,0,0.01251226396428113
INV017113,1,0,0.0040301706101938395
INV017114,1,0,0.003652883863748197
INV017115,1,0,0.008282405395275014
INV017116,1,0,0.005549417518013967
INV017117,1,0,0.0077201735853648056
INV017118,1,0,0.002884405825741644
INV017119,1,0,0.00250244938556609
INV017120,1,0,0.004918228126947508
INV017121,1,0,0.002156715021220701
INV017122,1,0,0.002372953831362832
INV017123,1,0,0.003705996621113421
INV017124,1,0,0.003056420598939043
INV017125,-1,1,0.0430161649086584
INV017126,1,0,0.004871415285349031
INV017127,1,0,0.006083798056409891
INV017128,1,0,0.003170371251276239
INV017129,1,0,0.006646174273347359
INV017130,1,0,0.002263859925937111
INV017131,1,0,0.0049814475596524944
INV017132,1,0,0.005811331112221717
INV017133,1,0,0.0026236753323211487
INV017134,1,0,0.003069460726915149
INV017135,1,0,0.0030428168516657135
INV017136,1,0,0.0022813585889441073
INV017137,1,0,0.004664786008378784
INV017138,1,0,0.007465217683420327
INV017139,1,0,0.004763481117769945
INV017140,1,0,0.0044246094852872795
INV017141,1,0,0.01628322875636235
INV017142,1,0,0.003190601965485254
INV017143,1,0,0.0036334474471414403
INV017144,1,0,0.00916789402109133
INV017145,1,0,0.007889273144408968
INV017146,1,0,0.0012013349995935783
INV017147,1,0,0.0028156572493983575
INV017148,1,0,0.0033899186105225444
INV017149,1,0,0.0037307305812883823
INV017150,1,0,0.0030626879832511386
INV017151,1,0,0.0038346659236796216
INV017152,1,0,0.003401270758048432
INV017153,1,0,0.004754142491156599
INV017154,1,0,0.005036812069168144
INV017155,1,0,0.004224991683069016
INV017156,1,0,0.009110349347187706
INV017157,1,0,0.0033976911322966
INV017158,1,0,0.003313115529416341
INV017159,1,0,0.011341738648113879
INV017160,1,0,0.004996414987971492
INV017161,1,0,0.00377364441543571
INV017162,1,0,0.006510116616263451
INV017163,1,0,0.0033312798601603947
INV017164,1,0,0.003504913029765911
INV017165,1,0,0.009554587130438172
INV017166,1,0,0.004176495148434833
INV017167,1,0,0.0025523106556057935
INV017168,1,0,0.0026891168571580595
INV017169,1,0,0.0023128298863268715
INV017170,1,0,0.002537578801536976
INV017171,1,0,0.0031030438515107935
INV017172,1,0,0.004862785795078584
INV017173,1,0,0.004321156084851655
INV017174,1,0,0.003063572664965772
INV017175,1,0,0.0028011060168494245
INV017176,1,0,0.0023438845091482067
INV017177,1,0,0.0019040991417070114
INV017178,1,0,0.0028250938711582843
INV017179,1,0,0.002657710737114657
INV017180,1,0,0.0023369928181785305
INV017181,1,0,0.024729674831228184
INV017182,1,0,0.0007985555605441581
INV017183,1,0,0.023080377629459282
INV017184,1,0,0.0035708157085135813
INV017185,1,0,0.0055329241963366855
INV017186,1,0,0.004681998730241188
INV017187,-1,1,0.05007566963037812
INV017188,1,0,0.008135201195982884
INV017189,1,0,0.010220175278867457
INV017190,1,0,0.0026381638453799264
INV017191,1,0,0.003389634087618849
INV017192,1,0,0.0021845838838125864
INV017193,1,0,0.018527883177425736
INV017194,1,0,0.0036436470472238597
INV017195,1,0,0.0032665201061788485
INV017196,1,0,0.005178496247353697
INV017197,-1,1,0.03423850306540473
INV017198,1,0,0.01029091098848626
INV017199,1,0,0.0030641533803855295
INV017200,1,0,0.004065323491550154
INV017201,1,0,0.0009777040016980536
INV017202,1,0,0.0044543657207781855
INV017203,1,0,0.02469648074100067
INV017204,1,0,0.003262469302812736
INV017205,1,0,0.005785697420697558
INV017206,1,0,0.0008687892052313917
INV017207,1,0,0.0028565735072102454
INV017208,1,0,0.004088444233799817
INV017209,1,0,0.0026785563542718175
INV017210,1,0,0.007211137927147671
INV017211,1,0,0.012557811671457655
INV017212,1,0,0.0018786563311714633
INV017213,1,0,0.001154397221812521
INV017214,1,0,0.009496617842300967
INV017215,1,0,0.005969895286855628
INV017216,1,0,0.0027659742437742673
INV017217,1,0,0.0053264857828457
INV017218,1,0,0.0053050717331397474
INV017219,1,0,0.00222373796453098
INV017220,1,0,0.002056240003351844
INV017221,1,0,0.0035038832498820627
INV017222,1,0,0.0020672071951709503
INV017223,1,0,0.008025347398767901
INV017224,1,0,0.002865803453449464
INV017225,1,0,0.0026632977124821542
INV017226,1,0,0.003518041774322936
INV017227,1,0,0.004733155575073912
INV017228,1,0,0.001383466535302936
INV017229,1,0,0.003977554880516023
INV017230,1,0,0.0015983540437237342
INV017231,1,0,0.0015758488158306013
INV017232,1,0,0.005587677008104974
INV017233,1,0,0.011953060207336988
INV017234,1,0,0.002018885264794188
INV017235,1,0,0.0038599863371949813
INV017236,1,0,0.0038894511587999154
INV017237,1,0,0.010141641881810676
INV017238,1,0,0.0027786930335992215
INV017239,1,0,0.005495185088480286
INV017240,1,0,0.0031935399199978713
INV017241,1,0,0.005239832549416194
INV017242,1,0,0.006562303946401044
INV017243,1,0,0.002467139433328749
INV017244,1,0,0.0008096152436282287
INV017245,1,0,0.0005899352869350695
INV017246,1,0,0.002266413958569298
INV017247,1,0,0.002277114046094998
INV017248,1,0,0.004869370300704394
INV017249,1,0,0.0068242324693505605
INV017250,1,0,0.0037300375598981863
INV017251,1,0,0.005574033539845162
INV017252,1,0,0.0037793123833565895
INV017253,1,0,0.0038558485475535063
INV017254,1,0,0.001251556463912453
INV017255,1,0,0.0021644150732142613
INV017256,1,0,0.0020667464765967143
INV017257,1,0,0.006561851663520731
INV017258,1,0,0.0036196102083751376
INV017259,1,0,0.0076675777420398255
INV017260,1,0,0.004429284346079229
INV017261,1,0,0.001441917439832859
INV017262,1,0,0.0023368281757228737
INV017263,1,0,0.002129821605093463
INV017264,1,0,0.0014228754438589013
INV017265,1,0,0.013587464297313646
INV017266,1,0,0.0018254838559450337
INV017267,1,0,0.0027523572307943446
INV017268,1,0,0.0021960441945170803
INV017269,1,0,0.003460265219894797
INV017270,1,0,0.00190912356732955
INV017271,1,0,0.00649037445282249
INV017272,1,0,0.0021593842409696746
INV017273,1,0,0.010536848235314969
INV017274,1,0,0.004405097547414238
INV017275,1,0,0.005606502389419539
INV017276,1,0,0.005033314239966692
INV017277,1,0,0.009626409096853177
INV017278,1,0,0.00681451688759987
INV017279,1,0,0.002188954339223346
INV017280,1,0,0.0021357581590087807
INV017281,1,0,0.005104256363699621
INV017282,1,0,0.0031766837790978882
INV017283,1,0,0.003653119074940182
INV017284,1,0,0.0050730008481608396
INV017285,1,0,0.0024940027306158256
INV017286,1,0,0.005737316721517698
INV017287,1,0,0.007368405480487578
INV017288,1,0,0.004783426522045197
INV017289,1,0,0.0017576501396803534
INV017290,1,0,0.0037492164578967254
INV017291,1,0,0.021499306097474684
INV017292,1,0,0.0048097483443380815
INV017293,1,0,0.003294144457253748
INV017294,1,0,0.005358217629333954
INV017295,1,0,0.003330786767911274
INV017296,1,0,0.00216612434096168
INV017297,1,0,0.002347691938481691
INV017298,1,0,0.008030945364104465
INV017299,1,0,0.0021322280755959044
INV017300,1,0,0.004362689429970321
INV017301,1,0,0.0016894614074377332
INV017302,1,0,0.0015704493560115117
INV017303,1,0,0.004572581697874874
INV017304,1,0,0.0032117259432224076
INV017305,1,0,0.004141104490735287
INV017306,1,0,0.010837447198330161
INV017307,1,0,0.0032573655662657785
INV017308,1,0,0.002157105234745499
INV017309,1,0,0.0026899916230463585
INV017310,1,0,0.002942210903696513
INV017311,1,0,0.00697776105280204
INV017312,1,0,0.0038586348965490755
INV017313,-1,1,0.05088618244225696
INV017314,1,0,0.0024489097033466582
INV017315,1,0,0.004032272243526905
INV017316,1,0,0.0038818268064186373
INV017317,1,0,0.0024211834768477058
INV017318,1,0,0.0020221548299304746
INV017319,1,0,0.0035844580218808266
INV017320,1,0,0.002196301669019183
INV017321,1,0,0.003524568818158981
INV017322,1,0,0.007783892306136746
INV017323,1,0,0.0017908343280322663
INV017324,1,0,0.0020210670378919032
INV017325,1,0,0.00727637763958944
INV017326,1,0,0.003527602543617111
INV017327,1,0,0.003233603146539095
INV017328,-1,1,0.050450493054520346
INV017329,1,0,0.00418788740275035
INV017330,1,0,0.002148612061293119
INV017331,1,0,0.0036407502845373025
INV017332,1,0,0.005240941743082836
INV017333,1,0,0.0016714292751573052
INV017334,1,0,0.002927484172200711
INV017335,1,0,0.0016880520270066877
INV017336,1,0,0.0012865276394283386
INV017337,1,0,0.003768074526519772
INV017338,1,0,0.005495700253308676
INV017339,1,0,0.0023223628410747738
INV017340,1,0,0.002207388029661409
INV017341,1,0,0.0019042748875579673
INV017342,1,0,0.002971715710076919
INV017343,1,0,0.005063021694354532
INV017344,1,0,0.007967931541362583
INV017345,1,0,0.009539215340108835
INV017346,1,0,0.001742116608536866
INV017347,-1,1,0.04613209532572336
INV017348,1,0,0.0023275247425407456
INV017349,1,0,0.003010591811955402
INV017350,1,0,0.0019619587501000994
INV017351,1,0,0.005383607940606852
INV017352,1,0,0.007979406648289418
INV017353,-1,1,0.034484809991924346
INV017354,1,0,0.006172019985061994
INV017355,1,0,0.0012217838252861477
INV017356,1,0,0.023124483261803545
INV017357,1,0,0.0024463989570513997
INV017358,1,0,0.005609370716411315
INV017359,1,0,0.005789636465719049
INV017360,1,0,0.0029609558333332266
INV017361,1,0,0.0002955553516849151
INV017362,1,0,0.003682960280423717
INV017363,1,0,0.0038424787632859447
INV017364,1,0,0.002154409665817063
INV017365,1,0,0.0024252160836867186
INV017366,1,0,0.00755556647776009
INV017367,1,0,0.003873922206798057
INV017368,1,0,0.0025656285232346977
INV017369,1,0,0.0020445288290423073
INV017370,1,0,0.0033939532332887775
INV017371,1,0,0.0030632745943735755
INV017372,1,0,0.003544875381436456
INV017373,1,0,0.005652851313101146
INV017374,1,0,0.0015027380725639277
INV017375,1,0,0.003241491302229002
INV017376,1,0,0.004182854877477279
INV017377,1,0,0.0024497320891560983
INV017378,1,0,0.0037072670518624707
INV017379,1,0,0.002306551370214862
INV017380,1,0,0.0029463078362927633
INV017381,1,0,0.0034259749616946155
INV017382,1,0,0.002637229033204918
INV017383,1,0,0.009865521240752942
INV017384,1,0,0.0035929375822427124
INV017385,1,0,0.0033289098990921242
INV017386,1,0,0.0036091731017768186
INV017387,1,0,0.0014605798787621638
INV017388,1,0,0.0018106913142797298
INV017389,1,0,0.002474999804610761
INV017390,1,0,0.011041848226462774
INV017391,1,0,0.015441091056787658
INV017392,1,0,0.0015571376456778232
INV017393,1,0,0.002261438785086446
INV017394,1,0,0.0039642089245717025
INV017395,1,0,0.007109418069018654
INV017396,1,0,0.0018250824910224486
INV017397,1,0,0.004067584975686648
INV017398,1,0,0.0021095357143834934
INV017399,1,0,0.0027571322300126194
INV017400,1,0,0.005492870645920199
INV017401,1,0,0.002770583016726768
INV017402,-1,1,0.06324854073129357
INV017403,1,0,0.003651029554115492
INV017404,1,0,0.007381877465020196
INV017405,1,0,0.004623737632744417
INV017406,1,0,0.0026685924476188326
INV017407,1,0,0.0030360826511801747
INV017408,1,0,0.006558415747627511
INV017409,1,0,0.004139877607787122
INV017410,1,0,0.003176632945451334
INV017411,1,0,0.005068652789176613
INV017412,1,0,0.003755409349024187
INV017413,1,0,0.0020932198043913303
INV017414,1,0,0.0036916566361452348
INV017415,1,0,0.00684893862700049
INV017416,1,0,0.0021730049478507056
INV017417,1,0,0.003288345643913735
INV017418,-1,1,0.04029234368429889
INV017419,1,0,0.004406857233589777
INV017420,1,0,0.0026693069292468936
INV017421,1,0,0.015887247506387835
INV017422,1,0,0.004799229719480482
INV017423,1,0,0.001963105388298599
INV017424,1,0,0.008904373434373886
INV017425,1,0,0.0019219555569446524
INV017426,-1,1,0.038633012553112245
INV017427,1,0,0.002716251629843316
INV017428,1,0,0.002367966548648859
INV017429,1,0,0.011226269383109269
INV017430,1,0,0.004333002252084336
INV017431,1,0,0.020576054636888025
INV017432,1,0,0.018084897297105093
INV017433,1,0,0.010799594695541778
INV017434,1,0,0.0053116295159192865
INV017435,1,0,0.0030616199381088864
INV017436,1,0,0.0017291205785866794
INV017437,1,0,0.0011511231949669378
INV017438,1,0,0.003789918839395967
INV017439,1,0,0.0021031097608080933
INV017440,1,0,0.0021536645854548517
INV017441,1,0,0.0036844920338905923
INV017442,1,0,0.003191997936789827
INV017443,1,0,0.0037760051109826677
INV017444,1,0,0.0014078358882158714
INV017445,1,0,0.004620182261956941
INV017446,1,0,0.004201856182905667
INV017447,1,0,0.01461016267559737
INV017448,1,0,0.0025452274643261935
INV017449,1,0,0.002501726929163617
INV017450,1,0,0.0016031791385035783
INV017451,1,0,0.0035341284279807616
INV017452,1,0,0.0031715050832843428
INV017453,1,0,0.004810258175887369
INV017454,1,0,0.0044467296641208945
INV017455,1,0,0.0027195726830114945
INV017456,1,0,0.0047884251473662735
INV017457,1,0,0.003359295168873077
INV017458,1,0,0.002507621666983577
INV017459,1,0,0.004331931444585985
INV017460,1,0,0.0045748550676690146
INV017461,1,0,0.003689977820273849
INV017462,1,0,0.0029376354591246043
INV017463,1,0,0.008295900166255412
INV017464,1,0,0.006959379790564874
INV017465,1,0,0.005018977676184459
INV017466,1,0,0.0042885157972236045
INV017467,1,0,0.004181039085743732
INV017468,1,0,0.0010136882521023824
INV017469,1,0,0.0033927914266152063
INV017470,1,0,0.005075861864786325
INV017471,1,0,0.0032462643753874967
INV017472,1,0,0.00741111012435118
INV017473,1,0,0.008589139295534792
INV017474,1,0,0.0016155490436937814
INV017475,1,0,0.02691518370532723
INV017476,1,0,0.007740570447998393
INV017477,1,0,0.011296984091851512
INV017478,1,0,0.003630124122184608
INV017479,1,0,0.0029417735485645653
INV017480,1,0,0.009065855159741357
INV017481,1,0,0.003326600374767853
INV017482,1,0,0.0037629477847717606
INV017483,1,0,0.0014821778842088996
INV017484,1,0,0.012984155512296832
INV017485,1,0,0.007443538290532455
INV017486,1,0,0.011411179832240593
INV017487,1,0,0.0033578754759115473
INV017488,1,0,0.0021444814624640355
INV017489,1,0,0.0007819305672435469
INV017490,1,0,0.0029162592001075564
INV017491,1,0,0.0036617398837779282
INV017492,1,0,0.002922004370047293
INV017493,1,0,0.002775590177030629
INV017494,1,0,0.016106068782816174
INV017495,1,0,0.004328588068125553
INV017496,1,0,0.0032837250912125505
INV017497,1,0,0.0052769750571099085
INV017498,1,0,0.002075541609706408
INV017499,1,0,0.002584580681441449
INV017500,1,0,0.0021991164712262985
INV017501,1,0,0.0033877723612682625
INV017502,1,0,0.0033686307729347137
INV017503,1,0,0.0034412810102459565
INV017504,1,0,0.013659664710971482
INV017505,1,0,0.010350489907541133
INV017506,1,0,0.00359781257548225
INV017507,1,0,0.005012879266601982
INV017508,1,0,0.004351390667969063
INV017509,1,0,0.006404967820381412
INV017510,1,0,0.01715408165058762
INV017511,1,0,0.004778981497717832
INV017512,1,0,0.0033130329025883145
INV017513,1,0,0.004008250149802122
INV017514,1,0,0.0018502530610256668
INV017515,1,0,0.00418211773118008
INV017516,1,0,0.006107468001970031
INV017517,1,0,0.004492004113087923
INV017518,1,0,0.003251873775153698
INV017519,1,0,0.006056928824397781
INV017520,1,0,0.0034226119884983777
INV017521,1,0,0.0031523103405632228
INV017522,1,0,0.0030840443294492042
INV017523,1,0,0.003800267382254344
INV017524,1,0,0.016009688356189954
INV017525,1,0,0.003999325466202678
INV017526,1,0,0.0023819137537470247
INV017527,1,0,0.005994443325389649
INV017528,1,0,0.010466475326354254
INV017529,1,0,0.005366963857753533
INV017530,1,0,0.0049227404531005155
INV017531,1,0,0.005814906612762768
INV017532,1,0,0.0022867735113323074
INV017533,1,0,0.0044863018244870045
INV017534,1,0,0.005422855805968035
INV017535,1,0,0.0026998473604841556
INV017536,1,0,0.004002861933115032
INV017537,1,0,0.0038400623964315005
INV017538,1,0,0.007035390017591614
INV017539,1,0,0.014782367839776066
INV017540,1,0,0.02754539824712957
INV017541,-1,1,0.03698342891103592
INV017542,1,0,0.0042632195769046815
INV017543,1,0,0.004764746149487798
INV017544,1,0,0.004073665522302482
INV017545,1,0,0.019509526429128586
INV017546,1,0,0.0012885363173036428
INV017547,1,0,0.005220061934820954
INV017548,1,0,0.02793204773551118
INV017549,1,0,0.002560875954317959
INV017550,1,0,0.010938105500966359
INV017551,1,0,0.0024612904592475173
INV017552,1,0,0.002304234670259654
INV017553,1,0,0.006189304159927679
INV017554,1,0,0.001104630476320215
INV017555,1,0,0.0038175033769867694
INV017556,1,0,0.003383413843568643
INV017557,1,0,0.0032206402302960117
INV017558,1,0,0.00349764072815007
INV017559,1,0,0.0030973041778355787
INV017560,1,0,0.006673157020240726
INV017561,1,0,0.0015152134331097536
INV017562,1,0,0.01917163858322583
INV017563,1,0,0.00537859117795754
INV017564,1,0,0.003228531934418544
INV017565,1,0,0.0025752536062452927
INV017566,1,0,0.0035469912644971314
INV017567,1,0,0.004478703550833995
INV017568,1,0,0.002459642000290796
INV017569,1,0,0.0025734361904523034
INV017570,1,0,0.0027767449668722913
INV017571,1,0,0.001087967770513815
INV017572,1,0,0.003276559332182659
INV017573,1,0,0.00469583182897941
INV017574,1,0,0.002032528466548683
INV017575,1,0,0.0032404396178713777
INV017576,1,0,0.0010158369897867233
INV017577,1,0,0.004054200112645999
INV017578,1,0,0.0059725930424064395
INV017579,1,0,0.002938904321295398
INV017580,1,0,0.009148350891247504
INV017581,1,0,0.008414528194239091
INV017582,1,0,0.0022147289900934374
INV017583,1,0,0.002770063673609061
INV017584,1,0,0.003507187098080135
INV017585,1,0,0.005042906242538529
INV017586,-1,1,0.052586966788067825
INV017587,1,0,0.0054597114750644495
INV017588,1,0,0.0051729405529732965
INV017589,1,0,0.0019539607729196686
INV017590,1,0,0.007079262660397988
INV017591,1,0,0.010677736972351875
INV017592,1,0,0.0026330883582841723
INV017593,1,0,0.008511066744358971
INV017594,1,0,0.0038072759387012037
INV017595,1,0,0.0070667928102406624
INV017596,1,0,0.0033363946282393628
INV017597,-1,1,0.0466800101129604
INV017598,-1,1,0.03159498722206314
INV017599,1,0,0.00586438891352689
INV017600,1,0,0.007333845572389318
INV017601,1,0,0.0037195217874597198
INV017602,1,0,0.0015338587552666393
INV017603,1,0,0.014261782335200647
INV017604,1,0,0.0032811581075439093
INV017605,1,0,0.0028367181454975227
INV017606,1,0,0.004377794687491254
INV017607,1,0,0.0030999508068701893
INV017608,1,0,0.008393678359158675
INV017609,1,0,0.0036389590589255643
INV017610,1,0,0.0030083050490193938
INV017611,1,0,0.004416474099778103
INV017612,1,0,0.006280684752739485
INV017613,1,0,0.019429752422339956
INV017614,1,0,0.0027433049082811706
INV017615,1,0,0.005180310312264485
INV017616,1,0,0.008165042736177349
INV017617,1,0,0.0032081596242883362
INV017618,1,0,0.0033218419742137724
INV017619,-1,1,0.220266009183288
INV017620,1,0,0.024759015554170826
INV017621,1,0,0.008420938096386759
INV017622,1,0,0.023046480531664113
INV017623,1,0,0.0032322257947578694
INV017624,1,0,0.004210538188410239
INV017625,1,0,0.004966325080546388
INV017626,-1,1,0.03188462773520194
INV017627,1,0,0.0037458811155923174
INV017628,1,0,0.0018470941746747435
INV017629,1,0,0.008721772597342596
INV017630,1,0,0.012874499617516669
INV017631,1,0,0.014190209512100973
INV017632,1,0,0.003879655180338294
INV017633,1,0,0.0037931331575818583
INV017634,1,0,0.0022856612113149456
INV017635,1,0,0.004612911528401937
INV017636,1,0,0.0036633091773659063
INV017637,1,0,0.026541496100423275
INV017638,1,0,0.0033939556575047457
INV017639,1,0,0.00430360315588771
INV017640,1,0,0.005991291072111899
INV017641,1,0,0.0033332193819218064
INV017642,1,0,0.0023751395962645794
INV017643,1,0,0.01198780142857819
INV017644,1,0,0.011111412370582396
INV017645,1,0,0.004207902611684921
INV017646,1,0,0.004713202223938241
INV017647,-1,1,0.03033046674855834
INV017648,1,0,0.0023551175351875686
INV017649,1,0,0.0057685420025901085
INV017650,1,0,0.00166838183013896
INV017651,1,0,0.0030824218354724626
INV017652,1,0,0.0015663352522192512
INV017653,1,0,0.002066791195092077
INV017654,1,0,0.008220988758289588
INV017655,1,0,0.003568424091797437
INV017656,1,0,0.027403956159603754
INV017657,1,0,0.006213914449595216
INV017658,1,0,0.0028514869396259425
INV017659,1,0,0.0030414019507419934
INV017660,1,0,0.013775957034053888
INV017661,1,0,0.005603801072496692
INV017662,1,0,0.0025018948151924267
INV017663,1,0,0.01187714274003889
INV017664,1,0,0.0026105081324044595
INV017665,1,0,0.004259513657576597
INV017666,1,0,0.005019652642579395
INV017667,1,0,0.004757104844817929
INV017668,1,0,0.003061166896353976
INV017669,1,0,0.002559331465098502
INV017670,1,0,0.0019463992129869073
INV017671,1,0,0.0016976040013372596
INV017672,1,0,0.007276789531787523
INV017673,1,0,0.0030336557631414603
INV017674,1,0,0.0024191180394573897
INV017675,1,0,0.0034297561348424262
INV017676,1,0,0.004180963165691066
INV017677,1,0,0.002878732459971113
INV017678,1,0,0.0026321368454388858
INV017679,1,0,0.007340181251274299
INV017680,1,0,0.004068645633133055
INV017681,1,0,0.0030368254603695094
INV017682,1,0,0.0037585669232103464
INV017683,1,0,0.0027009489767490904
INV017684,-1,1,0.22334993911899717
INV017685,1,0,0.0033098229814918405
INV017686,1,0,0.004390630105120963
INV017687,1,0,0.0015563748252672093
INV017688,1,0,0.003741087644198684
INV017689,1,0,0.006787586737655515
INV017690,1,0,0.00302825761451012
INV017691,1,0,0.0022908831159241375
INV017692,1,0,0.00332279689244652
INV017693,1,0,0.0025536129079818098
INV017694,1,0,0.003362890900321546
INV017695,1,0,0.004622099567967362
INV017696,1,0,0.006669098262551128
INV017697,1,0,0.004852959488893776
INV017698,1,0,0.0027225199279909545
INV017699,1,0,0.0040950598680200385
INV017700,1,0,0.003296095386544008
INV017701,1,0,0.0018315296361215707
INV017702,1,0,0.01154878436283122
INV017703,1,0,0.021375756831056646
INV017704,1,0,0.005442691855512943
INV017705,1,0,0.008801988974346012
INV017706,1,0,0.009087920708798018
INV017707,1,0,0.005776525733589598
INV017708,1,0,0.003730485160990038
INV017709,1,0,0.003672353392527259
INV017710,1,0,0.002385013552652613
INV017711,1,0,0.0028185094376763785
INV017712,1,0,0.023764067016609013
INV017713,1,0,0.005774405831020335
INV017714,1,0,0.0035376250607805724
INV017715,1,0,0.0020884344534767047
INV017716,1,0,0.005496348121256033
INV017717,1,0,0.0029242023785906145
INV017718,1,0,0.003504029217903046
INV017719,1,0,0.002633564645816601
INV017720,1,0,0.003119212954765931
INV017721,1,0,0.0035711254156300925
INV017722,1,0,0.002563908842843121
INV017723,1,0,0.005614461664470973
INV017724,1,0,0.004726650708671285
INV017725,1,0,0.010878690099799705
INV017726,1,0,0.0054801714840701085
INV017727,1,0,0.0028511868765395717
INV017728,1,0,0.004806882888384747
INV017729,1,0,0.0010879677705138092
INV017730,1,0,0.0016360195885023491
INV017731,1,0,0.006080547767517511
INV017732,1,0,0.00792621284167255
INV017733,1,0,0.00700367736251143
INV017734,1,0,0.009745711619201163
INV017735,1,0,0.01805837424914577
INV017736,1,0,0.002082797713031764
INV017737,1,0,0.0043255933358227385
INV017738,1,0,0.005060837186919831
INV017739,1,0,0.002773180291963881
INV017740,1,0,0.002709115291402787
INV017741,-1,1,0.1317589837826105
INV017742,1,0,0.003868871924240547
INV017743,1,0,0.003743205555405692
INV017744,1,0,0.0008492016347123527
INV017745,1,0,0.002250134589678709
INV017746,1,0,0.0024640972807636967
INV017747,1,0,0.005813690671027178
INV017748,1,0,0.008597028712442327
INV017749,1,0,0.0030105575951329022
INV017750,1,0,0.0018182340346623858
INV017751,1,0,0.003276404257090478
INV017752,1,0,0.0035332060756229793
INV017753,1,0,0.0035736177526679283
INV017754,1,0,0.0010784443513015512
INV017755,1,0,0.007258298947675497
INV017756,1,0,0.005256432303584791
INV017757,1,0,0.002519222290934962
INV017758,1,0,0.014020705925585228
INV017759,1,0,0.002093937957411885
INV017760,1,0,0.0036380994279103726
INV017761,1,0,0.0028411877664742385
INV017762,1,0,0.002817139048540233
INV017763,1,0,0.0021773336280706407
INV017764,1,0,0.004009554441694313
INV017765,1,0,0.0033852231326225416
INV017766,1,0,0.0022048060015792746
INV017767,1,0,0.0015669172649439248
INV017768,1,0,0.0024784155971674213
INV017769,1,0,0.002281196264728531
INV017770,1,0,0.004494517988006238
INV017771,1,0,0.014840996751589267
INV017772,1,0,0.002483521057773706
INV017773,1,0,0.0028422228085889143
INV017774,1,0,0.0013952654744438851
INV017775,1,0,0.004109643813324014
INV017776,1,0,0.006694993436909484
INV017777,1,0,0.008888526912152018
INV017778,1,0,0.00256259521810983
INV017779,1,0,0.004494098488021573
INV017780,1,0,0.0029932288477687676
INV017781,1,0,0.00782237284942291
INV017782,1,0,0.0021080111719797064
INV017783,1,0,0.0020640230079278297
INV017784,1,0,0.007094571208977714
INV017785,1,0,0.004007162893229107
INV017786,1,0,0.009024762474514746
INV017787,1,0,0.014695706067289165
INV017788,1,0,0.007532014761306239
INV017789,1,0,0.0031068533584330095
INV017790,1,0,0.0032489283849060804
INV017791,1,0,0.0032161118043128214
INV017792,1,0,0.02345621343575077
INV017793,1,0,0.004591081754653722
INV017794,1,0,0.004190670676373389
INV017795,1,0,0.007875198180081025
INV017796,1,0,0.0040717660648768505
INV017797,1,0,0.0034651049863909183
INV017798,1,0,0.0030822789963901812
INV017799,1,0,0.0036584667182814417
INV017800,1,0,0.0056868710767465636
INV017801,1,0,0.002072992058165287
INV017802,1,0,0.004635310482842175
INV017803,1,0,0.011149150006052924
INV017804,1,0,0.0037629073169258343
INV017805,1,0,0.003699743846571898
INV017806,1,0,0.004360731883366842
INV017807,1,0,0.007803274386419994
INV017808,1,0,0.002035372123617893
INV017809,1,0,0.00435145288935634
INV017810,1,0,0.0036091601718889503
INV017811,1,0,0.0023845608189595672
INV017812,1,0,0.005324740701651002
INV017813,1,0,0.009256119485078642
INV017814,1,0,0.0033958173758111628
INV017815,1,0,0.002942876357218483
INV017816,1,0,0.0018620653323204249
INV017817,1,0,0.004028353023075404
INV017818,1,0,0.007164469418802262
INV017819,1,0,0.0032418074659514733
INV017820,1,0,0.002127045616523216
INV017821,1,0,0.002309783029410701
INV017822,1,0,0.003224232181233652
INV017823,1,0,0.011557561088132804
INV017824,1,0,0.004738650287226149
INV017825,1,0,0.0032004658956883937
INV017826,1,0,0.006860236372821452
INV017827,1,0,0.005484157212073462
INV017828,1,0,0.0020776424738807374
INV017829,1,0,0.004390166199580972
INV017830,1,0,0.006066244701740702
INV017831,1,0,0.003247862225687711
INV017832,1,0,0.0013866134805626052
INV017833,1,0,0.002596182258837925
INV017834,1,0,0.0036269743312139706
INV017835,1,0,0.0060200848646574144
INV017836,1,0,0.0016071454615564644
INV017837,1,0,0.008502453178087593
INV017838,1,0,0.0017102676748438565
INV017839,1,0,0.002946554851207051
INV017840,1,0,0.0017908343280322663
INV017841,1,0,0.001751153405523535
INV017842,1,0,0.004061828778503075
INV017843,1,0,0.019861890366109525
INV017844,1,0,0.0030831070752766676
INV017845,1,0,0.0030424425432842863
INV017846,1,0,0.004876041685334878
INV017847,1,0,0.003988803235109736
INV017848,1,0,0.0027312209480852404
INV017849,1,0,0.005849948759005039
INV017850,1,0,0.001864544417833279
INV017851,1,0,0.00367527694077186
INV017852,-1,1,0.08143401206052886
INV017853,1,0,0.00954761187306995
INV017854,1,0,0.0028127802872525364
INV017855,1,0,0.0032384699578131147
INV017856,1,0,0.0043548712198418675
INV017857,1,0,0.00366575361591184
INV017858,1,0,0.005682953410820944
INV017859,1,0,0.0067497688141260346
INV017860,1,0,0.005786246618793286
INV017861,1,0,0.002753499793836959
INV017862,1,0,0.0016381432423414792
INV017863,1,0,0.007235734139822964
INV017864,1,0,0.0070049576599530115
INV017865,1,0,0.0019186235248503402
INV017866,1,0,0.0015850497626832263
INV017867,1,0,0.007663002860502912
INV017868,1,0,0.004042760110720747
INV017869,1,0,0.0020876937772415535
INV017870,1,0,0.0005010204436784746
INV017871,1,0,0.005807101197257044
INV017872,1,0,0.005933179662075131
INV017873,1,0,0.0030748521499087246
INV017874,1,0,0.013013983896443523
INV017875,1,0,0.003040556169662078
INV017876,1,0,0.0034740264287180162
INV017877,1,0,0.009189232712788256
INV017878,1,0,0.0053785265929852735
INV017879,1,0,0.004231083283813154
INV017880,1,0,0.006690503143355073
INV017881,1,0,0.004069371381588673
INV017882,1,0,0.0025997828203412248
INV017883,1,0,0.003235240141576235
INV017884,1,0,0.009320854234686544
INV017885,1,0,0.010057268584767817
INV017886,1,0,0.007469712496119583
INV017887,1,0,0.002437696076291733
INV017888,1,0,0.0030875621799197426
INV017889,1,0,0.0030176152574163872
INV017890,1,0,0.0016024464335926373
INV017891,1,0,0.0030089568085280016
INV017892,1,0,0.0018024397734046995
INV017893,1,0,0.0034966811258993614
INV017894,1,0,0.002029107205691256
INV017895,1,0,0.013909585115905574
INV017896,1,0,0.0024437054901078345
INV017897,1,0,0.003065001024008379
INV017898,1,0,0.004034418610899315
INV017899,1,0,0.0022619729827171716
INV017900,1,0,0.0035962024374488074
INV017901,1,0,0.0025649176296420684
INV017902,1,0,0.0029964030595332927
INV017903,1,0,0.0029629682076144914
INV017904,1,0,0.0037037838197567096
INV017905,1,0,0.0016954194347228921
INV017906,1,0,0.011522868910858266
INV017907,1,0,0.0020234717957492753
INV017908,1,0,0.0034435522997683667
INV017909,1,0,0.006710378399384221
INV017910,1,0,0.003677315523305269
INV017911,1,0,0.0019643185261728623
INV017912,1,0,0.0039894541127128945
INV017913,1,0,0.00367242788187362
INV017914,1,0,0.002256897016215483
INV017915,1,0,0.003010101205277017
INV017916,1,0,0.005850998498875845
INV017917,1,0,0.018895668751372458
INV017918,1,0,0.003049020493195167
INV017919,1,0,0.0026585498180299694
INV017920,1,0,0.004651055857747309
INV017921,1,0,0.0057399739745706705
INV017922,1,0,0.024645706640345412
INV017923,1,0,0.001738186763784968
INV017924,1,0,0.008290911714270531
INV017925,1,0,0.0021624517705630644
INV017926,1,0,0.004995115486262864
INV017927,1,0,0.0025858769021158815
INV017928,1,0,0.009126995675540166
INV017929,1,0,0.006223438506685613
INV017930,1,0,0.0018249865365656567
INV017931,1,0,0.002634741521734561
INV017932,1,0,0.01214754175727095
INV017933,1,0,0.006959481731482282
INV017934,1,0,0.004826577067447075
INV017935,1,0,0.0030074192859488123
INV017936,1,0,0.0028351070344527452
INV017937,1,0,0.00319382596707561
INV017938,1,0,0.0027625286697747923
INV017939,1,0,0.020146591370394002
INV017940,1,0,0.01841155793825256
INV017941,1,0,0.0021991164712262985
INV017942,1,0,0.003333799502693143
INV017943,1,0,0.0027604605552390533
INV017944,1,0,0.007887495951495063
INV017945,1,0,0.011323779844013043
INV017946,1,0,0.0011882961545247267
INV017947,1,0,0.0024745017984936454
INV017948,1,0,0.0031692010837003504
INV017949,1,0,0.006573641318910224
INV017950,1,0,0.0028656233761127393
INV017951,1,0,0.002163925143816384
INV017952,1,0,0.004469462695350064
INV017953,1,0,0.00489728728562082
INV017954,1,0,0.0019725687642840324
INV017955,1,0,0.0019355945759225426
INV017956,1,0,0.00431622310202211
INV017957,1,0,0.002886804727425937
INV017958,1,0,0.0038120314462140857
INV017959,1,0,0.007357795682859579
INV017960,1,0,0.0029351042441719006
INV017961,1,0,0.005413662462286586
INV017962,1,0,0.009360667002123063
INV017963,1,0,0.0025055983534807437
INV017964,1,0,0.01756465228268852
INV017965,1,0,0.007452241646023141
INV017966,-1,1,0.035356137283793894
INV017967,1,0,0.001707085662965554
INV017968,1,0,0.0025874124952506
INV017969,1,0,0.0019779237508109897
INV017970,1,0,0.021474697025146358
INV017971,1,0,0.006142213730501407
INV017972,1,0,0.0029286531305491945
INV017973,1,0,0.0023108715207365593
INV017974,1,0,0.0037613627015099494
INV017975,1,0,0.0014549662296520548
INV017976,1,0,0.0010530999628915458
INV017977,1,0,0.002921846002262574
INV017978,1,0,0.0034334822998721873
INV017979,1,0,0.0046782058960985
INV017980,1,0,0.0035616834201132206
INV017981,1,0,0.006319229519255268
INV017982,1,0,0.003079540577693841
INV017983,1,0,0.005095468529653157
INV017984,1,0,0.0030988813398287185
INV017985,1,0,0.0028225802261042385
INV017986,1,0,0.02306300650459891
INV017987,1,0,0.011111111795935899
INV017988,1,0,0.0014846782399872331
INV017989,1,0,0.009403895506968194
INV017990,1,0,0.002274469437310404
INV017991,1,0,0.007721387840486018
INV017992,1,0,0.009462766584922535
INV017993,1,0,0.0019783968355037594
INV017994,-1,1,0.05374501715933077
INV017995,1,0,0.003636799057995085
INV017996,1,0,0.002190712531157413
INV017997,1,0,0.0021674785267540068
INV017998,1,0,0.0034127703959272596
INV017999,1,0,0.0029259485241771516
INV018000,1,0,0.004130765003401813
INV018001,1,0,0.00511685179607562
INV018002,1,0,0.0014614740025268957
INV018003,1,0,0.006403544396991236
INV018004,1,0,0.0034120606782998223
INV018005,-1,1,0.03434460758628707
INV018006,1,0,0.022915703724149375
INV018007,1,0,0.0065081166191792135
INV018008,1,0,0.005532867698555157
INV018009,1,0,0.009853119961284726
INV018010,1,0,0.00800952085981057
INV018011,1,0,0.0027451231905312365
INV018012,1,0,0.001474742302991307
INV018013,1,0,0.0020699526987912353
INV018014,1,0,0.005752848193565642
INV018015,1,0,0.00236058232783559
INV018016,1,0,0.00613479091233094
INV018017,1,0,0.01914922892398999
INV018018,1,0,0.005745883527409327
INV018019,1,0,0.004209039238374201
INV018020,1,0,0.027643478252110026
INV018021,1,0,0.0027645853950260093
INV018022,1,0,0.003728628678822001
INV018023,1,0,0.003601913060950006
INV018024,1,0,0.0015798052817210613
INV018025,1,0,0.0050388701187600695
INV018026,1,0,0.0013383249551175843
INV018027,1,0,0.01144192002474659
INV018028,1,0,0.005646925029121735
INV018029,1,0,0.005888124265026301
INV018030,1,0,0.0020985012729097703
INV018031,1,0,0.004237763771051482
INV018032,1,0,0.0013850991134537213
INV018033,1,0,0.002852393232258035
INV018034,1,0,0.002489479761664241
INV018035,1,0,0.014533060327620154
INV018036,1,0,0.0029923703496544463
INV018037,1,0,0.002225346864704926
INV018038,1,0,0.008538324551877157
INV018039,1,0,0.004293653819491885
INV018040,1,0,0.002552299717691895
INV018041,1,0,0.00159345203421906
INV018042,1,0,0.005364633250161399
INV018043,1,0,0.004490169213176699
INV018044,1,0,0.0015252584451741734
INV018045,1,0,0.0022127639270155715
INV018046,1,0,0.001991782427897718
INV018047,1,0,0.009984879848756893
INV018048,1,0,0.008444645161436158
INV018049,1,0,0.004290062703827034
INV018050,1,0,0.005538659977171414
INV018051,-1,1,0.0905670888500945
INV018052,1,0,0.021597625065393266
INV018053,1,0,0.002572291220138568
INV018054,1,0,0.005060869237970916
INV018055,1,0,0.005546554746557954
INV018056,1,0,0.007007014087799147
INV018057,1,0,0.020485491280367883
INV018058,1,0,0.016001398147262966
INV018059,1,0,0.004775838094639943
INV018060,1,0,0.00345027082326121
INV018061,1,0,0.0033658636306019636
INV018062,1,0,0.0013728657025865695
INV018063,1,0,0.0033137360282309704
INV018064,1,0,0.0020175634806141297
INV018065,1,0,0.003699509370893908
INV018066,1,0,0.004840496682969221
INV018067,1,0,0.020887152368378546
INV018068,1,0,0.002177014356061759
INV018069,1,0,0.002118478071583367
INV018070,1,0,0.003300235101851095
INV018071,1,0,0.003357763210873775
INV018072,1,0,0.014401180582055344
INV018073,1,0,0.0029698870192426956
INV018074,1,0,0.005879161201447874
INV018075,1,0,0.010922513674251842
INV018076,1,0,0.008792793600324748
INV018077,1,0,0.0035831148456885336
INV018078,1,0,0.003451507143518959
INV018079,1,0,0.007194681207617752
INV018080,1,0,0.004948586571492063
INV018081,1,0,0.007524172056649118
INV018082,1,0,0.0030306704964002764
INV018083,1,0,0.0084104736743295
INV018084,1,0,0.0024732458904332547
INV018085,1,0,0.003647583084645124
INV018086,1,0,0.007819867359532159
INV018087,1,0,0.004680496171842696
INV018088,1,0,0.003616508709842224
INV018089,1,0,0.007973331331836416
INV018090,1,0,0.0026555589610347125
INV018091,1,0,0.011571277057347399
INV018092,1,0,0.002593343519484368
INV018093,1,0,0.005137394588701631
INV018094,1,0,0.020851004178560468
INV018095,1,0,0.00404572701249314
INV018096,1,0,0.0025346242989498125
INV018097,1,0,0.004972502605637171
INV018098,1,0,0.0022696421024299795
INV018099,1,0,0.0018885905485078135
INV018100,1,0,0.0033141230835791857
INV018101,1,0,0.007626448626822172
INV018102,1,0,0.007084477049572268
INV018103,1,0,0.003860052236153853
INV018104,1,0,0.0030705557741648607
INV018105,1,0,0.005172686442896021
INV018106,1,0,0.0014876233889140242
INV018107,1,0,0.002249371688691987
INV018108,1,0,0.0027337322473794806
INV018109,1,0,0.02378863660468046
INV018110,1,0,0.0015072852047030084
INV018111,1,0,0.013434878377555222
INV018112,1,0,0.004190735474137953
INV018113,1,0,0.003523945595088457
INV018114,1,0,0.003231632307799806
INV018115,1,0,0.002000228475028108
INV018116,1,0,0.006133485431842356
INV018117,1,0,0.008876122286706924
INV018118,1,0,0.001499330675678101
INV018119,1,0,0.005105943899800247
INV018120,1,0,0.004944996852399272
INV018121,1,0,0.005741042580071935
INV018122,1,0,0.007089684601036367
INV018123,1,0,0.007365459380101764
INV018124,1,0,0.003557432340322229
INV018125,1,0,0.0016945936919535306
INV018126,1,0,0.006663394042134819
INV018127,1,0,0.0013952654744438851
INV018128,1,0,0.007051196004309739
INV018129,-1,1,0.0305081623707451
INV018130,1,0,0.0032469590545084956
INV018131,1,0,0.0019483995074022337
INV018132,1,0,0.002104537298575609
INV018133,1,0,0.003982765411108589
INV018134,1,0,0.013255132382001584
INV018135,1,0,0.0045610507240162025
INV018136,1,0,0.0045189331048530405
INV018137,1,0,0.010594912448929579
INV018138,1,0,0.0035524109697929107
INV018139,1,0,0.0021541795620045683
INV018140,1,0,0.0016802289252604045
INV018141,1,0,0.0033904950287504732
INV018142,1,0,0.002632253619300365
INV018143,1,0,0.0024683728386403385
INV018144,1,0,0.0030556678586761182
INV018145,1,0,0.006839052735082409
INV018146,1,0,0.005070615953705766
INV018147,1,0,0.0049036103039529575
INV018148,1,0,0.0031033999383511287
INV018149,1,0,0.0011013372244185326
INV018150,1,0,0.0049660229241848906
INV018151,1,0,0.0033261266193289228
INV018152,1,0,0.0030072434232536996
INV018153,1,0,0.005517575644058713
INV018154,1,0,0.005710141901798388
INV018155,1,0,0.0024482320937350625
INV018156,1,0,0.0021188156702473923
INV018157,1,0,0.002049153029239334
INV018158,1,0,0.006165708257733936
INV018159,1,0,0.0025271969991283497
INV018160,1,0,0.0019248211344440325
INV018161,1,0,0.002870282479695927
INV018162,1,0,0.0034520380522401035
INV018163,1,0,0.001330782083347124
INV018164,1,0,0.005951740950295258
INV018165,1,0,0.001517806530718695
INV018166,1,0,0.02109857788465187
INV018167,1,0,0.0025525663435774903
INV018168,1,0,0.0023112673953767223
INV018169,1,0,0.020815928360768395
INV018170,1,0,0.0027420271891689073
INV018171,1,0,0.0030673926179949737
INV018172,1,0,0.023049210051771317
INV018173,1,0,0.001862208819860029
INV018174,1,0,0.0023796001191883015
INV018175,-1,1,0.030193715293232858
INV018176,1,0,0.0024308828717564653
INV018177,1,0,0.0013874103960202571
INV018178,1,0,0.004497998064318213
INV018179,1,0,0.004741552103481993
INV018180,1,0,0.0015294059223683943
INV018181,1,0,0.004141506497956818
INV018182,1,0,0.0028340454950312667
INV018183,1,0,0.0027180064842010163
INV018184,1,0,0.004579460353826828
INV018185,1,0,0.006298542110134468
INV018186,1,0,0.010669478397389293
INV018187,1,0,0.002444281449844326
INV018188,1,0,0.003447524516040827
INV018189,1,0,0.00110382104636804
INV018190,1,0,0.0035152533725358493
INV018191,1,0,0.0030278913893064872
INV018192,1,0,0.002859255717292196
INV018193,-1,1,0.029809263227565403
INV018194,-1,1,0.9541480482247863
INV018195,1,0,0.005884567562091223
INV018196,1,0,0.0013890149852019667
INV018197,1,0,0.0031089982787322772
INV018198,1,0,0.004648416027862481
INV018199,1,0,0.002053188577380791
INV018200,1,0,0.00300895680852799
INV018201,1,0,0.0014859058036326284
INV018202,1,0,0.0023749656901863596
INV018203,1,0,0.0045272751699373245
INV018204,1,0,0.00339392616157354
INV018205,1,0,0.026860056800292197
INV018206,1,0,0.0038496470019547895
INV018207,1,0,0.005033940954114236
INV018208,1,0,0.0022947993337400973
INV018209,1,0,0.008027624118827556
INV018210,1,0,0.008193932833382519
INV018211,1,0,0.014292473386087981
INV018212,1,0,0.009480986629860334
INV018213,1,0,0.002417498126659962
INV018214,1,0,0.003145140848519258
INV018215,1,0,0.005163461515707673
INV018216,1,0,0.006749789058760358
INV018217,1,0,0.0021625775539432573
INV018218,1,0,0.0022657221681564753
INV018219,1,0,0.006794859696184026
INV018220,1,0,0.006752928898946163
INV018221,1,0,0.01413550354254409
INV018222,1,0,0.00456640164853781
INV018223,1,0,0.0017146694380002264
INV018224,1,0,0.004953204012389279
INV018225,1,0,0.010225286178190306
INV018226,1,0,0.013495046776007838
INV018227,1,0,0.004853536465000881
INV018228,1,0,0.007399799091565414
INV018229,1,0,0.0032726074354753718
INV018230,1,0,0.017716768826642918
INV018231,1,0,0.002507210125632975
INV018232,1,0,0.0036128740075947
INV018233,1,0,0.0025891689607202826
INV018234,1,0,0.003199489616915139
INV018235,1,0,0.0022249265940099826
INV018236,1,0,0.0045512691207171396
INV018237,1,0,0.0036485203909445607
INV018238,1,0,0.0039504542073754475
INV018239,1,0,0.005780366044145631
INV018240,1,0,0.0017110690350800868
INV018241,1,0,0.004572837128670298
INV018242,1,0,0.001611140587748181
INV018243,1,0,0.0003920209870105995
INV018244,1,0,0.0015706500353001363
INV018245,1,0,0.003084254399019006
INV018246,1,0,0.003766722370497016
INV018247,1,0,0.0019675067700928917
INV018248,1,0,0.0038643835191693038
INV018249,1,0,0.002145367075660698
INV018250,1,0,0.002216974758503942
INV018251,1,0,0.003849215177600033
INV018252,1,0,0.005231031178543157
INV018253,1,0,0.015524622478264399
INV018254,1,0,0.005283632023037574
INV018255,1,0,0.0015342549779157133
INV018256,1,0,0.003839332768544852
INV018257,1,0,0.01721601350588914
INV018258,1,0,0.0028813485303041675
INV018259,1,0,0.0058239239781195775
INV018260,1,0,0.0026240408953695964
INV018261,1,0,0.027767365159878103
INV018262,1,0,0.0047334098467757685
INV018263,1,0,0.0021735067518213968
INV018264,1,0,0.0021378678734255345
INV018265,1,0,0.0064590541267707975
INV018266,1,0,0.005113420278032332
INV018267,1,0,0.0047598630924821535
INV018268,1,0,0.009415791574917683
INV018269,1,0,0.002556668399630298
INV018270,1,0,0.004291667302252331
INV018271,1,0,0.0030690348702954585
INV018272,1,0,0.0066436520549578775
INV018273,1,0,0.008327139336803641
INV018274,1,0,0.017201397959659154
INV018275,-1,1,0.06389947203945714
INV018276,1,0,0.00302767996756076
INV018277,1,0,0.01137911730610023
INV018278,1,0,0.003008108236704269
INV018279,1,0,0.0053054288986410965
INV018280,1,0,0.008564852304893058
INV018281,1,0,0.002461445192063853
INV018282,1,0,0.002209239956793694
INV018283,1,0,0.003630293065537049
INV018284,1,0,0.004564992310139536
INV018285,1,0,0.008557682154401756
INV018286,1,0,0.0021421002803195133
INV018287,1,0,0.001447999979792604
INV018288,1,0,0.0030443120636350018
INV018289,1,0,0.005192413015351904
INV018290,1,0,0.00272822761223464
INV018291,1,0,0.002181731262599367
INV018292,1,0,0.0026222138134563977
INV018293,1,0,0.0021852153440117096
INV018294,1,0,0.015859516913283907
INV018295,1,0,0.004128019498118991
INV018296,1,0,0.002788677709439117
INV018297,1,0,0.004078792054555204
INV018298,1,0,0.0033477664431200505
INV018299,1,0,0.002520070396067699
INV018300,1,0,0.010439329542690275
INV018301,1,0,0.006867734142079258
INV018302,1,0,0.005810090932490327
INV018303,1,0,0.009072662230598659
INV018304,1,0,0.0010708193756663442
INV018305,1,0,0.007975823661626543
INV018306,1,0,0.02107638782423726
INV018307,1,0,0.00381525151327004
INV018308,1,0,0.002429924452780632
INV018309,-1,1,0.06160146428807067
INV018310,1,0,0.0029499076510691277
INV018311,1,0,0.00537579627124976
INV018312,1,0,0.011583215151331955
INV018313,1,0,0.002240893377104725
INV018314,1,0,0.007670566577031934
INV018315,-1,1,0.030399919472601407
INV018316,1,0,0.015289136990501563
INV018317,-1,1,0.07017226879653729
INV018318,1,0,0.004051488996948236
INV018319,1,0,0.010002749749232289
INV018320,1,0,0.012504283892363152
INV018321,1,0,0.002551368589416076
INV018322,1,0,0.002808483567586873
INV018323,1,0,0.002321126303395902
INV018324,1,0,0.0027543353701262323
INV018325,1,0,0.003969142836269675
INV018326,1,0,0.003514386408780709
INV018327,1,0,0.006886794342678163
INV018328,1,0,0.002865810145060231
INV018329,1,0,0.006076585201006986
INV018330,1,0,0.0035288688201146907
INV018331,1,0,0.001914315711093094
INV018332,1,0,0.004914727790103794
INV018333,-1,1,0.1575027114704365
INV018334,1,0,0.004760874412087127
INV018335,1,0,0.002889592139153261
INV018336,1,0,0.01021969284609663
INV018337,1,0,0.0030458876322684027
INV018338,1,0,0.0076014433669982584
INV018339,1,0,0.004675622183720408
INV018340,-1,1,0.04428300458418828
INV018341,1,0,0.006041766784676465
INV018342,1,0,0.0032873189269474355
INV018343,1,0,0.003401769384664266
INV018344,1,0,0.0023427037958865123
INV018345,1,0,0.0038889719286322264
INV018346,1,0,0.004488341628988277
INV018347,1,0,0.0005010204436784746
INV018348,1,0,0.012430547805287245
INV018349,1,0,0.0018670580535073453
INV018350,1,0,0.0011821056774537068
INV018351,1,0,0.0023860953984387485
INV018352,1,0,0.0030105331690286224
INV018353,1,0,0.007165585458867614
INV018354,1,0,0.003445839072737256
INV018355,1,0,0.016960060798659787
INV018356,1,0,0.013885162494753977
INV018357,1,0,0.003660041845187545
INV018358,1,0,0.0036586797855577384
INV018359,1,0,0.001867438211818718
INV018360,1,0,0.0031953467075305077
INV018361,1,0,0.010838104466174172
INV018362,1,0,0.003387010240711211
INV018363,-1,1,0.03227171782803682
INV018364,1,0,0.0013807316075896393
INV018365,1,0,0.002598386222900819
INV018366,1,0,0.007158254442225977
INV018367,1,0,0.0025445132259744444
INV018368,1,0,0.0032333912535314046
INV018369,1,0,0.014741911914076394
INV018370,1,0,0.009010453439227887
INV018371,1,0,0.0032799363871326734
INV018372,1,0,0.0058054445902575484
INV018373,1,0,0.0035273033535503807
INV018374,1,0,0.0027508264336599643
INV018375,1,0,0.00048693410697788034
INV018376,1,0,0.0030731821471303264
INV018377,1,0,0.0023461849950718043
INV018378,1,0,0.009199383172768427
INV018379,1,0,0.0058604320680760635
INV018380,1,0,0.0024037659797087386
INV018381,1,0,0.006845816465145729
INV018382,-1,1,0.035537496689506315
INV018383,1,0,0.006748722346153984
INV018384,1,0,0.003044442430172119
INV018385,1,0,0.0033286331827244203
INV018386,1,0,0.003520165986574068
INV018387,1,0,0.005930763823889176
INV018388,1,0,0.002046565531382818
INV018389,1,0,0.0005667590040070115
INV018390,1,0,0.0010879677705138092
INV018391,1,0,0.0046909809525401405
INV018392,1,0,0.004233648669151386
INV018393,1,0,0.006259088641444826
INV018394,1,0,0.0026048262911852874
INV018395,1,0,0.00188019405243406
INV018396,1,0,0.004003096177506513
INV018397,1,0,0.002153196596181962
INV018398,1,0,0.003179099480735672
INV018399,1,0,0.0025725683656388242
INV018400,1,0,0.0036978407495412155
INV018401,1,0,0.013554421785403652
INV018402,1,0,0.0037113735864042394
INV018403,1,0,0.0022104655652671642
INV018404,1,0,0.004406919410166774
INV018405,1,0,0.004542094652286528
INV018406,1,0,0.0045763932125994595
INV018407,1,0,0.0030406002591831967
INV018408,1,0,0.00613647803555315
INV018409,1,0,0.0023376593676071276
INV018410,1,0,0.008585401533906672
INV018411,1,0,0.004376119653270062
INV018412,1,0,0.003493310617313678
INV018413,1,0,0.025517989881884348
INV018414,1,0,0.003845346889875289
INV018415,1,0,0.002008693306510617
INV018416,1,0,0.005554898447052231
INV018417,1,0,0.002848909887012233
INV018418,1,0,0.011663757860685247
INV018419,1,0,0.004373250210438423
INV018420,1,0,0.0022981916887416256
INV018421,1,0,0.0035792297863426726
INV018422,1,0,0.0013795219547600255
INV018423,1,0,0.004584253323910009
INV018424,1,0,0.002556472943996572
INV018425,1,0,0.008235430782110933
INV018426,1,0,0.001790806344928728
INV018427,1,0,0.002372087923924033
INV018428,1,0,0.003063572664965772
INV018429,1,0,0.005491043591664479
INV018430,1,0,0.008282295992343322
INV018431,1,0,0.002820006514823493
INV018432,1,0,0.002338996219791096
INV018433,1,0,0.0022994326742484337
INV018434,1,0,0.0014080892682897556
INV018435,-1,1,0.03181014558124316
INV018436,1,0,0.003859268011752286
INV018437,1,0,0.002598384217664294
INV018438,1,0,0.002529168775016395
INV018439,1,0,0.015197708690305506
INV018440,1,0,0.002293959523284521
INV018441,1,0,0.010840253161470144
INV018442,1,0,0.00423346875290899
INV018443,1,0,0.01012136380028983
INV018444,1,0,0.007256354107109582
INV018445,1,0,0.007203822904268447
INV018446,1,0,0.0027494740147274684
INV018447,1,0,0.004846649936758417
INV018448,1,0,0.005617235912320742
INV018449,1,0,0.00168894369533358
INV018450,1,0,0.01567550008633468
INV018451,1,0,0.008778640568514684
INV018452,1,0,0.0032161118043128214
INV018453,1,0,0.005760852764329514
INV018454,1,0,0.01142598708905376
INV018455,1,0,0.00658377167474968
INV018456,1,0,0.006098012011093573
INV018457,1,0,0.002605661988237913
INV018458,1,0,0.002352934102638642
INV018459,1,0,0.00252714041201576
INV018460,1,0,0.002624126178012895
INV018461,1,0,0.004019975861329344
INV018462,1,0,0.0017030689571529165
INV018463,1,0,0.007315321212019314
INV018464,1,0,0.0032284217232433454
INV018465,1,0,0.008771442962889474
INV018466,1,0,0.00407771118019511
INV018467,1,0,0.006338335370542123
INV018468,1,0,0.003293411823492178
INV018469,1,0,0.005960643383674357
INV018470,1,0,0.007105483990177934
INV018471,1,0,0.007891738157529714
INV018472,1,0,0.007028225692212372
INV018473,1,0,0.0032490494117333934
INV018474,1,0,0.007838420513213346
INV018475,1,0,0.002757729520685733
INV018476,1,0,0.0024625125673859143
INV018477,1,0,0.004833611858729455
INV018478,1,0,0.00481264278032687
INV018479,1,0,0.019863943700397117
INV018480,1,0,0.004235246265473569
INV018481,1,0,0.004274911971368111
INV018482,1,0,0.00836989159449096
INV018483,1,0,0.003430463987027555
INV018484,1,0,0.010866504627129547
INV018485,1,0,0.004944042793024479
INV018486,1,0,0.007033808749559753
INV018487,1,0,0.004649978834709439
INV018488,1,0,0.00762825905457478
INV018489,1,0,0.012068007561313768
INV018490,1,0,0.005144694659632785
INV018491,1,0,0.002162775150556695
INV018492,1,0,0.003048099653909443
INV018493,1,0,0.013298493431556825
INV018494,1,0,0.0015474351949247378
INV018495,1,0,0.01949280365436282
INV018496,1,0,0.005141403118091321
INV018497,1,0,0.0015791588516730242
INV018498,1,0,0.004820275094122936
INV018499,1,0,0.02074034973659077
INV018500,1,0,0.0026640890583922465
INV018501,1,0,0.004122254411178871
INV018502,1,0,0.025627997490712554
INV018503,1,0,0.004556668694126007
INV018504,1,0,0.001764973561920398
INV018505,1,0,0.0084705299477966
INV018506,1,0,0.00305613256058898
INV018507,1,0,0.02321853167141893
INV018508,1,0,0.0017208770237143378
INV018509,1,0,0.003161100435743574
INV018510,1,0,0.005686628260472511
INV018511,1,0,0.0031441809475211413
INV018512,1,0,0.014393131002599733
INV018513,1,0,0.0022885035922516417
INV018514,1,0,0.0033907324090179415
INV018515,1,0,0.002397101354194254
INV018516,1,0,0.004169686619161237
INV018517,1,0,0.006347159868759974
INV018518,1,0,0.005455665545491487
INV018519,1,0,0.0036344343239323802
INV018520,1,0,0.014529790009518524
INV018521,1,0,0.0021413477637766097
INV018522,1,0,0.0023794010173498912
INV018523,1,0,0.0031902826369665884
INV018524,1,0,0.005703406453123533
INV018525,1,0,0.002409725188176292
INV018526,1,0,0.0037493796083633802
INV018527,1,0,0.010932559839158352
INV018528,1,0,0.019924463039266233
INV018529,1,0,0.001502583048116414
INV018530,1,0,0.004779171005584905
INV018531,1,0,0.0031404669416720526
INV018532,1,0,0.001961512442637679
INV018533,1,0,0.0030717972233294173
INV018534,1,0,0.00638694225786533
INV018535,1,0,0.008527495700876712
INV018536,1,0,0.00526949285177885
INV018537,1,0,0.003056340210806509
INV018538,1,0,0.004327535250250779
INV018539,1,0,0.0029118567918122685
INV018540,-1,1,0.0350550812316756
INV018541,1,0,0.00790790775853489
INV018542,1,0,0.0015412171424438435
INV018543,1,0,0.005568238520295713
INV018544,1,0,0.008078020413529119
INV018545,1,0,0.0020414905345739467
INV018546,1,0,0.007259624461021508
INV018547,1,0,0.003971799973767603
INV018548,1,0,0.005024417636026259
INV018549,1,0,0.0013572232408225696
INV018550,1,0,0.0019658430542823556
INV018551,1,0,0.0020021833551496955
INV018552,1,0,0.022810270935359873
INV018553,1,0,0.0028358341921974495
INV018554,1,0,0.00560989586902887
INV018555,1,0,0.003821693214892035
INV018556,1,0,0.0023861700153165015
INV018557,1,0,0.0038465682478684552
INV018558,1,0,0.0050895843355387195
INV018559,1,0,0.0034273101275058113
INV018560,1,0,0.002860702849503647
INV018561,1,0,0.0036477315662915817
INV018562,1,0,0.003239801560615055
INV018563,1,0,0.007894507687709565
INV018564,1,0,0.0035976124213115378
INV018565,1,0,0.008391507749647543
INV018566,1,0,0.020244096369197995
INV018567,1,0,0.006232224742768263
INV018568,1,0,0.004417994265537001
INV018569,1,0,0.002417418581429496
INV018570,1,0,0.00239466715023637
INV018571,1,0,0.007273117060025856
INV018572,1,0,0.006670073142156972
INV018573,1,0,0.003736649916956691
INV018574,1,0,0.00284178846633614
INV018575,1,0,0.0018051590568225859
INV018576,1,0,0.0051602555734266324
INV018577,1,0,0.0027400912224801893
INV018578,1,0,0.002326160770173222
INV018579,1,0,0.00878161806520026
INV018580,1,0,0.006415190770255175
INV018581,1,0,0.004421827424046346
INV018582,1,0,0.008020057091456699
INV018583,1,0,0.0029190135513910845
INV018584,1,0,0.004336319627425936
INV018585,1,0,0.0032942076366081845
INV018586,1,0,0.002273283878932884
INV018587,1,0,0.0056245212642216285
INV018588,1,0,0.010670575944297718
INV018589,1,0,0.004854612056326553
INV018590,1,0,0.0028657011131773056
INV018591,1,0,0.0018285568705299644
INV018592,1,0,0.005482037591510297
INV018593,1,0,0.028659273205669106
INV018594,1,0,0.0032135830835663686
INV018595,1,0,0.0024596312220263
INV018596,1,0,0.00256208184024484
INV018597,1,0,0.002242142922339233
INV018598,1,0,0.004283121798085595
INV018599,1,0,0.003646444811681426
INV018600,1,0,0.004573446447481556
INV018601,1,0,0.0066908674310137495
INV018602,1,0,0.003499623802105908
INV018603,1,0,0.022542300017663636
INV018604,1,0,0.0026439996856239185
INV018605,1,0,0.00635852427182907
INV018606,1,0,0.0018773819055671842
INV018607,1,0,0.004913837633616897
INV018608,1,0,0.002419719950264484
INV018609,1,0,0.002685045431035323
INV018610,1,0,0.002368092230395028
INV018611,1,0,0.003051706345600285
INV018612,1,0,0.014834485644252715
INV018613,1,0,0.002847215571261263
INV018614,1,0,0.005087538591179921
INV018615,1,0,0.002209303480993404
INV018616,1,0,0.006642594285394069
INV018617,1,0,0.0022259810468399986
INV018618,1,0,0.001743742887797704
INV018619,1,0,0.003492150207305362
INV018620,1,0,0.005237024262793977
INV018621,1,0,0.003439416440176371
INV018622,1,0,0.004487870213451481
INV018623,1,0,0.006831758641384833
INV018624,1,0,0.011000419491487069
INV018625,1,0,0.004893235860544974
INV018626,1,0,0.008893590181280999
INV018627,1,0,0.004175473178533648
INV018628,1,0,0.0018101270793624985
INV018629,1,0,0.003199239468424529
INV018630,1,0,0.0027779865299276687
INV018631,1,0,0.005647534744190143
INV018632,1,0,0.002627701501865118
INV018633,1,0,0.004390634967377413
INV018634,1,0,0.004961317438669747
INV018635,1,0,0.004151519611551601
INV018636,1,0,0.0037928047846127726
INV018637,1,0,0.0038955863489091185
INV018638,1,0,0.001646725339865896
INV018639,1,0,0.00486278969569851
INV018640,1,0,0.01675428441129261
INV018641,1,0,0.005591162499098338
INV018642,1,0,0.005694017033573831
INV018643,1,0,0.002639658983044563
INV018644,1,0,0.002535575891548925
INV018645,1,0,0.010720244123160463
INV018646,1,0,0.0068331692936434915
INV018647,1,0,0.013355166966378031
INV018648,1,0,0.014159561162334047
INV018649,1,0,0.01794413590194614
INV018650,1,0,0.0037247401790425692
INV018651,1,0,0.002550881529761927
INV018652,1,0,0.00486122513434175
INV018653,1,0,0.012951983774852628
INV018654,1,0,0.0013801666181503071
INV018655,1,0,0.002319924925317233
INV018656,1,0,0.0035224724830875973
INV018657,1,0,0.002434422135812863
INV018658,1,0,0.0033694273274900268
INV018659,1,0,0.0027231475359815985
INV018660,1,0,0.009385706574976872
INV018661,1,0,0.0014555385389518416
INV018662,1,0,0.0019192727031478451
INV018663,1,0,0.003585438069352137
INV018664,1,0,0.002520927792549726
INV018665,1,0,0.0022826266301140853
INV018666,1,0,0.006365898785007663
INV018667,1,0,0.004191058985233152
INV018668,1,0,0.002707792265763111
INV018669,1,0,0.0011473276763683095
INV018670,1,0,0.003568073405892578
INV018671,1,0,0.026703780215490976
INV018672,1,0,0.00356171815216743
INV018673,1,0,0.002250003346735149
INV018674,1,0,0.0029848708161571177
INV018675,1,0,0.007636157294663256
INV018676,1,0,0.008751852111291633
INV018677,1,0,0.009160106105601855
INV018678,1,0,0.003311331322317573
INV018679,1,0,0.003314048526893604
INV018680,1,0,0.005918641482772946
INV018681,-1,1,0.0894352540560395
INV018682,1,0,0.006438329000751276
INV018683,1,0,0.02121990030754487
INV018684,1,0,0.0035547205006471114
INV018685,1,0,0.0045596303184265745
INV018686,1,0,0.0030008969727398963
INV018687,1,0,0.0029339663345652528
INV018688,1,0,0.003274765610709767
INV018689,1,0,0.014007826088515331
INV018690,-1,1,0.06811621651331035
INV018691,1,0,0.002110397256656085
INV018692,1,0,0.0012857138460192574
INV018693,1,0,0.003164373181547989
INV018694,1,0,0.003751402295504572
INV018695,1,0,0.0017121018598980674
INV018696,1,0,0.0027147215510564975
INV018697,1,0,0.0030902845563959332
INV018698,1,0,0.0044969753734078405
INV018699,1,0,0.0023954404833969683
INV018700,1,0,0.003603081099425999
INV018701,1,0,0.0037015154495647156
INV018702,1,0,0.004729835191077425
INV018703,1,0,0.016396143863305006
INV018704,1,0,0.005471371865435123
INV018705,1,0,0.009625634270807457
INV018706,1,0,0.009449708987043452
INV018707,1,0,0.004638395549982337
INV018708,1,0,0.001718238259906525
INV018709,1,0,0.003636335653696917
INV018710,1,0,0.00045757549166393244
INV018711,1,0,0.015080327316553527
INV018712,1,0,0.004333772925691434
INV018713,1,0,0.004822281660621544
INV018714,1,0,0.002629829610535697
INV018715,1,0,0.003450311806028777
INV018716,-1,1,0.05282749339790292
INV018717,1,0,0.009789696212305514
INV018718,1,0,0.006105958766726027
INV018719,1,0,0.011994534080253928
INV018720,1,0,0.0204880583959629
INV018721,1,0,0.00967812108088797
INV018722,1,0,0.005595502648445292
INV018723,1,0,0.003096980832440438
INV018724,1,0,0.004857364747981149
INV018725,1,0,0.0028500626791870994
INV018726,1,0,0.002823030826644367
INV018727,1,0,0.0020904708873486053
INV018728,1,0,0.002780974942729153
INV018729,1,0,0.0017786875048131756
INV018730,1,0,0.0025814077667793383
INV018731,1,0,0.006700416839785642
INV018732,1,0,0.0059400834885973185
INV018733,1,0,0.02451074189597907
INV018734,1,0,0.0030341571680455866
INV018735,1,0,0.012448856730329345
INV018736,1,0,0.00873201595691879
INV018737,1,0,0.0029640774652152117
INV018738,1,0,0.0044904592917397864
INV018739,1,0,0.0036045934608579296
INV018740,1,0,0.026151227796859026
INV018741,1,0,0.0033534832575501466
INV018742,1,0,0.00801754730867689
INV018743,1,0,0.0026073275983821507
INV018744,1,0,0.0014332218891776392
INV018745,1,0,0.0018789141173221203
INV018746,1,0,0.0016890621162819776
INV018747,1,0,0.004999660957101538
INV018748,1,0,0.004170583740333502
INV018749,1,0,0.004393458396705694
INV018750,1,0,0.0034554347370028696
INV018751,-1,1,0.05871954458638182
INV018752,1,0,0.012536238049194922
INV018753,1,0,0.013653588628378916
INV018754,1,0,0.0018904401283219388
INV018755,1,0,0.014067182255185452
INV018756,1,0,0.0024742494716466705
INV018757,1,0,0.002227953811132105
INV018758,1,0,0.002896347418927704
INV018759,-1,1,0.18748487879864326
INV018760,1,0,0.009226052209264148
INV018761,1,0,0.0018886818224000468
INV018762,1,0,0.002066673703789436
INV018763,1,0,0.0036607133559581058
INV018764,1,0,0.0058371102958730825
INV018765,1,0,0.0021172686639298675
INV018766,1,0,0.004290230330949009
INV018767,1,0,0.006861809568944744
INV018768,1,0,0.0018174948960974248
INV018769,1,0,0.01926174179918063
INV018770,1,0,0.0012696352228225244
INV018771,1,0,0.0027214037993490473
INV018772,1,0,0.006101608457821415
INV018773,1,0,0.008826288680666896
INV018774,1,0,0.0036998293429638925
INV018775,1,0,0.003381428384263612
INV018776,1,0,0.0033889437800597474
INV018777,1,0,0.0015767154303799745
INV018778,1,0,0.0023267036903739267
INV018779,1,0,0.0010555083783168396
INV018780,1,0,0.008283508156960523
INV018781,1,0,0.005273933387974874
INV018782,1,0,0.022013025462853955
INV018783,1,0,0.002497082158469024
INV018784,1,0,0.004020871158059637
INV018785,1,0,0.0045776837808725
INV018786,1,0,0.005714793355162145
INV018787,1,0,0.01960600630922968
INV018788,1,0,0.0032577368804877936
INV018789,1,0,0.0022538083399320117
INV018790,1,0,0.0031294985664974133
INV018791,1,0,0.005339255036524158
INV018792,1,0,0.002543592373486372
INV018793,1,0,0.002232414684044465
INV018794,1,0,0.005632078370989838
INV018795,1,0,0.0016294520327271441
INV018796,1,0,0.003082043705868825
INV018797,1,0,0.0030147490244879253
INV018798,1,0,0.0013983247443999256
INV018799,1,0,0.00555477850359729
INV018800,1,0,0.0049417504105622075
INV018801,1,0,0.002233376550862319
INV018802,1,0,0.010330597105801996
INV018803,1,0,0.0034270251117581294
INV018804,1,0,0.001997502143221782
INV018805,1,0,0.000828980966789199
INV018806,1,0,0.005045084149421988
INV018807,1,0,0.003729376561672158
INV018808,1,0,0.0020648921018589016
INV018809,1,0,0.0025562359907560935
INV018810,1,0,0.00424320088345679
INV018811,1,0,0.0012551642489529483
INV018812,1,0,0.00398136243695334
INV018813,1,0,0.0050032987365338
INV018814,1,0,0.004439018557803426
INV018815,1,0,0.002101729831232546
INV018816,1,0,0.003922257628476225
INV018817,1,0,0.0032017813178159596
INV018818,1,0,0.0022754427550919095
INV018819,1,0,0.0016975797158158975
INV018820,1,0,0.0035649505297803636
INV018821,1,0,0.005192831618387117
INV018822,1,0,0.0014383976934436923
INV018823,1,0,0.003705155778007213
INV018824,1,0,0.0012371581838841262
INV018825,1,0,0.003043967179538435
INV018826,1,0,0.028197115820302637
INV018827,1,0,0.003874455503318717
INV018828,-1,1,0.044063983168401225
INV018829,1,0,0.003058919937651558
INV018830,1,0,0.003371351076515835
INV018831,1,0,0.0061013789981609525
INV018832,1,0,0.013344271285282344
INV018833,1,0,0.0037849161711800794
INV018834,1,0,0.007501276367219358
INV018835,1,0,0.004361207002607938
INV018836,-1,1,0.1883321472630841
INV018837,1,0,0.001971640262479321
INV018838,1,0,0.002382866622781918
INV018839,1,0,0.0046518790948148715
INV018840,1,0,0.015528493155726601
INV018841,1,0,0.002740115250493045
INV018842,1,0,0.008162592271306598
INV018843,1,0,0.002260818272160306
INV018844,1,0,0.002058491446913304
INV018845,1,0,0.003288428828627704
INV018846,1,0,0.00689939718169276
INV018847,1,0,0.005910361860584386
INV018848,1,0,0.0027167426160029074
INV018849,1,0,0.005880855409629058
INV018850,1,0,0.0026528006926370053
INV018851,1,0,0.0017501659619313435
INV018852,1,0,0.005140516327011939
INV018853,1,0,0.006530279524549237
INV018854,1,0,0.006602764287828011
INV018855,1,0,0.00640182595429641
INV018856,1,0,0.022148716874622918
INV018857,1,0,0.0024879288574566937
INV018858,1,0,0.0024103982235716913
INV018859,1,0,0.0026301701962700916
INV018860,1,0,0.004079990634635858
INV018861,1,0,0.00473743953455631
INV018862,1,0,0.005180103666668954
INV018863,1,0,0.0029139785844253074
INV018864,1,0,0.0029478860522462818
INV018865,1,0,0.00222830971734944
INV018866,1,0,0.0018948513358878415
INV018867,1,0,0.007958243960467693
INV018868,1,0,0.004014086431808512
INV018869,1,0,0.0018147182902199582
INV018870,1,0,0.005844402094290155
INV018871,1,0,0.006328260126144773
INV018872,1,0,0.005202410628512454
INV018873,1,0,0.002271507188285426
INV018874,1,0,0.005006889788468954
INV018875,1,0,0.0020442011862369745
INV018876,1,0,0.006484008195449907
INV018877,1,0,0.003014825792754459
INV018878,1,0,0.0015682717105749353
INV018879,1,0,0.0021309608092240835
INV018880,1,0,0.004090854574946648
INV018881,1,0,0.004931275299695084
INV018882,1,0,0.008917017556889945
INV018883,1,0,0.004069640189901061
INV018884,1,0,0.002615626741882697
INV018885,1,0,0.005039430784468493
INV018886,1,0,0.0031130095671751206
INV018887,1,0,0.0026568468825611206
INV018888,1,0,0.0016295571235100056
INV018889,1,0,0.0014038234963898732
INV018890,1,0,0.0022479381531998635
INV018891,1,0,0.0031979095871683114
INV018892,1,0,0.003214758138510319
INV018893,1,0,0.007026502403524803
INV018894,1,0,0.0047156432439713555
INV018895,-1,1,1.0
INV018896,1,0,0.0018558540218929194
INV018897,1,0,0.002975809556945496
INV018898,1,0,0.027625272490586095
INV018899,1,0,0.004649082300362568
INV018900,1,0,0.0032384421870484165
INV018901,1,0,0.0031199860604415592
INV018902,1,0,0.0021615595368931714
INV018903,1,0,0.003684608815981071
INV018904,1,0,0.0007070851110868325
INV018905,1,0,0.012805240345138866
INV018906,1,0,0.0069764851844116935
INV018907,1,0,0.005911458918960503
INV018908,1,0,0.002344719251884241
INV018909,1,0,0.0018426474252413018
INV018910,1,0,0.0018222314006340874
INV018911,1,0,0.005573488119116573
INV018912,1,0,0.003754032679752973
INV018913,1,0,0.003643849934094659
INV018914,1,0,0.002580454684471367
INV018915,1,0,0.00423149219427442
INV018916,1,0,0.002441923824154645
INV018917,1,0,0.004656856051106556
INV018918,1,0,0.004214085854030508
INV018919,1,0,0.0025637725509777584
INV018920,1,0,0.00513467507642955
INV018921,1,0,0.006415414774271053
INV018922,1,0,0.005570055431389745
INV018923,1,0,0.004087173252791738
INV018924,1,0,0.01308168540918902
INV018925,1,0,0.004403147507428894
INV018926,1,0,0.003848185999915096
INV018927,1,0,0.004249342789839653
INV018928,1,0,0.005353189878403544
INV018929,1,0,0.02400625748157864
INV018930,1,0,0.003388599777452261
INV018931,1,0,0.0018823065232502676
INV018932,1,0,0.0033710222874739726
INV018933,1,0,0.0012540619783210222
INV018934,1,0,0.005540887340858718
INV018935,1,0,0.007976183068446663
INV018936,1,0,0.004902333101462553
INV018937,1,0,0.025135280603014135
INV018938,1,0,0.0046919036435867706
INV018939,1,0,0.002138639474698603
INV018940,1,0,0.005875334402352126
INV018941,1,0,0.004506455337829042
INV018942,1,0,0.009565720669775046
INV018943,1,0,0.005135552065467136
INV018944,1,0,0.0022400433419873106
INV018945,1,0,0.006122733188142406
INV018946,1,0,0.006090172862458387
INV018947,1,0,0.015372532694706564
INV018948,1,0,0.0030372170344138724
INV018949,1,0,0.0038525720633835934
INV018950,1,0,0.003981273185917558
INV018951,1,0,0.0029531813869965633
INV018952,1,0,0.0027052111550900973
INV018953,1,0,0.003468581696287875
INV018954,-1,1,0.17435124610879876
INV018955,1,0,0.005799738334319298
INV018956,1,0,0.0019884994514021647
INV018957,1,0,0.004474851081107095
INV018958,1,0,0.001889361436445011
INV018959,1,0,0.010470905811954678
INV018960,1,0,0.009806440164255364
INV018961,1,0,0.004775284165889856
INV018962,1,0,0.001882811034968726
INV018963,1,0,0.003319836871814338
INV018964,1,0,0.006572488889580778
INV018965,1,0,0.007463373247464361
INV018966,1,0,0.0012332799454097987
INV018967,1,0,0.0037358626980712605
INV018968,-1,1,0.04250582307271644
INV018969,1,0,0.0056684949064032255
INV018970,1,0,0.003921320001697445
INV018971,1,0,0.005587462244093832
INV018972,1,0,0.00458782339612845
INV018973,1,0,0.0033233279965032615
INV018974,1,0,0.0010117502609004894
INV018975,1,0,0.004180476104141154
INV018976,-1,1,0.032835556157026456
INV018977,1,0,0.008333578331509968
INV018978,1,0,0.026946136890422905
INV018979,1,0,0.00530635386925627
INV018980,1,0,0.001790806344928728
INV018981,1,0,0.001557744470752604
INV018982,1,0,0.0025397455816825996
INV018983,1,0,0.0034208887634741007
INV018984,1,0,0.006452392850532693
INV018985,1,0,0.0021213715728427974
INV018986,1,0,0.0016562547826701568
INV018987,1,0,0.0029146542898901805
INV018988,1,0,0.004697073442699422
INV018989,1,0,0.002809518312809753
INV018990,1,0,0.0037692603520653825
INV018991,1,0,0.005656429185707066
INV018992,1,0,0.0028179276090951554
INV018993,1,0,0.001587378223781791
INV018994,1,0,0.0017640279269772457
INV018995,1,0,0.002783129652949647
INV018996,1,0,0.0026013715304846435
INV018997,1,0,0.005575714703668883
INV018998,1,0,0.0033384515585763237
INV018999,1,0,0.005849480090857188
INV019000,1,0,0.00606690870857511
INV019001,1,0,0.004665036387079525
INV019002,1,0,0.006172796069830154
INV019003,1,0,0.004315866301286803
INV019004,1,0,0.011470164839114836
INV019005,1,0,0.005586491687425793
INV019006,1,0,0.002815528031097002
INV019007,1,0,0.0037126760361119258
INV019008,1,0,9.701086793401573e-06
INV019009,1,0,0.003643451371939363
INV019010,1,0,0.003880605517050586
INV019011,1,0,0.006448010338305353
INV019012,1,0,0.0027019029567309292
INV019013,1,0,0.0017977177292858592
INV019014,1,0,0.0029921335972633335
INV019015,1,0,0.00335491946167437
INV019016,1,0,0.007744760219635246
INV019017,1,0,0.009220444334400484
INV019018,1,0,0.02918420014766813
INV019019,1,0,0.009576286053810126
INV019020,1,0,0.001443124590494608
INV019021,1,0,0.0021633970844594083
INV019022,1,0,0.010903096612632925
INV019023,1,0,0.0031901700109457846
INV019024,1,0,0.004218675323764889
INV019025,1,0,0.00322888086128175
INV019026,1,0,0.0017132463188193774
INV019027,1,0,0.002302944804342639
INV019028,1,0,0.002474680779674538
INV019029,1,0,0.0053556509756644355
INV019030,1,0,0.005495150974611427
INV019031,1,0,0.003777292185556996
INV019032,1,0,0.003968586116622925
INV019033,1,0,0.004778034790572317
INV019034,1,0,0.00479672272676261
INV019035,1,0,0.004152640277572766
INV019036,1,0,0.0025672658082132546
INV019037,1,0,0.0025372183008511096
INV019038,1,0,0.0014106507567522746
INV019039,1,0,0.005374480083859689
INV019040,-1,1,0.06551125588358177
INV019041,1,0,0.002059337860955382
INV019042,1,0,0.004082786457053677
INV019043,1,0,0.0047163051274044425
INV019044,1,0,0.004713922403077148
INV019045,1,0,0.0023824472985655696
INV019046,1,0,0.008965761152837112
INV019047,1,0,0.0035491544955473706
INV019048,1,0,0.007904513852213415
INV019049,1,0,0.00336924339710659
INV019050,1,0,0.00885372817946159
INV019051,1,0,0.00110382104636804
INV019052,1,0,0.011443620724721612
INV019053,1,0,0.0031721973468659573
INV019054,1,0,0.0015239618433196365
INV019055,1,0,0.004171746086494424
INV019056,1,0,0.00884209592309023
INV019057,1,0,0.0013512171025519657
INV019058,1,0,0.009392536859786301
INV019059,1,0,0.0016244343129693081
INV019060,1,0,0.004001176971327696
INV019061,1,0,0.00293648246600367
INV019062,1,0,0.013674701696299493
INV019063,1,0,0.025204237647471067
INV019064,1,0,0.0080439365431804
INV019065,1,0,0.004167544894605298
INV019066,1,0,0.007440289591152658
INV019067,1,0,0.001792032307011567
INV019068,1,0,0.003390267044838442
INV019069,1,0,0.011267707380087096
INV019070,1,0,0.004935740520201269
INV019071,1,0,0.008358905362022563
INV019072,1,0,0.0065014572935244075
INV019073,1,0,0.0041010246879678745
INV019074,1,0,0.022486877422271786
INV019075,1,0,0.0028523407677166477
INV019076,1,0,0.003754020865355487
INV019077,1,0,0.001893157147350649
INV019078,1,0,0.010324410796898819
INV019079,1,0,0.007126943442978756
INV019080,1,0,0.0027503008914655266
INV019081,1,0,0.00403381321619418
INV019082,1,0,0.004436023967126889
INV019083,1,0,0.006373421178440377
INV019084,1,0,0.0013930907926429283
INV019085,1,0,0.007311589988801619
INV019086,1,0,0.006351046194888189
INV019087,1,0,0.007089698578178524
INV019088,1,0,0.0035199750372322293
INV019089,1,0,0.003248927369111601
INV019090,-1,1,0.030443638438485292
INV019091,1,0,0.004060897574602881
INV019092,1,0,0.005626240099420035
INV019093,1,0,0.0024874110429970587
INV019094,1,0,0.0029968640755881812
INV019095,1,0,0.004674541344104582
INV019096,1,0,0.007446611952602147
INV019097,1,0,0.0028348991596680913
INV019098,1,0,0.0012878821093224842
INV019099,1,0,0.003033791888430118
INV019100,1,0,0.014034297328982684
INV019101,1,0,0.002568275324171427
INV019102,1,0,0.0030441169959373906
INV019103,1,0,0.004551703358462332
INV019104,1,0,0.0034600804133636505
INV019105,1,0,0.012810587707609409
INV019106,1,0,0.004358271835445281
INV019107,1,0,0.004694735099054726
INV019108,1,0,0.002544173883650149
INV019109,1,0,0.003803359797644838
INV019110,1,0,0.01446193797686399
INV019111,1,0,0.00417233432299828
INV019112,1,0,0.002329368069449757
INV019113,1,0,0.005554248831086596
INV019114,1,0,0.00449485129080606
INV019115,1,0,0.00503742713747057
INV019116,1,0,0.003913477226636143
INV019117,1,0,0.004134806315322777
INV019118,1,0,0.004135893974350626
INV019119,1,0,0.020380587174712826
INV019120,1,0,0.0028294283103443615
INV019121,1,0,0.0036473836589655784
INV019122,1,0,0.0026034731429840172
INV019123,1,0,0.00513625787064503
INV019124,1,0,0.002562172153044559
INV019125,1,0,0.007996255397283271
INV019126,1,0,0.0027930257090751846
INV019127,1,0,0.00397129770647565
INV019128,1,0,0.006974310773803112
INV019129,1,0,0.009057865724669191
INV019130,1,0,0.005155396909952281
INV019131,1,0,0.0021699514826433236
INV019132,1,0,0.0028039687067103894
INV019133,1,0,0.0027387299394680043
INV019134,1,0,0.005259884333666202
INV019135,1,0,0.0024349619846684455
INV019136,1,0,0.0025124620827460327
INV019137,1,0,0.00231056217946186
INV019138,1,0,0.005755882138289531
INV019139,1,0,0.005187956266134343
INV019140,1,0,0.010853168951052379
INV019141,1,0,0.001877788869076074
INV019142,1,0,0.0021491056845332175
INV019143,1,0,0.005581935400220253
INV019144,1,0,0.004986537697124623
INV019145,1,0,0.003888862585630745
INV019146,1,0,0.008217039200674927
INV019147,1,0,0.006287908345262114
INV019148,1,0,0.0011384643590467785
INV019149,1,0,0.005088349560732789
INV019150,1,0,0.002864543396158254
INV019151,1,0,0.004597375209105635
INV019152,1,0,0.003594493220360469
INV019153,1,0,0.0022996027128981585
INV019154,1,0,0.0032292601853820156
INV019155,1,0,0.0028255032875495246
INV019156,1,0,0.002643432173447606
INV019157,1,0,0.0040063369319919264
INV019158,1,0,0.0030369719301644852
INV019159,1,0,0.009609810138412014
INV019160,1,0,0.0030800932441963818
INV019161,1,0,0.0028998771952899855
INV019162,1,0,0.006368767720843405
INV019163,1,0,0.007790101006437223
INV019164,1,0,0.0029100884803692894
INV019165,1,0,0.0040942558053823725
INV019166,1,0,0.011063903019358829
INV019167,1,0,0.003291091305464593
INV019168,1,0,0.0024157723574989858
INV019169,1,0,0.0032531923713643015
INV019170,1,0,0.0047725112306251415
INV019171,1,0,0.003485843887145322
INV019172,-1,1,0.17743162563450704
INV019173,1,0,0.005259147464167934
INV019174,1,0,0.00406389137366691
INV019175,1,0,0.0030414724161698897
INV019176,1,0,0.0015767154303799982
INV019177,1,0,0.008263713455185673
INV019178,1,0,0.0016259575825086747
INV019179,1,0,0.0050733606630868405
INV019180,1,0,0.002070171980828102
INV019181,1,0,0.0024629886616212597
INV019182,1,0,0.0027322521083633752
INV019183,1,0,0.003100013460270326
INV019184,1,0,0.0021907125311574067
INV019185,1,0,0.0027098113615637727
INV019186,1,0,0.0022426512865832294
INV019187,1,0,0.0023369928181785305
INV019188,1,0,0.002521436510996212
INV019189,1,0,0.00462375249557701
INV019190,-1,1,0.9056262937580216
INV019191,1,0,0.006546741963222675
INV019192,1,0,0.0034516272407998675
INV019193,1,0,0.003724648882068408
INV019194,1,0,0.00254050950258913
INV019195,1,0,0.003826099307104195
INV019196,1,0,0.002749413271703378
INV019197,1,0,0.004359186207540514
INV019198,1,0,0.0018854734843324872
INV019199,1,0,0.01840143379386487
INV019200,1,0,0.0018074269313178347
INV019201,1,0,0.00226847463607918
INV019202,1,0,0.016542977634151253
INV019203,1,0,0.0032563216961120443
INV019204,1,0,0.003682688988042995
INV019205,1,0,0.006621320501387692
INV019206,1,0,0.0008447450983817353
INV019207,1,0,0.006642404614648138
INV019208,1,0,0.003497761842544353
INV019209,1,0,0.004257337619896067
INV019210,1,0,0.004165500718736102
INV019211,1,0,0.006178721585778378
INV019212,1,0,0.003686679126967885
INV019213,1,0,0.00825828273275878
INV019214,1,0,0.013464108470936797
INV019215,1,0,0.0034952478851664375
INV019216,1,0,0.002116543345788766
INV019217,1,0,0.0023989779958086
INV019218,1,0,0.0016295571235100056
INV019219,1,0,0.0051751458550504115
INV019220,1,0,0.0059248590612306406
INV019221,1,0,0.002997473415912207
INV019222,1,0,0.003005161393699956
INV019223,1,0,0.0028224150432909958
INV019224,1,0,0.004454498274640306
INV019225,1,0,0.003595344527371244
INV019226,1,0,0.004805802117212459
INV019227,1,0,0.003913127255215746
INV019228,1,0,0.0033104646787947417
INV019229,1,0,0.00313452098062073
INV019230,1,0,0.0027093856562869327
INV019231,1,0,0.002659066700307497
INV019232,1,0,0.0025128056464250666
INV019233,1,0,0.0026476398967036456
INV019234,1,0,0.0024107524538085744
INV019235,1,0,0.004371117403869896
INV019236,1,0,0.0015542141896018363
INV019237,1,0,0.0023395407259483355
INV019238,1,0,0.001935580588860891
INV019239,1,0,0.0034663820313774515
INV019240,1,0,0.0037361043569967564
INV019241,1,0,0.0030385050950433963
INV019242,1,0,0.012297278928138079
INV019243,1,0,0.0043772149257262204
INV019244,1,0,0.003965407832200766
INV019245,1,0,0.0025883978379832987
INV019246,1,0,0.005077508901930186
INV019247,1,0,0.0015951272846812085
INV019248,1,0,0.003270575674364354
INV019249,1,0,0.0025803227659885607
INV019250,1,0,0.002487145986555288
INV019251,1,0,0.0032393703114860072
INV019252,1,0,0.007608399590982055
INV019253,1,0,0.018936463048221587
INV019254,1,0,0.006289854682907534
INV019255,1,0,0.002434997751315239
INV019256,1,0,0.00217923559072834
INV019257,1,0,0.01369862460036123
INV019258,1,0,0.003604577814028812
INV019259,1,0,0.0038112056488858108
INV019260,1,0,0.013759258720581678
INV019261,1,0,0.002145367075660698
INV019262,1,0,0.0035938636975273853
INV019263,1,0,0.004132387502949821
INV019264,1,0,0.0024419473971189023
INV019265,1,0,0.004091991429421142
INV019266,1,0,0.007839427688043382
INV019267,1,0,0.004538543212754389
INV019268,1,0,0.008422841173744205
INV019269,1,0,0.002056708324774562
INV019270,-1,1,0.07542963983628988
INV019271,1,0,0.003578448237718977
INV019272,1,0,0.002851539005250825
INV019273,1,0,0.0030517032168313313
INV019274,1,0,0.0033190109463630533
INV019275,1,0,0.004042201810647223
INV019276,1,0,0.0022663352663276465
INV019277,1,0,0.005437867136374513
INV019278,1,0,0.0021297034463377716
INV019279,1,0,0.005933139575235439
INV019280,1,0,0.010968649571870753
INV019281,1,0,0.00341822358440785
INV019282,1,0,0.0025330952628093467
INV019283,1,0,0.002708768208545698
INV019284,1,0,0.007628766302204914
INV019285,1,0,0.0038163412176134225
INV019286,1,0,0.0025893635369707985
INV019287,1,0,0.00170350556508845
INV019288,1,0,0.006005044882388299
INV019289,1,0,0.003424948968690932
INV019290,1,0,0.0035115106509487834
INV019291,1,0,0.005832042423376751
INV019292,1,0,0.003597692023507073
INV019293,1,0,0.0027299067412359258
INV019294,1,0,0.002084845473679748
INV019295,1,0,0.0014230619229490405
INV019296,1,0,0.0030493345489298026
INV019297,1,0,0.004656835253123665
INV019298,1,0,0.002278019747424788
INV019299,1,0,0.0015294059223683943
INV019300,1,0,0.0029680128089471344
INV019301,1,0,0.0034924731816720527
INV019302,1,0,0.0012588283794497314
INV019303,1,0,0.004030511454102025
INV019304,1,0,0.0026504257768390376
INV019305,1,0,0.0022913629816467378
INV019306,1,0,0.0025413903196521252
INV019307,1,0,0.00589223428114892
INV019308,1,0,0.00260563542595146
INV019309,1,0,0.006625233449679329
INV019310,1,0,0.014048987981461005
INV019311,1,0,0.0012599203037472646
INV019312,1,0,0.003416690806836448
INV019313,1,0,0.008413426214357119
INV019314,1,0,0.0012397874464302738
INV019315,1,0,0.004127967934778812
INV019316,1,0,0.01019385534686756
INV019317,1,0,0.0052102407551972395
INV019318,1,0,0.0035979240397208804
INV019319,1,0,0.006073552029499534
INV019320,1,0,0.004385820604880147
INV019321,1,0,0.0061611213397539544
INV019322,1,0,0.0026131801798634433
INV019323,1,0,0.004278888537781216
INV019324,1,0,0.0032189809234778755
INV019325,1,0,0.00207286684200511
INV019326,1,0,0.004222400412406888
INV019327,1,0,0.0033293797758412002
INV019328,1,0,0.011763755912525457
INV019329,1,0,0.0033054025984741407
INV019330,1,0,0.004217810322770606
INV019331,1,0,0.0019679662027920547
INV019332,1,0,0.003513880567203226
INV019333,1,0,0.014435349830791103
INV019334,1,0,0.0027637074036502003
INV019335,1,0,0.0018000319861712526
INV019336,1,0,0.0037918467171570098
INV019337,1,0,0.0038125766255083125
INV019338,1,0,0.011892985038742048
INV019339,1,0,0.0049430735436045
INV019340,1,0,0.0033198709673720054
INV019341,1,0,0.005943081074940341
INV019342,1,0,0.006572767180983651
INV019343,1,0,0.005297041353326386
INV019344,1,0,0.006809287824806992
INV019345,1,0,0.0015529257114391853
INV019346,1,0,0.010945697208558309
INV019347,1,0,0.001846908752922719
INV019348,1,0,0.00361208014171236
INV019349,1,0,0.0054386103752429174
INV019350,1,0,0.0035585940003641237
INV019351,1,0,0.002321115237192533
INV019352,1,0,0.0035117273741307174
INV019353,1,0,0.002615204425788848
INV019354,1,0,0.00367849129935567
INV019355,-1,1,0.034703492376213764
INV019356,1,0,0.003542754886100034
INV019357,1,0,0.002518769263169257
INV019358,1,0,0.004020072970918571
INV019359,1,0,0.002322562625686755
INV019360,1,0,0.0016154162251624028
INV019361,1,0,0.0021628010366249372
INV019362,1,0,0.004875889641576509
INV019363,1,0,0.008490189114499964
INV019364,1,0,0.018883435308035112
INV019365,1,0,0.0034470424988062892
INV019366,1,0,0.004506001714503643
INV019367,1,0,0.0017185092060823417
INV019368,1,0,0.00529371217202947
INV019369,1,0,0.0019203125552954392
INV019370,1,0,0.0019564013947583224
INV019371,1,0,0.009348248169586282
INV019372,1,0,0.011266601372382362
INV019373,1,0,0.0031598377925087726
INV019374,1,0,0.0014117439948086237
INV019375,1,0,0.004993386054807362
INV019376,1,0,0.002816127648956637
INV019377,1,0,0.009964984758825195
INV019378,-1,1,0.03291316559436072
INV019379,1,0,0.00432374917913662
INV019380,1,0,0.005649574836630844
INV019381,1,0,0.008274230809032926
INV019382,1,0,0.006364449428177349
INV019383,1,0,0.0061982933009426845
INV019384,1,0,0.004839375746213159
INV019385,1,0,0.0017713610326391363
INV019386,1,0,0.001880199312136012
INV019387,1,0,0.004541155950455216
INV019388,1,0,0.0028447187644263967
INV019389,1,0,0.003431976845038058
INV019390,1,0,0.008568738356942244
INV019391,1,0,0.0022803202634854923
INV019392,1,0,0.005926372879024107
INV019393,1,0,0.0027526819914504394
INV019394,1,0,0.002564917629642086
INV019395,1,0,0.004968838252451709
INV019396,1,0,0.002632862498557303
INV019397,1,0,0.003635798696851741
INV019398,1,0,0.002579227251043787
INV019399,1,0,0.0021657852535475006
INV019400,1,0,0.004102494340170291
INV019401,1,0,0.0056241227038631636
INV019402,1,0,0.0025406790063153325
INV019403,1,0,0.0012225926842253363
INV019404,1,0,0.0024012082643929252
INV019405,1,0,0.004932072147497048
INV019406,1,0,0.0022147580409438697
INV019407,1,0,0.0040861190938176984
INV019408,1,0,0.005685829171872815
INV019409,1,0,0.0030437248695939765
INV019410,1,0,0.003039393868608871
INV019411,1,0,0.0015233967092486407
INV019412,1,0,0.0036682912680566864
INV019413,1,0,0.0010232903515802342
INV019414,1,0,0.005113429118468572
INV019415,1,0,0.0034393010165445466
INV019416,1,0,0.00445546117278436
INV019417,1,0,0.0021281381574452785
INV019418,-1,1,0.11861365340133175
INV019419,1,0,0.0022768592333486724
INV019420,1,0,0.007385231064745828
INV019421,1,0,0.0031879926473711412
INV019422,1,0,0.0030708313571368084
INV019423,1,0,0.006020946873639555
INV019424,1,0,0.009016144838903216
INV019425,1,0,0.014868896487708715
INV019426,1,0,0.010181478811676819
INV019427,1,0,0.002146076164232075
INV019428,1,0,0.0035967715919425734
INV019429,1,0,0.003906504753662487
INV019430,1,0,0.005261443622857814
INV019431,1,0,0.0035052955216304683
INV019432,1,0,0.0008311829300777919
INV019433,1,0,0.005583129393357525
INV019434,1,0,0.0025964978363380168
INV019435,1,0,0.006703977249225806
INV019436,1,0,0.005111336982602262
INV019437,1,0,0.0026766629445402336
INV019438,1,0,0.01359450145591663
INV019439,1,0,0.006528987230337192
INV019440,1,0,0.004629368379202104
INV019441,1,0,0.0022186806948154636
INV019442,1,0,0.0022718990868495523
INV019443,1,0,0.0018042317559403658
INV019444,1,0,0.0037167822728527192
INV019445,1,0,0.0037760751600536702
INV019446,1,0,0.01614202606613417
INV019447,1,0,0.001196807058796601
INV019448,1,0,0.0006912437498137024
INV019449,1,0,0.004677341194782125
INV019450,1,0,0.005246804983022641
INV019451,1,0,0.004315146961221485
INV019452,1,0,0.005098182677219374
INV019453,1,0,0.004015427432815913
INV019454,1,0,0.0022103423915157067
INV019455,1,0,0.0030037319793568785
INV019456,1,0,0.00770350479670262
INV019457,1,0,0.00329795751235855
INV019458,1,0,0.0023808216657161007
INV019459,1,0,0.0038049206899908226
INV019460,1,0,0.005747143114308081
INV019461,1,0,0.0039046678318173413
INV019462,1,0,0.00303239641619047
INV019463,1,0,0.004741947756376989
INV019464,1,0,0.007676581538115085
INV019465,1,0,0.0032628992843170158
INV019466,1,0,0.002167921348056756
INV019467,1,0,0.004933016519530847
INV019468,1,0,0.003952276583023774
INV019469,1,0,0.0020746356903584475
INV019470,1,0,0.0023013284347220323
INV019471,1,0,0.0021439708968658813
INV019472,1,0,0.00555992210608431
INV019473,1,0,0.002397974559999688
INV019474,1,0,0.002437042848370227
INV019475,1,0,0.002736097449447564
INV019476,1,0,0.0028442937963213642
INV019477,1,0,0.004249646207117392
INV019478,1,0,0.00528711743664165
INV019479,1,0,0.003074482808817366
INV019480,1,0,0.004974154935295547
INV019481,1,0,0.004483183303171211
INV019482,1,0,0.001968384321721692
INV019483,1,0,0.003353342570884517
INV019484,1,0,0.0034900972177037025
INV019485,1,0,0.005225488954770217
INV019486,1,0,0.002578323613662104
INV019487,1,0,0.0023558754605163524
INV019488,1,0,0.008013530383256322
INV019489,1,0,0.0038353993098928715
INV019490,1,0,0.0043941026048934795
INV019491,1,0,0.0016837123530557372
INV019492,1,0,0.0013461957902782063
INV019493,1,0,0.0024863315288561256
INV019494,1,0,0.002780934945470513
INV019495,1,0,0.0036186967956943913
INV019496,1,0,0.003527933495458293
INV019497,1,0,0.0040848378439331005
INV019498,1,0,0.0019875420849432444
INV019499,1,0,0.003874510758590402
INV019500,1,0,0.006318581411196326
INV019501,1,0,0.0029445142884441133
INV019502,1,0,0.010556478502535441
INV019503,1,0,0.0075781218334537645
INV019504,1,0,0.00977301756631922
INV019505,1,0,0.005137528659082162
INV019506,1,0,0.005116035724859484
INV019507,1,0,0.010236280461965949
INV019508,1,0,0.0025492805183147146
INV019509,1,0,0.0015414166254476024
INV019510,1,0,0.002886951098959243
INV019511,1,0,0.0032010866018215203
INV019512,1,0,0.003540901926268798
INV019513,1,0,0.00170360174975361
INV019514,1,0,0.0042553108543447295
INV019515,1,0,0.0037806855992639295
INV019516,1,0,0.0046385703438834225
INV019517,1,0,0.001469613304331552
INV019518,1,0,0.0054581233793551
INV019519,1,0,0.00339654283150488
INV019520,1,0,0.001834327165928719
INV019521,-1,1,0.12480064508010648
INV019522,1,0,0.002056803117349402
INV019523,1,0,0.003467627174056336
INV019524,1,0,0.0024985242060460646
INV019525,1,0,0.011523143176391814
INV019526,1,0,0.0021622639426760546
INV019527,1,0,0.0030031194232302333
INV019528,1,0,0.0029709346111187088
INV019529,1,0,0.002143106435371523
INV019530,1,0,0.015453848286273681
INV019531,1,0,0.0025940183966014357
INV019532,1,0,0.029270289062995895
INV019533,1,0,0.002163867441577807
INV019534,1,0,0.004913009684787886
INV019535,1,0,0.005458246585368571
INV019536,1,0,0.0023182897751649074
INV019537,1,0,0.00186330103392525
INV019538,1,0,0.002444283270088273
INV019539,1,0,0.005669715097802699
INV019540,1,0,0.004912168162833401
INV019541,1,0,0.006655397053250722
INV019542,1,0,0.0019426081514695487
INV019543,1,0,0.003576123610150075
INV019544,1,0,0.005559667610318884
INV019545,1,0,0.002756773058643218
INV019546,1,0,0.002361611589918141
INV019547,1,0,0.003032856355018151
INV019548,1,0,0.007283301100104976
INV019549,1,0,0.005391344737668771
INV019550,1,0,0.009756152231357703
INV019551,1,0,0.004072166700827021
INV019552,1,0,0.004774200003322305
INV019553,1,0,0.0015402989881426147
INV019554,1,0,0.002263735685121829
INV019555,1,0,0.023354313965144674
INV019556,1,0,0.002084478188908714
INV019557,1,0,0.00174727341307585
INV019558,1,0,0.004632306207178553
INV019559,1,0,0.0016802653844992313
INV019560,1,0,0.002298988502811957
INV019561,1,0,0.00328850064000691
INV019562,1,0,0.0044043138989213
INV019563,1,0,0.0032756745060255497
INV019564,1,0,0.008713155438246162
INV019565,1,0,0.008047240884209802
INV019566,1,0,0.0051598525646995635
INV019567,1,0,0.0013653314890916064
INV019568,1,0,0.013007862167207306
INV019569,1,0,0.009792998322216175
INV019570,1,0,0.004444486990693075
INV019571,1,0,0.0018695848310157507
INV019572,1,0,0.0046500362654736584
INV019573,1,0,0.003895926766408581
INV019574,1,0,0.005051042292289734
INV019575,1,0,0.0033289098990921125
INV019576,1,0,0.005006040342263423
INV019577,1,0,0.004660912142937054
INV019578,1,0,0.0039483905027450725
INV019579,1,0,0.004288348706217336
INV019580,1,0,0.005884311875999132
INV019581,1,0,0.0036654726194300046
INV019582,1,0,0.006544647244513483
INV019583,1,0,0.002753110025166564
INV019584,1,0,0.0010726701448950217
INV019585,1,0,0.011725903973818593
INV019586,1,0,0.02790968963989807
INV019587,1,0,0.0049931660968872095
INV019588,1,0,0.002365511749718257
INV019589,1,0,0.010838549794679712
INV019590,1,0,0.004493226482644773
INV019591,1,0,0.006289698832497281
INV019592,1,0,0.005570729463639691
INV019593,1,0,0.0034715065574994555
INV019594,1,0,0.008193607651953313
INV019595,1,0,0.004395571635040834
INV019596,1,0,0.002108011171979718
INV019597,1,0,0.004049150817024388
INV019598,1,0,0.0026288363379511756
INV019599,1,0,0.0032658831494839355
INV019600,1,0,0.016182310515408874
INV019601,1,0,0.005066942606024355
INV019602,1,0,0.0020998833951959522
INV019603,1,0,0.009572920154004325
INV019604,1,0,0.0064855686229614495
INV019605,1,0,0.007428579759912592
INV019606,1,0,0.0022387705055742567
INV019607,1,0,0.0039655656265918686
INV019608,1,0,0.002074076857465047
INV019609,1,0,0.005046632164290743
INV019610,1,0,0.0022300812493828313
INV019611,1,0,0.006451575089817637
INV019612,1,0,0.0014399701043397383
INV019613,1,0,0.0010157414936168272
INV019614,1,0,0.009065800942573204
INV019615,1,0,0.008452810439877527
INV019616,1,0,0.0028127504560472418
INV019617,1,0,0.001977295636566518
INV019618,1,0,0.00425450819310381
INV019619,1,0,0.003629843858156469
INV019620,1,0,0.005095234410419275
INV019621,1,0,0.003976378338361129
INV019622,1,0,0.007113904032297478
INV019623,1,0,0.009934363807236063
INV019624,1,0,0.0020768335894900737
INV019625,1,0,0.0026024746681880396
INV019626,1,0,0.006456606660348084
INV019627,1,0,0.004727762678934945
INV019628,1,0,0.0011979031098461109
INV019629,1,0,0.0033870802784569574
INV019630,1,0,0.0033123234273291567
INV019631,1,0,0.00487295866051891
INV019632,1,0,0.005128971163563075
INV019633,1,0,0.01962040448588586
INV019634,1,0,0.004927854720431801
INV019635,1,0,0.0013943208127702683
INV019636,1,0,0.002782106981819902
INV019637,1,0,0.0034006750835363342
INV019638,1,0,0.0037105536835232078
INV019639,1,0,0.0026781355791544044
INV019640,1,0,0.0030986043670951494
INV019641,1,0,0.006885534294027158
INV019642,1,0,0.004583885729482822
INV019643,1,0,0.006112836945616086
INV019644,1,0,0.0036372262512425623
INV019645,1,0,0.003766204515221082
INV019646,1,0,0.0021664457023879515
INV019647,1,0,0.004388390778770471
INV019648,1,0,0.005867487102774495
INV019649,1,0,0.003983054789562031
INV019650,1,0,0.0010472470905964137
INV019651,1,0,0.0015095277846605155
INV019652,1,0,0.004355590874384746
INV019653,1,0,0.002967908715597367
INV019654,1,0,0.003384552616590337
INV019655,1,0,0.00938959742066967
INV019656,1,0,0.010138299211076104
INV019657,1,0,0.005282328886535841
INV019658,1,0,0.0017408567389301923
INV019659,1,0,0.00355784434105137
INV019660,1,0,0.003005852774142934
INV019661,1,0,0.004516929877632744
INV019662,1,0,0.00242039099862518
INV019663,1,0,0.0034617631110753686
INV019664,1,0,0.024436597913512628
INV019665,1,0,0.006196842576947171
INV019666,1,0,0.0025774384477687123
INV019667,1,0,0.0022452703621331114
INV019668,1,0,0.0025525806583069463
INV019669,1,0,0.008336619017950722
INV019670,1,0,0.00280151564759635
INV019671,1,0,0.0018488237576375576
INV019672,1,0,0.0022949657172775645
INV019673,1,0,0.001770352015750146
INV019674,1,0,0.0037836775475753714
INV019675,1,0,0.0023762021076675225
INV019676,1,0,0.0029021177713739357
INV019677,1,0,0.013748679098927444
INV019678,1,0,0.004830938653845143
INV019679,1,0,0.0034978301436279953
INV019680,1,0,0.006147138367689842
INV019681,1,0,0.005060352335868471
INV019682,1,0,0.023846723634876315
INV019683,1,0,0.003937232233841013
INV019684,1,0,0.004086780726587043
INV019685,1,0,0.005716048145366367
INV019686,1,0,0.003098183525440217
INV019687,-1,1,0.03329262039136374
INV019688,1,0,0.0019640057546633236
INV019689,1,0,0.0027399204874322377
INV019690,1,0,0.0027791072374168807
INV019691,1,0,0.003235867993909196
INV019692,1,0,0.012129761820514732
INV019693,1,0,0.0022012243630956836
INV019694,1,0,0.0034699032450098703
INV019695,1,0,0.005167680809182443
INV019696,1,0,0.0021328121369182745
INV019697,1,0,0.006162523956342385
INV019698,1,0,0.0012971657809712023
INV019699,1,0,0.0021783762818547645
INV019700,1,0,0.004039235261566586
INV019701,1,0,0.0033848481553404347
INV019702,1,0,0.003417165307804712
INV019703,1,0,0.00641731118829631
INV019704,1,0,0.0013675866794565295
INV019705,1,0,0.002516003083221042
INV019706,1,0,0.007046360219888445
INV019707,1,0,0.0029642588672224666
INV019708,1,0,0.006029543052647027
INV019709,1,0,0.004740537673736009
INV019710,1,0,0.006261781223790718
INV019711,1,0,0.0033714218902606585
INV019712,1,0,0.002708768208545704
INV019713,1,0,0.0028734361858716436
INV019714,1,0,0.00281857502483511
INV019715,1,0,0.005378798636058825
INV019716,1,0,0.003115670967658396
INV019717,1,0,0.003234322770656055
INV019718,1,0,0.0019303743972602626
INV019719,1,0,0.0037039774690914556
INV019720,1,0,0.0013585179400701854
INV019721,1,0,0.006296420000883741
INV019722,1,0,0.0015311780125428062
INV019723,1,0,0.0022744110429579554
INV019724,1,0,0.004221445504921074
INV019725,1,0,0.004969687606720466
INV019726,1,0,0.004044789900188641
INV019727,1,0,0.00252714041201576
INV019728,1,0,0.004708538906959196
INV019729,1,0,0.0030233237790004324
INV019730,1,0,0.007620111161612491
INV019731,1,0,0.020348748233343393
INV019732,1,0,0.003904353314026029
INV019733,1,0,0.0061845175762210896
INV019734,1,0,0.0018850731828592168
INV019735,1,0,0.0019262071856077537
INV019736,1,0,0.0025375543553591527
INV019737,1,0,0.005110785867051279
INV019738,1,0,0.003010432742340167
INV019739,1,0,0.0017269571115750698
INV019740,1,0,0.008480885435686756
INV019741,1,0,0.018882682733513314
INV019742,1,0,0.019349045808584986
INV019743,1,0,0.005550946286226158
INV019744,1,0,0.0012162271634869935
INV019745,1,0,0.0018285568705299644
INV019746,1,0,0.005785473906619917
INV019747,1,0,0.014536511250343886
INV019748,1,0,0.0033062873533656945
INV019749,1,0,0.010352405718501035
INV019750,1,0,0.002930476354128904
INV019751,1,0,0.002251022324281885
INV019752,1,0,0.0029865528302019887
INV019753,1,0,0.013387600141779797
INV019754,1,0,0.0025034528508133787
INV019755,1,0,0.0032193541758532367
INV019756,1,0,0.003650830062677441
INV019757,1,0,0.0031607589245233854
INV019758,1,0,0.002429008464256489
INV019759,1,0,0.001486274368578505
INV019760,1,0,0.00769608929762176
INV019761,1,0,0.003126114681102563
INV019762,1,0,0.004942488849815178
INV019763,1,0,0.005705192892213489
INV019764,1,0,0.0030375073625208185
INV019765,1,0,0.001117342223361659
INV019766,1,0,0.0018439516792959371
INV019767,1,0,0.006287724440691757
INV019768,1,0,0.004883940669292508
INV019769,1,0,0.00242681214852692
INV019770,1,0,0.012781175592939346
INV019771,1,0,0.002242716419621976
INV019772,1,0,0.0018455757864433246
INV019773,1,0,0.006160592421020825
INV019774,1,0,0.02318303600251923
INV019775,1,0,0.004056138275081349
INV019776,1,0,0.002935842157203192
INV019777,1,0,0.006758030093854661
INV019778,1,0,0.005400799906331565
INV019779,1,0,0.005197279099055793
INV019780,1,0,0.003943625230855764
INV019781,1,0,0.002689901541659381
INV019782,1,0,0.005286964988002302
INV019783,1,0,0.003458930060647312
INV019784,1,0,0.003971525556298042
INV019785,1,0,0.0015933853466803005
INV019786,1,0,0.0028564481182751663
INV019787,1,0,0.007365327522492743
INV019788,1,0,0.002765742703653673
INV019789,1,0,0.0017685921671912197
INV019790,1,0,0.0021948249010858823
INV019791,1,0,0.004475896784867446
INV019792,1,0,0.003590069370540837
INV019793,1,0,0.007082151869258291
INV019794,1,0,0.0011856167689821703
INV019795,1,0,0.007923913860227273
INV019796,1,0,0.00238282402592239
INV019797,1,0,0.004144651447293348
INV019798,1,0,0.0025447265868878215
INV019799,1,0,0.004916286546145076
INV019800,1,0,0.004417603405316724
INV019801,1,0,0.0024763490787150736
INV019802,1,0,0.005434668501953125
INV019803,1,0,0.009750237480472402
INV019804,1,0,0.005572443591983375
INV019805,1,0,0.002401910889390397
INV019806,1,0,0.003533955395199545
INV019807,1,0,0.0027147215510564975
INV019808,1,0,0.002242913539648338
INV019809,1,0,0.002927811273649969
INV019810,1,0,0.009115907048850359
INV019811,1,0,0.002632564364661851
INV019812,1,0,0.004748987611444072
INV019813,1,0,0.00516457886753588
INV019814,1,0,0.002129821605093463
INV019815,1,0,0.01644246994891623
INV019816,1,0,0.005640016371214898
INV019817,1,0,0.007483650753415933
INV019818,1,0,0.01011030723759718
INV019819,1,0,0.0017725785873674807
INV019820,1,0,0.0028386373566805616
INV019821,1,0,0.0064017711874963185
INV019822,1,0,0.006479458479990033
INV019823,1,0,0.0038809007503770063
INV019824,1,0,0.0014690796528949702
INV019825,1,0,0.005392899121972244
INV019826,1,0,0.00566265420961007
INV019827,1,0,0.007963406529990422
INV019828,1,0,0.0025846539489942965
INV019829,1,0,0.0027296233100432567
INV019830,1,0,0.0024780489447542224
INV019831,1,0,0.016470243054700268
INV019832,1,0,0.0028633689287541238
INV019833,1,0,0.0021752787702141417
INV019834,1,0,0.00250878238282634
INV019835,1,0,0.00793736956676473
INV019836,1,0,0.00484710038934109
INV019837,1,0,0.00397198772281193
INV019838,1,0,0.0023167684328805446
INV019839,1,0,0.0027577139777048925
INV019840,1,0,0.005198140342185372
INV019841,1,0,0.006525274134950156
INV019842,1,0,0.00397899167504842
INV019843,1,0,0.003674900019315806
INV019844,1,0,0.0031803467458834493
INV019845,1,0,0.005692321895484781
INV019846,1,0,0.004527188704339061
INV019847,1,0,0.004451679582220818
INV019848,1,0,0.006112569599563885
INV019849,1,0,0.0022684070385478043
INV019850,1,0,0.0029296792617945003
INV019851,1,0,0.0022007044188361285
INV019852,1,0,0.0021797179885634107
INV019853,1,0,0.004341751917525602
INV019854,1,0,0.007895438205940516
INV019855,1,0,0.003563183119686885
INV019856,1,0,0.0023508848400505392
INV019857,1,0,0.003430939608038373
INV019858,1,0,0.004958887849370885
INV019859,1,0,0.003617845973428845
INV019860,1,0,0.003812568694685217
INV019861,1,0,0.0027529111285156515
INV019862,1,0,0.002584580681441437
INV019863,1,0,0.002553070327106282
INV019864,1,0,0.002171121853526122
INV019865,1,0,0.014306588240450488
INV019866,1,0,0.004132781604896358
INV019867,1,0,0.0011615506686333099
INV019868,1,0,0.008718524891978302
INV019869,1,0,0.007398058908433997
INV019870,1,0,0.007003318298812404
INV019871,1,0,0.0048077945853834325
INV019872,1,0,0.0020383895776367087
INV019873,1,0,0.002763841810621917
INV019874,1,0,0.003052202421889307
INV019875,1,0,0.009778993546791816
INV019876,1,0,0.004744498747530988
INV019877,1,0,0.005648474367563942
INV019878,1,0,0.0033793733217237333
INV019879,1,0,0.0005899352869350695
INV019880,1,0,0.005948346231681636
INV019881,1,0,0.007004978981058071
INV019882,1,0,0.0021495822558163106
INV019883,1,0,0.003088493143981775
INV019884,1,0,0.0065165804305544585
INV019885,1,0,0.004746373700829764
INV019886,1,0,0.0013096864032405905
INV019887,1,0,0.003743171894856494
INV019888,1,0,0.0025927190625480673
INV019889,-1,1,0.05119381890497827
INV019890,1,0,0.009756688561599489
INV019891,1,0,0.006186015817458844
INV019892,1,0,0.0030679986137832757
INV019893,1,0,0.002588325338442134
INV019894,1,0,0.005697969479315903
INV019895,1,0,0.003059829279170009
INV019896,1,0,0.0020912982335378675
INV019897,1,0,0.002852059045489506
INV019898,1,0,0.0028587019958514395
INV019899,1,0,0.0034638755640590477
INV019900,1,0,0.0017974901438211083
INV019901,1,0,0.00782475073991716
INV019902,1,0,0.003201687063022274
INV019903,1,0,0.0034107127967847187
INV019904,1,0,0.004474739684921845
INV019905,1,0,0.004234546983146947
INV019906,1,0,0.015582465553984745
INV019907,1,0,0.002936415903381092
INV019908,1,0,0.00281900030246577
INV019909,1,0,0.011753829735378944
INV019910,1,0,0.005190690555008059
INV019911,1,0,0.002382203448895463
INV019912,1,0,0.0034648933122294707
INV019913,1,0,0.004611023106666059
INV019914,1,0,0.004589654181772485
INV019915,1,0,0.01255317257342262
INV019916,1,0,0.003541930371361328
INV019917,1,0,0.0023930908069786884
INV019918,1,0,0.005257118856994304
INV019919,1,0,0.004405412288456323
INV019920,1,0,0.0037528923368147764
INV019921,1,0,0.00521811560293797
INV019922,1,0,0.013420505863798268
INV019923,1,0,0.002858517763460988
INV019924,1,0,0.002476769819500395
INV019925,1,0,0.019092366975209593
INV019926,1,0,0.014387162227555442
INV019927,1,0,0.001288316036001283
INV019928,1,0,0.0019139102344990259
INV019929,1,0,0.006801154860581243
INV019930,1,0,0.0016908204823907836
INV019931,1,0,0.0019672548681820643
INV019932,1,0,0.0017753769540287433
INV019933,1,0,0.002567752915338817
INV019934,-1,1,0.06849667992830523
INV019935,1,0,0.002395516001577293
INV019936,1,0,0.0030832610557383574
INV019937,1,0,0.003308093407734331
INV019938,1,0,0.01152537659662229
INV019939,1,0,0.0031533270694320053
INV019940,1,0,0.002591506985149226
INV019941,1,0,0.0012681407258832624
INV019942,1,0,0.022920801623648093
INV019943,1,0,0.0031131508254359157
INV019944,1,0,0.02719251162556443
INV019945,1,0,0.003585033665408655
INV019946,1,0,0.00585751714236477
INV019947,1,0,0.0032490692694345023
INV019948,1,0,0.003540407544690605
INV019949,1,0,0.0011384643590467785
INV019950,1,0,0.002136661316397696
INV019951,1,0,0.0022466563147678837
INV019952,1,0,0.003906269150345571
INV019953,1,0,0.0035018898730316615
INV019954,1,0,0.0025974027642488282
INV019955,1,0,0.005122224220208925
INV019956,1,0,0.011028118565898264
INV019957,1,0,0.0035874029962149477
INV019958,1,0,0.008318576423691996
INV019959,1,0,0.002825808154993192
INV019960,1,0,0.005508220392680464
INV019961,1,0,0.008923601752311914
INV019962,1,0,0.019119850909740957
INV019963,1,0,0.005286783771139726
INV019964,1,0,0.004218991742303074
INV019965,1,0,0.0037597785104190725
INV019966,1,0,0.002143106435371511
INV019967,1,0,0.0035057940388489254
INV019968,-1,1,0.36876643396183045
INV019969,1,0,0.009925309229315301
INV019970,1,0,0.005205851557372874
INV019971,1,0,0.002480545217403069
INV019972,1,0,0.005061769678078097
INV019973,1,0,0.005120987487034353
INV019974,1,0,0.0033893891596078617
INV019975,1,0,0.0033685628504226193
INV019976,1,0,0.016266716000838188
INV019977,1,0,0.0028997372975586443
INV019978,1,0,0.004233307931719912
INV019979,1,0,0.002994759280695344
INV019980,-1,1,0.042044784309103626
INV019981,1,0,0.0022626581762475472
INV019982,1,0,0.0017348401983792317
INV019983,1,0,0.0016453686491053863
INV019984,1,0,0.0021423856222261943
INV019985,1,0,0.004949699068752419
INV019986,1,0,0.0027525651957691455
INV019987,1,0,0.004383101592741255
INV019988,1,0,0.005951017589114532
INV019989,1,0,0.00716106749682851
INV019990,1,0,0.0026544459063221532
INV019991,1,0,0.006378802075741571
INV019992,1,0,0.009595189527900382
INV019993,1,0,0.010494256204401265
INV019994,1,0,0.002700524633769644
INV019995,1,0,0.003116638345234805
INV019996,1,0,0.002253701739351809
INV019997,1,0,0.009674646823755895
INV019998,1,0,0.001561743112989279
INV019999,1,0,0.004300234514376209
INV020000,1,0,0.005382097579991604
