invoice_no,zscore_anomaly,max_abs_zscore,extreme_feature_count
INV000001,0,0.5847353760623348,0
INV000002,0,1.271965036580983,0
INV000003,0,0.5847353760623348,0
INV000004,0,0.683671079604335,0
INV000005,0,1.271965036580983,0
INV000006,0,1.271965036580983,0
INV000007,0,1.2189386038956698,0
INV000008,0,1.271965036580983,0
INV000009,0,1.45309884819142,0
INV000010,0,1.45309884819142,0
INV000011,0,0.683671079604335,0
INV000012,0,1.2189386038956698,0
INV000013,0,1.45309884819142,0
INV000014,0,1.45309884819142,0
INV000015,0,1.271965036580983,0
INV000016,0,1.45309884819142,0
INV000017,0,0.2682884635077665,0
INV000018,0,1.45309884819142,0
INV000019,0,1.271965036580983,0
INV000020,0,0.683671079604335,0
INV000021,0,1.271965036580983,0
INV000022,0,1.271965036580983,0
INV000023,0,1.271965036580983,0
INV000024,0,1.3935193658509117,0
INV000025,0,0.4815583927829996,0
INV000026,0,0.44259776730242556,0
INV000027,0,1.271965036580983,0
INV000028,0,1.45309884819142,0
INV000029,0,1.45309884819142,0
INV000030,0,0.9173071355154053,0
INV000031,0,0.683671079604335,0
INV000032,0,0.5053687540562217,0
INV000033,0,0.683671079604335,0
INV000034,0,1.271965036580983,0
INV000035,0,1.271965036580983,0
INV000036,0,1.45309884819142,0
INV000037,0,0.683671079604335,0
INV000038,0,1.271965036580983,0
INV000039,0,1.271965036580983,0
INV000040,0,0.683671079604335,0
INV000041,0,1.271965036580983,0
INV000042,0,0.683671079604335,0
INV000043,0,0.683671079604335,0
INV000044,0,0.5847353760623348,0
INV000045,0,1.45309884819142,0
INV000046,0,1.2189386038956698,0
INV000047,0,2.187057000155257,0
INV000048,0,0.44259776730242556,0
INV000049,0,0.5847353760623348,0
INV000050,0,1.271965036580983,0
INV000051,0,0.5847353760623348,0
INV000052,0,1.2189386038956698,0
INV000053,0,1.45309884819142,0
INV000054,0,0.5847353760623348,0
INV000055,0,1.45309884819142,0
INV000056,0,1.5208767557444807,0
INV000057,0,0.683671079604335,0
INV000058,0,1.271965036580983,0
INV000059,0,1.271965036580983,0
INV000060,0,2.3458703174782003,0
INV000061,0,0.44259776730242556,0
INV000062,0,1.45309884819142,0
INV000063,0,1.271965036580983,0
INV000064,0,1.45309884819142,0
INV000065,0,0.683671079604335,0
INV000066,0,0.683671079604335,0
INV000067,0,1.45309884819142,0
INV000068,0,0.683671079604335,0
INV000069,0,1.271965036580983,0
INV000070,0,1.45309884819142,0
INV000071,0,1.271965036580983,0
INV000072,0,1.45309884819142,0
INV000073,0,1.45309884819142,0
INV000074,0,1.0274565274799097,0
INV000075,0,1.271965036580983,0
INV000076,0,1.45309884819142,0
INV000077,0,0.683671079604335,0
INV000078,0,0.5087511084808379,0
INV000079,0,0.5847353760623348,0
INV000080,0,0.683671079604335,0
INV000081,0,1.271965036580983,0
INV000082,0,1.271965036580983,0
INV000083,0,0.683671079604335,0
INV000084,0,1.271965036580983,0
INV000085,0,0.683671079604335,0
INV000086,0,1.271965036580983,0
INV000087,0,1.271965036580983,0
INV000088,0,0.683671079604335,0
INV000089,0,1.2189386038956698,0
INV000090,0,1.45309884819142,0
INV000091,0,0.5173028691036603,0
INV000092,0,1.45309884819142,0
INV000093,0,1.45309884819142,0
INV000094,0,1.271965036580983,0
INV000095,0,0.5847353760623348,0
INV000096,0,1.271965036580983,0
INV000097,0,0.683671079604335,0
INV000098,0,1.271965036580983,0
INV000099,0,0.683671079604335,0
INV000100,0,1.271965036580983,0
INV000101,0,0.7578469386076934,0
INV000102,0,0.683671079604335,0
INV000103,0,0.683671079604335,0
INV000104,0,0.5245839746057896,0
INV000105,0,1.271965036580983,0
INV000106,0,1.45309884819142,0
INV000107,0,2.361523364529177,0
INV000108,0,2.250707073495656,0
INV000109,0,1.271965036580983,0
INV000110,0,1.271965036580983,0
INV000111,0,0.5265734543327685,0
INV000112,0,0.683671079604335,0
INV000113,0,0.683671079604335,0
INV000114,0,1.271965036580983,0
INV000115,0,1.271965036580983,0
INV000116,0,1.45309884819142,0
INV000117,0,1.9036843286668677,0
INV000118,0,1.2189386038956698,0
INV000119,0,1.45309884819142,0
INV000120,0,1.45309884819142,0
INV000121,0,1.2189386038956698,0
INV000122,0,0.683671079604335,0
INV000123,0,1.8772711216369422,0
INV000124,0,0.683671079604335,0
INV000125,0,0.5847353760623348,0
INV000126,0,1.271965036580983,0
INV000127,0,1.45309884819142,0
INV000128,0,1.271965036580983,0
INV000129,0,0.44413009015440313,0
INV000130,0,0.5847353760623348,0
INV000131,0,1.2189386038956698,0
INV000132,0,1.271965036580983,0
INV000133,0,1.271965036580983,0
INV000134,0,2.5636478976097057,0
INV000135,0,1.45309884819142,0
INV000136,0,1.45309884819142,0
INV000137,0,0.683671079604335,0
INV000138,0,1.45309884819142,0
INV000139,0,1.45309884819142,0
INV000140,0,0.4910870416762443,0
INV000141,0,2.2476700551743205,0
INV000142,0,1.271965036580983,0
INV000143,0,1.45309884819142,0
INV000144,0,1.45309884819142,0
INV000145,0,1.45309884819142,0
INV000146,0,0.32779936962383593,0
INV000147,0,1.271965036580983,0
INV000148,1,10.178210112087992,1
INV000149,0,1.271965036580983,0
INV000150,1,13.140894698054067,1
INV000151,0,0.683671079604335,0
INV000152,0,1.45309884819142,0
INV000153,0,1.2189386038956698,0
INV000154,0,1.271965036580983,0
INV000155,0,1.45309884819142,0
INV000156,0,0.683671079604335,0
INV000157,0,1.45309884819142,0
INV000158,0,0.9640169715285583,0
INV000159,0,1.271965036580983,0
INV000160,0,1.45309884819142,0
INV000161,0,1.45309884819142,0
INV000162,0,1.271965036580983,0
INV000163,0,1.45309884819142,0
INV000164,0,0.683671079604335,0
INV000165,0,0.4973503250059481,0
INV000166,0,1.45309884819142,0
INV000167,0,1.271965036580983,0
INV000168,0,1.271965036580983,0
INV000169,0,1.271965036580983,0
INV000170,0,1.271965036580983,0
INV000171,0,1.271965036580983,0
INV000172,0,1.45309884819142,0
INV000173,0,1.271965036580983,0
INV000174,0,1.45309884819142,0
INV000175,0,1.271965036580983,0
INV000176,0,1.45309884819142,0
INV000177,0,1.45309884819142,0
INV000178,0,0.683671079604335,0
INV000179,0,1.271965036580983,0
INV000180,0,1.2189386038956698,0
INV000181,0,1.45309884819142,0
INV000182,0,1.271965036580983,0
INV000183,0,0.865499838325563,0
INV000184,0,1.2377822365614528,0
INV000185,0,1.2189386038956698,0
INV000186,0,1.271965036580983,0
INV000187,1,8.195174110062354,1
INV000188,0,0.4868497927133432,0
INV000189,0,0.686182502674759,0
INV000190,0,1.45309884819142,0
INV000191,0,2.1846146230769805,0
INV000192,0,1.271965036580983,0
INV000193,0,1.45309884819142,0
INV000194,0,0.5847353760623348,0
INV000195,0,1.45309884819142,0
INV000196,0,1.271965036580983,0
INV000197,0,1.271965036580983,0
INV000198,0,0.683671079604335,0
INV000199,0,1.45309884819142,0
INV000200,0,1.271965036580983,0
INV000201,0,0.5847353760623348,0
INV000202,0,0.44259776730242556,0
INV000203,0,1.45309884819142,0
INV000204,0,0.683671079604335,0
INV000205,0,1.271965036580983,0
INV000206,0,0.683671079604335,0
INV000207,0,0.683671079604335,0
INV000208,0,0.683671079604335,0
INV000209,0,1.271965036580983,0
INV000210,0,1.2189386038956698,0
INV000211,0,2.0375311595012566,0
INV000212,0,0.44259776730242556,0
INV000213,0,1.2189386038956698,0
INV000214,0,1.45309884819142,0
INV000215,0,1.45309884819142,0
INV000216,0,0.44259776730242556,0
INV000217,0,0.683671079604335,0
INV000218,0,0.4688579068541859,0
INV000219,0,1.271965036580983,0
INV000220,0,1.2189386038956698,0
INV000221,0,0.683671079604335,0
INV000222,0,0.683671079604335,0
INV000223,0,1.5161621672040377,0
INV000224,0,1.2189386038956698,0
INV000225,0,1.45309884819142,0
INV000226,0,1.45309884819142,0
INV000227,0,1.45309884819142,0
INV000228,0,0.5847353760623348,0
INV000229,0,1.271965036580983,0
INV000230,0,0.683671079604335,0
INV000231,0,1.271965036580983,0
INV000232,0,1.45309884819142,0
INV000233,0,0.683671079604335,0
INV000234,0,1.962947945325828,0
INV000235,0,1.271965036580983,0
INV000236,0,0.683671079604335,0
INV000237,0,0.5847353760623348,0
INV000238,0,1.271965036580983,0
INV000239,0,1.45309884819142,0
INV000240,0,0.683671079604335,0
INV000241,0,0.5254085705930783,0
INV000242,0,0.5847353760623348,0
INV000243,1,18.991172786010118,1
INV000244,0,0.8674260880755663,0
INV000245,0,1.271965036580983,0
INV000246,0,1.271965036580983,0
INV000247,0,1.271965036580983,0
INV000248,0,0.529847578420668,0
INV000249,0,1.271965036580983,0
INV000250,0,1.271965036580983,0
INV000251,0,1.271965036580983,0
INV000252,0,1.271965036580983,0
INV000253,0,1.45309884819142,0
INV000254,0,1.271965036580983,0
INV000255,0,1.271965036580983,0
INV000256,0,0.44259776730242556,0
INV000257,0,1.271965036580983,0
INV000258,0,0.5847353760623348,0
INV000259,0,1.271965036580983,0
INV000260,0,1.271965036580983,0
INV000261,0,0.7090919871568137,0
INV000262,0,1.271965036580983,0
INV000263,0,1.271965036580983,0
INV000264,0,1.45309884819142,0
INV000265,0,0.5847353760623348,0
INV000266,0,1.271965036580983,0
INV000267,0,1.45309884819142,0
INV000268,0,1.271965036580983,0
INV000269,0,0.8652783727810676,0
INV000270,0,0.683671079604335,0
INV000271,0,1.2189386038956698,0
INV000272,0,0.683671079604335,0
INV000273,0,1.45309884819142,0
INV000274,0,0.5847353760623348,0
INV000275,0,1.271965036580983,0
INV000276,0,1.2189386038956698,0
INV000277,0,1.271965036580983,0
INV000278,0,1.271965036580983,0
INV000279,0,1.271965036580983,0
INV000280,0,1.45309884819142,0
INV000281,0,1.5564895413953215,0
INV000282,0,1.2189386038956698,0
INV000283,0,1.271965036580983,0
INV000284,0,1.271965036580983,0
INV000285,0,1.45309884819142,0
INV000286,0,1.2189386038956698,0
INV000287,0,0.683671079604335,0
INV000288,0,1.271965036580983,0
INV000289,0,1.45309884819142,0
INV000290,1,10.65947569575299,1
INV000291,0,1.271965036580983,0
INV000292,0,0.683671079604335,0
INV000293,0,1.45309884819142,0
INV000294,0,1.45309884819142,0
INV000295,0,1.2189386038956698,0
INV000296,0,0.44259776730242556,0
INV000297,0,1.2734382225968317,0
INV000298,0,1.2500525472263955,0
INV000299,0,0.683671079604335,0
INV000300,0,0.683671079604335,0
INV000301,0,1.45309884819142,0
INV000302,0,0.44259776730242556,0
INV000303,0,1.271965036580983,0
INV000304,0,1.45309884819142,0
INV000305,0,0.683671079604335,0
INV000306,0,0.683671079604335,0
INV000307,0,1.45309884819142,0
INV000308,0,1.271965036580983,0
INV000309,0,0.9313226513157704,0
INV000310,0,0.683671079604335,0
INV000311,0,1.45309884819142,0
INV000312,0,0.683671079604335,0
INV000313,0,1.7673319342570435,0
INV000314,0,0.683671079604335,0
INV000315,0,1.45309884819142,0
INV000316,0,0.776254228765,0
INV000317,0,1.271965036580983,0
INV000318,0,0.683671079604335,0
INV000319,0,1.271965036580983,0
INV000320,0,1.6093694450146478,0
INV000321,0,0.683671079604335,0
INV000322,0,1.2189386038956698,0
INV000323,0,1.271965036580983,0
INV000324,0,1.271965036580983,0
INV000325,0,1.45309884819142,0
INV000326,0,0.44259776730242556,0
INV000327,1,71.14530920894602,6
INV000328,0,1.271965036580983,0
INV000329,0,0.683671079604335,0
INV000330,0,1.287839010940369,0
INV000331,0,0.44259776730242556,0
INV000332,0,0.9551195619980134,0
INV000333,0,1.2189386038956698,0
INV000334,0,1.2189386038956698,0
INV000335,0,1.45309884819142,0
INV000336,0,0.683671079604335,0
INV000337,0,1.271965036580983,0
INV000338,0,1.271965036580983,0
INV000339,0,1.271965036580983,0
INV000340,0,0.683671079604335,0
INV000341,0,0.683671079604335,0
INV000342,1,12.433218118764168,1
INV000343,0,1.2189386038956698,0
INV000344,0,1.45309884819142,0
INV000345,0,1.45309884819142,0
INV000346,0,1.45309884819142,0
INV000347,0,1.271965036580983,0
INV000348,0,1.271965036580983,0
INV000349,0,1.271965036580983,0
INV000350,0,1.3211342284850431,0
INV000351,0,1.45309884819142,0
INV000352,0,1.271965036580983,0
INV000353,0,1.8154054484848943,0
INV000354,0,0.5847353760623348,0
INV000355,0,1.271965036580983,0
INV000356,0,0.7241594642935318,0
INV000357,0,0.44259776730242556,0
INV000358,0,1.2189386038956698,0
INV000359,0,0.683671079604335,0
INV000360,0,1.45309884819142,0
INV000361,0,0.683671079604335,0
INV000362,0,0.683671079604335,0
INV000363,0,0.5847353760623348,0
INV000364,0,0.683671079604335,0
INV000365,0,0.683671079604335,0
INV000366,0,0.47508678169533824,0
INV000367,0,1.271965036580983,0
INV000368,0,0.5847353760623348,0
INV000369,0,0.683671079604335,0
INV000370,0,1.45309884819142,0
INV000371,0,1.45309884819142,0
INV000372,0,0.44259776730242556,0
INV000373,0,1.45309884819142,0
INV000374,0,0.683671079604335,0
INV000375,0,1.7771970394921892,0
INV000376,0,2.0396357077828453,0
INV000377,0,0.683671079604335,0
INV000378,0,1.271965036580983,0
INV000379,0,1.271965036580983,0
INV000380,0,1.2189386038956698,0
INV000381,0,1.271965036580983,0
INV000382,0,1.45309884819142,0
INV000383,0,1.2189386038956698,0
INV000384,0,1.45309884819142,0
INV000385,0,1.3071302864490089,0
INV000386,0,1.271965036580983,0
INV000387,0,0.49265325351422196,0
INV000388,0,1.45309884819142,0
INV000389,0,1.271965036580983,0
INV000390,0,0.683671079604335,0
INV000391,0,0.683671079604335,0
INV000392,0,0.683671079604335,0
INV000393,0,1.271965036580983,0
INV000394,0,1.45309884819142,0
INV000395,0,0.5847353760623348,0
INV000396,0,1.45309884819142,0
INV000397,0,0.5847353760623348,0
INV000398,0,0.44934985786767134,0
INV000399,0,1.2189386038956698,0
INV000400,0,1.45309884819142,0
INV000401,0,0.683671079604335,0
INV000402,0,1.0137541289253635,0
INV000403,0,0.683671079604335,0
INV000404,0,1.2189386038956698,0
INV000405,0,1.2189386038956698,0
INV000406,0,1.2189386038956698,0
INV000407,0,0.5847353760623348,0
INV000408,0,1.271965036580983,0
INV000409,0,0.4120788958730878,0
INV000410,0,0.683671079604335,0
INV000411,0,1.271965036580983,0
INV000412,0,0.2721711661825661,0
INV000413,0,1.45309884819142,0
INV000414,0,0.683671079604335,0
INV000415,0,1.271965036580983,0
INV000416,0,1.45309884819142,0
INV000417,0,1.271965036580983,0
INV000418,0,0.683671079604335,0
INV000419,0,1.271965036580983,0
INV000420,0,0.683671079604335,0
INV000421,0,1.271965036580983,0
INV000422,0,1.45309884819142,0
INV000423,0,2.3838391461814976,0
INV000424,0,1.45309884819142,0
INV000425,0,1.45309884819142,0
INV000426,0,1.271965036580983,0
INV000427,0,1.45309884819142,0
INV000428,0,0.683671079604335,0
INV000429,0,1.271965036580983,0
INV000430,0,1.45309884819142,0
INV000431,0,1.45309884819142,0
INV000432,0,1.45309884819142,0
INV000433,0,1.45309884819142,0
INV000434,0,1.45309884819142,0
INV000435,0,0.683671079604335,0
INV000436,0,0.683671079604335,0
INV000437,0,0.683671079604335,0
INV000438,0,1.45309884819142,0
INV000439,0,1.2189386038956698,0
INV000440,0,1.5535767064372132,0
INV000441,0,0.683671079604335,0
INV000442,0,0.683671079604335,0
INV000443,0,0.683671079604335,0
INV000444,0,2.1750265413398746,0
INV000445,0,1.2189386038956698,0
INV000446,0,1.45309884819142,0
INV000447,0,1.45309884819142,0
INV000448,1,10.731987021395694,1
INV000449,0,0.5847353760623348,0
INV000450,0,0.683671079604335,0
INV000451,0,0.683671079604335,0
INV000452,0,1.271965036580983,0
INV000453,0,1.45309884819142,0
INV000454,0,1.45309884819142,0
INV000455,0,0.9161557023666944,0
INV000456,0,0.683671079604335,0
INV000457,0,1.271965036580983,0
INV000458,0,1.271965036580983,0
INV000459,0,1.45309884819142,0
INV000460,0,0.683671079604335,0
INV000461,0,1.271965036580983,0
INV000462,0,0.683671079604335,0
INV000463,0,1.45309884819142,0
INV000464,0,1.45309884819142,0
INV000465,0,2.1109103893818233,0
INV000466,0,1.271965036580983,0
INV000467,0,2.219156053516103,0
INV000468,0,1.271965036580983,0
INV000469,0,1.271965036580983,0
INV000470,0,1.45309884819142,0
INV000471,0,0.683671079604335,0
INV000472,0,0.683671079604335,0
INV000473,0,1.45309884819142,0
INV000474,0,0.6182025902568116,0
INV000475,0,1.271965036580983,0
INV000476,0,0.5847353760623348,0
INV000477,0,0.5847353760623348,0
INV000478,0,1.45309884819142,0
INV000479,0,0.4632230476472097,0
INV000480,0,1.45309884819142,0
INV000481,0,0.4828446446459443,0
INV000482,0,1.45309884819142,0
INV000483,0,1.45309884819142,0
INV000484,0,1.45309884819142,0
INV000485,0,0.5847353760623348,0
INV000486,0,0.683671079604335,0
INV000487,0,1.45309884819142,0
INV000488,0,1.45309884819142,0
INV000489,0,1.271965036580983,0
INV000490,0,1.45309884819142,0
INV000491,0,1.45309884819142,0
INV000492,0,1.2189386038956698,0
INV000493,0,0.5847353760623348,0
INV000494,0,0.683671079604335,0
INV000495,0,1.271965036580983,0
INV000496,0,1.271965036580983,0
INV000497,0,0.5847353760623348,0
INV000498,0,1.45309884819142,0
INV000499,0,0.5847353760623348,0
INV000500,0,1.271965036580983,0
INV000501,0,1.5755449623551627,0
INV000502,0,2.1565645104053264,0
INV000503,0,0.683671079604335,0
INV000504,0,1.271965036580983,0
INV000505,0,1.45309884819142,0
INV000506,0,1.271965036580983,0
INV000507,0,1.271965036580983,0
INV000508,0,1.271965036580983,0
INV000509,0,0.5847353760623348,0
INV000510,0,1.45309884819142,0
INV000511,0,1.271965036580983,0
INV000512,0,1.2189386038956698,0
INV000513,0,0.4638108071925582,0
INV000514,1,14.50846262137635,2
INV000515,0,2.539190343947273,0
INV000516,0,1.45309884819142,0
INV000517,0,1.271965036580983,0
INV000518,0,1.45309884819142,0
INV000519,0,1.45309884819142,0
INV000520,0,1.45309884819142,0
INV000521,0,0.44259776730242556,0
INV000522,0,0.683671079604335,0
INV000523,0,0.8238480501294861,0
INV000524,0,0.5847353760623348,0
INV000525,0,0.683671079604335,0
INV000526,0,0.683671079604335,0
INV000527,0,1.271965036580983,0
INV000528,0,2.1514279486734647,0
INV000529,0,2.2111573311456367,0
INV000530,0,1.2189386038956698,0
INV000531,0,0.683671079604335,0
INV000532,0,1.9185156384503457,0
INV000533,0,1.271965036580983,0
INV000534,0,1.271965036580983,0
INV000535,0,1.304365720796114,0
INV000536,0,0.6116546548854541,0
INV000537,0,1.45309884819142,0
INV000538,0,1.271965036580983,0
INV000539,0,0.683671079604335,0
INV000540,0,1.2189386038956698,0
INV000541,0,1.8997448695321582,0
INV000542,0,0.683671079604335,0
INV000543,0,1.271965036580983,0
INV000544,0,0.5847353760623348,0
INV000545,0,1.45309884819142,0
INV000546,0,1.45309884819142,0
INV000547,0,1.45309884819142,0
INV000548,0,2.2951362523267242,0
INV000549,0,1.271965036580983,0
INV000550,0,1.271965036580983,0
INV000551,0,0.5847353760623348,0
INV000552,0,0.5847353760623348,0
INV000553,0,1.271965036580983,0
INV000554,0,1.0249018536071788,0
INV000555,0,1.45309884819142,0
INV000556,0,1.45309884819142,0
INV000557,0,1.271965036580983,0
INV000558,0,0.683671079604335,0
INV000559,0,0.683671079604335,0
INV000560,0,1.45309884819142,0
INV000561,0,0.683671079604335,0
INV000562,0,1.45309884819142,0
INV000563,0,1.271965036580983,0
INV000564,0,0.683671079604335,0
INV000565,0,0.2979193509701226,0
INV000566,0,0.5847353760623348,0
INV000567,0,0.683671079604335,0
INV000568,0,0.683671079604335,0
INV000569,0,1.271965036580983,0
INV000570,0,1.45309884819142,0
INV000571,0,1.45309884819142,0
INV000572,0,0.5333212717421663,0
INV000573,0,0.9196156322927722,0
INV000574,0,0.5847353760623348,0
INV000575,0,0.683671079604335,0
INV000576,0,0.683671079604335,0
INV000577,0,1.271965036580983,0
INV000578,0,0.5847353760623348,0
INV000579,0,1.45309884819142,0
INV000580,0,1.271965036580983,0
INV000581,0,1.45309884819142,0
INV000582,0,1.271965036580983,0
INV000583,0,1.2189386038956698,0
INV000584,0,1.45309884819142,0
INV000585,0,2.410012745009327,0
INV000586,0,0.683671079604335,0
INV000587,0,1.271965036580983,0
INV000588,0,0.683671079604335,0
INV000589,0,0.49759869173240195,0
INV000590,0,1.271965036580983,0
INV000591,0,0.4766970989595502,0
INV000592,0,1.2189386038956698,0
INV000593,0,1.45309884819142,0
INV000594,0,1.271965036580983,0
INV000595,0,0.5847353760623348,0
INV000596,0,1.45309884819142,0
INV000597,0,1.7393190453139133,0
INV000598,0,0.683671079604335,0
INV000599,0,0.683671079604335,0
INV000600,0,0.683671079604335,0
INV000601,0,1.271965036580983,0
INV000602,0,0.8279539212270085,0
INV000603,0,1.45309884819142,0
INV000604,1,10.731987021395694,1
INV000605,0,1.45309884819142,0
INV000606,0,1.45309884819142,0
INV000607,0,1.271965036580983,0
INV000608,0,0.44259776730242556,0
INV000609,0,0.683671079604335,0
INV000610,0,1.45309884819142,0
INV000611,0,2.3053702752352754,0
INV000612,0,0.6756888520798643,0
INV000613,0,1.271965036580983,0
INV000614,0,0.683671079604335,0
INV000615,0,1.8802709162297537,0
INV000616,0,1.45309884819142,0
INV000617,0,0.5185803624422465,0
INV000618,0,1.7973307130470584,0
INV000619,0,0.5847353760623348,0
INV000620,0,1.0237088174677644,0
INV000621,0,0.683671079604335,0
INV000622,0,0.683671079604335,0
INV000623,0,1.271965036580983,0
INV000624,0,1.45309884819142,0
INV000625,0,1.45309884819142,0
INV000626,0,0.683671079604335,0
INV000627,0,1.271965036580983,0
INV000628,0,1.271965036580983,0
INV000629,0,0.683671079604335,0
INV000630,0,1.271965036580983,0
INV000631,0,1.45309884819142,0
INV000632,1,19.73371578572216,1
INV000633,0,0.683671079604335,0
INV000634,0,1.6250190512167697,0
INV000635,0,1.271965036580983,0
INV000636,0,1.0307728801673952,0
INV000637,0,1.45309884819142,0
INV000638,0,1.45309884819142,0
INV000639,0,1.2189386038956698,0
INV000640,0,1.271965036580983,0
INV000641,0,1.271965036580983,0
INV000642,0,1.45309884819142,0
INV000643,0,0.683671079604335,0
INV000644,0,1.271965036580983,0
INV000645,0,0.683671079604335,0
INV000646,0,1.45309884819142,0
INV000647,0,0.5847353760623348,0
INV000648,0,0.683671079604335,0
INV000649,0,1.271965036580983,0
INV000650,0,0.683671079604335,0
INV000651,0,1.271965036580983,0
INV000652,0,1.45309884819142,0
INV000653,0,0.683671079604335,0
INV000654,0,0.5847353760623348,0
INV000655,0,0.8803908937573441,0
INV000656,0,1.45309884819142,0
INV000657,0,1.6009900396390242,0
INV000658,0,0.4832469111575559,0
INV000659,0,1.271965036580983,0
INV000660,0,0.8755852791244597,0
INV000661,0,1.45309884819142,0
INV000662,0,1.271965036580983,0
INV000663,0,1.271965036580983,0
INV000664,0,1.45309884819142,0
INV000665,0,1.271965036580983,0
INV000666,0,1.2189386038956698,0
INV000667,0,0.683671079604335,0
INV000668,0,0.683671079604335,0
INV000669,0,0.683671079604335,0
INV000670,0,0.2682884635077665,0
INV000671,0,0.5847353760623348,0
INV000672,0,1.45309884819142,0
INV000673,0,0.683671079604335,0
INV000674,0,0.44259776730242556,0
INV000675,0,1.271965036580983,0
INV000676,0,0.5243340873369462,0
INV000677,0,1.45309884819142,0
INV000678,0,0.44259776730242556,0
INV000679,0,0.683671079604335,0
INV000680,0,1.45309884819142,0
INV000681,0,1.271965036580983,0
INV000682,0,0.5847353760623348,0
INV000683,0,0.683671079604335,0
INV000684,0,1.2189386038956698,0
INV000685,0,0.7977751743317796,0
INV000686,0,1.45309884819142,0
INV000687,0,1.45309884819142,0
INV000688,0,0.4525742460493917,0
INV000689,0,0.683671079604335,0
INV000690,0,1.271965036580983,0
INV000691,0,1.271965036580983,0
INV000692,0,1.45309884819142,0
INV000693,0,0.683671079604335,0
INV000694,1,9.463580565729025,1
INV000695,0,1.271965036580983,0
INV000696,0,0.683671079604335,0
INV000697,0,0.5847353760623348,0
INV000698,0,1.271965036580983,0
INV000699,0,0.6876783335134268,0
INV000700,0,1.45309884819142,0
INV000701,0,1.72037216749523,0
INV000702,0,1.271965036580983,0
INV000703,0,2.2104869912277643,0
INV000704,0,1.271965036580983,0
INV000705,0,1.45309884819142,0
INV000706,0,1.45309884819142,0
INV000707,0,1.45309884819142,0
INV000708,0,1.45309884819142,0
INV000709,0,0.683671079604335,0
INV000710,0,1.45309884819142,0
INV000711,0,1.271965036580983,0
INV000712,0,1.45309884819142,0
INV000713,0,1.45309884819142,0
INV000714,0,0.683671079604335,0
INV000715,0,0.5847353760623348,0
INV000716,0,0.388640771885105,0
INV000717,0,1.271965036580983,0
INV000718,0,1.271965036580983,0
INV000719,0,0.5139364677055546,0
INV000720,0,0.683671079604335,0
INV000721,0,1.271965036580983,0
INV000722,0,1.2189386038956698,0
INV000723,0,0.683671079604335,0
INV000724,0,0.683671079604335,0
INV000725,0,1.271965036580983,0
INV000726,0,1.45309884819142,0
INV000727,0,0.683671079604335,0
INV000728,0,1.271965036580983,0
INV000729,0,0.5847353760623348,0
INV000730,0,1.8751162118402918,0
INV000731,0,1.271965036580983,0
INV000732,0,0.683671079604335,0
INV000733,0,1.271965036580983,0
INV000734,0,1.2189386038956698,0
INV000735,0,1.45309884819142,0
INV000736,0,1.45309884819142,0
INV000737,0,1.709042390628533,0
INV000738,0,1.271965036580983,0
INV000739,0,1.2189386038956698,0
INV000740,0,0.683671079604335,0
INV000741,0,1.45309884819142,0
INV000742,0,0.8608259143624988,0
INV000743,0,0.683671079604335,0
INV000744,0,1.271965036580983,0
INV000745,0,1.271965036580983,0
INV000746,0,0.683671079604335,0
INV000747,0,1.45309884819142,0
INV000748,0,0.683671079604335,0
INV000749,0,1.45309884819142,0
INV000750,0,1.45309884819142,0
INV000751,0,1.271965036580983,0
INV000752,0,1.45309884819142,0
INV000753,0,0.5847353760623348,0
INV000754,0,0.5847353760623348,0
INV000755,0,0.44464840711376585,0
INV000756,0,0.683671079604335,0
INV000757,0,0.683671079604335,0
INV000758,0,1.45309884819142,0
INV000759,0,0.660251640093438,0
INV000760,0,1.45309884819142,0
INV000761,0,1.3428544304809804,0
INV000762,0,1.271965036580983,0
INV000763,0,1.45309884819142,0
INV000764,0,1.271965036580983,0
INV000765,0,0.683671079604335,0
INV000766,0,0.683671079604335,0
INV000767,0,1.2189386038956698,0
INV000768,0,2.174478820763022,0
INV000769,0,1.45309884819142,0
INV000770,0,0.683671079604335,0
INV000771,0,0.5847353760623348,0
INV000772,0,1.45309884819142,0
INV000773,0,0.5847353760623348,0
INV000774,0,1.45309884819142,0
INV000775,0,1.2189386038956698,0
INV000776,0,1.62478757593015,0
INV000777,0,0.4787875710412767,0
INV000778,0,1.45309884819142,0
INV000779,0,1.45309884819142,0
INV000780,0,0.683671079604335,0
INV000781,0,0.683671079604335,0
INV000782,0,1.45309884819142,0
INV000783,0,0.5267098370692092,0
INV000784,0,0.5915116128829431,0
INV000785,0,0.683671079604335,0
INV000786,0,0.683671079604335,0
INV000787,0,0.683671079604335,0
INV000788,0,0.5847353760623348,0
INV000789,0,1.3790449659350452,0
INV000790,0,1.8465033639785993,0
INV000791,0,1.45309884819142,0
INV000792,0,0.5247894871237747,0
INV000793,0,0.9949367521454106,0
INV000794,0,0.683671079604335,0
INV000795,0,1.2189386038956698,0
INV000796,0,1.45309884819142,0
INV000797,0,0.683671079604335,0
INV000798,0,0.683671079604335,0
INV000799,0,1.2189386038956698,0
INV000800,0,1.45309884819142,0
INV000801,0,1.271965036580983,0
INV000802,0,0.39379672749233213,0
INV000803,0,1.271965036580983,0
INV000804,0,1.271965036580983,0
INV000805,0,0.740796906921524,0
INV000806,1,3.69164735077678,1
INV000807,0,0.5847353760623348,0
INV000808,0,1.271965036580983,0
INV000809,0,1.45309884819142,0
INV000810,0,0.683671079604335,0
INV000811,0,1.271965036580983,0
INV000812,0,1.45309884819142,0
INV000813,0,1.271965036580983,0
INV000814,0,0.5847353760623348,0
INV000815,1,3.005028353285909,1
INV000816,0,1.2189386038956698,0
INV000817,0,1.271965036580983,0
INV000818,0,0.44259776730242556,0
INV000819,0,0.683671079604335,0
INV000820,0,0.683671079604335,0
INV000821,0,1.8053173415957335,0
INV000822,0,0.683671079604335,0
INV000823,0,1.271965036580983,0
INV000824,0,0.48219276019011337,0
INV000825,0,0.683671079604335,0
INV000826,0,1.45309884819142,0
INV000827,0,1.7844836273866607,0
INV000828,0,0.9658618921238032,0
INV000829,0,1.45309884819142,0
INV000830,0,1.271965036580983,0
INV000831,1,18.374515702448825,5
INV000832,0,1.860202008879849,0
INV000833,0,1.271965036580983,0
INV000834,0,1.786586298841601,0
INV000835,0,0.3063828572606594,0
INV000836,0,0.683671079604335,0
INV000837,0,0.683671079604335,0
INV000838,0,1.45309884819142,0
INV000839,0,0.5847353760623348,0
INV000840,0,0.683671079604335,0
INV000841,0,1.2189386038956698,0
INV000842,0,1.271965036580983,0
INV000843,0,1.271965036580983,0
INV000844,0,1.271965036580983,0
INV000845,0,1.45309884819142,0
INV000846,0,1.271965036580983,0
INV000847,0,1.2189386038956698,0
INV000848,0,1.2189386038956698,0
INV000849,0,1.271965036580983,0
INV000850,0,1.271965036580983,0
INV000851,0,1.45309884819142,0
INV000852,0,1.45309884819142,0
INV000853,0,1.45309884819142,0
INV000854,0,1.271965036580983,0
INV000855,0,0.683671079604335,0
INV000856,0,0.683671079604335,0
INV000857,0,1.45309884819142,0
INV000858,0,1.45309884819142,0
INV000859,0,1.271965036580983,0
INV000860,0,0.683671079604335,0
INV000861,0,0.9012277360108307,0
INV000862,0,1.45309884819142,0
INV000863,0,0.683671079604335,0
INV000864,0,1.5742027184972114,0
INV000865,0,1.271965036580983,0
INV000866,0,1.45309884819142,0
INV000867,0,0.51044775977087,0
INV000868,0,1.45309884819142,0
INV000869,0,0.683671079604335,0
INV000870,0,2.2228928153728003,0
INV000871,0,2.493912526666747,0
INV000872,0,2.096087525318262,0
INV000873,0,1.45309884819142,0
INV000874,0,1.45309884819142,0
INV000875,0,1.271965036580983,0
INV000876,0,0.683671079604335,0
INV000877,0,1.45309884819142,0
INV000878,0,1.2189386038956698,0
INV000879,0,1.45309884819142,0
INV000880,0,1.45309884819142,0
INV000881,0,1.2189386038956698,0
INV000882,0,0.683671079604335,0
INV000883,0,1.271965036580983,0
INV000884,0,1.2189386038956698,0
INV000885,0,1.271965036580983,0
INV000886,0,1.45309884819142,0
INV000887,0,2.516411611721714,0
INV000888,0,0.683671079604335,0
INV000889,0,0.683671079604335,0
INV000890,0,1.45309884819142,0
INV000891,0,0.5847353760623348,0
INV000892,0,0.683671079604335,0
INV000893,0,1.2189386038956698,0
INV000894,0,0.683671079604335,0
INV000895,0,1.45309884819142,0
INV000896,0,0.683671079604335,0
INV000897,0,1.271965036580983,0
INV000898,0,0.2682884635077665,0
INV000899,0,0.5847353760623348,0
INV000900,0,1.45309884819142,0
INV000901,0,0.7941738567981992,0
INV000902,0,0.683671079604335,0
INV000903,0,0.683671079604335,0
INV000904,0,1.271965036580983,0
INV000905,1,21.559060309253372,1
INV000906,0,0.683671079604335,0
INV000907,0,0.683671079604335,0
INV000908,0,0.683671079604335,0
INV000909,0,1.45309884819142,0
INV000910,0,0.683671079604335,0
INV000911,0,1.45309884819142,0
INV000912,0,1.2189386038956698,0
INV000913,0,0.5847353760623348,0
INV000914,0,1.271965036580983,0
INV000915,0,1.271965036580983,0
INV000916,0,1.45309884819142,0
INV000917,0,0.5847353760623348,0
INV000918,0,1.891340126996783,0
INV000919,0,1.45309884819142,0
INV000920,0,0.683671079604335,0
INV000921,0,0.683671079604335,0
INV000922,0,1.45309884819142,0
INV000923,0,0.8087008078602166,0
INV000924,0,1.271965036580983,0
INV000925,0,1.2189386038956698,0
INV000926,0,0.5847353760623348,0
INV000927,0,1.45309884819142,0
INV000928,0,0.9642041774656703,0
INV000929,0,1.271965036580983,0
INV000930,0,1.2189386038956698,0
INV000931,0,1.45309884819142,0
INV000932,0,1.45309884819142,0
INV000933,0,0.683671079604335,0
INV000934,0,1.271965036580983,0
INV000935,0,1.45309884819142,0
INV000936,0,0.6892730105555699,0
INV000937,0,0.696557913190813,0
INV000938,0,1.271965036580983,0
INV000939,0,1.45309884819142,0
INV000940,0,1.45309884819142,0
INV000941,0,1.271965036580983,0
INV000942,0,0.4966962509190276,0
INV000943,0,1.9292945666957766,0
INV000944,0,0.499523064655757,0
INV000945,0,0.683671079604335,0
INV000946,0,1.45309884819142,0
INV000947,0,1.271965036580983,0
INV000948,0,0.44259776730242556,0
INV000949,0,1.271965036580983,0
INV000950,0,0.683671079604335,0
INV000951,0,0.683671079604335,0
INV000952,0,1.271965036580983,0
INV000953,0,1.271965036580983,0
INV000954,0,0.98896938181725,0
INV000955,0,0.5847353760623348,0
INV000956,0,0.683671079604335,0
INV000957,0,1.45309884819142,0
INV000958,0,1.271965036580983,0
INV000959,0,1.45309884819142,0
INV000960,0,1.45309884819142,0
INV000961,0,1.6807595514524938,0
INV000962,0,1.45309884819142,0
INV000963,0,1.45309884819142,0
INV000964,0,0.683671079604335,0
INV000965,0,1.888175797267807,0
INV000966,0,2.4768865809225638,0
INV000967,0,1.45309884819142,0
INV000968,0,0.683671079604335,0
INV000969,0,1.271965036580983,0
INV000970,0,0.683671079604335,0
INV000971,0,1.271965036580983,0
INV000972,0,2.54833580739983,0
INV000973,0,1.45309884819142,0
INV000974,0,0.683671079604335,0
INV000975,0,0.683671079604335,0
INV000976,0,1.45309884819142,0
INV000977,0,1.2189386038956698,0
INV000978,0,0.46889231534273745,0
INV000979,0,0.683671079604335,0
INV000980,0,1.2189386038956698,0
INV000981,0,0.683671079604335,0
INV000982,0,0.683671079604335,0
INV000983,0,1.271965036580983,0
INV000984,0,1.271965036580983,0
INV000985,0,0.683671079604335,0
INV000986,0,0.683671079604335,0
INV000987,0,0.683671079604335,0
INV000988,0,1.271965036580983,0
INV000989,0,0.683671079604335,0
INV000990,0,1.271965036580983,0
INV000991,0,1.45309884819142,0
INV000992,0,0.5847353760623348,0
INV000993,0,1.271965036580983,0
INV000994,0,1.45309884819142,0
INV000995,0,1.271965036580983,0
INV000996,0,1.271965036580983,0
INV000997,0,1.1094197368407606,0
INV000998,0,1.45309884819142,0
INV000999,0,0.683671079604335,0
INV001000,0,1.8755885465467723,0
INV001001,0,1.271965036580983,0
INV001002,0,1.271965036580983,0
INV001003,0,0.5847353760623348,0
INV001004,0,1.45309884819142,0
INV001005,0,0.683671079604335,0
INV001006,0,0.5847353760623348,0
INV001007,0,1.45309884819142,0
INV001008,0,0.683671079604335,0
INV001009,0,1.45309884819142,0
INV001010,0,1.621912277505007,0
INV001011,0,1.271965036580983,0
INV001012,0,0.5847353760623348,0
INV001013,0,1.45309884819142,0
INV001014,0,1.271965036580983,0
INV001015,0,1.2189386038956698,0
INV001016,0,1.45309884819142,0
INV001017,0,0.4784610032044785,0
INV001018,0,1.271965036580983,0
INV001019,0,1.271965036580983,0
INV001020,0,0.683671079604335,0
INV001021,0,1.45309884819142,0
INV001022,0,1.45309884819142,0
INV001023,0,1.271965036580983,0
INV001024,0,0.4835065388438993,0
INV001025,0,1.271965036580983,0
INV001026,0,1.271965036580983,0
INV001027,0,1.271965036580983,0
INV001028,0,1.2189386038956698,0
INV001029,0,0.683671079604335,0
INV001030,0,1.271965036580983,0
INV001031,0,1.271965036580983,0
INV001032,0,1.45309884819142,0
INV001033,0,0.683671079604335,0
INV001034,0,1.45309884819142,0
INV001035,0,1.45309884819142,0
INV001036,0,0.9822450247409555,0
INV001037,0,1.45309884819142,0
INV001038,0,0.6543017868139944,0
INV001039,0,1.271965036580983,0
INV001040,0,1.45309884819142,0
INV001041,0,0.5847353760623348,0
INV001042,0,1.271965036580983,0
INV001043,0,1.45309884819142,0
INV001044,0,1.271965036580983,0
INV001045,0,0.683671079604335,0
INV001046,0,0.683671079604335,0
INV001047,0,1.271965036580983,0
INV001048,0,0.5847353760623348,0
INV001049,0,1.45309884819142,0
INV001050,0,1.889511785036931,0
INV001051,0,1.45309884819142,0
INV001052,0,1.271965036580983,0
INV001053,0,1.45309884819142,0
INV001054,0,0.683671079604335,0
INV001055,0,0.5847353760623348,0
INV001056,0,1.45309884819142,0
INV001057,0,0.683671079604335,0
INV001058,0,0.683671079604335,0
INV001059,0,1.271965036580983,0
INV001060,0,1.271965036580983,0
INV001061,0,1.271965036580983,0
INV001062,0,1.2189386038956698,0
INV001063,0,1.45309884819142,0
INV001064,0,1.45309884819142,0
INV001065,0,0.683671079604335,0
INV001066,0,1.45309884819142,0
INV001067,0,0.683671079604335,0
INV001068,0,0.8797828019233059,0
INV001069,0,0.683671079604335,0
INV001070,0,0.683671079604335,0
INV001071,0,1.45309884819142,0
INV001072,0,0.683671079604335,0
INV001073,0,1.8799190112332038,0
INV001074,0,0.683671079604335,0
INV001075,0,0.683671079604335,0
INV001076,0,1.45309884819142,0
INV001077,0,1.45309884819142,0
INV001078,0,0.683671079604335,0
INV001079,0,1.45309884819142,0
INV001080,0,0.5847353760623348,0
INV001081,0,1.45309884819142,0
INV001082,0,1.45309884819142,0
INV001083,0,0.683671079604335,0
INV001084,0,0.5847353760623348,0
INV001085,0,1.271965036580983,0
INV001086,0,1.45309884819142,0
INV001087,0,1.271965036580983,0
INV001088,0,1.45309884819142,0
INV001089,0,0.683671079604335,0
INV001090,0,1.271965036580983,0
INV001091,0,0.5218313390014839,0
INV001092,0,0.683671079604335,0
INV001093,0,1.2189386038956698,0
INV001094,0,1.271965036580983,0
INV001095,0,1.45309884819142,0
INV001096,0,0.683671079604335,0
INV001097,0,1.2189386038956698,0
INV001098,0,0.5027474528374775,0
INV001099,0,1.271965036580983,0
INV001100,0,1.2189386038956698,0
INV001101,0,1.271965036580983,0
INV001102,0,1.271965036580983,0
INV001103,0,0.683671079604335,0
INV001104,0,1.45309884819142,0
INV001105,0,0.2682884635077665,0
INV001106,0,1.271965036580983,0
INV001107,0,0.683671079604335,0
INV001108,0,1.2189386038956698,0
INV001109,0,1.271965036580983,0
INV001110,0,1.45309884819142,0
INV001111,0,1.271965036580983,0
INV001112,0,0.683671079604335,0
INV001113,0,0.7383341975545582,0
INV001114,0,0.5847353760623348,0
INV001115,0,1.45309884819142,0
INV001116,0,0.683671079604335,0
INV001117,0,1.45309884819142,0
INV001118,0,1.271965036580983,0
INV001119,0,2.145977956891343,0
INV001120,0,0.5847353760623348,0
INV001121,0,1.271965036580983,0
INV001122,0,0.5847353760623348,0
INV001123,0,1.9473615256208645,0
INV001124,0,1.271965036580983,0
INV001125,0,1.271965036580983,0
INV001126,0,1.271965036580983,0
INV001127,0,0.683671079604335,0
INV001128,0,0.5847353760623348,0
INV001129,0,0.683671079604335,0
INV001130,0,1.271965036580983,0
INV001131,0,1.271965036580983,0
INV001132,0,1.271965036580983,0
INV001133,0,0.683671079604335,0
INV001134,0,2.376334654828407,0
INV001135,0,0.7567838008052633,0
INV001136,0,1.45309884819142,0
INV001137,0,0.683671079604335,0
INV001138,0,0.6733822321291459,0
INV001139,0,0.683671079604335,0
INV001140,0,0.44259776730242556,0
INV001141,0,1.45309884819142,0
INV001142,0,1.45309884819142,0
INV001143,0,0.683671079604335,0
INV001144,0,1.271965036580983,0
INV001145,0,1.5086789465529609,0
INV001146,0,1.271965036580983,0
INV001147,0,1.45309884819142,0
INV001148,0,1.45309884819142,0
INV001149,0,1.271965036580983,0
INV001150,0,0.4953424332967453,0
INV001151,0,1.271965036580983,0
INV001152,0,0.683671079604335,0
INV001153,0,0.5847353760623348,0
INV001154,0,1.45309884819142,0
INV001155,0,1.271965036580983,0
INV001156,0,0.4773555088288329,0
INV001157,0,0.5847353760623348,0
INV001158,0,1.45309884819142,0
INV001159,0,0.683671079604335,0
INV001160,0,1.45309884819142,0
INV001161,0,1.45309884819142,0
INV001162,0,1.271965036580983,0
INV001163,0,0.7608783264490838,0
INV001164,0,1.2189386038956698,0
INV001165,0,1.271965036580983,0
INV001166,0,0.683671079604335,0
INV001167,0,0.683671079604335,0
INV001168,0,1.45309884819142,0
INV001169,0,1.45309884819142,0
INV001170,0,1.2189386038956698,0
INV001171,0,1.45309884819142,0
INV001172,0,0.5847353760623348,0
INV001173,0,1.271965036580983,0
INV001174,0,0.48459979036651407,0
INV001175,1,10.731987021395694,1
INV001176,0,0.683671079604335,0
INV001177,0,1.45309884819142,0
INV001178,0,1.271965036580983,0
INV001179,0,1.45309884819142,0
INV001180,0,1.271965036580983,0
INV001181,0,0.44259776730242556,0
INV001182,0,0.2908036755376648,0
INV001183,0,0.7988940758185874,0
INV001184,0,0.683671079604335,0
INV001185,0,0.683671079604335,0
INV001186,0,1.271965036580983,0
INV001187,0,1.45309884819142,0
INV001188,0,1.45309884819142,0
INV001189,0,0.683671079604335,0
INV001190,0,2.5443797696297272,0
INV001191,0,0.5847353760623348,0
INV001192,0,0.5847353760623348,0
INV001193,0,0.683671079604335,0
INV001194,0,1.271965036580983,0
INV001195,0,0.683671079604335,0
INV001196,0,1.45309884819142,0
INV001197,0,1.271965036580983,0
INV001198,0,1.2781020342891667,0
INV001199,0,1.45309884819142,0
INV001200,0,0.9204886694886569,0
INV001201,0,0.9072132489965912,0
INV001202,0,1.8830667623267865,0
INV001203,0,0.683671079604335,0
INV001204,0,0.7109481687119485,0
INV001205,0,1.45309884819142,0
INV001206,0,1.45309884819142,0
INV001207,0,1.45309884819142,0
INV001208,0,1.2189386038956698,0
INV001209,0,1.2189386038956698,0
INV001210,0,0.683671079604335,0
INV001211,0,1.2189386038956698,0
INV001212,0,1.2189386038956698,0
INV001213,0,1.45309884819142,0
INV001214,0,1.271965036580983,0
INV001215,0,1.45309884819142,0
INV001216,0,0.47179576616760444,0
INV001217,0,0.683671079604335,0
INV001218,0,0.5847353760623348,0
INV001219,0,1.45309884819142,0
INV001220,0,1.271965036580983,0
INV001221,0,0.683671079604335,0
INV001222,0,2.587440116225328,0
INV001223,0,1.271965036580983,0
INV001224,0,1.0256432001332436,0
INV001225,0,2.289569584487969,0
INV001226,0,1.2189386038956698,0
INV001227,0,0.683671079604335,0
INV001228,0,1.2189386038956698,0
INV001229,0,0.41502645212418904,0
INV001230,0,0.683671079604335,0
INV001231,0,1.45309884819142,0
INV001232,0,0.7539478312459214,0
INV001233,0,0.44259776730242556,0
INV001234,0,1.271965036580983,0
INV001235,0,1.271965036580983,0
INV001236,0,0.683671079604335,0
INV001237,0,0.683671079604335,0
INV001238,0,1.45309884819142,0
INV001239,0,1.271965036580983,0
INV001240,0,0.683671079604335,0
INV001241,0,2.446514208078122,0
INV001242,0,1.271965036580983,0
INV001243,0,2.0478765407909383,0
INV001244,0,1.271965036580983,0
INV001245,0,1.458718446785012,0
INV001246,0,0.683671079604335,0
INV001247,0,1.45309884819142,0
INV001248,0,1.45309884819142,0
INV001249,0,1.271965036580983,0
INV001250,0,0.683671079604335,0
INV001251,0,0.683671079604335,0
INV001252,0,0.683671079604335,0
INV001253,0,1.45309884819142,0
INV001254,0,1.271965036580983,0
INV001255,0,0.5847353760623348,0
INV001256,1,9.463580565729025,1
INV001257,0,0.683671079604335,0
INV001258,0,1.9441136771060408,0
INV001259,0,1.2489902633434768,0
INV001260,0,1.2189386038956698,0
INV001261,0,1.45309884819142,0
INV001262,0,1.271965036580983,0
INV001263,0,0.683671079604335,0
INV001264,0,0.683671079604335,0
INV001265,0,1.271965036580983,0
INV001266,0,0.683671079604335,0
INV001267,0,0.5847353760623348,0
INV001268,0,1.2189386038956698,0
INV001269,0,1.271965036580983,0
INV001270,0,1.45309884819142,0
INV001271,0,0.8076863830568293,0
INV001272,0,1.45309884819142,0
INV001273,0,0.35453539083726293,0
INV001274,0,0.683671079604335,0
INV001275,0,1.271965036580983,0
INV001276,0,1.271965036580983,0
INV001277,0,0.683671079604335,0
INV001278,0,0.683671079604335,0
INV001279,0,0.5847353760623348,0
INV001280,0,0.5847353760623348,0
INV001281,0,1.271965036580983,0
INV001282,0,1.2189386038956698,0
INV001283,0,0.5847353760623348,0
INV001284,0,0.683671079604335,0
INV001285,0,0.5298293922832509,0
INV001286,0,0.39115384276713266,0
INV001287,0,1.271965036580983,0
INV001288,0,1.271965036580983,0
INV001289,0,1.271965036580983,0
INV001290,0,0.7225588439670027,0
INV001291,0,0.683671079604335,0
INV001292,0,1.271965036580983,0
INV001293,0,0.683671079604335,0
INV001294,0,1.271965036580983,0
INV001295,0,0.891650915233614,0
INV001296,0,1.2189386038956698,0
INV001297,0,1.271965036580983,0
INV001298,0,1.45309884819142,0
INV001299,0,1.271965036580983,0
INV001300,0,1.45309884819142,0
INV001301,0,1.45309884819142,0
INV001302,0,0.2682884635077665,0
INV001303,0,1.45309884819142,0
INV001304,0,0.683671079604335,0
INV001305,0,0.683671079604335,0
INV001306,0,0.5219401949470833,0
INV001307,0,1.2189386038956698,0
INV001308,0,1.271965036580983,0
INV001309,0,0.683671079604335,0
INV001310,0,1.6927987687922355,0
INV001311,0,1.271965036580983,0
INV001312,0,0.5847353760623348,0
INV001313,0,0.683671079604335,0
INV001314,0,0.683671079604335,0
INV001315,0,0.683671079604335,0
INV001316,0,1.45309884819142,0
INV001317,0,1.45309884819142,0
INV001318,0,0.683671079604335,0
INV001319,0,1.271965036580983,0
INV001320,0,1.45309884819142,0
INV001321,0,0.683671079604335,0
INV001322,0,1.271965036580983,0
INV001323,0,1.271965036580983,0
INV001324,0,1.45309884819142,0
INV001325,0,0.683671079604335,0
INV001326,0,0.4814986471346965,0
INV001327,0,0.5847353760623348,0
INV001328,0,1.45309884819142,0
INV001329,0,0.683671079604335,0
INV001330,0,1.2189386038956698,0
INV001331,0,1.2189386038956698,0
INV001332,0,1.271965036580983,0
INV001333,1,8.195174110062354,1
INV001334,0,0.5847353760623348,0
INV001335,0,1.271965036580983,0
INV001336,0,1.2189386038956698,0
INV001337,0,1.45309884819142,0
INV001338,0,1.271965036580983,0
INV001339,0,1.5799623866762975,0
INV001340,0,0.683671079604335,0
INV001341,1,21.841220746012045,1
INV001342,0,1.45309884819142,0
INV001343,0,0.683671079604335,0
INV001344,0,0.683671079604335,0
INV001345,0,1.45309884819142,0
INV001346,0,1.271965036580983,0
INV001347,0,1.45309884819142,0
INV001348,0,1.271965036580983,0
INV001349,0,1.45309884819142,0
INV001350,0,1.271965036580983,0
INV001351,0,1.271965036580983,0
INV001352,0,2.3289341466086926,0
INV001353,0,0.5274837152571774,0
INV001354,0,1.45309884819142,0
INV001355,0,1.2189386038956698,0
INV001356,0,1.271965036580983,0
INV001357,0,1.271965036580983,0
INV001358,0,1.271965036580983,0
INV001359,0,0.5847353760623348,0
INV001360,0,1.45309884819142,0
INV001361,0,1.271965036580983,0
INV001362,0,1.271965036580983,0
INV001363,0,0.5847353760623348,0
INV001364,0,1.2189386038956698,0
INV001365,0,1.271965036580983,0
INV001366,0,0.683671079604335,0
INV001367,0,1.271965036580983,0
INV001368,0,1.45309884819142,0
INV001369,0,0.5847353760623348,0
INV001370,0,0.683671079604335,0
INV001371,0,0.44259776730242556,0
INV001372,0,1.271965036580983,0
INV001373,0,0.44259776730242556,0
INV001374,0,0.5847353760623348,0
INV001375,0,1.45309884819142,0
INV001376,0,1.45309884819142,0
INV001377,0,0.9149245040854321,0
INV001378,0,1.271965036580983,0
INV001379,0,1.271965036580983,0
INV001380,0,0.683671079604335,0
INV001381,0,0.5847353760623348,0
INV001382,0,1.271965036580983,0
INV001383,0,0.683671079604335,0
INV001384,0,1.271965036580983,0
INV001385,0,0.683671079604335,0
INV001386,0,0.4772973706825538,0
INV001387,0,1.6690931970068748,0
INV001388,0,1.271965036580983,0
INV001389,0,0.5046161465702672,0
INV001390,0,1.45309884819142,0
INV001391,0,0.5847353760623348,0
INV001392,0,0.683671079604335,0
INV001393,0,1.271965036580983,0
INV001394,0,1.13898100776871,0
INV001395,0,1.45309884819142,0
INV001396,0,0.5149390059401697,0
INV001397,0,1.2189386038956698,0
INV001398,0,0.683671079604335,0
INV001399,0,1.45309884819142,0
INV001400,0,1.45309884819142,0
INV001401,0,0.44259776730242556,0
INV001402,0,1.2189386038956698,0
INV001403,0,1.45309884819142,0
INV001404,0,1.2189386038956698,0
INV001405,0,0.683671079604335,0
INV001406,0,0.5847353760623348,0
INV001407,0,0.683671079604335,0
INV001408,0,1.271965036580983,0
INV001409,0,1.2189386038956698,0
INV001410,0,0.5847353760623348,0
INV001411,0,1.45309884819142,0
INV001412,0,1.45309884819142,0
INV001413,0,0.8562136128743858,0
INV001414,0,0.5847353760623348,0
INV001415,0,0.683671079604335,0
INV001416,0,1.271965036580983,0
INV001417,0,0.2682884635077665,0
INV001418,0,0.5847353760623348,0
INV001419,0,0.8901572740260358,0
INV001420,0,0.5847353760623348,0
INV001421,0,1.271965036580983,0
INV001422,0,1.45309884819142,0
INV001423,0,1.271965036580983,0
INV001424,0,1.271965036580983,0
INV001425,0,0.683671079604335,0
INV001426,0,0.2682884635077665,0
INV001427,0,0.683671079604335,0
INV001428,0,1.45309884819142,0
INV001429,0,0.683671079604335,0
INV001430,0,1.45309884819142,0
INV001431,0,1.45309884819142,0
INV001432,0,1.271965036580983,0
INV001433,0,1.271965036580983,0
INV001434,0,1.45309884819142,0
INV001435,0,1.45309884819142,0
INV001436,0,0.2682884635077665,0
INV001437,0,1.45309884819142,0
INV001438,0,1.45309884819142,0
INV001439,0,1.271965036580983,0
INV001440,0,1.2189386038956698,0
INV001441,0,1.2189386038956698,0
INV001442,0,1.271965036580983,0
INV001443,0,1.271965036580983,0
INV001444,0,1.271965036580983,0
INV001445,0,1.45309884819142,0
INV001446,0,1.2189386038956698,0
INV001447,0,2.20450742152639,0
INV001448,0,1.45309884819142,0
INV001449,0,1.271965036580983,0
INV001450,0,2.052396564968845,0
INV001451,0,0.5847353760623348,0
INV001452,0,0.44259776730242556,0
INV001453,0,1.2189386038956698,0
INV001454,0,1.2189386038956698,0
INV001455,0,1.45309884819142,0
INV001456,0,1.45309884819142,0
INV001457,0,0.5847353760623348,0
INV001458,0,1.271965036580983,0
INV001459,0,1.45309884819142,0
INV001460,0,1.5392699697019256,0
INV001461,0,1.45309884819142,0
INV001462,0,0.5847353760623348,0
INV001463,0,0.5847353760623348,0
INV001464,0,0.5847353760623348,0
INV001465,0,0.5847353760623348,0
INV001466,0,1.45309884819142,0
INV001467,0,1.2189386038956698,0
INV001468,0,1.470813030510877,0
INV001469,0,0.683671079604335,0
INV001470,0,1.45309884819142,0
INV001471,0,0.683671079604335,0
INV001472,0,1.7006179414133515,0
INV001473,0,1.271965036580983,0
INV001474,0,1.45309884819142,0
INV001475,0,0.683671079604335,0
INV001476,0,0.5847353760623348,0
INV001477,1,10.731987021395694,1
INV001478,0,1.271965036580983,0
INV001479,0,0.683671079604335,0
INV001480,0,0.6605381689617399,0
INV001481,0,0.4907001025822602,0
INV001482,0,0.5847353760623348,0
INV001483,0,1.7363439622719707,0
INV001484,0,0.2682884635077665,0
INV001485,0,0.44259776730242556,0
INV001486,0,0.683671079604335,0
INV001487,0,1.45309884819142,0
INV001488,0,1.45309884819142,0
INV001489,0,1.45309884819142,0
INV001490,0,1.45309884819142,0
INV001491,0,1.2189386038956698,0
INV001492,0,0.683671079604335,0
INV001493,0,1.2189386038956698,0
INV001494,0,0.683671079604335,0
INV001495,0,0.683671079604335,0
INV001496,0,1.45309884819142,0
INV001497,0,1.271965036580983,0
INV001498,0,1.271965036580983,0
INV001499,0,0.683671079604335,0
INV001500,0,0.683671079604335,0
INV001501,0,1.45309884819142,0
INV001502,0,1.271965036580983,0
INV001503,0,1.271965036580983,0
INV001504,0,1.45309884819142,0
INV001505,0,0.5847353760623348,0
INV001506,0,1.2189386038956698,0
INV001507,0,0.5847353760623348,0
INV001508,0,0.683671079604335,0
INV001509,0,1.271965036580983,0
INV001510,0,1.45309884819142,0
INV001511,0,1.0076018911723488,0
INV001512,0,1.45309884819142,0
INV001513,0,1.45309884819142,0
INV001514,0,0.5847353760623348,0
INV001515,0,1.45309884819142,0
INV001516,0,0.683671079604335,0
INV001517,0,0.683671079604335,0
INV001518,0,0.5238179600086731,0
INV001519,0,1.45309884819142,0
INV001520,0,1.271965036580983,0
INV001521,0,0.683671079604335,0
INV001522,0,1.45309884819142,0
INV001523,0,0.683671079604335,0
INV001524,0,1.45309884819142,0
INV001525,0,1.2189386038956698,0
INV001526,0,1.2189386038956698,0
INV001527,0,0.5847353760623348,0
INV001528,0,1.271965036580983,0
INV001529,0,0.9755109707269783,0
INV001530,0,0.683671079604335,0
INV001531,0,0.683671079604335,0
INV001532,0,1.45309884819142,0
INV001533,0,1.45309884819142,0
INV001534,0,1.45309884819142,0
INV001535,0,1.271965036580983,0
INV001536,0,2.0287160175387946,0
INV001537,0,0.8197612601028876,0
INV001538,0,0.5847353760623348,0
INV001539,0,1.45309884819142,0
INV001540,0,1.271965036580983,0
INV001541,0,0.683671079604335,0
INV001542,0,0.5342606234796232,0
INV001543,0,0.683671079604335,0
INV001544,0,1.271965036580983,0
INV001545,0,1.45309884819142,0
INV001546,0,0.2682884635077665,0
INV001547,0,1.271965036580983,0
INV001548,0,0.683671079604335,0
INV001549,0,0.5847353760623348,0
INV001550,0,0.683671079604335,0
INV001551,0,0.2682884635077665,0
INV001552,0,1.2189386038956698,0
INV001553,0,1.271965036580983,0
INV001554,0,1.271965036580983,0
INV001555,0,0.683671079604335,0
INV001556,0,1.45309884819142,0
INV001557,0,1.45309884819142,0
INV001558,0,1.45309884819142,0
INV001559,0,1.271965036580983,0
INV001560,0,1.45309884819142,0
INV001561,0,1.271965036580983,0
INV001562,0,1.45309884819142,0
INV001563,0,1.45309884819142,0
INV001564,0,1.2189386038956698,0
INV001565,0,1.3751380384622391,0
INV001566,0,1.271965036580983,0
INV001567,0,0.683671079604335,0
INV001568,0,1.45309884819142,0
INV001569,0,1.2189386038956698,0
INV001570,0,0.683671079604335,0
INV001571,0,0.5847353760623348,0
INV001572,0,0.683671079604335,0
INV001573,0,1.45309884819142,0
INV001574,0,0.683671079604335,0
INV001575,0,1.45309884819142,0
INV001576,0,1.2189386038956698,0
INV001577,0,0.8479615189064031,0
INV001578,0,0.5847353760623348,0
INV001579,0,2.3427491547621346,0
INV001580,0,0.6435134744353221,0
INV001581,0,1.45309884819142,0
INV001582,0,1.45309884819142,0
INV001583,0,1.45309884819142,0
INV001584,0,0.2682884635077665,0
INV001585,0,1.45309884819142,0
INV001586,0,0.5105954034672002,0
INV001587,0,0.683671079604335,0
INV001588,0,1.271965036580983,0
INV001589,0,1.271965036580983,0
INV001590,0,0.683671079604335,0
INV001591,0,0.5847353760623348,0
INV001592,0,0.683671079604335,0
INV001593,0,0.5980076227170318,0
INV001594,0,1.271965036580983,0
INV001595,0,1.271965036580983,0
INV001596,0,1.271965036580983,0
INV001597,0,0.683671079604335,0
INV001598,0,1.271965036580983,0
INV001599,0,1.45309884819142,0
INV001600,0,1.2369701270746598,0
INV001601,0,1.271965036580983,0
INV001602,0,1.271965036580983,0
INV001603,0,2.2440887571249886,0
INV001604,0,1.271965036580983,0
INV001605,0,1.2189386038956698,0
INV001606,0,0.683671079604335,0
INV001607,0,0.6768750065215682,0
INV001608,0,0.31280915518413815,0
INV001609,0,0.683671079604335,0
INV001610,0,1.271965036580983,0
INV001611,0,0.683671079604335,0
INV001612,0,0.5847353760623348,0
INV001613,0,0.683671079604335,0
INV001614,0,0.44259776730242556,0
INV001615,0,1.271965036580983,0
INV001616,0,0.683671079604335,0
INV001617,0,1.625372520235526,0
INV001618,0,1.271965036580983,0
INV001619,0,1.45309884819142,0
INV001620,0,1.271965036580983,0
INV001621,0,0.683671079604335,0
INV001622,0,1.271965036580983,0
INV001623,0,1.271965036580983,0
INV001624,0,1.2189386038956698,0
INV001625,0,1.271965036580983,0
INV001626,0,1.45309884819142,0
INV001627,0,1.271965036580983,0
INV001628,0,0.683671079604335,0
INV001629,0,1.271965036580983,0
INV001630,0,1.271965036580983,0
INV001631,0,0.683671079604335,0
INV001632,0,1.271965036580983,0
INV001633,0,1.271965036580983,0
INV001634,0,0.683671079604335,0
INV001635,0,1.5275085227061276,0
INV001636,0,1.271965036580983,0
INV001637,0,1.271965036580983,0
INV001638,0,1.2189386038956698,0
INV001639,0,1.271965036580983,0
INV001640,0,1.45309884819142,0
INV001641,0,1.45309884819142,0
INV001642,0,1.45309884819142,0
INV001643,0,0.44259776730242556,0
INV001644,0,1.45309884819142,0
INV001645,0,1.271965036580983,0
INV001646,0,0.683671079604335,0
INV001647,0,1.9010495768571438,0
INV001648,0,0.683671079604335,0
INV001649,0,1.45309884819142,0
INV001650,0,1.2189386038956698,0
INV001651,0,0.683671079604335,0
INV001652,0,1.2189386038956698,0
INV001653,0,1.271965036580983,0
INV001654,0,1.45309884819142,0
INV001655,0,0.683671079604335,0
INV001656,0,0.683671079604335,0
INV001657,0,1.271965036580983,0
INV001658,0,0.683671079604335,0
INV001659,0,1.45309884819142,0
INV001660,0,1.271965036580983,0
INV001661,0,0.5847353760623348,0
INV001662,0,1.45309884819142,0
INV001663,0,1.271965036580983,0
INV001664,0,0.683671079604335,0
INV001665,0,1.45309884819142,0
INV001666,0,1.2189386038956698,0
INV001667,0,0.683671079604335,0
INV001668,0,0.683671079604335,0
INV001669,0,0.4860959340096232,0
INV001670,0,1.271965036580983,0
INV001671,0,1.437111792801295,0
INV001672,0,0.683671079604335,0
INV001673,0,0.7988199411659808,0
INV001674,0,1.3837773843286474,0
INV001675,0,0.6197722429436444,0
INV001676,0,0.683671079604335,0
INV001677,0,1.45309884819142,0
INV001678,0,1.45309884819142,0
INV001679,0,2.366697149989563,0
INV001680,0,0.5847353760623348,0
INV001681,0,1.271965036580983,0
INV001682,0,0.683671079604335,0
INV001683,0,1.2189386038956698,0
INV001684,0,1.45309884819142,0
INV001685,0,1.5197306402712731,0
INV001686,0,0.5847353760623348,0
INV001687,0,0.683671079604335,0
INV001688,0,0.683671079604335,0
INV001689,0,1.2189386038956698,0
INV001690,0,0.683671079604335,0
INV001691,0,1.271965036580983,0
INV001692,0,1.271965036580983,0
INV001693,0,0.683671079604335,0
INV001694,0,0.5847353760623348,0
INV001695,0,0.683671079604335,0
INV001696,0,0.44259776730242556,0
INV001697,0,1.9084943225619309,0
INV001698,0,1.271965036580983,0
INV001699,0,1.9606785491036334,0
INV001700,0,0.5847353760623348,0
INV001701,0,0.683671079604335,0
INV001702,0,1.271965036580983,0
INV001703,0,1.271965036580983,0
INV001704,0,1.45309884819142,0
INV001705,0,0.683671079604335,0
INV001706,0,1.45309884819142,0
INV001707,0,1.271965036580983,0
INV001708,0,1.2189386038956698,0
INV001709,0,1.2189386038956698,0
INV001710,0,1.271965036580983,0
INV001711,0,1.45309884819142,0
INV001712,0,1.271965036580983,0
INV001713,0,1.2189386038956698,0
INV001714,0,0.683671079604335,0
INV001715,0,1.45309884819142,0
INV001716,0,1.271965036580983,0
INV001717,0,1.45309884819142,0
INV001718,0,1.271965036580983,0
INV001719,0,0.5847353760623348,0
INV001720,0,1.45309884819142,0
INV001721,0,0.5847353760623348,0
INV001722,0,0.683671079604335,0
INV001723,0,1.271965036580983,0
INV001724,0,0.5847353760623348,0
INV001725,0,1.271965036580983,0
INV001726,0,1.271965036580983,0
INV001727,0,1.2189386038956698,0
INV001728,0,1.45309884819142,0
INV001729,0,1.271965036580983,0
INV001730,0,1.45309884819142,0
INV001731,0,1.45309884819142,0
INV001732,0,1.271965036580983,0
INV001733,0,1.45309884819142,0
INV001734,0,1.45309884819142,0
INV001735,0,0.683671079604335,0
INV001736,0,1.271965036580983,0
INV001737,0,2.3639250770300744,0
INV001738,0,1.45309884819142,0
INV001739,0,1.45309884819142,0
INV001740,0,0.946133628810559,0
INV001741,0,0.683671079604335,0
INV001742,1,6.816177488612665,6
INV001743,0,1.45309884819142,0
INV001744,0,1.2189386038956698,0
INV001745,0,1.9497992106325202,0
INV001746,0,0.4667402207860595,0
INV001747,0,0.683671079604335,0
INV001748,0,1.45309884819142,0
INV001749,0,0.683671079604335,0
INV001750,0,0.683671079604335,0
INV001751,0,1.45309884819142,0
INV001752,0,0.896713342312869,0
INV001753,0,1.45309884819142,0
INV001754,0,1.271965036580983,0
INV001755,0,1.45309884819142,0
INV001756,0,0.44422674672678886,0
INV001757,0,1.271965036580983,0
INV001758,0,1.271965036580983,0
INV001759,0,1.271965036580983,0
INV001760,0,0.466270075710669,0
INV001761,0,1.45309884819142,0
INV001762,0,0.683671079604335,0
INV001763,1,11.36619024922903,1
INV001764,0,0.683671079604335,0
INV001765,0,1.2189386038956698,0
INV001766,0,1.972327073696094,0
INV001767,0,1.0120111825780076,0
INV001768,0,1.45309884819142,0
INV001769,0,0.683671079604335,0
INV001770,0,1.45309884819142,0
INV001771,0,0.683671079604335,0
INV001772,0,0.683671079604335,0
INV001773,0,0.5847353760623348,0
INV001774,0,1.271965036580983,0
INV001775,0,1.2189386038956698,0
INV001776,0,1.2189386038956698,0
INV001777,0,0.683671079604335,0
INV001778,0,1.45309884819142,0
INV001779,0,0.44259776730242556,0
INV001780,0,1.271965036580983,0
INV001781,0,0.683671079604335,0
INV001782,0,0.683671079604335,0
INV001783,0,1.45309884819142,0
INV001784,0,0.48786108947231704,0
INV001785,0,0.5847353760623348,0
INV001786,0,0.42907137154204367,0
INV001787,0,1.45309884819142,0
INV001788,0,1.271965036580983,0
INV001789,0,1.45309884819142,0
INV001790,0,0.683671079604335,0
INV001791,0,1.45309884819142,0
INV001792,0,0.2968035775277286,0
INV001793,0,0.5847353760623348,0
INV001794,0,1.271965036580983,0
INV001795,0,1.45309884819142,0
INV001796,0,0.683671079604335,0
INV001797,0,1.271965036580983,0
INV001798,0,0.683671079604335,0
INV001799,0,0.46701767832556146,0
INV001800,0,1.45309884819142,0
INV001801,0,0.683671079604335,0
INV001802,0,0.45732856075389,0
INV001803,0,0.683671079604335,0
INV001804,0,1.45309884819142,0
INV001805,0,1.45309884819142,0
INV001806,0,2.2643697458861474,0
INV001807,0,0.683671079604335,0
INV001808,0,1.2189386038956698,0
INV001809,0,0.5040706156245047,0
INV001810,0,1.271965036580983,0
INV001811,0,0.683671079604335,0
INV001812,0,1.271965036580983,0
INV001813,0,1.45309884819142,0
INV001814,0,2.2883568416687474,0
INV001815,0,1.271965036580983,0
INV001816,0,0.683671079604335,0
INV001817,0,1.271965036580983,0
INV001818,0,1.45309884819142,0
INV001819,0,0.5847353760623348,0
INV001820,0,1.271965036580983,0
INV001821,0,0.5847353760623348,0
INV001822,0,1.45309884819142,0
INV001823,0,0.5847353760623348,0
INV001824,0,1.271965036580983,0
INV001825,0,1.2189386038956698,0
INV001826,0,2.220327193344621,0
INV001827,0,1.2189386038956698,0
INV001828,0,0.5847353760623348,0
INV001829,0,0.683671079604335,0
INV001830,0,1.45309884819142,0
INV001831,0,0.4313767402749967,0
INV001832,0,1.45309884819142,0
INV001833,0,1.271965036580983,0
INV001834,0,0.683671079604335,0
INV001835,0,1.271965036580983,0
INV001836,0,1.45309884819142,0
INV001837,0,1.45309884819142,0
INV001838,0,1.271965036580983,0
INV001839,0,1.3373822295835205,0
INV001840,0,1.45309884819142,0
INV001841,0,1.271965036580983,0
INV001842,0,1.271965036580983,0
INV001843,0,1.45309884819142,0
INV001844,0,0.683671079604335,0
INV001845,0,1.0305664292360859,0
INV001846,0,1.45309884819142,0
INV001847,1,6.381506495364856,1
INV001848,0,0.683671079604335,0
INV001849,0,0.683671079604335,0
INV001850,0,1.45309884819142,0
INV001851,1,14.751939772450367,6
INV001852,0,1.2189386038956698,0
INV001853,0,1.45309884819142,0
INV001854,0,1.271965036580983,0
INV001855,0,1.45309884819142,0
INV001856,0,0.683671079604335,0
INV001857,0,1.271965036580983,0
INV001858,0,1.45309884819142,0
INV001859,0,1.1910673265202611,0
INV001860,0,0.683671079604335,0
INV001861,0,1.2189386038956698,0
INV001862,0,1.271965036580983,0
INV001863,0,1.6434770156935792,0
INV001864,0,1.45309884819142,0
INV001865,0,1.271965036580983,0
INV001866,0,1.4897583443073537,0
INV001867,0,0.683671079604335,0
INV001868,0,1.45309884819142,0
INV001869,0,1.2189386038956698,0
INV001870,0,0.5847353760623348,0
INV001871,0,1.45309884819142,0
INV001872,0,0.683671079604335,0
INV001873,0,1.45309884819142,0
INV001874,0,1.2189386038956698,0
INV001875,0,0.5847353760623348,0
INV001876,0,1.2189386038956698,0
INV001877,0,0.683671079604335,0
INV001878,0,0.683671079604335,0
INV001879,0,1.45309884819142,0
INV001880,0,1.271965036580983,0
INV001881,0,0.44259776730242556,0
INV001882,0,0.683671079604335,0
INV001883,0,0.683671079604335,0
INV001884,0,0.4899012000389818,0
INV001885,0,1.2189386038956698,0
INV001886,0,1.45309884819142,0
INV001887,0,1.45309884819142,0
INV001888,0,0.26970939522892434,0
INV001889,0,1.271965036580983,0
INV001890,0,1.271965036580983,0
INV001891,0,0.683671079604335,0
INV001892,0,0.73582331630362,0
INV001893,0,1.271965036580983,0
INV001894,0,1.45309884819142,0
INV001895,0,1.023521134802938,0
INV001896,0,1.271965036580983,0
INV001897,0,0.5847353760623348,0
INV001898,0,1.271965036580983,0
INV001899,0,1.45309884819142,0
INV001900,0,0.5064885939563536,0
INV001901,0,0.683671079604335,0
INV001902,0,1.271965036580983,0
INV001903,0,0.683671079604335,0
INV001904,0,1.2189386038956698,0
INV001905,0,1.271965036580983,0
INV001906,0,1.45309884819142,0
INV001907,0,1.45309884819142,0
INV001908,0,0.683671079604335,0
INV001909,0,0.683671079604335,0
INV001910,0,1.2189386038956698,0
INV001911,0,1.2189386038956698,0
INV001912,0,1.271965036580983,0
INV001913,0,0.45000893682565396,0
INV001914,0,1.2189386038956698,0
INV001915,0,1.2189386038956698,0
INV001916,0,1.2189386038956698,0
INV001917,0,0.683671079604335,0
INV001918,0,1.271965036580983,0
INV001919,0,0.683671079604335,0
INV001920,0,2.356289520616047,0
INV001921,0,1.2189386038956698,0
INV001922,0,1.271965036580983,0
INV001923,0,0.683671079604335,0
INV001924,0,0.683671079604335,0
INV001925,0,0.5847353760623348,0
INV001926,0,1.45309884819142,0
INV001927,0,0.49580131741224626,0
INV001928,0,1.2189386038956698,0
INV001929,0,0.48934159289335727,0
INV001930,0,1.271965036580983,0
INV001931,0,1.45309884819142,0
INV001932,0,0.683671079604335,0
INV001933,0,0.42291225209131855,0
INV001934,0,1.271965036580983,0
INV001935,0,0.683671079604335,0
INV001936,0,0.683671079604335,0
INV001937,0,1.271965036580983,0
INV001938,0,0.5847353760623348,0
INV001939,0,1.45309884819142,0
INV001940,0,1.2189386038956698,0
INV001941,0,0.683671079604335,0
INV001942,0,1.271965036580983,0
INV001943,1,9.463580565729025,1
INV001944,0,1.271965036580983,0
INV001945,1,11.36619024922903,1
INV001946,0,1.271965036580983,0
INV001947,0,2.3232949081395367,0
INV001948,0,1.271965036580983,0
INV001949,0,1.271965036580983,0
INV001950,0,0.683671079604335,0
INV001951,0,1.45309884819142,0
INV001952,0,0.448546888866655,0
INV001953,0,0.5847353760623348,0
INV001954,0,1.2189386038956698,0
INV001955,0,0.6883940300752986,0
INV001956,0,1.45309884819142,0
INV001957,0,1.2189386038956698,0
INV001958,0,1.45309884819142,0
INV001959,0,0.5847353760623348,0
INV001960,0,1.271965036580983,0
INV001961,0,1.45309884819142,0
INV001962,0,1.271965036580983,0
INV001963,0,1.2189386038956698,0
INV001964,0,0.683671079604335,0
INV001965,0,1.271965036580983,0
INV001966,0,1.271965036580983,0
INV001967,0,1.45309884819142,0
INV001968,0,1.45309884819142,0
INV001969,0,1.271965036580983,0
INV001970,0,0.683671079604335,0
INV001971,0,0.683671079604335,0
INV001972,0,1.271965036580983,0
INV001973,0,1.271965036580983,0
INV001974,0,1.45309884819142,0
INV001975,0,2.408270111466413,0
INV001976,0,1.45309884819142,0
INV001977,0,0.8319587564899662,0
INV001978,0,0.5847353760623348,0
INV001979,0,1.271965036580983,0
INV001980,0,1.45309884819142,0
INV001981,0,0.683671079604335,0
INV001982,0,0.683671079604335,0
INV001983,0,0.5847353760623348,0
INV001984,0,0.5306912119990634,0
INV001985,0,1.45309884819142,0
INV001986,0,0.5847353760623348,0
INV001987,0,2.4951102548727815,0
INV001988,0,0.683671079604335,0
INV001989,0,0.683671079604335,0
INV001990,1,9.463580565729025,1
INV001991,0,1.45309884819142,0
INV001992,1,17.21743036299894,1
INV001993,0,0.683671079604335,0
INV001994,0,1.271965036580983,0
INV001995,0,1.271965036580983,0
INV001996,1,15.80776592290218,5
INV001997,0,0.683671079604335,0
INV001998,0,0.683671079604335,0
INV001999,0,1.2189386038956698,0
INV002000,0,1.0269604196358848,0
INV002001,0,1.271965036580983,0
INV002002,0,1.271965036580983,0
INV002003,0,0.5064122696726575,0
INV002004,0,1.2456010272211508,0
INV002005,0,0.683671079604335,0
INV002006,0,1.2189386038956698,0
INV002007,0,1.45309884819142,0
INV002008,0,1.45309884819142,0
INV002009,0,0.44259776730242556,0
INV002010,0,1.45309884819142,0
INV002011,0,1.271965036580983,0
INV002012,0,0.683671079604335,0
INV002013,0,1.45309884819142,0
INV002014,0,1.45309884819142,0
INV002015,0,1.271965036580983,0
INV002016,0,1.271965036580983,0
INV002017,0,0.2682884635077665,0
INV002018,0,0.683671079604335,0
INV002019,0,1.45309884819142,0
INV002020,0,0.683671079604335,0
INV002021,0,0.683671079604335,0
INV002022,0,1.45309884819142,0
INV002023,0,0.683671079604335,0
INV002024,0,1.2189386038956698,0
INV002025,0,0.683671079604335,0
INV002026,0,0.683671079604335,0
INV002027,0,1.2189386038956698,0
INV002028,0,0.704292628612757,0
INV002029,0,0.683671079604335,0
INV002030,0,1.271965036580983,0
INV002031,0,1.271965036580983,0
INV002032,0,1.271965036580983,0
INV002033,0,1.271965036580983,0
INV002034,0,1.271965036580983,0
INV002035,0,0.5847353760623348,0
INV002036,0,1.45309884819142,0
INV002037,0,0.29448913746597577,0
INV002038,0,0.5847353760623348,0
INV002039,0,0.683671079604335,0
INV002040,0,0.5143115202307662,0
INV002041,0,1.45309884819142,0
INV002042,0,0.683671079604335,0
INV002043,0,1.8672751429082795,0
INV002044,0,1.271965036580983,0
INV002045,0,0.683671079604335,0
INV002046,0,2.1047143590070156,0
INV002047,0,0.683671079604335,0
INV002048,0,0.2682884635077665,0
INV002049,0,1.2189386038956698,0
INV002050,0,1.271965036580983,0
INV002051,0,1.45309884819142,0
INV002052,0,1.45309884819142,0
INV002053,0,0.683671079604335,0
INV002054,0,1.45309884819142,0
INV002055,0,0.683671079604335,0
INV002056,0,0.5847353760623348,0
INV002057,1,9.463580565729025,1
INV002058,0,0.683671079604335,0
INV002059,0,1.271965036580983,0
INV002060,0,1.271965036580983,0
INV002061,0,1.271965036580983,0
INV002062,0,0.5847353760623348,0
INV002063,0,1.45309884819142,0
INV002064,0,0.47770213962969643,0
INV002065,0,0.4505529037492096,0
INV002066,0,1.2189386038956698,0
INV002067,0,0.683671079604335,0
INV002068,0,0.683671079604335,0
INV002069,0,1.45309884819142,0
INV002070,0,1.45309884819142,0
INV002071,0,1.45309884819142,0
INV002072,0,1.490496875593446,0
INV002073,0,1.45309884819142,0
INV002074,0,0.8536783328770204,0
INV002075,0,1.45309884819142,0
INV002076,0,1.45309884819142,0
INV002077,0,0.683671079604335,0
INV002078,0,0.683671079604335,0
INV002079,0,0.3179876327111445,0
INV002080,0,0.683671079604335,0
INV002081,0,1.45309884819142,0
INV002082,0,0.683671079604335,0
INV002083,0,1.271965036580983,0
INV002084,0,2.2643397166597747,0
INV002085,0,0.5008374689184257,0
INV002086,0,1.271965036580983,0
INV002087,0,0.9543575703788175,0
INV002088,0,1.45309884819142,0
INV002089,0,1.45309884819142,0
INV002090,0,0.683671079604335,0
INV002091,0,1.2189386038956698,0
INV002092,0,1.271965036580983,0
INV002093,0,0.5847353760623348,0
INV002094,0,1.271965036580983,0
INV002095,0,1.271965036580983,0
INV002096,0,1.271965036580983,0
INV002097,0,1.271965036580983,0
INV002098,0,1.45309884819142,0
INV002099,0,1.271965036580983,0
INV002100,0,1.45309884819142,0
INV002101,0,1.2189386038956698,0
INV002102,0,0.5847353760623348,0
INV002103,0,0.5847353760623348,0
INV002104,0,1.45309884819142,0
INV002105,0,0.9977238397180852,0
INV002106,0,0.4911160890094751,0
INV002107,0,0.683671079604335,0
INV002108,0,0.7668234876619066,0
INV002109,0,1.45309884819142,0
INV002110,0,0.683671079604335,0
INV002111,0,1.271965036580983,0
INV002112,0,1.45309884819142,0
INV002113,0,1.45309884819142,0
INV002114,0,1.8575516168480561,0
INV002115,0,1.271965036580983,0
INV002116,0,0.683671079604335,0
INV002117,0,0.683671079604335,0
INV002118,0,0.683671079604335,0
INV002119,0,1.271965036580983,0
INV002120,0,1.271965036580983,0
INV002121,0,0.44259776730242556,0
INV002122,0,1.2189386038956698,0
INV002123,0,2.417950157709284,0
INV002124,0,1.45309884819142,0
INV002125,0,0.683671079604335,0
INV002126,0,1.45309884819142,0
INV002127,0,1.2189386038956698,0
INV002128,0,1.45309884819142,0
INV002129,0,0.683671079604335,0
INV002130,0,1.45309884819142,0
INV002131,0,1.45309884819142,0
INV002132,0,1.2189386038956698,0
INV002133,0,0.683671079604335,0
INV002134,0,1.45309884819142,0
INV002135,0,1.45309884819142,0
INV002136,0,1.271965036580983,0
INV002137,0,1.45309884819142,0
INV002138,0,1.45309884819142,0
INV002139,0,1.45309884819142,0
INV002140,0,1.45309884819142,0
INV002141,0,2.1573521519887153,0
INV002142,0,0.683671079604335,0
INV002143,0,1.45309884819142,0
INV002144,0,1.271965036580983,0
INV002145,0,1.271965036580983,0
INV002146,0,1.271965036580983,0
INV002147,0,1.2189386038956698,0
INV002148,0,1.45309884819142,0
INV002149,0,0.5847353760623348,0
INV002150,0,1.271965036580983,0
INV002151,0,1.2189386038956698,0
INV002152,0,0.683671079604335,0
INV002153,0,1.45309884819142,0
INV002154,0,0.683671079604335,0
INV002155,0,0.5197749626038676,0
INV002156,0,1.45309884819142,0
INV002157,0,1.2189386038956698,0
INV002158,0,1.2189386038956698,0
INV002159,0,1.45309884819142,0
INV002160,0,1.45309884819142,0
INV002161,0,0.683671079604335,0
INV002162,0,1.271965036580983,0
INV002163,0,1.271965036580983,0
INV002164,0,1.271965036580983,0
INV002165,0,1.45309884819142,0
INV002166,0,0.683671079604335,0
INV002167,0,0.5847353760623348,0
INV002168,0,1.271965036580983,0
INV002169,0,0.44668789207154785,0
INV002170,0,0.683671079604335,0
INV002171,0,1.271965036580983,0
INV002172,0,1.2189386038956698,0
INV002173,0,1.45309884819142,0
INV002174,0,1.45309884819142,0
INV002175,0,1.45309884819142,0
INV002176,0,1.45309884819142,0
INV002177,0,0.5169941311200207,0
INV002178,1,30.925028573638226,7
INV002179,0,1.45309884819142,0
INV002180,0,0.5847353760623348,0
INV002181,0,0.2682884635077665,0
INV002182,0,0.5847353760623348,0
INV002183,0,0.683671079604335,0
INV002184,1,17.220368332828805,6
INV002185,0,0.683671079604335,0
INV002186,0,1.271965036580983,0
INV002187,0,0.8302011083338653,0
INV002188,0,0.683671079604335,0
INV002189,0,1.271965036580983,0
INV002190,0,1.271965036580983,0
INV002191,0,0.9962245680305624,0
INV002192,0,1.271965036580983,0
INV002193,0,1.45309884819142,0
INV002194,0,1.45309884819142,0
INV002195,0,1.2189386038956698,0
INV002196,0,0.5847353760623348,0
INV002197,0,1.45309884819142,0
INV002198,1,10.731987021395694,1
INV002199,0,0.5847353760623348,0
INV002200,0,1.45309884819142,0
INV002201,0,0.9891173383180217,0
INV002202,0,1.45309884819142,0
INV002203,0,1.45309884819142,0
INV002204,0,1.271965036580983,0
INV002205,0,1.9431164565469288,0
INV002206,0,0.683671079604335,0
INV002207,0,1.45309884819142,0
INV002208,0,0.5847353760623348,0
INV002209,0,0.4485956863595099,0
INV002210,0,0.683671079604335,0
INV002211,0,0.8757695209404311,0
INV002212,0,1.271965036580983,0
INV002213,0,0.5847353760623348,0
INV002214,0,0.683671079604335,0
INV002215,0,1.271965036580983,0
INV002216,0,1.271965036580983,0
INV002217,0,0.683671079604335,0
INV002218,1,8.195174110062354,1
INV002219,0,1.271965036580983,0
INV002220,1,28.06156471715304,6
INV002221,0,0.683671079604335,0
INV002222,0,1.45309884819142,0
INV002223,0,1.271965036580983,0
INV002224,0,1.271965036580983,0
INV002225,0,0.44259776730242556,0
INV002226,0,1.271965036580983,0
INV002227,0,0.683671079604335,0
INV002228,0,1.271965036580983,0
INV002229,0,0.44259776730242556,0
INV002230,0,1.45309884819142,0
INV002231,0,1.9498226709656235,0
INV002232,0,0.683671079604335,0
INV002233,0,0.683671079604335,0
INV002234,0,1.2189386038956698,0
INV002235,0,1.271965036580983,0
INV002236,0,2.0830917519967884,0
INV002237,0,0.683671079604335,0
INV002238,0,1.45309884819142,0
INV002239,0,0.683671079604335,0
INV002240,0,0.44259776730242556,0
INV002241,0,0.683671079604335,0
INV002242,0,1.271965036580983,0
INV002243,0,1.45309884819142,0
INV002244,1,8.195174110062354,1
INV002245,0,1.45309884819142,0
INV002246,0,0.5847353760623348,0
INV002247,0,0.683671079604335,0
INV002248,0,1.45309884819142,0
INV002249,0,1.45309884819142,0
INV002250,0,1.2189386038956698,0
INV002251,0,0.5847353760623348,0
INV002252,0,1.45309884819142,0
INV002253,0,0.683671079604335,0
INV002254,0,0.683671079604335,0
INV002255,0,1.271965036580983,0
INV002256,0,0.5200671219521142,0
INV002257,0,0.4823472855841539,0
INV002258,0,1.271965036580983,0
INV002259,0,1.271965036580983,0
INV002260,0,1.271965036580983,0
INV002261,0,1.271965036580983,0
INV002262,0,2.393225469053915,0
INV002263,0,1.271965036580983,0
INV002264,0,1.45309884819142,0
INV002265,0,1.45309884819142,0
INV002266,0,1.271965036580983,0
INV002267,0,1.6139582861696573,0
INV002268,0,1.45309884819142,0
INV002269,0,1.9610182547269694,0
INV002270,0,1.8095652259096415,0
INV002271,0,1.2189386038956698,0
INV002272,0,1.45309884819142,0
INV002273,0,1.271965036580983,0
INV002274,0,0.683671079604335,0
INV002275,0,0.683671079604335,0
INV002276,0,1.271965036580983,0
INV002277,0,0.7802434238058886,0
INV002278,0,1.271965036580983,0
INV002279,0,0.683671079604335,0
INV002280,0,0.5090804915576085,0
INV002281,0,0.49018522647175267,0
INV002282,0,1.45309884819142,0
INV002283,0,0.5847353760623348,0
INV002284,0,0.683671079604335,0
INV002285,0,1.45309884819142,0
INV002286,0,1.271965036580983,0
INV002287,0,1.271965036580983,0
INV002288,0,0.683671079604335,0
INV002289,0,0.9108480366053991,0
INV002290,0,1.5707160388708428,0
INV002291,0,1.45309884819142,0
INV002292,0,1.2189386038956698,0
INV002293,0,1.271965036580983,0
INV002294,0,1.271965036580983,0
INV002295,0,1.45309884819142,0
INV002296,0,1.2189386038956698,0
INV002297,0,1.45309884819142,0
INV002298,0,0.683671079604335,0
INV002299,0,0.5847353760623348,0
INV002300,0,1.271965036580983,0
INV002301,0,0.5285603881443991,0
INV002302,0,1.2189386038956698,0
INV002303,0,1.271965036580983,0
INV002304,0,1.45309884819142,0
INV002305,0,0.5847353760623348,0
INV002306,0,1.45309884819142,0
INV002307,0,1.45309884819142,0
INV002308,0,1.45309884819142,0
INV002309,0,1.271965036580983,0
INV002310,0,0.5847353760623348,0
INV002311,0,0.683671079604335,0
INV002312,0,0.5847353760623348,0
INV002313,0,1.45309884819142,0
INV002314,0,0.44259776730242556,0
INV002315,0,0.5847353760623348,0
INV002316,0,0.4704503942652393,0
INV002317,0,1.45309884819142,0
INV002318,0,0.44259776730242556,0
INV002319,0,0.683671079604335,0
INV002320,0,2.2848421709654287,0
INV002321,0,1.2189386038956698,0
INV002322,0,0.5847353760623348,0
INV002323,0,0.49707693392418417,0
INV002324,0,1.271965036580983,0
INV002325,0,1.271965036580983,0
INV002326,0,1.271965036580983,0
INV002327,0,1.271965036580983,0
INV002328,0,0.683671079604335,0
INV002329,0,0.683671079604335,0
INV002330,0,0.5847353760623348,0
INV002331,0,1.271965036580983,0
INV002332,0,1.45309884819142,0
INV002333,0,1.45309884819142,0
INV002334,0,1.2189386038956698,0
INV002335,0,1.271965036580983,0
INV002336,0,0.683671079604335,0
INV002337,0,1.2990524245548738,0
INV002338,0,0.9908527773587845,0
INV002339,0,0.683671079604335,0
INV002340,0,1.45309884819142,0
INV002341,0,0.683671079604335,0
INV002342,0,1.271965036580983,0
INV002343,0,1.2189386038956698,0
INV002344,0,0.683671079604335,0
INV002345,0,0.683671079604335,0
INV002346,0,0.5309095494991449,0
INV002347,0,1.271965036580983,0
INV002348,0,1.271965036580983,0
INV002349,0,0.4163326799915647,0
INV002350,0,0.48360632346069876,0
INV002351,0,0.683671079604335,0
INV002352,0,1.45309884819142,0
INV002353,0,1.271965036580983,0
INV002354,0,0.683671079604335,0
INV002355,0,1.271965036580983,0
INV002356,0,0.683671079604335,0
INV002357,0,0.5847353760623348,0
INV002358,0,1.271965036580983,0
INV002359,0,0.39503543308018746,0
INV002360,0,0.683671079604335,0
INV002361,0,1.271965036580983,0
INV002362,0,1.271965036580983,0
INV002363,0,1.271965036580983,0
INV002364,0,1.45309884819142,0
INV002365,0,0.683671079604335,0
INV002366,0,1.2189386038956698,0
INV002367,0,1.45309884819142,0
INV002368,0,0.5847353760623348,0
INV002369,0,0.5188662657016656,0
INV002370,0,2.126208716196278,0
INV002371,0,1.45309884819142,0
INV002372,0,0.683671079604335,0
INV002373,0,1.45309884819142,0
INV002374,0,1.271965036580983,0
INV002375,0,1.2189386038956698,0
INV002376,0,1.45309884819142,0
INV002377,0,1.45309884819142,0
INV002378,0,1.45309884819142,0
INV002379,0,0.683671079604335,0
INV002380,0,0.5847353760623348,0
INV002381,0,0.9517544118176731,0
INV002382,0,0.683671079604335,0
INV002383,0,1.45309884819142,0
INV002384,0,0.48790582050743403,0
INV002385,0,2.565943569404976,0
INV002386,0,1.9626451506265743,0
INV002387,0,0.683671079604335,0
INV002388,0,1.45309884819142,0
INV002389,0,1.271965036580983,0
INV002390,0,0.683671079604335,0
INV002391,0,1.271965036580983,0
INV002392,0,0.683671079604335,0
INV002393,0,1.45309884819142,0
INV002394,0,0.2682884635077665,0
INV002395,0,1.271965036580983,0
INV002396,0,0.683671079604335,0
INV002397,0,1.271965036580983,0
INV002398,0,0.683671079604335,0
INV002399,0,0.683671079604335,0
INV002400,0,1.2189386038956698,0
INV002401,0,0.44259776730242556,0
INV002402,0,1.45309884819142,0
INV002403,0,1.674439337714459,0
INV002404,0,0.5847353760623348,0
INV002405,0,0.27221022325792105,0
INV002406,0,1.45309884819142,0
INV002407,0,0.46510331514433045,0
INV002408,0,1.45309884819142,0
INV002409,0,1.45309884819142,0
INV002410,0,0.683671079604335,0
INV002411,0,0.683671079604335,0
INV002412,0,1.271965036580983,0
INV002413,0,1.45309884819142,0
INV002414,0,0.683671079604335,0
INV002415,0,0.683671079604335,0
INV002416,0,1.2189386038956698,0
INV002417,0,1.45309884819142,0
INV002418,0,1.271965036580983,0
INV002419,0,0.683671079604335,0
INV002420,0,1.45309884819142,0
INV002421,0,1.45309884819142,0
INV002422,0,1.45309884819142,0
INV002423,0,0.487771627402083,0
INV002424,0,1.271965036580983,0
INV002425,0,1.45309884819142,0
INV002426,0,1.271965036580983,0
INV002427,0,1.2189386038956698,0
INV002428,0,1.45309884819142,0
INV002429,0,0.683671079604335,0
INV002430,0,1.271965036580983,0
INV002431,0,1.45309884819142,0
INV002432,0,0.683671079604335,0
INV002433,0,1.554335257207554,0
INV002434,0,1.271965036580983,0
INV002435,0,1.271965036580983,0
INV002436,0,2.515250168830879,0
INV002437,0,1.271965036580983,0
INV002438,0,0.683671079604335,0
INV002439,0,1.45309884819142,0
INV002440,0,0.683671079604335,0
INV002441,0,1.45309884819142,0
INV002442,0,0.48101192342391286,0
INV002443,0,1.271965036580983,0
INV002444,0,0.683671079604335,0
INV002445,0,1.271965036580983,0
INV002446,0,1.2189386038956698,0
INV002447,0,1.271965036580983,0
INV002448,0,1.271965036580983,0
INV002449,0,0.683671079604335,0
INV002450,0,0.5847353760623348,0
INV002451,0,0.683671079604335,0
INV002452,0,2.1547039495880127,0
INV002453,0,0.683671079604335,0
INV002454,0,1.271965036580983,0
INV002455,0,0.7945586062610938,0
INV002456,0,0.683671079604335,0
INV002457,0,0.683671079604335,0
INV002458,0,0.683671079604335,0
INV002459,0,0.683671079604335,0
INV002460,0,1.271965036580983,0
INV002461,0,1.271965036580983,0
INV002462,0,1.271965036580983,0
INV002463,0,2.337786512299679,0
INV002464,0,0.5847353760623348,0
INV002465,0,1.271965036580983,0
INV002466,0,1.271965036580983,0
INV002467,0,0.683671079604335,0
INV002468,0,1.2189386038956698,0
INV002469,0,1.271965036580983,0
INV002470,0,1.271965036580983,0
INV002471,0,1.271965036580983,0
INV002472,0,1.2189386038956698,0
INV002473,0,1.741994461701016,0
INV002474,0,2.3814030251920486,0
INV002475,0,1.45309884819142,0
INV002476,0,0.5847353760623348,0
INV002477,0,0.7146314410091699,0
INV002478,0,1.45309884819142,0
INV002479,0,1.45309884819142,0
INV002480,0,2.2220235318302115,0
INV002481,0,1.271965036580983,0
INV002482,0,1.45309884819142,0
INV002483,0,1.271965036580983,0
INV002484,0,0.683671079604335,0
INV002485,0,1.2189386038956698,0
INV002486,0,1.45309884819142,0
INV002487,0,1.45309884819142,0
INV002488,0,1.45309884819142,0
INV002489,0,1.45309884819142,0
INV002490,0,1.271965036580983,0
INV002491,0,1.2189386038956698,0
INV002492,0,1.45309884819142,0
INV002493,0,0.2682884635077665,0
INV002494,0,1.45309884819142,0
INV002495,0,0.683671079604335,0
INV002496,0,1.45309884819142,0
INV002497,0,0.683671079604335,0
INV002498,0,0.683671079604335,0
INV002499,0,1.45309884819142,0
INV002500,0,1.45309884819142,0
INV002501,0,0.683671079604335,0
INV002502,0,1.271965036580983,0
INV002503,0,1.45309884819142,0
INV002504,0,1.45309884819142,0
INV002505,0,1.271965036580983,0
INV002506,0,1.2189386038956698,0
INV002507,0,1.45309884819142,0
INV002508,0,0.5126667944780028,0
INV002509,0,1.45309884819142,0
INV002510,0,0.683671079604335,0
INV002511,0,0.5847353760623348,0
INV002512,0,0.683671079604335,0
INV002513,0,1.2189386038956698,0
INV002514,0,1.45309884819142,0
INV002515,0,0.683671079604335,0
INV002516,0,0.683671079604335,0
INV002517,0,1.2189386038956698,0
INV002518,0,1.45309884819142,0
INV002519,0,1.45309884819142,0
INV002520,0,1.45309884819142,0
INV002521,0,1.2823686868695576,0
INV002522,0,0.683671079604335,0
INV002523,0,1.271965036580983,0
INV002524,0,0.6679888579509132,0
INV002525,0,0.683671079604335,0
INV002526,0,1.2189386038956698,0
INV002527,0,0.503949873110133,0
INV002528,0,1.271965036580983,0
INV002529,0,0.5847353760623348,0
INV002530,0,1.271965036580983,0
INV002531,0,1.45309884819142,0
INV002532,0,0.683671079604335,0
INV002533,0,1.45309884819142,0
INV002534,0,1.0909817918481988,0
INV002535,0,0.683671079604335,0
INV002536,0,1.2189386038956698,0
INV002537,0,0.5847353760623348,0
INV002538,0,0.683671079604335,0
INV002539,0,0.683671079604335,0
INV002540,0,1.45309884819142,0
INV002541,0,1.45309884819142,0
INV002542,0,1.271965036580983,0
INV002543,0,0.44259776730242556,0
INV002544,0,0.683671079604335,0
INV002545,0,0.5168896544366005,0
INV002546,0,0.683671079604335,0
INV002547,0,1.45309884819142,0
INV002548,0,1.45309884819142,0
INV002549,0,0.5847353760623348,0
INV002550,0,0.44259776730242556,0
INV002551,0,0.5847353760623348,0
INV002552,0,0.44259776730242556,0
INV002553,0,1.271965036580983,0
INV002554,0,0.683671079604335,0
INV002555,0,1.2189386038956698,0
INV002556,0,1.45309884819142,0
INV002557,0,1.4466154173392298,0
INV002558,0,1.271965036580983,0
INV002559,0,0.683671079604335,0
INV002560,0,1.45309884819142,0
INV002561,0,1.45309884819142,0
INV002562,0,1.271965036580983,0
INV002563,0,1.2189386038956698,0
INV002564,0,1.45309884819142,0
INV002565,0,1.45309884819142,0
INV002566,0,2.3143799815602746,0
INV002567,0,1.45309884819142,0
INV002568,0,0.683671079604335,0
INV002569,0,1.45309884819142,0
INV002570,0,1.271965036580983,0
INV002571,0,1.271965036580983,0
INV002572,0,1.2189386038956698,0
INV002573,0,1.271965036580983,0
INV002574,0,1.271965036580983,0
INV002575,0,0.683671079604335,0
INV002576,0,1.45309884819142,0
INV002577,0,1.45309884819142,0
INV002578,0,1.45309884819142,0
INV002579,0,0.5847353760623348,0
INV002580,0,1.2189386038956698,0
INV002581,1,14.337726562359512,1
INV002582,0,1.45309884819142,0
INV002583,0,0.5847353760623348,0
INV002584,0,1.3737751495111572,0
INV002585,0,0.8133203038504812,0
INV002586,0,0.683671079604335,0
INV002587,0,0.683671079604335,0
INV002588,0,1.271965036580983,0
INV002589,0,1.271965036580983,0
INV002590,0,1.45309884819142,0
INV002591,0,0.683671079604335,0
INV002592,0,0.683671079604335,0
INV002593,0,0.44259776730242556,0
INV002594,0,1.271965036580983,0
INV002595,0,1.2189386038956698,0
INV002596,0,1.45309884819142,0
INV002597,0,1.2189386038956698,0
INV002598,0,0.683671079604335,0
INV002599,0,0.683671079604335,0
INV002600,0,1.45309884819142,0
INV002601,0,1.45309884819142,0
INV002602,0,2.1818509958374097,0
INV002603,0,1.2189386038956698,0
INV002604,0,1.45309884819142,0
INV002605,0,0.683671079604335,0
INV002606,0,1.45309884819142,0
INV002607,0,0.8997187673856252,0
INV002608,0,1.2189386038956698,0
INV002609,0,1.45309884819142,0
INV002610,0,1.45309884819142,0
INV002611,0,0.5847353760623348,0
INV002612,0,1.6273040876610327,0
INV002613,0,1.45309884819142,0
INV002614,1,4.186392569473127,1
INV002615,0,1.45309884819142,0
INV002616,0,1.271965036580983,0
INV002617,0,1.45309884819142,0
INV002618,0,1.271965036580983,0
INV002619,0,1.7410842007766074,0
INV002620,0,1.271965036580983,0
INV002621,0,0.6982320425610659,0
INV002622,0,1.2596950569363015,0
INV002623,0,1.45309884819142,0
INV002624,0,1.271965036580983,0
INV002625,0,1.45309884819142,0
INV002626,0,0.683671079604335,0
INV002627,0,1.45309884819142,0
INV002628,0,0.44259776730242556,0
INV002629,0,1.2189386038956698,0
INV002630,0,0.5249462456287223,0
INV002631,0,1.45309884819142,0
INV002632,0,0.683671079604335,0
INV002633,0,1.45309884819142,0
INV002634,0,0.683671079604335,0
INV002635,0,1.271965036580983,0
INV002636,0,0.5161799011591147,0
INV002637,0,0.683671079604335,0
INV002638,0,0.683671079604335,0
INV002639,0,1.271965036580983,0
INV002640,0,1.271965036580983,0
INV002641,0,1.271965036580983,0
INV002642,0,0.683671079604335,0
INV002643,0,0.683671079604335,0
INV002644,0,1.45309884819142,0
INV002645,0,0.683671079604335,0
INV002646,0,0.683671079604335,0
INV002647,0,2.4075087454560995,0
INV002648,0,1.271965036580983,0
INV002649,0,0.683671079604335,0
INV002650,0,1.271965036580983,0
INV002651,0,1.2189386038956698,0
INV002652,0,1.271965036580983,0
INV002653,0,0.683671079604335,0
INV002654,0,1.45309884819142,0
INV002655,0,0.664145116975265,0
INV002656,0,1.45309884819142,0
INV002657,0,1.45309884819142,0
INV002658,0,1.45309884819142,0
INV002659,0,1.271965036580983,0
INV002660,0,1.45309884819142,0
INV002661,0,0.683671079604335,0
INV002662,0,1.271965036580983,0
INV002663,0,1.271965036580983,0
INV002664,0,1.45309884819142,0
INV002665,0,1.271965036580983,0
INV002666,0,1.6895321520109288,0
INV002667,0,0.2682884635077665,0
INV002668,0,0.683671079604335,0
INV002669,0,1.2189386038956698,0
INV002670,0,1.4781858311941478,0
INV002671,0,0.683671079604335,0
INV002672,0,1.271965036580983,0
INV002673,0,0.683671079604335,0
INV002674,0,1.52575838185662,0
INV002675,0,0.683671079604335,0
INV002676,0,1.271965036580983,0
INV002677,0,1.271965036580983,0
INV002678,0,1.45309884819142,0
INV002679,0,2.253470700735227,0
INV002680,0,1.271965036580983,0
INV002681,0,1.271965036580983,0
INV002682,0,0.683671079604335,0
INV002683,0,0.683671079604335,0
INV002684,0,0.4450491096031706,0
INV002685,0,1.45309884819142,0
INV002686,0,0.683671079604335,0
INV002687,0,2.579767336082776,0
INV002688,0,1.45309884819142,0
INV002689,0,0.737343233084274,0
INV002690,0,1.271965036580983,0
INV002691,0,0.44259776730242556,0
INV002692,0,1.45309884819142,0
INV002693,0,0.44259776730242556,0
INV002694,0,1.271965036580983,0
INV002695,0,0.683671079604335,0
INV002696,0,1.271965036580983,0
INV002697,0,0.5847353760623348,0
INV002698,0,1.271965036580983,0
INV002699,0,1.271965036580983,0
INV002700,0,1.271965036580983,0
INV002701,0,1.45309884819142,0
INV002702,0,2.518940635630252,0
INV002703,0,0.683671079604335,0
INV002704,0,0.8889445312068147,0
INV002705,0,0.9237233802169429,0
INV002706,0,0.683671079604335,0
INV002707,0,0.683671079604335,0
INV002708,0,0.5847353760623348,0
INV002709,0,0.683671079604335,0
INV002710,0,1.271965036580983,0
INV002711,0,0.6670920476174834,0
INV002712,0,1.45309884819142,0
INV002713,0,1.45309884819142,0
INV002714,0,1.2189386038956698,0
INV002715,0,0.5183645273776959,0
INV002716,0,0.683671079604335,0
INV002717,0,1.45309884819142,0
INV002718,0,0.5847353760623348,0
INV002719,0,1.271965036580983,0
INV002720,0,0.683671079604335,0
INV002721,0,1.45309884819142,0
INV002722,0,1.45309884819142,0
INV002723,0,0.5847353760623348,0
INV002724,0,1.271965036580983,0
INV002725,0,1.45309884819142,0
INV002726,0,0.5847353760623348,0
INV002727,0,2.2337027112579277,0
INV002728,0,1.271965036580983,0
INV002729,0,0.683671079604335,0
INV002730,0,0.9347578696909793,0
INV002731,0,1.45309884819142,0
INV002732,0,1.45309884819142,0
INV002733,0,0.683671079604335,0
INV002734,0,1.2189386038956698,0
INV002735,0,1.271965036580983,0
INV002736,0,2.1207953225337968,0
INV002737,0,2.553831155825952,0
INV002738,0,1.4335311203608454,0
INV002739,0,0.683671079604335,0
INV002740,0,1.45309884819142,0
INV002741,0,0.683671079604335,0
INV002742,0,1.271965036580983,0
INV002743,0,0.8611215145596005,0
INV002744,0,1.45309884819142,0
INV002745,0,0.4712996583235795,0
INV002746,0,1.45309884819142,0
INV002747,0,0.683671079604335,0
INV002748,1,10.499104944199038,1
INV002749,0,0.2682884635077665,0
INV002750,0,1.45309884819142,0
INV002751,0,0.5847353760623348,0
INV002752,0,0.683671079604335,0
INV002753,0,1.271965036580983,0
INV002754,0,1.271965036580983,0
INV002755,0,1.2189386038956698,0
INV002756,0,1.2189386038956698,0
INV002757,0,2.3089816025109804,0
INV002758,0,1.2189386038956698,0
INV002759,0,0.683671079604335,0
INV002760,0,0.683671079604335,0
INV002761,0,0.7472472473071716,0
INV002762,0,1.271965036580983,0
INV002763,0,2.273636577461959,0
INV002764,0,1.45309884819142,0
INV002765,0,0.5847353760623348,0
INV002766,0,0.486688072817151,0
INV002767,0,1.6117461331602347,0
INV002768,0,1.271965036580983,0
INV002769,0,1.45309884819142,0
INV002770,0,1.45309884819142,0
INV002771,0,1.2189386038956698,0
INV002772,0,0.5847353760623348,0
INV002773,0,1.271965036580983,0
INV002774,0,1.2189386038956698,0
INV002775,0,1.45309884819142,0
INV002776,0,0.6198510696628715,0
INV002777,0,0.683671079604335,0
INV002778,0,1.271965036580983,0
INV002779,0,0.5196604761783233,0
INV002780,0,0.5847353760623348,0
INV002781,0,1.45309884819142,0
INV002782,0,1.45309884819142,0
INV002783,0,0.683671079604335,0
INV002784,0,1.45309884819142,0
INV002785,0,1.2189386038956698,0
INV002786,0,1.271965036580983,0
INV002787,0,1.271965036580983,0
INV002788,0,1.45309884819142,0
INV002789,0,0.6509879365620402,0
INV002790,0,1.271965036580983,0
INV002791,0,1.271965036580983,0
INV002792,0,1.45309884819142,0
INV002793,0,0.683671079604335,0
INV002794,0,1.45309884819142,0
INV002795,0,1.271965036580983,0
INV002796,0,1.271965036580983,0
INV002797,0,1.45309884819142,0
INV002798,0,0.683671079604335,0
INV002799,0,1.271965036580983,0
INV002800,0,0.2682884635077665,0
INV002801,0,0.683671079604335,0
INV002802,0,1.271965036580983,0
INV002803,0,1.45309884819142,0
INV002804,0,0.516921560489621,0
INV002805,0,0.5186056996019981,0
INV002806,0,1.271965036580983,0
INV002807,0,0.683671079604335,0
INV002808,0,0.505899895997681,0
INV002809,0,1.45309884819142,0
INV002810,0,1.45309884819142,0
INV002811,0,0.9082614566796476,0
INV002812,0,0.5847353760623348,0
INV002813,0,1.45309884819142,0
INV002814,0,1.271965036580983,0
INV002815,0,1.271965036580983,0
INV002816,0,1.45309884819142,0
INV002817,0,0.44259776730242556,0
INV002818,0,1.2189386038956698,0
INV002819,0,1.2019664909597325,0
INV002820,0,1.45309884819142,0
INV002821,0,0.683671079604335,0
INV002822,0,1.45309884819142,0
INV002823,0,1.45309884819142,0
INV002824,0,1.45309884819142,0
INV002825,0,1.271965036580983,0
INV002826,0,1.271965036580983,0
INV002827,0,1.271965036580983,0
INV002828,0,1.45309884819142,0
INV002829,0,1.45309884819142,0
INV002830,0,1.271965036580983,0
INV002831,0,1.2189386038956698,0
INV002832,0,1.271965036580983,0
INV002833,0,1.0614558678221246,0
INV002834,0,1.271965036580983,0
INV002835,0,1.5146594546676595,0
INV002836,0,0.683671079604335,0
INV002837,0,1.271965036580983,0
INV002838,0,1.2189386038956698,0
INV002839,0,1.271965036580983,0
INV002840,0,1.45309884819142,0
INV002841,0,1.45309884819142,0
INV002842,0,1.2189386038956698,0
INV002843,0,1.8909844683469368,0
INV002844,0,1.2189386038956698,0
INV002845,0,1.271965036580983,0
INV002846,0,1.271965036580983,0
INV002847,0,1.45309884819142,0
INV002848,0,1.271965036580983,0
INV002849,0,1.45309884819142,0
INV002850,0,1.45309884819142,0
INV002851,0,1.2189386038956698,0
INV002852,0,2.152874669214836,0
INV002853,0,1.2189386038956698,0
INV002854,0,0.683671079604335,0
INV002855,0,1.45309884819142,0
INV002856,0,0.683671079604335,0
INV002857,0,0.683671079604335,0
INV002858,0,0.2682884635077665,0
INV002859,0,1.271965036580983,0
INV002860,0,2.4691352868652263,0
INV002861,0,1.271965036580983,0
INV002862,0,1.271965036580983,0
INV002863,0,1.5883489865540725,0
INV002864,0,1.45309884819142,0
INV002865,0,1.45309884819142,0
INV002866,1,3.3680604911229852,1
INV002867,0,0.683671079604335,0
INV002868,0,1.45309884819142,0
INV002869,0,1.45309884819142,0
INV002870,0,0.683671079604335,0
INV002871,0,2.172726490282425,0
INV002872,0,1.271965036580983,0
INV002873,0,1.45309884819142,0
INV002874,0,1.45309884819142,0
INV002875,0,1.277650657480259,0
INV002876,0,1.45309884819142,0
INV002877,0,0.683671079604335,0
INV002878,0,0.5847353760623348,0
INV002879,0,1.45309884819142,0
INV002880,0,1.271965036580983,0
INV002881,0,0.683671079604335,0
INV002882,0,1.2189386038956698,0
INV002883,0,1.271965036580983,0
INV002884,0,1.45309884819142,0
INV002885,0,1.4148394909663269,0
INV002886,0,1.0269181910362986,0
INV002887,0,1.271965036580983,0
INV002888,0,0.683671079604335,0
INV002889,0,1.271965036580983,0
INV002890,0,1.45309884819142,0
INV002891,0,1.45309884819142,0
INV002892,0,0.44259776730242556,0
INV002893,0,0.683671079604335,0
INV002894,0,1.271965036580983,0
INV002895,0,1.45309884819142,0
INV002896,0,1.271965036580983,0
INV002897,0,1.271965036580983,0
INV002898,0,1.45309884819142,0
INV002899,0,1.45309884819142,0
INV002900,0,0.683671079604335,0
INV002901,0,1.45309884819142,0
INV002902,0,1.2189386038956698,0
INV002903,0,0.683671079604335,0
INV002904,0,1.271965036580983,0
INV002905,0,0.5847353760623348,0
INV002906,0,1.45309884819142,0
INV002907,0,1.271965036580983,0
INV002908,0,1.271965036580983,0
INV002909,0,1.45309884819142,0
INV002910,0,0.683671079604335,0
INV002911,0,1.45309884819142,0
INV002912,0,1.45309884819142,0
INV002913,0,1.271965036580983,0
INV002914,0,1.271965036580983,0
INV002915,0,0.683671079604335,0
INV002916,0,0.743408824007027,0
INV002917,0,0.683671079604335,0
INV002918,0,1.2189386038956698,0
INV002919,0,0.934078458444307,0
INV002920,0,0.683671079604335,0
INV002921,0,0.683671079604335,0
INV002922,0,1.45309884819142,0
INV002923,0,1.45309884819142,0
INV002924,0,0.683671079604335,0
INV002925,0,0.683671079604335,0
INV002926,0,1.2189386038956698,0
INV002927,0,0.683671079604335,0
INV002928,0,0.683671079604335,0
INV002929,0,0.5847353760623348,0
INV002930,0,0.683671079604335,0
INV002931,0,1.2189386038956698,0
INV002932,0,1.2189386038956698,0
INV002933,0,1.2189386038956698,0
INV002934,0,1.271965036580983,0
INV002935,0,0.5847353760623348,0
INV002936,0,1.2189386038956698,0
INV002937,0,0.683671079604335,0
INV002938,0,0.683671079604335,0
INV002939,0,1.2189386038956698,0
INV002940,0,1.2189386038956698,0
INV002941,0,0.5126717993490648,0
INV002942,0,1.2189386038956698,0
INV002943,0,0.683671079604335,0
INV002944,0,1.2189386038956698,0
INV002945,0,1.45309884819142,0
INV002946,0,1.45309884819142,0
INV002947,0,0.683671079604335,0
INV002948,0,1.45309884819142,0
INV002949,0,1.4850909892375586,0
INV002950,0,1.271965036580983,0
INV002951,0,0.683671079604335,0
INV002952,0,1.271965036580983,0
INV002953,0,0.683671079604335,0
INV002954,0,1.271965036580983,0
INV002955,0,0.683671079604335,0
INV002956,0,1.271965036580983,0
INV002957,0,1.271965036580983,0
INV002958,0,1.2189386038956698,0
INV002959,0,1.45309884819142,0
INV002960,0,1.271965036580983,0
INV002961,0,0.683671079604335,0
INV002962,0,0.44259776730242556,0
INV002963,0,1.45309884819142,0
INV002964,0,0.683671079604335,0
INV002965,0,1.271965036580983,0
INV002966,0,1.6507659847865603,0
INV002967,0,1.5876432997343246,0
INV002968,0,1.4713235273592056,0
INV002969,0,0.4842647333299815,0
INV002970,0,1.271965036580983,0
INV002971,0,0.683671079604335,0
INV002972,0,1.271965036580983,0
INV002973,0,1.9757857524044067,0
INV002974,0,1.271965036580983,0
INV002975,0,1.271965036580983,0
INV002976,0,1.271965036580983,0
INV002977,0,0.7978001986870898,0
INV002978,0,1.45309884819142,0
INV002979,0,0.857043795861802,0
INV002980,0,1.45309884819142,0
INV002981,0,1.271965036580983,0
INV002982,0,1.271965036580983,0
INV002983,0,1.271965036580983,0
INV002984,0,1.271965036580983,0
INV002985,0,0.5847353760623348,0
INV002986,0,1.271965036580983,0
INV002987,0,1.0238198630444535,0
INV002988,0,1.2189386038956698,0
INV002989,0,1.271965036580983,0
INV002990,0,0.683671079604335,0
INV002991,0,0.2682884635077665,0
INV002992,0,1.271965036580983,0
INV002993,0,0.683671079604335,0
INV002994,0,0.5245474199659658,0
INV002995,0,1.45309884819142,0
INV002996,0,1.45309884819142,0
INV002997,0,0.7835926209597189,0
INV002998,0,0.683671079604335,0
INV002999,0,2.3040230265062625,0
INV003000,0,2.146445912335644,0
INV003001,0,1.45309884819142,0
INV003002,0,1.45309884819142,0
INV003003,0,0.683671079604335,0
INV003004,0,0.683671079604335,0
INV003005,0,1.5297406951997983,0
INV003006,0,1.45309884819142,0
INV003007,0,0.2682884635077665,0
INV003008,0,0.46589752562098824,0
INV003009,0,0.683671079604335,0
INV003010,0,0.8079913673871725,0
INV003011,0,2.589644449123716,0
INV003012,0,1.271965036580983,0
INV003013,0,1.4574944430059014,0
INV003014,0,0.683671079604335,0
INV003015,0,1.271965036580983,0
INV003016,0,1.2189386038956698,0
INV003017,0,0.683671079604335,0
INV003018,0,1.271965036580983,0
INV003019,0,1.271965036580983,0
INV003020,0,1.45309884819142,0
INV003021,0,0.683671079604335,0
INV003022,0,1.271965036580983,0
INV003023,0,1.271965036580983,0
INV003024,0,1.271965036580983,0
INV003025,0,1.2189386038956698,0
INV003026,0,1.45309884819142,0
INV003027,0,0.683671079604335,0
INV003028,0,1.45309884819142,0
INV003029,0,1.45309884819142,0
INV003030,0,0.683671079604335,0
INV003031,0,0.683671079604335,0
INV003032,0,0.48806003309703316,0
INV003033,1,12.056624955187068,1
INV003034,0,0.8082822755176535,0
INV003035,0,0.683671079604335,0
INV003036,0,1.45309884819142,0
INV003037,0,0.683671079604335,0
INV003038,0,1.271965036580983,0
INV003039,0,1.45309884819142,0
INV003040,0,1.271965036580983,0
INV003041,0,1.45309884819142,0
INV003042,0,1.271965036580983,0
INV003043,0,1.45309884819142,0
INV003044,0,1.2189386038956698,0
INV003045,0,1.271965036580983,0
INV003046,0,0.683671079604335,0
INV003047,0,0.683671079604335,0
INV003048,0,0.683671079604335,0
INV003049,0,2.07762893523257,0
INV003050,0,0.44259776730242556,0
INV003051,0,0.683671079604335,0
INV003052,0,1.2189386038956698,0
INV003053,0,1.271965036580983,0
INV003054,0,0.683671079604335,0
INV003055,0,0.5847353760623348,0
INV003056,0,1.45309884819142,0
INV003057,0,1.45309884819142,0
INV003058,0,0.44259776730242556,0
INV003059,0,1.271965036580983,0
INV003060,0,1.8687065360320232,0
INV003061,1,9.463580565729025,1
INV003062,0,1.271965036580983,0
INV003063,0,1.271965036580983,0
INV003064,0,1.45309884819142,0
INV003065,0,1.271965036580983,0
INV003066,0,0.683671079604335,0
INV003067,0,1.271965036580983,0
INV003068,0,1.271965036580983,0
INV003069,0,0.683671079604335,0
INV003070,0,0.683671079604335,0
INV003071,0,1.271965036580983,0
INV003072,0,0.683671079604335,0
INV003073,0,1.45309884819142,0
INV003074,0,0.683671079604335,0
INV003075,0,1.271965036580983,0
INV003076,0,1.2189386038956698,0
INV003077,0,1.45309884819142,0
INV003078,0,1.271965036580983,0
INV003079,0,1.271965036580983,0
INV003080,0,1.271965036580983,0
INV003081,0,0.7721309571193969,0
INV003082,0,1.271965036580983,0
INV003083,0,1.45309884819142,0
INV003084,0,1.271965036580983,0
INV003085,0,0.683671079604335,0
INV003086,0,1.271965036580983,0
INV003087,0,1.2189386038956698,0
INV003088,0,0.683671079604335,0
INV003089,0,0.683671079604335,0
INV003090,0,1.2189386038956698,0
INV003091,0,0.683671079604335,0
INV003092,0,1.45309884819142,0
INV003093,0,1.271965036580983,0
INV003094,0,0.2682884635077665,0
INV003095,0,1.2189386038956698,0
INV003096,0,1.271965036580983,0
INV003097,0,1.271965036580983,0
INV003098,0,1.271965036580983,0
INV003099,0,1.45309884819142,0
INV003100,0,1.45309884819142,0
INV003101,0,0.683671079604335,0
INV003102,0,0.683671079604335,0
INV003103,0,1.271965036580983,0
INV003104,0,0.683671079604335,0
INV003105,0,1.45309884819142,0
INV003106,0,1.271965036580983,0
INV003107,0,0.683671079604335,0
INV003108,0,1.8171122586667594,0
INV003109,0,1.45309884819142,0
INV003110,0,0.47172851321270826,0
INV003111,0,1.45309884819142,0
INV003112,0,1.45309884819142,0
INV003113,0,0.683671079604335,0
INV003114,0,0.683671079604335,0
INV003115,0,1.45309884819142,0
INV003116,0,1.45309884819142,0
INV003117,0,2.288216392474569,0
INV003118,0,0.683671079604335,0
INV003119,0,0.683671079604335,0
INV003120,0,1.45309884819142,0
INV003121,0,1.271965036580983,0
INV003122,0,1.45309884819142,0
INV003123,0,1.45309884819142,0
INV003124,0,1.271965036580983,0
INV003125,0,1.45309884819142,0
INV003126,0,1.271965036580983,0
INV003127,0,0.8064270323758429,0
INV003128,0,1.513377269262453,0
INV003129,0,0.683671079604335,0
INV003130,0,1.8134434137113793,0
INV003131,0,1.45309884819142,0
INV003132,0,1.45309884819142,0
INV003133,0,0.683671079604335,0
INV003134,0,1.271965036580983,0
INV003135,0,1.271965036580983,0
INV003136,0,0.4507493014585776,0
INV003137,0,0.44259776730242556,0
INV003138,0,1.271965036580983,0
INV003139,0,1.45309884819142,0
INV003140,0,1.45309884819142,0
INV003141,0,1.271965036580983,0
INV003142,0,1.45309884819142,0
INV003143,0,0.683671079604335,0
INV003144,0,1.45309884819142,0
INV003145,0,2.3328398228637335,0
INV003146,0,1.45309884819142,0
INV003147,0,0.683671079604335,0
INV003148,0,0.7031167967176187,0
INV003149,0,0.8024381501393956,0
INV003150,0,0.683671079604335,0
INV003151,0,1.45309884819142,0
INV003152,0,1.271965036580983,0
INV003153,0,1.5883277158520586,0
INV003154,0,1.45309884819142,0
INV003155,0,0.7635043197344488,0
INV003156,0,1.271965036580983,0
INV003157,0,2.329505014714207,0
INV003158,0,1.8810823309506868,0
INV003159,0,1.271965036580983,0
INV003160,0,0.683671079604335,0
INV003161,0,0.3712144364559584,0
INV003162,0,1.45309884819142,0
INV003163,0,1.2189386038956698,0
INV003164,0,2.1526528908658995,0
INV003165,0,1.271965036580983,0
INV003166,0,0.683671079604335,0
INV003167,0,0.683671079604335,0
INV003168,0,0.683671079604335,0
INV003169,0,1.45309884819142,0
INV003170,0,0.5847353760623348,0
INV003171,0,1.9448781711607677,0
INV003172,0,1.271965036580983,0
INV003173,0,1.0214938492183696,0
INV003174,0,1.45309884819142,0
INV003175,0,1.45309884819142,0
INV003176,0,1.45309884819142,0
INV003177,0,0.6837341823120966,0
INV003178,0,1.45309884819142,0
INV003179,0,1.271965036580983,0
INV003180,0,1.271965036580983,0
INV003181,0,1.2189386038956698,0
INV003182,0,0.683671079604335,0
INV003183,0,0.683671079604335,0
INV003184,0,0.683671079604335,0
INV003185,0,1.45309884819142,0
INV003186,0,0.683671079604335,0
INV003187,0,0.7097016430130586,0
INV003188,0,0.5149008437983216,0
INV003189,0,0.5847353760623348,0
INV003190,0,0.683671079604335,0
INV003191,0,1.271965036580983,0
INV003192,0,0.683671079604335,0
INV003193,0,0.7203138464912354,0
INV003194,0,0.683671079604335,0
INV003195,0,1.45309884819142,0
INV003196,0,0.8906580739366813,0
INV003197,0,1.271965036580983,0
INV003198,0,1.45309884819142,0
INV003199,0,1.2189386038956698,0
INV003200,0,0.683671079604335,0
INV003201,0,2.165624891049829,0
INV003202,0,1.45309884819142,0
INV003203,0,1.45309884819142,0
INV003204,0,0.683671079604335,0
INV003205,0,1.45309884819142,0
INV003206,0,1.45309884819142,0
INV003207,0,0.683671079604335,0
INV003208,0,0.683671079604335,0
INV003209,0,1.45309884819142,0
INV003210,0,1.6511228946541723,0
INV003211,0,1.2189386038956698,0
INV003212,0,1.45309884819142,0
INV003213,0,0.683671079604335,0
INV003214,0,1.4496693271003995,0
INV003215,0,0.5847353760623348,0
INV003216,0,1.271965036580983,0
INV003217,0,1.271965036580983,0
INV003218,0,1.45309884819142,0
INV003219,0,1.271965036580983,0
INV003220,0,1.45309884819142,0
INV003221,0,1.2189386038956698,0
INV003222,0,1.271965036580983,0
INV003223,0,0.5847353760623348,0
INV003224,0,0.683671079604335,0
INV003225,0,1.271965036580983,0
INV003226,0,1.45309884819142,0
INV003227,0,0.46373068577574833,0
INV003228,0,1.271965036580983,0
INV003229,0,0.683671079604335,0
INV003230,0,1.2189386038956698,0
INV003231,0,1.45309884819142,0
INV003232,0,1.271965036580983,0
INV003233,0,0.683671079604335,0
INV003234,0,2.478592616345837,0
INV003235,0,0.683671079604335,0
INV003236,0,0.683671079604335,0
INV003237,0,0.46153390366377056,0
INV003238,0,0.4851938060006901,0
INV003239,0,0.683671079604335,0
INV003240,0,1.271965036580983,0
INV003241,0,1.45309884819142,0
INV003242,0,1.45309884819142,0
INV003243,0,1.271965036580983,0
INV003244,0,1.7140923055301331,0
INV003245,0,1.2189386038956698,0
INV003246,0,0.28757960016038575,0
INV003247,0,1.45309884819142,0
INV003248,0,0.5847353760623348,0
INV003249,0,1.45309884819142,0
INV003250,0,1.45309884819142,0
INV003251,0,1.45309884819142,0
INV003252,0,1.45309884819142,0
INV003253,0,0.44259776730242556,0
INV003254,0,1.2189386038956698,0
INV003255,0,1.271965036580983,0
INV003256,0,1.45309884819142,0
INV003257,0,0.5130581128341661,0
INV003258,0,1.2189386038956698,0
INV003259,0,1.45309884819142,0
INV003260,0,1.271965036580983,0
INV003261,0,0.8314410651394861,0
INV003262,0,1.45309884819142,0
INV003263,0,0.683671079604335,0
INV003264,0,0.683671079604335,0
INV003265,0,1.2189386038956698,0
INV003266,0,1.45309884819142,0
INV003267,0,0.683671079604335,0
INV003268,0,0.683671079604335,0
INV003269,0,1.45309884819142,0
INV003270,0,1.45309884819142,0
INV003271,0,0.3291853626237629,0
INV003272,0,1.271965036580983,0
INV003273,0,1.45309884819142,0
INV003274,0,1.45309884819142,0
INV003275,0,1.271965036580983,0
INV003276,0,1.2416778339173928,0
INV003277,0,0.683671079604335,0
INV003278,0,1.271965036580983,0
INV003279,0,1.45309884819142,0
INV003280,0,1.9632998503223777,0
INV003281,1,11.36619024922903,1
INV003282,0,1.45309884819142,0
INV003283,0,1.45309884819142,0
INV003284,0,0.5847353760623348,0
INV003285,0,0.683671079604335,0
INV003286,0,1.2189386038956698,0
INV003287,0,2.2085429116246025,0
INV003288,0,1.2189386038956698,0
INV003289,0,1.271965036580983,0
INV003290,0,1.271965036580983,0
INV003291,0,0.5847353760623348,0
INV003292,0,1.271965036580983,0
INV003293,0,1.271965036580983,0
INV003294,0,1.2189386038956698,0
INV003295,0,1.2189386038956698,0
INV003296,0,1.271965036580983,0
INV003297,0,0.683671079604335,0
INV003298,0,0.683671079604335,0
INV003299,0,1.271965036580983,0
INV003300,0,2.4293437466820222,0
INV003301,0,1.45309884819142,0
INV003302,0,1.271965036580983,0
INV003303,0,0.5847353760623348,0
INV003304,0,0.683671079604335,0
INV003305,0,0.683671079604335,0
INV003306,0,0.5847353760623348,0
INV003307,0,1.2189386038956698,0
INV003308,0,1.45309884819142,0
INV003309,0,1.45309884819142,0
INV003310,0,1.45309884819142,0
INV003311,0,1.271965036580983,0
INV003312,0,0.683671079604335,0
INV003313,0,0.44259776730242556,0
INV003314,0,1.271965036580983,0
INV003315,0,1.5944064445613497,0
INV003316,0,2.3433356630897175,0
INV003317,0,0.5847353760623348,0
INV003318,0,1.271965036580983,0
INV003319,0,1.2189386038956698,0
INV003320,0,1.2189386038956698,0
INV003321,0,1.45309884819142,0
INV003322,0,0.683671079604335,0
INV003323,0,0.44259776730242556,0
INV003324,0,1.45309884819142,0
INV003325,0,1.271965036580983,0
INV003326,0,1.271965036580983,0
INV003327,0,0.683671079604335,0
INV003328,0,1.4888168029388071,0
INV003329,0,1.0861436455534113,0
INV003330,0,1.271965036580983,0
INV003331,0,0.5208976177439718,0
INV003332,0,0.5847353760623348,0
INV003333,0,2.1696353567927313,0
INV003334,0,1.271965036580983,0
INV003335,0,1.271965036580983,0
INV003336,0,0.683671079604335,0
INV003337,0,0.5847353760623348,0
INV003338,0,1.2189386038956698,0
INV003339,0,1.271965036580983,0
INV003340,0,1.45309884819142,0
INV003341,0,0.41143733396382237,0
INV003342,0,1.2189386038956698,0
INV003343,0,1.271965036580983,0
INV003344,0,1.2189386038956698,0
INV003345,0,1.271965036580983,0
INV003346,0,1.2189386038956698,0
INV003347,0,1.45309884819142,0
INV003348,0,0.7261736120915622,0
INV003349,0,1.45309884819142,0
INV003350,0,0.683671079604335,0
INV003351,0,1.9902914327644103,0
INV003352,0,1.45309884819142,0
INV003353,0,1.271965036580983,0
INV003354,0,0.7299288294103002,0
INV003355,0,0.5847353760623348,0
INV003356,0,0.5847353760623348,0
INV003357,0,1.45309884819142,0
INV003358,0,1.271965036580983,0
INV003359,0,0.9633804144903546,0
INV003360,0,1.2189386038956698,0
INV003361,0,1.271965036580983,0
INV003362,0,1.271965036580983,0
INV003363,0,0.5847353760623348,0
INV003364,0,1.45309884819142,0
INV003365,0,1.45309884819142,0
INV003366,0,1.45309884819142,0
INV003367,0,1.271965036580983,0
INV003368,0,1.271965036580983,0
INV003369,0,1.45309884819142,0
INV003370,0,0.7058669733662106,0
INV003371,0,0.6808147784607192,0
INV003372,0,0.683671079604335,0
INV003373,0,1.2189386038956698,0
INV003374,0,1.271965036580983,0
INV003375,0,0.683671079604335,0
INV003376,0,1.45309884819142,0
INV003377,0,1.271965036580983,0
INV003378,0,1.45309884819142,0
INV003379,0,1.271965036580983,0
INV003380,0,1.45309884819142,0
INV003381,0,1.45309884819142,0
INV003382,0,1.45309884819142,0
INV003383,0,0.683671079604335,0
INV003384,0,0.683671079604335,0
INV003385,0,0.44259776730242556,0
INV003386,0,1.2189386038956698,0
INV003387,0,1.271965036580983,0
INV003388,0,0.5201909925108998,0
INV003389,0,0.683671079604335,0
INV003390,0,0.683671079604335,0
INV003391,0,1.2189386038956698,0
INV003392,0,1.45309884819142,0
INV003393,0,1.271965036580983,0
INV003394,0,0.683671079604335,0
INV003395,0,1.271965036580983,0
INV003396,0,0.5251383075557281,0
INV003397,0,2.0859689272485795,0
INV003398,0,1.271965036580983,0
INV003399,0,1.271965036580983,0
INV003400,0,0.4845056362296594,0
INV003401,0,1.45309884819142,0
INV003402,0,1.45309884819142,0
INV003403,0,1.271965036580983,0
INV003404,0,2.320194390516602,0
INV003405,0,1.0729655072426139,0
INV003406,0,0.5847353760623348,0
INV003407,0,0.683671079604335,0
INV003408,0,1.45309884819142,0
INV003409,0,1.45309884819142,0
INV003410,0,0.683671079604335,0
INV003411,0,1.2189386038956698,0
INV003412,0,0.44259776730242556,0
INV003413,0,0.683671079604335,0
INV003414,0,0.683671079604335,0
INV003415,0,0.3856469205766799,0
INV003416,0,1.2189386038956698,0
INV003417,0,0.6934442577813402,0
INV003418,0,1.271965036580983,0
INV003419,0,1.45309884819142,0
INV003420,0,0.49709007171072195,0
INV003421,0,1.2189386038956698,0
INV003422,0,0.5166218938347813,0
INV003423,0,0.5847353760623348,0
INV003424,0,1.271965036580983,0
INV003425,0,0.5847353760623348,0
INV003426,0,1.45309884819142,0
INV003427,0,0.5847353760623348,0
INV003428,0,1.45309884819142,0
INV003429,0,1.2189386038956698,0
INV003430,0,0.683671079604335,0
INV003431,0,1.45309884819142,0
INV003432,0,1.45309884819142,0
INV003433,0,0.683671079604335,0
INV003434,0,0.5144225658074554,0
INV003435,0,0.683671079604335,0
INV003436,0,1.271965036580983,0
INV003437,0,1.271965036580983,0
INV003438,0,0.5847353760623348,0
INV003439,0,1.271965036580983,0
INV003440,0,1.271965036580983,0
INV003441,0,0.683671079604335,0
INV003442,0,1.45309884819142,0
INV003443,0,0.4020475702425493,0
INV003444,0,0.5043834200658823,0
INV003445,0,0.683671079604335,0
INV003446,0,1.45309884819142,0
INV003447,0,0.683671079604335,0
INV003448,0,0.532583678869398,0
INV003449,0,0.4649882031099035,0
INV003450,0,0.5847353760623348,0
INV003451,0,0.683671079604335,0
INV003452,0,1.45309884819142,0
INV003453,0,0.683671079604335,0
INV003454,0,0.5847353760623348,0
INV003455,0,1.45309884819142,0
INV003456,0,1.271965036580983,0
INV003457,0,0.683671079604335,0
INV003458,0,0.683671079604335,0
INV003459,0,0.683671079604335,0
INV003460,0,1.271965036580983,0
INV003461,0,0.5847353760623348,0
INV003462,0,1.1425685619068697,0
INV003463,0,1.271965036580983,0
INV003464,0,1.271965036580983,0
INV003465,0,0.5847353760623348,0
INV003466,0,1.2189386038956698,0
INV003467,0,0.683671079604335,0
INV003468,0,0.2682884635077665,0
INV003469,0,1.45309884819142,0
INV003470,0,1.2189386038956698,0
INV003471,0,1.45309884819142,0
INV003472,0,1.2189386038956698,0
INV003473,0,0.683671079604335,0
INV003474,0,0.683671079604335,0
INV003475,0,0.683671079604335,0
INV003476,0,0.4521106698672701,0
INV003477,0,1.45309884819142,0
INV003478,0,1.2189386038956698,0
INV003479,0,0.5040055523006981,0
INV003480,0,1.45309884819142,0
INV003481,0,1.2189386038956698,0
INV003482,0,1.45309884819142,0
INV003483,0,1.45309884819142,0
INV003484,0,1.45309884819142,0
INV003485,0,1.271965036580983,0
INV003486,0,0.683671079604335,0
INV003487,0,0.5847353760623348,0
INV003488,0,1.45309884819142,0
INV003489,0,1.578496585064002,0
INV003490,0,1.2189386038956698,0
INV003491,0,1.1105208084744096,0
INV003492,0,1.45309884819142,0
INV003493,0,1.271965036580983,0
INV003494,0,1.45309884819142,0
INV003495,0,1.45309884819142,0
INV003496,0,1.2189386038956698,0
INV003497,0,1.271965036580983,0
INV003498,0,0.44259776730242556,0
INV003499,0,1.2189386038956698,0
INV003500,0,0.44259776730242556,0
INV003501,0,0.4520499858056429,0
INV003502,0,0.683671079604335,0
INV003503,0,0.4474411251663852,0
INV003504,0,1.45309884819142,0
INV003505,0,1.271965036580983,0
INV003506,0,0.5847353760623348,0
INV003507,0,1.45309884819142,0
INV003508,0,0.8867689763170333,0
INV003509,0,1.45309884819142,0
INV003510,0,0.37791251795917713,0
INV003511,0,0.683671079604335,0
INV003512,0,0.44259776730242556,0
INV003513,0,0.44259776730242556,0
INV003514,0,1.271965036580983,0
INV003515,1,10.731987021395694,1
INV003516,0,1.271965036580983,0
INV003517,0,0.683671079604335,0
INV003518,0,1.45309884819142,0
INV003519,0,0.683671079604335,0
INV003520,0,1.271965036580983,0
INV003521,0,1.271965036580983,0
INV003522,0,1.271965036580983,0
INV003523,0,1.271965036580983,0
INV003524,0,0.683671079604335,0
INV003525,0,0.5008821999535428,0
INV003526,0,0.683671079604335,0
INV003527,0,0.683671079604335,0
INV003528,0,1.271965036580983,0
INV003529,0,1.45309884819142,0
INV003530,0,1.271965036580983,0
INV003531,0,0.5847353760623348,0
INV003532,0,1.45309884819142,0
INV003533,0,0.683671079604335,0
INV003534,0,1.8321543986437254,0
INV003535,0,1.45309884819142,0
INV003536,0,0.5847353760623348,0
INV003537,0,1.271965036580983,0
INV003538,0,0.44259776730242556,0
INV003539,0,2.590589118536676,0
INV003540,0,0.683671079604335,0
INV003541,0,1.271965036580983,0
INV003542,0,0.5847353760623348,0
INV003543,0,1.45309884819142,0
INV003544,0,1.45309884819142,0
INV003545,0,0.683671079604335,0
INV003546,0,1.45309884819142,0
INV003547,0,0.683671079604335,0
INV003548,0,0.683671079604335,0
INV003549,0,1.45309884819142,0
INV003550,0,1.271965036580983,0
INV003551,0,0.683671079604335,0
INV003552,0,1.2189386038956698,0
INV003553,0,1.271965036580983,0
INV003554,0,0.683671079604335,0
INV003555,0,1.271965036580983,0
INV003556,0,0.5847353760623348,0
INV003557,0,1.45309884819142,0
INV003558,0,0.683671079604335,0
INV003559,0,0.2682884635077665,0
INV003560,0,0.683671079604335,0
INV003561,0,1.2189386038956698,0
INV003562,0,0.683671079604335,0
INV003563,0,0.4858147228168247,0
INV003564,0,0.44259776730242556,0
INV003565,0,1.5869360488923698,0
INV003566,0,1.45309884819142,0
INV003567,0,1.45309884819142,0
INV003568,0,0.683671079604335,0
INV003569,0,1.2189386038956698,0
INV003570,0,1.271965036580983,0
INV003571,0,1.271965036580983,0
INV003572,0,1.45309884819142,0
INV003573,0,0.5013639187932643,0
INV003574,0,1.45309884819142,0
INV003575,0,1.2189386038956698,0
INV003576,0,1.5571580044865456,0
INV003577,0,1.45309884819142,0
INV003578,0,1.45309884819142,0
INV003579,0,1.271965036580983,0
INV003580,0,1.271965036580983,0
INV003581,0,1.45309884819142,0
INV003582,0,1.45309884819142,0
INV003583,0,0.683671079604335,0
INV003584,0,0.683671079604335,0
INV003585,0,1.45309884819142,0
INV003586,0,1.45309884819142,0
INV003587,0,1.469927793941779,0
INV003588,0,0.4967178344254826,0
INV003589,0,1.271965036580983,0
INV003590,0,0.5229192728485953,0
INV003591,0,0.5005058962105655,0
INV003592,0,1.271965036580983,0
INV003593,0,1.45309884819142,0
INV003594,0,0.6110543831624503,0
INV003595,0,1.271965036580983,0
INV003596,0,0.47485780884424983,0
INV003597,0,0.683671079604335,0
INV003598,0,2.0972806877211143,0
INV003599,0,0.5847353760623348,0
INV003600,0,1.2189386038956698,0
INV003601,0,1.2189386038956698,0
INV003602,0,1.271965036580983,0
INV003603,0,0.5847353760623348,0
INV003604,0,0.5847353760623348,0
INV003605,0,1.2189386038956698,0
INV003606,0,1.45309884819142,0
INV003607,0,1.271965036580983,0
INV003608,0,1.45309884819142,0
INV003609,0,0.44259776730242556,0
INV003610,0,1.271965036580983,0
INV003611,0,1.2189386038956698,0
INV003612,0,0.5847353760623348,0
INV003613,0,1.4032278772979483,0
INV003614,0,1.3036872479627657,0
INV003615,0,1.271965036580983,0
INV003616,0,0.683671079604335,0
INV003617,0,0.683671079604335,0
INV003618,0,1.45309884819142,0
INV003619,0,1.271965036580983,0
INV003620,0,2.124345965747874,0
INV003621,0,1.271965036580983,0
INV003622,0,1.2189386038956698,0
INV003623,1,19.447408008349747,6
INV003624,0,1.45309884819142,0
INV003625,0,1.271965036580983,0
INV003626,1,9.463580565729025,1
INV003627,0,0.3232849759258743,0
INV003628,0,1.45309884819142,0
INV003629,0,2.1861442367953177,0
INV003630,0,0.9580621133780526,0
INV003631,0,1.7066303555810702,0
INV003632,0,1.9055043024725002,0
INV003633,0,0.683671079604335,0
INV003634,0,1.271965036580983,0
INV003635,0,1.45309884819142,0
INV003636,0,1.45309884819142,0
INV003637,0,0.38732230116469835,0
INV003638,0,0.683671079604335,0
INV003639,0,1.45309884819142,0
INV003640,0,1.271965036580983,0
INV003641,0,1.45309884819142,0
INV003642,0,1.271965036580983,0
INV003643,0,0.47561416998350087,0
INV003644,0,1.2189386038956698,0
INV003645,0,1.5197306402712731,0
INV003646,0,1.45309884819142,0
INV003647,0,0.5847353760623348,0
INV003648,0,0.9969809291698134,0
INV003649,0,0.683671079604335,0
INV003650,0,0.48173168644352277,0
INV003651,0,0.683671079604335,0
INV003652,0,1.271965036580983,0
INV003653,0,1.45309884819142,0
INV003654,0,1.45309884819142,0
INV003655,0,0.5847353760623348,0
INV003656,0,1.45309884819142,0
INV003657,0,1.45309884819142,0
INV003658,0,2.517523944315253,0
INV003659,0,1.271965036580983,0
INV003660,0,0.683671079604335,0
INV003661,0,1.45309884819142,0
INV003662,0,1.271965036580983,0
INV003663,0,0.683671079604335,0
INV003664,0,1.45309884819142,0
INV003665,0,0.5847353760623348,0
INV003666,0,1.888767936075335,0
INV003667,0,0.9985002203415845,0
INV003668,0,0.7598191706105792,0
INV003669,0,0.44259776730242556,0
INV003670,0,1.271965036580983,0
INV003671,0,1.271965036580983,0
INV003672,0,1.271965036580983,0
INV003673,0,1.45309884819142,0
INV003674,0,1.45309884819142,0
INV003675,0,0.5847353760623348,0
INV003676,0,1.45309884819142,0
INV003677,0,1.45309884819142,0
INV003678,0,1.2189386038956698,0
INV003679,0,1.271965036580983,0
INV003680,0,1.271965036580983,0
INV003681,0,1.271965036580983,0
INV003682,0,1.271965036580983,0
INV003683,0,1.271965036580983,0
INV003684,0,0.683671079604335,0
INV003685,0,1.271965036580983,0
INV003686,0,1.45309884819142,0
INV003687,0,0.869505924806286,0
INV003688,0,0.5847353760623348,0
INV003689,0,1.2189386038956698,0
INV003690,0,1.271965036580983,0
INV003691,0,0.683671079604335,0
INV003692,0,1.3705207321030641,0
INV003693,0,0.5847353760623348,0
INV003694,0,1.271965036580983,0
INV003695,0,1.45309884819142,0
INV003696,0,1.271965036580983,0
INV003697,0,1.45309884819142,0
INV003698,0,0.5035907736114315,0
INV003699,0,1.45309884819142,0
INV003700,0,1.271965036580983,0
INV003701,0,1.45309884819142,0
INV003702,0,0.683671079604335,0
INV003703,0,1.45309884819142,0
INV003704,0,1.2189386038956698,0
INV003705,0,1.271965036580983,0
INV003706,0,0.683671079604335,0
INV003707,0,1.2189386038956698,0
INV003708,0,0.5847353760623348,0
INV003709,0,1.2189386038956698,0
INV003710,0,1.45309884819142,0
INV003711,0,0.5847353760623348,0
INV003712,0,1.271965036580983,0
INV003713,0,1.45309884819142,0
INV003714,0,1.271965036580983,0
INV003715,0,0.5847353760623348,0
INV003716,0,1.45309884819142,0
INV003717,0,1.45309884819142,0
INV003718,0,1.271965036580983,0
INV003719,0,1.7871324553962462,0
INV003720,0,0.683671079604335,0
INV003721,0,1.45309884819142,0
INV003722,0,2.3554490150820655,0
INV003723,0,0.5847353760623348,0
INV003724,0,0.4938678731600913,0
INV003725,0,1.2189386038956698,0
INV003726,0,0.683671079604335,0
INV003727,0,0.5847353760623348,0
INV003728,0,1.45309884819142,0
INV003729,0,1.2189386038956698,0
INV003730,0,0.683671079604335,0
INV003731,0,1.271965036580983,0
INV003732,0,0.683671079604335,0
INV003733,0,1.45309884819142,0
INV003734,0,0.683671079604335,0
INV003735,0,1.45309884819142,0
INV003736,0,1.2189386038956698,0
INV003737,0,0.2682884635077665,0
INV003738,0,0.683671079604335,0
INV003739,0,1.45309884819142,0
INV003740,0,1.6321606894178617,0
INV003741,0,0.683671079604335,0
INV003742,0,0.683671079604335,0
INV003743,0,1.0491141685875711,0
INV003744,0,1.45309884819142,0
INV003745,0,1.45309884819142,0
INV003746,0,1.45309884819142,0
INV003747,0,1.2189386038956698,0
INV003748,0,0.2682884635077665,0
INV003749,0,0.683671079604335,0
INV003750,0,1.45309884819142,0
INV003751,0,1.45309884819142,0
INV003752,0,1.2189386038956698,0
INV003753,0,0.45072838704082246,0
INV003754,0,2.4917113218127724,0
INV003755,0,1.271965036580983,0
INV003756,0,1.271965036580983,0
INV003757,0,0.683671079604335,0
INV003758,0,1.271965036580983,0
INV003759,0,0.5847353760623348,0
INV003760,0,1.45309884819142,0
INV003761,0,1.271965036580983,0
INV003762,0,0.5847353760623348,0
INV003763,0,0.921430523661645,0
INV003764,0,1.2189386038956698,0
INV003765,0,1.45309884819142,0
INV003766,0,0.683671079604335,0
INV003767,0,1.271965036580983,0
INV003768,0,0.683671079604335,0
INV003769,0,0.683671079604335,0
INV003770,0,0.683671079604335,0
INV003771,0,0.683671079604335,0
INV003772,0,0.683671079604335,0
INV003773,0,0.44259776730242556,0
INV003774,0,2.2523499224217707,0
INV003775,0,1.271965036580983,0
INV003776,0,1.2189386038956698,0
INV003777,0,1.45309884819142,0
INV003778,0,1.2189386038956698,0
INV003779,0,1.271965036580983,0
INV003780,0,1.271965036580983,0
INV003781,0,0.5847353760623348,0
INV003782,0,0.7195455987832121,0
INV003783,0,1.45309884819142,0
INV003784,0,1.271965036580983,0
INV003785,0,1.45309884819142,0
INV003786,0,1.271965036580983,0
INV003787,0,0.683671079604335,0
INV003788,0,1.45309884819142,0
INV003789,0,0.683671079604335,0
INV003790,0,1.271965036580983,0
INV003791,0,0.5847353760623348,0
INV003792,0,0.44259776730242556,0
INV003793,0,1.2189386038956698,0
INV003794,0,0.683671079604335,0
INV003795,0,0.683671079604335,0
INV003796,0,1.45309884819142,0
INV003797,0,1.2189386038956698,0
INV003798,0,1.271965036580983,0
INV003799,0,1.271965036580983,0
INV003800,0,1.2189386038956698,0
INV003801,0,0.683671079604335,0
INV003802,0,1.45309884819142,0
INV003803,0,1.45309884819142,0
INV003804,0,1.4798630886088144,0
INV003805,0,1.6272621718658882,0
INV003806,0,1.45309884819142,0
INV003807,0,1.8115778927633719,0
INV003808,0,1.271965036580983,0
INV003809,0,1.2189386038956698,0
INV003810,0,1.45309884819142,0
INV003811,0,1.271965036580983,0
INV003812,0,1.45309884819142,0
INV003813,0,1.45309884819142,0
INV003814,0,0.683671079604335,0
INV003815,0,1.271965036580983,0
INV003816,0,0.4909290754333486,0
INV003817,0,0.683671079604335,0
INV003818,0,1.271965036580983,0
INV003819,0,0.683671079604335,0
INV003820,0,0.5847353760623348,0
INV003821,0,1.45309884819142,0
INV003822,0,1.757823304848047,0
INV003823,0,1.45309884819142,0
INV003824,0,0.5847353760623348,0
INV003825,0,1.45309884819142,0
INV003826,0,1.271965036580983,0
INV003827,0,1.271965036580983,0
INV003828,0,1.271965036580983,0
INV003829,0,0.683671079604335,0
INV003830,0,0.683671079604335,0
INV003831,0,1.2189386038956698,0
INV003832,0,0.683671079604335,0
INV003833,0,0.970973742304796,0
INV003834,0,0.5847353760623348,0
INV003835,0,1.45309884819142,0
INV003836,0,1.2189386038956698,0
INV003837,0,0.5083832504577778,0
INV003838,0,1.45309884819142,0
INV003839,0,0.45190578295816775,0
INV003840,0,0.4931781393668536,0
INV003841,0,2.045741650478536,0
INV003842,0,0.683671079604335,0
INV003843,0,1.45309884819142,0
INV003844,0,0.683671079604335,0
INV003845,0,0.5847353760623348,0
INV003846,0,1.271965036580983,0
INV003847,0,1.271965036580983,0
INV003848,0,1.271965036580983,0
INV003849,0,0.44259776730242556,0
INV003850,0,1.45309884819142,0
INV003851,0,1.271965036580983,0
INV003852,0,1.271965036580983,0
INV003853,0,0.5847353760623348,0
INV003854,0,2.525337173651983,0
INV003855,0,1.45309884819142,0
INV003856,0,0.683671079604335,0
INV003857,0,0.683671079604335,0
INV003858,0,0.683671079604335,0
INV003859,0,0.683671079604335,0
INV003860,0,1.45309884819142,0
INV003861,0,1.45309884819142,0
INV003862,0,1.45309884819142,0
INV003863,0,0.683671079604335,0
INV003864,0,0.5847353760623348,0
INV003865,0,1.271965036580983,0
INV003866,0,1.271965036580983,0
INV003867,0,2.5743899149310536,0
INV003868,0,0.5847353760623348,0
INV003869,0,1.0014111784730444,0
INV003870,0,1.45309884819142,0
INV003871,0,1.271965036580983,0
INV003872,0,1.45309884819142,0
INV003873,0,1.2189386038956698,0
INV003874,0,1.45309884819142,0
INV003875,0,1.271965036580983,0
INV003876,0,0.5847353760623348,0
INV003877,0,0.4689486201421854,0
INV003878,0,1.45309884819142,0
INV003879,0,0.5052029677022917,0
INV003880,0,0.683671079604335,0
INV003881,0,1.271965036580983,0
INV003882,0,0.683671079604335,0
INV003883,0,0.683671079604335,0
INV003884,0,0.683671079604335,0
INV003885,0,1.45309884819142,0
INV003886,0,1.271965036580983,0
INV003887,0,1.271965036580983,0
INV003888,0,1.45309884819142,0
INV003889,0,0.6439232482535268,0
INV003890,0,1.271965036580983,0
INV003891,0,1.271965036580983,0
INV003892,0,1.45309884819142,0
INV003893,0,1.3668925133875252,0
INV003894,0,0.683671079604335,0
INV003895,0,1.2189386038956698,0
INV003896,0,1.45309884819142,0
INV003897,0,1.271965036580983,0
INV003898,0,2.268243828892609,0
INV003899,0,1.45309884819142,0
INV003900,0,1.271965036580983,0
INV003901,0,1.45309884819142,0
INV003902,0,0.683671079604335,0
INV003903,0,1.2189386038956698,0
INV003904,0,0.683671079604335,0
INV003905,0,0.5847353760623348,0
INV003906,0,1.45309884819142,0
INV003907,0,1.45309884819142,0
INV003908,0,0.683671079604335,0
INV003909,0,2.551751944704115,0
INV003910,0,0.683671079604335,0
INV003911,0,0.5847353760623348,0
INV003912,0,0.5847353760623348,0
INV003913,0,1.271965036580983,0
INV003914,0,1.271965036580983,0
INV003915,0,0.683671079604335,0
INV003916,0,1.271965036580983,0
INV003917,0,1.45309884819142,0
INV003918,0,0.5847353760623348,0
INV003919,0,1.45309884819142,0
INV003920,0,1.271965036580983,0
INV003921,0,1.2189386038956698,0
INV003922,0,0.2984170228363544,0
INV003923,0,0.9334265739884763,0
INV003924,0,0.683671079604335,0
INV003925,0,1.271965036580983,0
INV003926,0,0.683671079604335,0
INV003927,0,1.45309884819142,0
INV003928,0,1.271965036580983,0
INV003929,0,0.683671079604335,0
INV003930,0,1.45309884819142,0
INV003931,0,0.8136271650074728,0
INV003932,0,1.45309884819142,0
INV003933,0,0.4834286505379963,0
INV003934,0,2.50451941246942,0
INV003935,0,1.45309884819142,0
INV003936,0,1.45309884819142,0
INV003937,0,1.45309884819142,0
INV003938,0,1.271965036580983,0
INV003939,0,1.271965036580983,0
INV003940,0,0.683671079604335,0
INV003941,0,1.45309884819142,0
INV003942,0,1.45309884819142,0
INV003943,0,0.683671079604335,0
INV003944,0,1.271965036580983,0
INV003945,0,1.271965036580983,0
INV003946,0,1.2189386038956698,0
INV003947,0,0.39962208460410736,0
INV003948,0,0.683671079604335,0
INV003949,0,0.683671079604335,0
INV003950,0,1.8548155163993263,0
INV003951,0,1.271965036580983,0
INV003952,0,1.271965036580983,0
INV003953,0,2.4817922929766887,0
INV003954,0,0.8762759513310215,0
INV003955,0,0.683671079604335,0
INV003956,0,1.45309884819142,0
INV003957,0,0.683671079604335,0
INV003958,0,1.271965036580983,0
INV003959,0,1.2189386038956698,0
INV003960,0,1.271965036580983,0
INV003961,0,0.9221271391525928,0
INV003962,0,1.271965036580983,0
INV003963,0,0.8249688284429422,0
INV003964,0,1.45309884819142,0
INV003965,0,0.6859031683086088,0
INV003966,0,0.683671079604335,0
INV003967,0,1.45309884819142,0
INV003968,0,2.4816108664006897,0
INV003969,0,0.683671079604335,0
INV003970,0,1.271965036580983,0
INV003971,0,0.683671079604335,0
INV003972,0,0.5847353760623348,0
INV003973,0,1.271965036580983,0
INV003974,0,0.683671079604335,0
INV003975,0,0.683671079604335,0
INV003976,0,0.4828884372677372,0
INV003977,0,1.45309884819142,0
INV003978,0,1.271965036580983,0
INV003979,0,1.8818283695433726,0
INV003980,0,1.2189386038956698,0
INV003981,0,1.45309884819142,0
INV003982,0,1.45309884819142,0
INV003983,0,1.271965036580983,0
INV003984,0,1.45309884819142,0
INV003985,0,0.683671079604335,0
INV003986,0,0.5847353760623348,0
INV003987,0,0.5847353760623348,0
INV003988,0,1.2189386038956698,0
INV003989,0,1.45309884819142,0
INV003990,0,1.271965036580983,0
INV003991,0,1.2189386038956698,0
INV003992,0,0.683671079604335,0
INV003993,0,1.45309884819142,0
INV003994,0,0.46879373846388633,0
INV003995,0,1.2189386038956698,0
INV003996,0,0.683671079604335,0
INV003997,0,0.5336522188411439,0
INV003998,0,0.5847353760623348,0
INV003999,0,1.45309884819142,0
INV004000,0,1.2189386038956698,0
INV004001,0,1.271965036580983,0
INV004002,0,0.462193608230636,0
INV004003,0,0.683671079604335,0
INV004004,0,1.271965036580983,0
INV004005,0,1.2189386038956698,0
INV004006,0,1.502111617306238,0
INV004007,0,2.3176394038394297,0
INV004008,0,0.683671079604335,0
INV004009,0,0.5847353760623348,0
INV004010,0,1.2189386038956698,0
INV004011,0,0.5847353760623348,0
INV004012,0,0.7550091767155156,0
INV004013,0,0.29577914298221697,0
INV004014,0,1.271965036580983,0
INV004015,0,1.271965036580983,0
INV004016,0,1.2189386038956698,0
INV004017,0,1.271965036580983,0
INV004018,0,1.271965036580983,0
INV004019,0,1.45309884819142,0
INV004020,0,0.683671079604335,0
INV004021,0,1.271965036580983,0
INV004022,0,1.2189386038956698,0
INV004023,0,1.45309884819142,0
INV004024,0,1.271965036580983,0
INV004025,0,1.271965036580983,0
INV004026,0,0.683671079604335,0
INV004027,0,0.683671079604335,0
INV004028,0,1.45309884819142,0
INV004029,0,1.271965036580983,0
INV004030,0,0.683671079604335,0
INV004031,0,1.271965036580983,0
INV004032,0,1.271965036580983,0
INV004033,0,0.5847353760623348,0
INV004034,0,1.271965036580983,0
INV004035,0,0.683671079604335,0
INV004036,0,1.45309884819142,0
INV004037,0,0.5847353760623348,0
INV004038,0,1.2189386038956698,0
INV004039,0,1.271965036580983,0
INV004040,0,1.2189386038956698,0
INV004041,0,0.683671079604335,0
INV004042,0,2.3502301857821215,0
INV004043,0,2.1776159365055983,0
INV004044,0,0.683671079604335,0
INV004045,0,1.271965036580983,0
INV004046,0,0.6615697980094033,0
INV004047,0,0.683671079604335,0
INV004048,0,0.5847353760623348,0
INV004049,0,0.683671079604335,0
INV004050,0,1.45309884819142,0
INV004051,0,0.43038452458694687,0
INV004052,0,1.271965036580983,0
INV004053,0,0.8333056924145381,0
INV004054,0,1.271965036580983,0
INV004055,0,1.271965036580983,0
INV004056,0,1.271965036580983,0
INV004057,0,1.271965036580983,0
INV004058,0,0.683671079604335,0
INV004059,0,1.2189386038956698,0
INV004060,0,1.45309884819142,0
INV004061,0,1.45309884819142,0
INV004062,0,1.45309884819142,0
INV004063,0,1.45309884819142,0
INV004064,0,2.3351451915966863,0
INV004065,0,0.8304429061670503,0
INV004066,0,1.2189386038956698,0
INV004067,0,1.271965036580983,0
INV004068,0,1.45309884819142,0
INV004069,0,0.683671079604335,0
INV004070,0,1.271965036580983,0
INV004071,0,1.45309884819142,0
INV004072,0,0.683671079604335,0
INV004073,1,10.731987021395694,1
INV004074,0,1.0764529639595328,0
INV004075,0,1.45309884819142,0
INV004076,0,1.271965036580983,0
INV004077,0,1.45309884819142,0
INV004078,0,0.683671079604335,0
INV004079,0,0.2682884635077665,0
INV004080,0,0.44259776730242556,0
INV004081,0,1.45309884819142,0
INV004082,0,0.5847353760623348,0
INV004083,0,0.9883622283965362,0
INV004084,0,2.331175077626722,0
INV004085,0,1.271965036580983,0
INV004086,0,1.45309884819142,0
INV004087,0,0.683671079604335,0
INV004088,0,0.5847353760623348,0
INV004089,0,0.683671079604335,0
INV004090,0,1.45309884819142,0
INV004091,0,0.683671079604335,0
INV004092,0,2.222941612865655,0
INV004093,0,1.45309884819142,0
INV004094,0,0.683671079604335,0
INV004095,0,1.271965036580983,0
INV004096,0,1.2189386038956698,0
INV004097,0,1.45309884819142,0
INV004098,0,0.683671079604335,0
INV004099,0,0.683671079604335,0
INV004100,0,1.45309884819142,0
INV004101,0,1.45309884819142,0
INV004102,0,0.8661654861768144,0
INV004103,1,21.795710998147744,3
INV004104,0,1.271965036580983,0
INV004105,0,0.683671079604335,0
INV004106,0,0.683671079604335,0
INV004107,0,0.683671079604335,0
INV004108,0,0.827993960195505,0
INV004109,0,0.683671079604335,0
INV004110,0,1.271965036580983,0
INV004111,0,1.45309884819142,0
INV004112,0,1.7353323527085558,0
INV004113,0,1.6021980903916244,0
INV004114,0,1.45309884819142,0
INV004115,0,0.5847353760623348,0
INV004116,0,1.2189386038956698,0
INV004117,1,65.16274666438134,5
INV004118,0,0.7567646352405268,0
INV004119,0,1.271965036580983,0
INV004120,0,0.683671079604335,0
INV004121,0,1.45309884819142,0
INV004122,0,0.5847353760623348,0
INV004123,0,0.683671079604335,0
INV004124,0,1.45309884819142,0
INV004125,0,1.271965036580983,0
INV004126,0,1.45309884819142,0
INV004127,0,1.271965036580983,0
INV004128,0,0.683671079604335,0
INV004129,0,0.695519089640998,0
INV004130,0,1.45309884819142,0
INV004131,0,1.271965036580983,0
INV004132,0,0.683671079604335,0
INV004133,0,1.2189386038956698,0
INV004134,0,0.683671079604335,0
INV004135,0,1.2189386038956698,0
INV004136,0,0.44259776730242556,0
INV004137,0,1.45309884819142,0
INV004138,0,0.683671079604335,0
INV004139,0,1.271965036580983,0
INV004140,0,1.271965036580983,0
INV004141,0,0.5847353760623348,0
INV004142,0,1.271965036580983,0
INV004143,0,0.683671079604335,0
INV004144,0,1.271965036580983,0
INV004145,1,8.195174110062354,1
INV004146,0,1.45309884819142,0
INV004147,0,1.271965036580983,0
INV004148,0,1.45309884819142,0
INV004149,0,0.4860781041564647,0
INV004150,0,1.2189386038956698,0
INV004151,0,0.5847353760623348,0
INV004152,0,0.683671079604335,0
INV004153,0,0.683671079604335,0
INV004154,0,1.2189386038956698,0
INV004155,0,1.271965036580983,0
INV004156,0,1.271965036580983,0
INV004157,0,0.683671079604335,0
INV004158,0,2.2806799950684584,0
INV004159,0,0.2682884635077665,0
INV004160,0,1.45309884819142,0
INV004161,0,0.683671079604335,0
INV004162,0,1.45309884819142,0
INV004163,0,1.271965036580983,0
INV004164,0,1.271965036580983,0
INV004165,0,0.4524125261531995,0
INV004166,0,0.9755647730908954,0
INV004167,0,1.2189386038956698,0
INV004168,0,0.683671079604335,0
INV004169,0,1.271965036580983,0
INV004170,0,1.45309884819142,0
INV004171,0,0.683671079604335,0
INV004172,0,0.4525160209434783,0
INV004173,0,1.45309884819142,0
INV004174,0,1.271965036580983,0
INV004175,0,1.45309884819142,0
INV004176,0,0.44259776730242556,0
INV004177,0,1.45309884819142,0
INV004178,0,1.271965036580983,0
INV004179,0,0.683671079604335,0
INV004180,1,10.952619771463745,1
INV004181,0,1.296195581591772,0
INV004182,0,1.2189386038956698,0
INV004183,0,1.271965036580983,0
INV004184,0,0.683671079604335,0
INV004185,0,1.45309884819142,0
INV004186,0,0.683671079604335,0
INV004187,0,1.45309884819142,0
INV004188,0,0.683671079604335,0
INV004189,0,1.45309884819142,0
INV004190,0,0.683671079604335,0
INV004191,0,1.45309884819142,0
INV004192,0,0.683671079604335,0
INV004193,0,0.683671079604335,0
INV004194,0,1.45309884819142,0
INV004195,0,1.024614699129994,0
INV004196,0,0.683671079604335,0
INV004197,0,0.683671079604335,0
INV004198,0,1.45309884819142,0
INV004199,1,9.463580565729025,1
INV004200,0,1.2189386038956698,0
INV004201,0,1.271965036580983,0
INV004202,0,0.7293423210827172,0
INV004203,0,1.45309884819142,0
INV004204,0,1.7926187324935685,0
INV004205,0,0.683671079604335,0
INV004206,0,0.2682884635077665,0
INV004207,0,1.45309884819142,0
INV004208,0,1.271965036580983,0
INV004209,0,1.271965036580983,0
INV004210,0,1.271965036580983,0
INV004211,0,1.45309884819142,0
INV004212,0,1.271965036580983,0
INV004213,0,1.2189386038956698,0
INV004214,0,1.271965036580983,0
INV004215,0,1.2189386038956698,0
INV004216,0,0.683671079604335,0
INV004217,0,0.5847353760623348,0
INV004218,0,0.4628789627616943,0
INV004219,0,1.45309884819142,0
INV004220,0,1.45309884819142,0
INV004221,0,2.5204380304911265,0
INV004222,0,2.420603364981049,0
INV004223,0,0.35995003571750933,0
INV004224,0,1.3619358142094558,0
INV004225,0,1.45309884819142,0
INV004226,0,0.5989826341608058,0
INV004227,0,1.271965036580983,0
INV004228,0,1.271965036580983,0
INV004229,0,1.778822492606609,0
INV004230,0,1.45309884819142,0
INV004231,0,1.45309884819142,0
INV004232,0,1.2189386038956698,0
INV004233,0,1.271965036580983,0
INV004234,0,0.683671079604335,0
INV004235,0,1.45309884819142,0
INV004236,0,0.683671079604335,0
INV004237,0,0.8683529276353681,0
INV004238,0,2.485475878078351,0
INV004239,0,1.1499038260571748,0
INV004240,0,0.850359477754004,0
INV004241,0,0.683671079604335,0
INV004242,0,1.45309884819142,0
INV004243,0,0.5006153777650476,0
INV004244,0,1.271965036580983,0
INV004245,0,0.2682884635077665,0
INV004246,0,0.683671079604335,0
INV004247,0,1.271965036580983,0
INV004248,0,0.4754574114785535,0
INV004249,0,1.2189386038956698,0
INV004250,0,1.2189386038956698,0
INV004251,0,0.2682884635077665,0
INV004252,0,1.271965036580983,0
INV004253,0,1.45309884819142,0
INV004254,0,1.271965036580983,0
INV004255,0,1.45309884819142,0
INV004256,0,1.45309884819142,0
INV004257,0,1.2189386038956698,0
INV004258,0,0.683671079604335,0
INV004259,0,2.3298525404485773,0
INV004260,0,1.666870095842004,0
INV004261,0,0.4778963911877919,0
INV004262,0,0.683671079604335,0
INV004263,0,1.271965036580983,0
INV004264,0,0.5847353760623348,0
INV004265,0,1.271965036580983,0
INV004266,0,0.683671079604335,0
INV004267,0,0.44259776730242556,0
INV004268,0,1.45309884819142,0
INV004269,0,1.2189386038956698,0
INV004270,0,1.271965036580983,0
INV004271,0,0.683671079604335,0
INV004272,0,0.5847353760623348,0
INV004273,0,0.683671079604335,0
INV004274,0,0.7307008307716202,0
INV004275,0,1.271965036580983,0
INV004276,0,2.0635033122688395,0
INV004277,0,1.271965036580983,0
INV004278,0,0.683671079604335,0
INV004279,0,0.5076206332296992,0
INV004280,0,1.45309884819142,0
INV004281,0,1.2189386038956698,0
INV004282,0,0.472424190290332,0
INV004283,0,0.683671079604335,0
INV004284,0,0.5020570934353571,0
INV004285,0,1.271965036580983,0
INV004286,0,0.683671079604335,0
INV004287,0,2.1992444868002115,0
INV004288,0,0.5040142673452396,0
INV004289,0,0.683671079604335,0
INV004290,0,0.683671079604335,0
INV004291,0,1.45309884819142,0
INV004292,0,0.44259776730242556,0
INV004293,0,1.2189386038956698,0
INV004294,0,1.45309884819142,0
INV004295,0,0.683671079604335,0
INV004296,0,0.683671079604335,0
INV004297,0,1.45309884819142,0
INV004298,0,1.271965036580983,0
INV004299,0,0.5847353760623348,0
INV004300,0,1.45309884819142,0
INV004301,0,1.271965036580983,0
INV004302,0,0.683671079604335,0
INV004303,0,0.5847353760623348,0
INV004304,0,1.45309884819142,0
INV004305,0,1.271965036580983,0
INV004306,0,1.45309884819142,0
INV004307,0,1.2189386038956698,0
INV004308,0,0.683671079604335,0
INV004309,0,1.271965036580983,0
INV004310,0,1.45309884819142,0
INV004311,0,0.683671079604335,0
INV004312,0,1.45309884819142,0
INV004313,0,1.271965036580983,0
INV004314,0,0.683671079604335,0
INV004315,0,1.2189386038956698,0
INV004316,0,1.271965036580983,0
INV004317,0,1.271965036580983,0
INV004318,0,0.683671079604335,0
INV004319,0,1.271965036580983,0
INV004320,0,0.683671079604335,0
INV004321,0,2.299666286246755,0
INV004322,0,0.683671079604335,0
INV004323,0,1.271965036580983,0
INV004324,0,0.44695315023783605,0
INV004325,0,1.45309884819142,0
INV004326,0,1.45309884819142,0
INV004327,0,0.8181074630213241,0
INV004328,0,1.271965036580983,0
INV004329,0,1.45309884819142,0
INV004330,0,1.45309884819142,0
INV004331,0,1.45309884819142,0
INV004332,0,2.024161272067895,0
INV004333,0,1.45309884819142,0
INV004334,0,0.683671079604335,0
INV004335,0,1.45309884819142,0
INV004336,0,1.2189386038956698,0
INV004337,0,1.45309884819142,0
INV004338,0,1.271965036580983,0
INV004339,0,1.271965036580983,0
INV004340,0,1.271965036580983,0
INV004341,0,0.44259776730242556,0
INV004342,0,0.683671079604335,0
INV004343,0,0.5847353760623348,0
INV004344,0,1.271965036580983,0
INV004345,0,1.45309884819142,0
INV004346,0,1.45309884819142,0
INV004347,0,0.5273113600099782,0
INV004348,0,1.271965036580983,0
INV004349,0,1.45309884819142,0
INV004350,0,0.683671079604335,0
INV004351,0,1.271965036580983,0
INV004352,1,53.33022179987385,6
INV004353,0,1.45309884819142,0
INV004354,0,0.683671079604335,0
INV004355,0,1.271965036580983,0
INV004356,0,0.683671079604335,0
INV004357,0,0.683671079604335,0
INV004358,0,0.3863266446277934,0
INV004359,0,1.271965036580983,0
INV004360,0,1.271965036580983,0
INV004361,0,0.683671079604335,0
INV004362,0,0.683671079604335,0
INV004363,0,0.683671079604335,0
INV004364,0,0.3616732319052414,0
INV004365,0,0.5847353760623348,0
INV004366,0,1.45309884819142,0
INV004367,0,1.271965036580983,0
INV004368,0,1.45309884819142,0
INV004369,0,0.5847353760623348,0
INV004370,0,1.271965036580983,0
INV004371,0,1.45309884819142,0
INV004372,0,1.271965036580983,0
INV004373,0,0.5847353760623348,0
INV004374,0,1.45309884819142,0
INV004375,0,0.683671079604335,0
INV004376,0,1.5100990787168154,0
INV004377,0,1.45309884819142,0
INV004378,0,0.683671079604335,0
INV004379,0,0.49047425777558556,0
INV004380,0,1.271965036580983,0
INV004381,0,1.45309884819142,0
INV004382,0,0.683671079604335,0
INV004383,1,9.463580565729025,1
INV004384,0,1.271965036580983,0
INV004385,0,1.8607688105276252,0
INV004386,0,1.271965036580983,0
INV004387,0,0.5847353760623348,0
INV004388,0,0.5847353760623348,0
INV004389,0,0.5847353760623348,0
INV004390,0,1.45309884819142,0
INV004391,0,1.45309884819142,0
INV004392,0,0.5847353760623348,0
INV004393,0,1.2189386038956698,0
INV004394,0,1.271965036580983,0
INV004395,0,1.45309884819142,0
INV004396,0,0.5847353760623348,0
INV004397,0,1.45309884819142,0
INV004398,0,2.0955532553323892,0
INV004399,0,0.5847353760623348,0
INV004400,0,1.4560983967840335,0
INV004401,0,0.683671079604335,0
INV004402,0,1.45309884819142,0
INV004403,0,1.45309884819142,0
INV004404,0,0.5847353760623348,0
INV004405,0,0.683671079604335,0
INV004406,0,0.683671079604335,0
INV004407,0,1.271965036580983,0
INV004408,0,1.45309884819142,0
INV004409,0,1.4954263607851157,0
INV004410,0,0.683671079604335,0
INV004411,0,0.27468892913121445,0
INV004412,0,0.683671079604335,0
INV004413,0,1.45309884819142,0
INV004414,0,1.9138761229758328,0
INV004415,0,0.5847353760623348,0
INV004416,0,1.271965036580983,0
INV004417,0,0.5726945489074314,0
INV004418,0,1.45309884819142,0
INV004419,0,0.683671079604335,0
INV004420,0,0.44259776730242556,0
INV004421,0,1.746832920800245,0
INV004422,0,1.2189386038956698,0
INV004423,1,15.457340864347051,1
INV004424,0,0.683671079604335,0
INV004425,0,0.683671079604335,0
INV004426,0,1.2189386038956698,0
INV004427,0,1.45309884819142,0
INV004428,0,0.683671079604335,0
INV004429,0,0.683671079604335,0
INV004430,0,1.2189386038956698,0
INV004431,0,0.5847353760623348,0
INV004432,1,8.195174110062354,1
INV004433,0,1.45309884819142,0
INV004434,0,1.3530696851230488,0
INV004435,0,1.45309884819142,0
INV004436,0,1.45309884819142,0
INV004437,0,1.45309884819142,0
INV004438,0,1.271965036580983,0
INV004439,0,1.45309884819142,0
INV004440,0,1.45309884819142,0
INV004441,0,0.44259776730242556,0
INV004442,0,0.683671079604335,0
INV004443,0,0.683671079604335,0
INV004444,0,1.45309884819142,0
INV004445,0,0.683671079604335,0
INV004446,0,0.683671079604335,0
INV004447,0,1.271965036580983,0
INV004448,0,1.2189386038956698,0
INV004449,0,0.683671079604335,0
INV004450,0,0.683671079604335,0
INV004451,0,0.5847353760623348,0
INV004452,0,0.3989336020286352,0
INV004453,0,1.271965036580983,0
INV004454,0,1.45309884819142,0
INV004455,0,1.271965036580983,0
INV004456,0,1.45309884819142,0
INV004457,0,0.8702926279763508,0
INV004458,0,0.683671079604335,0
INV004459,0,1.45309884819142,0
INV004460,0,2.588436711175557,0
INV004461,0,0.9356847092507813,0
INV004462,0,1.2189386038956698,0
INV004463,0,0.5847353760623348,0
INV004464,0,1.45309884819142,0
INV004465,0,0.9275449120772531,0
INV004466,0,1.2189386038956698,0
INV004467,0,1.45309884819142,0
INV004468,0,1.45309884819142,0
INV004469,0,1.45309884819142,0
INV004470,0,1.271965036580983,0
INV004471,0,1.45309884819142,0
INV004472,0,1.271965036580983,0
INV004473,0,0.683671079604335,0
INV004474,0,1.271965036580983,0
INV004475,0,2.3094748951150326,0
INV004476,0,0.683671079604335,0
INV004477,0,1.45309884819142,0
INV004478,0,1.271965036580983,0
INV004479,0,1.271965036580983,0
INV004480,0,1.271965036580983,0
INV004481,0,1.271965036580983,0
INV004482,0,1.271965036580983,0
INV004483,0,0.683671079604335,0
INV004484,0,1.271965036580983,0
INV004485,0,0.915122509296824,0
INV004486,0,1.2189386038956698,0
INV004487,0,0.683671079604335,0
INV004488,0,1.45309884819142,0
INV004489,0,1.45309884819142,0
INV004490,0,1.271965036580983,0
INV004491,0,1.271965036580983,0
INV004492,0,1.271965036580983,0
INV004493,0,1.271965036580983,0
INV004494,0,1.45309884819142,0
INV004495,0,1.45309884819142,0
INV004496,0,0.9346903039316419,0
INV004497,0,0.683671079604335,0
INV004498,0,0.683671079604335,0
INV004499,0,0.5847353760623348,0
INV004500,0,1.271965036580983,0
INV004501,0,1.271965036580983,0
INV004502,0,1.271965036580983,0
INV004503,0,1.271965036580983,0
INV004504,0,0.683671079604335,0
INV004505,0,0.683671079604335,0
INV004506,0,1.45309884819142,0
INV004507,0,1.45309884819142,0
INV004508,0,0.683671079604335,0
INV004509,0,1.271965036580983,0
INV004510,0,0.683671079604335,0
INV004511,0,0.7531858396267255,0
INV004512,0,1.271965036580983,0
INV004513,0,1.271965036580983,0
INV004514,0,1.45309884819142,0
INV004515,0,1.271965036580983,0
INV004516,0,1.2189386038956698,0
INV004517,0,0.683671079604335,0
INV004518,0,1.271965036580983,0
INV004519,0,1.45309884819142,0
INV004520,0,1.45309884819142,0
INV004521,0,1.45309884819142,0
INV004522,0,0.44259776730242556,0
INV004523,0,1.271965036580983,0
INV004524,0,1.271965036580983,0
INV004525,0,1.271965036580983,0
INV004526,0,0.5847353760623348,0
INV004527,0,1.2189386038956698,0
INV004528,0,0.683671079604335,0
INV004529,0,1.45309884819142,0
INV004530,0,0.683671079604335,0
INV004531,0,0.683671079604335,0
INV004532,0,1.45309884819142,0
INV004533,0,1.45309884819142,0
INV004534,0,1.45309884819142,0
INV004535,0,0.683671079604335,0
INV004536,0,0.683671079604335,0
INV004537,0,1.783440737379108,0
INV004538,0,1.271965036580983,0
INV004539,0,1.2189386038956698,0
INV004540,0,0.683671079604335,0
INV004541,0,0.683671079604335,0
INV004542,0,1.271965036580983,0
INV004543,0,0.4776229566262107,0
INV004544,0,1.271965036580983,0
INV004545,0,1.45309884819142,0
INV004546,0,0.44259776730242556,0
INV004547,0,1.2189386038956698,0
INV004548,0,1.45309884819142,0
INV004549,0,1.45309884819142,0
INV004550,0,0.683671079604335,0
INV004551,0,1.271965036580983,0
INV004552,0,0.683671079604335,0
INV004553,0,1.271965036580983,0
INV004554,0,1.271965036580983,0
INV004555,0,1.2189386038956698,0
INV004556,0,0.4717328924748875,0
INV004557,0,0.683671079604335,0
INV004558,0,1.45309884819142,0
INV004559,0,0.683671079604335,0
INV004560,0,1.271965036580983,0
INV004561,0,0.77004631182142,0
INV004562,0,2.4666021964989504,0
INV004563,0,1.2189386038956698,0
INV004564,0,0.683671079604335,0
INV004565,0,0.683671079604335,0
INV004566,0,1.2189386038956698,0
INV004567,0,0.45800984882721046,0
INV004568,0,1.271965036580983,0
INV004569,0,1.2189386038956698,0
INV004570,0,1.2189386038956698,0
INV004571,0,0.44259776730242556,0
INV004572,0,0.4894132251104327,0
INV004573,0,1.45309884819142,0
INV004574,0,0.683671079604335,0
INV004575,0,0.683671079604335,0
INV004576,0,1.45309884819142,0
INV004577,0,1.271965036580983,0
INV004578,0,1.45309884819142,0
INV004579,0,1.2189386038956698,0
INV004580,0,0.683671079604335,0
INV004581,0,1.45309884819142,0
INV004582,0,0.8247229641520194,0
INV004583,0,1.271965036580983,0
INV004584,0,0.5847353760623348,0
INV004585,0,0.9733347902283144,0
INV004586,0,1.271965036580983,0
INV004587,0,0.2682884635077665,0
INV004588,0,1.271965036580983,0
INV004589,0,0.683671079604335,0
INV004590,0,1.0429059388395496,0
INV004591,0,0.683671079604335,0
INV004592,0,0.683671079604335,0
INV004593,0,1.45309884819142,0
INV004594,0,1.45309884819142,0
INV004595,0,1.45309884819142,0
INV004596,0,1.271965036580983,0
INV004597,0,0.43048118115933254,0
INV004598,0,1.2189386038956698,0
INV004599,0,1.45309884819142,0
INV004600,0,1.271965036580983,0
INV004601,0,0.683671079604335,0
INV004602,0,1.45309884819142,0
INV004603,0,1.271965036580983,0
INV004604,0,1.2189386038956698,0
INV004605,0,1.45309884819142,0
INV004606,0,1.271965036580983,0
INV004607,0,0.5847353760623348,0
INV004608,0,1.45309884819142,0
INV004609,0,0.5847353760623348,0
INV004610,0,1.45309884819142,0
INV004611,0,1.271965036580983,0
INV004612,0,1.271965036580983,0
INV004613,0,1.45309884819142,0
INV004614,0,0.683671079604335,0
INV004615,0,1.271965036580983,0
INV004616,0,1.2189386038956698,0
INV004617,0,0.683671079604335,0
INV004618,0,1.271965036580983,0
INV004619,0,1.45309884819142,0
INV004620,0,0.683671079604335,0
INV004621,0,1.271965036580983,0
INV004622,0,0.683671079604335,0
INV004623,0,1.271965036580983,0
INV004624,0,1.271965036580983,0
INV004625,0,1.9071664677082831,0
INV004626,0,1.45309884819142,0
INV004627,0,1.45309884819142,0
INV004628,0,1.271965036580983,0
INV004629,0,0.900143555817016,0
INV004630,0,0.5847353760623348,0
INV004631,0,0.683671079604335,0
INV004632,0,1.271965036580983,0
INV004633,0,0.5847353760623348,0
INV004634,0,0.3505361860542502,0
INV004635,0,0.5847353760623348,0
INV004636,0,1.2189386038956698,0
INV004637,0,1.2189386038956698,0
INV004638,0,1.271965036580983,0
INV004639,0,1.45309884819142,0
INV004640,0,0.5847353760623348,0
INV004641,0,1.45309884819142,0
INV004642,0,1.271965036580983,0
INV004643,0,0.683671079604335,0
INV004644,0,0.44259776730242556,0
INV004645,0,0.8684433281189262,0
INV004646,0,1.271965036580983,0
INV004647,0,0.5847353760623348,0
INV004648,0,1.0358850431528293,0
INV004649,0,0.683671079604335,0
INV004650,0,0.683671079604335,0
INV004651,0,1.271965036580983,0
INV004652,0,0.5847353760623348,0
INV004653,0,0.5264874331113897,0
INV004654,0,0.9667127202043505,0
INV004655,0,0.683671079604335,0
INV004656,1,19.19292195041983,4
INV004657,0,1.45309884819142,0
INV004658,0,0.683671079604335,0
INV004659,0,0.5158170480071167,0
INV004660,0,1.271965036580983,0
INV004661,0,1.271965036580983,0
INV004662,0,1.841051495369829,0
INV004663,0,1.271965036580983,0
INV004664,0,1.45309884819142,0
INV004665,0,0.683671079604335,0
INV004666,0,1.271965036580983,0
INV004667,0,1.45309884819142,0
INV004668,0,0.5847353760623348,0
INV004669,0,1.45309884819142,0
INV004670,0,1.45309884819142,0
INV004671,0,1.2189386038956698,0
INV004672,0,1.45309884819142,0
INV004673,0,2.119353294059046,0
INV004674,0,1.45309884819142,0
INV004675,0,1.45309884819142,0
INV004676,0,0.7889700421114413,0
INV004677,0,0.683671079604335,0
INV004678,0,1.271965036580983,0
INV004679,0,1.271965036580983,0
INV004680,0,1.271965036580983,0
INV004681,0,0.683671079604335,0
INV004682,1,12.505135251413538,7
INV004683,0,0.5143950390166141,0
INV004684,0,0.683671079604335,0
INV004685,0,0.683671079604335,0
INV004686,0,1.45309884819142,0
INV004687,0,1.45309884819142,0
INV004688,0,0.5847353760623348,0
INV004689,0,1.45309884819142,0
INV004690,0,1.45309884819142,0
INV004691,0,0.683671079604335,0
INV004692,0,2.3756408545774312,0
INV004693,0,1.2189386038956698,0
INV004694,0,1.45309884819142,0
INV004695,0,1.271965036580983,0
INV004696,0,0.683671079604335,0
INV004697,0,1.271965036580983,0
INV004698,0,0.5847353760623348,0
INV004699,0,0.5072242665226567,0
INV004700,0,1.45309884819142,0
INV004701,0,1.271965036580983,0
INV004702,0,0.44259776730242556,0
INV004703,0,0.44259776730242556,0
INV004704,0,1.271965036580983,0
INV004705,0,0.683671079604335,0
INV004706,0,1.271965036580983,0
INV004707,0,1.45309884819142,0
INV004708,0,0.44259776730242556,0
INV004709,0,1.271965036580983,0
INV004710,0,1.45309884819142,0
INV004711,0,0.5847353760623348,0
INV004712,0,1.45309884819142,0
INV004713,0,1.45309884819142,0
INV004714,0,2.2273743646044175,0
INV004715,0,1.45309884819142,0
INV004716,0,0.5847353760623348,0
INV004717,0,1.271965036580983,0
INV004718,0,0.5847353760623348,0
INV004719,0,0.5847353760623348,0
INV004720,0,0.7293010308964555,0
INV004721,0,0.683671079604335,0
INV004722,0,1.45309884819142,0
INV004723,0,1.9495636688881628,0
INV004724,0,0.683671079604335,0
INV004725,0,0.683671079604335,0
INV004726,0,1.45309884819142,0
INV004727,0,0.48699430836525964,0
INV004728,0,1.4771088455024843,0
INV004729,0,0.701812402197074,0
INV004730,0,0.683671079604335,0
INV004731,0,1.45309884819142,0
INV004732,0,1.45309884819142,0
INV004733,0,1.2189386038956698,0
INV004734,0,1.550096444222446,0
INV004735,0,1.45309884819142,0
INV004736,0,1.45309884819142,0
INV004737,0,1.2189386038956698,0
INV004738,0,0.683671079604335,0
INV004739,0,1.271965036580983,0
INV004740,0,0.5847353760623348,0
INV004741,0,1.45309884819142,0
INV004742,0,1.271965036580983,0
INV004743,0,1.271965036580983,0
INV004744,0,1.45309884819142,0
INV004745,0,0.683671079604335,0
INV004746,0,0.683671079604335,0
INV004747,0,1.45309884819142,0
INV004748,0,1.45309884819142,0
INV004749,0,1.271965036580983,0
INV004750,0,1.271965036580983,0
INV004751,0,0.5847353760623348,0
INV004752,0,1.2189386038956698,0
INV004753,0,1.271965036580983,0
INV004754,0,0.683671079604335,0
INV004755,0,0.7573006701223182,0
INV004756,0,1.45309884819142,0
INV004757,0,0.516623414377171,0
INV004758,0,1.2189386038956698,0
INV004759,0,1.271965036580983,0
INV004760,0,1.45309884819142,0
INV004761,0,0.5847353760623348,0
INV004762,0,1.271965036580983,0
INV004763,0,0.683671079604335,0
INV004764,0,1.2189386038956698,0
INV004765,0,1.271965036580983,0
INV004766,0,1.271965036580983,0
INV004767,0,1.45309884819142,0
INV004768,0,0.5847353760623348,0
INV004769,0,1.271965036580983,0
INV004770,0,1.271965036580983,0
INV004771,0,0.683671079604335,0
INV004772,0,1.271965036580983,0
INV004773,0,0.45335531873951157,0
INV004774,0,0.5847353760623348,0
INV004775,0,1.2189386038956698,0
INV004776,0,1.45309884819142,0
INV004777,0,1.45309884819142,0
INV004778,0,1.271965036580983,0
INV004779,0,0.4745387483140447,0
INV004780,0,0.683671079604335,0
INV004781,0,1.45309884819142,0
INV004782,0,0.5847353760623348,0
INV004783,0,0.683671079604335,0
INV004784,0,0.29094099668742956,0
INV004785,0,0.683671079604335,0
INV004786,0,0.30913495421571674,0
INV004787,0,0.4796856325924718,0
INV004788,0,1.271965036580983,0
INV004789,0,1.271965036580983,0
INV004790,0,1.45309884819142,0
INV004791,0,1.45309884819142,0
INV004792,0,1.271965036580983,0
INV004793,0,1.271965036580983,0
INV004794,0,0.683671079604335,0
INV004795,0,1.271965036580983,0
INV004796,0,1.271965036580983,0
INV004797,0,1.271965036580983,0
INV004798,0,0.683671079604335,0
INV004799,0,0.683671079604335,0
INV004800,0,1.45309884819142,0
INV004801,0,1.271965036580983,0
INV004802,0,1.9775193146185213,0
INV004803,0,0.683671079604335,0
INV004804,0,0.44507475956736353,0
INV004805,0,1.45309884819142,0
INV004806,0,1.2189386038956698,0
INV004807,0,1.271965036580983,0
INV004808,0,0.5847353760623348,0
INV004809,0,1.2189386038956698,0
INV004810,0,0.683671079604335,0
INV004811,0,1.271965036580983,0
INV004812,0,0.683671079604335,0
INV004813,0,1.271965036580983,0
INV004814,0,1.2189386038956698,0
INV004815,0,0.683671079604335,0
INV004816,0,1.271965036580983,0
INV004817,0,1.271965036580983,0
INV004818,0,0.5847353760623348,0
INV004819,0,1.271965036580983,0
INV004820,0,0.5847353760623348,0
INV004821,0,1.45309884819142,0
INV004822,0,1.45309884819142,0
INV004823,0,0.683671079604335,0
INV004824,0,1.45309884819142,0
INV004825,0,1.271965036580983,0
INV004826,0,1.271965036580983,0
INV004827,0,1.271965036580983,0
INV004828,0,0.683671079604335,0
INV004829,0,1.45309884819142,0
INV004830,0,1.45309884819142,0
INV004831,0,0.8334902470349509,0
INV004832,0,1.1800891418456723,0
INV004833,0,0.683671079604335,0
INV004834,0,0.683671079604335,0
INV004835,0,0.683671079604335,0
INV004836,0,1.271965036580983,0
INV004837,0,1.271965036580983,0
INV004838,0,1.271965036580983,0
INV004839,0,1.45309884819142,0
INV004840,0,0.683671079604335,0
INV004841,0,1.2189386038956698,0
INV004842,0,1.271965036580983,0
INV004843,0,1.45309884819142,0
INV004844,0,1.271965036580983,0
INV004845,0,0.7876515713910346,0
INV004846,0,1.45309884819142,0
INV004847,0,1.45309884819142,0
INV004848,0,1.2189386038956698,0
INV004849,0,1.271965036580983,0
INV004850,0,1.45309884819142,0
INV004851,0,0.4433990661749037,0
INV004852,0,1.271965036580983,0
INV004853,0,0.683671079604335,0
INV004854,0,1.271965036580983,0
INV004855,0,0.683671079604335,0
INV004856,0,0.9635759172662156,0
INV004857,0,1.45309884819142,0
INV004858,0,1.45309884819142,0
INV004859,0,1.8221299547108971,0
INV004860,0,0.7967376019997301,0
INV004861,0,1.271965036580983,0
INV004862,0,0.683671079604335,0
INV004863,0,0.47730081153140896,0
INV004864,0,1.45309884819142,0
INV004865,0,0.683671079604335,0
INV004866,0,1.2189386038956698,0
INV004867,0,1.2189386038956698,0
INV004868,0,0.683671079604335,0
INV004869,0,0.5097017211781845,0
INV004870,0,1.271965036580983,0
INV004871,0,0.683671079604335,0
INV004872,0,1.271965036580983,0
INV004873,0,1.271965036580983,0
INV004874,0,1.45309884819142,0
INV004875,0,0.683671079604335,0
INV004876,0,0.683671079604335,0
INV004877,0,0.49079988719905965,0
INV004878,0,0.683671079604335,0
INV004879,0,1.2189386038956698,0
INV004880,0,1.2189386038956698,0
INV004881,0,1.271965036580983,0
INV004882,0,0.683671079604335,0
INV004883,0,1.2189386038956698,0
INV004884,0,0.683671079604335,0
INV004885,0,1.45309884819142,0
INV004886,0,0.683671079604335,0
INV004887,0,1.271965036580983,0
INV004888,0,1.45309884819142,0
INV004889,0,1.4988249810406837,0
INV004890,0,1.4335211106187216,0
INV004891,0,1.45309884819142,0
INV004892,0,0.5847353760623348,0
INV004893,0,0.683671079604335,0
INV004894,0,1.45309884819142,0
INV004895,0,2.4201832686162787,0
INV004896,0,1.45309884819142,0
INV004897,0,0.5011080447602174,0
INV004898,0,0.683671079604335,0
INV004899,0,1.271965036580983,0
INV004900,0,1.271965036580983,0
INV004901,0,0.683671079604335,0
INV004902,0,0.5847353760623348,0
INV004903,0,1.45309884819142,0
INV004904,0,1.45309884819142,0
INV004905,0,0.683671079604335,0
INV004906,0,1.2189386038956698,0
INV004907,0,0.683671079604335,0
INV004908,0,0.683671079604335,0
INV004909,0,0.48750073875585,0
INV004910,0,1.2189386038956698,0
INV004911,0,0.44259776730242556,0
INV004912,0,1.2189386038956698,0
INV004913,0,1.271965036580983,0
INV004914,0,1.271965036580983,0
INV004915,0,0.529781263879096,0
INV004916,0,2.145004822274217,0
INV004917,0,1.45309884819142,0
INV004918,0,0.2682884635077665,0
INV004919,0,0.2682884635077665,0
INV004920,0,1.45309884819142,0
INV004921,0,0.683671079604335,0
INV004922,0,1.2189386038956698,0
INV004923,0,0.683671079604335,0
INV004924,0,1.45309884819142,0
INV004925,0,1.271965036580983,0
INV004926,0,2.327580954595293,0
INV004927,0,0.5847353760623348,0
INV004928,0,0.683671079604335,0
INV004929,0,0.44259776730242556,0
INV004930,0,1.271965036580983,0
INV004931,0,1.45309884819142,0
INV004932,0,1.271965036580983,0
INV004933,0,0.683671079604335,0
INV004934,0,1.271965036580983,0
INV004935,0,0.683671079604335,0
INV004936,0,1.88273831766334,0
INV004937,0,0.683671079604335,0
INV004938,0,1.45309884819142,0
INV004939,0,1.271965036580983,0
INV004940,0,2.2204235371125653,0
INV004941,0,1.271965036580983,0
INV004942,0,0.5847353760623348,0
INV004943,0,0.683671079604335,0
INV004944,0,0.5847353760623348,0
INV004945,0,0.683671079604335,0
INV004946,0,1.271965036580983,0
INV004947,0,0.683671079604335,0
INV004948,0,2.0875667323351363,0
INV004949,0,1.45309884819142,0
INV004950,0,0.44259776730242556,0
INV004951,0,0.683671079604335,0
INV004952,0,0.683671079604335,0
INV004953,0,1.271965036580983,0
INV004954,0,1.45309884819142,0
INV004955,0,1.271965036580983,0
INV004956,0,1.271965036580983,0
INV004957,0,1.45309884819142,0
INV004958,0,1.271965036580983,0
INV004959,0,1.45309884819142,0
INV004960,0,0.683671079604335,0
INV004961,0,1.271965036580983,0
INV004962,0,1.271965036580983,0
INV004963,0,0.44259776730242556,0
INV004964,0,1.45309884819142,0
INV004965,0,0.9247575117001372,0
INV004966,0,1.45309884819142,0
INV004967,0,0.683671079604335,0
INV004968,0,1.45309884819142,0
INV004969,0,1.45309884819142,0
INV004970,0,1.45309884819142,0
INV004971,0,1.2189386038956698,0
INV004972,0,1.45309884819142,0
INV004973,0,0.5847353760623348,0
INV004974,0,0.46493158550601416,0
INV004975,0,1.271965036580983,0
INV004976,0,0.5847353760623348,0
INV004977,0,1.271965036580983,0
INV004978,0,1.45309884819142,0
INV004979,0,1.45309884819142,0
INV004980,0,1.271965036580983,0
INV004981,0,0.683671079604335,0
INV004982,0,1.45309884819142,0
INV004983,0,1.271965036580983,0
INV004984,0,0.8427229829266523,0
INV004985,0,0.5847353760623348,0
INV004986,0,0.683671079604335,0
INV004987,0,1.271965036580983,0
INV004988,0,1.45309884819142,0
INV004989,0,1.45309884819142,0
INV004990,0,1.45309884819142,0
INV004991,0,1.45309884819142,0
INV004992,0,1.3030697719954862,0
INV004993,0,0.683671079604335,0
INV004994,0,1.2189386038956698,0
INV004995,0,0.683671079604335,0
INV004996,0,0.683671079604335,0
INV004997,0,0.5847353760623348,0
INV004998,0,1.2189386038956698,0
INV004999,0,0.683671079604335,0
INV005000,1,11.36619024922903,1
INV005001,0,1.45309884819142,0
INV005002,0,1.271965036580983,0
INV005003,0,0.683671079604335,0
INV005004,0,1.271965036580983,0
INV005005,0,0.683671079604335,0
INV005006,0,2.5085023514214813,0
INV005007,0,0.41263631338762274,0
INV005008,0,0.5847353760623348,0
INV005009,0,1.271965036580983,0
INV005010,0,1.45309884819142,0
INV005011,0,0.9967600892342007,0
INV005012,0,1.45309884819142,0
INV005013,0,0.5847353760623348,0
INV005014,0,0.9258310565429452,0
INV005015,0,0.683671079604335,0
INV005016,0,1.45309884819142,0
INV005017,0,1.2189386038956698,0
INV005018,0,0.683671079604335,0
INV005019,0,1.45309884819142,0
INV005020,0,0.5847353760623348,0
INV005021,0,0.4647307650546497,0
INV005022,0,1.45309884819142,0
INV005023,0,0.683671079604335,0
INV005024,0,1.45309884819142,0
INV005025,0,0.683671079604335,0
INV005026,0,2.0354309904818475,0
INV005027,0,1.45309884819142,0
INV005028,0,1.271965036580983,0
INV005029,0,0.683671079604335,0
INV005030,0,1.45309884819142,0
INV005031,0,0.9008702005343361,0
INV005032,0,0.683671079604335,0
INV005033,0,0.683671079604335,0
INV005034,0,0.683671079604335,0
INV005035,0,0.7380442278374011,0
INV005036,0,0.5954194787690735,0
INV005037,0,1.2189386038956698,0
INV005038,0,1.45309884819142,0
INV005039,0,1.271965036580983,0
INV005040,0,1.45309884819142,0
INV005041,0,1.0280036224478788,0
INV005042,0,1.271965036580983,0
INV005043,0,1.45309884819142,0
INV005044,0,1.45309884819142,0
INV005045,0,1.45309884819142,0
INV005046,0,1.45309884819142,0
INV005047,0,0.683671079604335,0
INV005048,0,0.48827926553062173,0
INV005049,0,0.683671079604335,0
INV005050,0,0.683671079604335,0
INV005051,0,0.683671079604335,0
INV005052,0,1.2189386038956698,0
INV005053,0,0.683671079604335,0
INV005054,0,0.683671079604335,0
INV005055,0,1.574733234829788,0
INV005056,0,1.271965036580983,0
INV005057,0,1.271965036580983,0
INV005058,0,0.683671079604335,0
INV005059,0,0.683671079604335,0
INV005060,0,0.5847353760623348,0
INV005061,1,8.195174110062354,1
INV005062,0,0.683671079604335,0
INV005063,0,0.683671079604335,0
INV005064,0,1.45309884819142,0
INV005065,0,0.683671079604335,0
INV005066,0,1.271965036580983,0
INV005067,0,1.271965036580983,0
INV005068,0,0.5847353760623348,0
INV005069,0,0.44259776730242556,0
INV005070,0,0.683671079604335,0
INV005071,0,2.1748404226972546,0
INV005072,0,1.271965036580983,0
INV005073,0,0.5096770096273157,0
INV005074,0,0.5847353760623348,0
INV005075,0,1.271965036580983,0
INV005076,0,1.2189386038956698,0
INV005077,0,1.45309884819142,0
INV005078,0,1.271965036580983,0
INV005079,0,1.45309884819142,0
INV005080,0,2.139028067812815,0
INV005081,0,1.271965036580983,0
INV005082,0,1.45309884819142,0
INV005083,0,1.2189386038956698,0
INV005084,0,1.45309884819142,0
INV005085,0,1.271965036580983,0
INV005086,0,0.683671079604335,0
INV005087,0,1.45309884819142,0
INV005088,0,0.683671079604335,0
INV005089,0,0.8065693583966697,0
INV005090,0,0.683671079604335,0
INV005091,0,1.271965036580983,0
INV005092,0,1.45309884819142,0
INV005093,0,1.45309884819142,0
INV005094,0,1.45309884819142,0
INV005095,0,1.2189386038956698,0
INV005096,0,0.683671079604335,0
INV005097,0,1.271965036580983,0
INV005098,0,1.45309884819142,0
INV005099,0,1.271965036580983,0
INV005100,0,0.5847353760623348,0
INV005101,0,0.683671079604335,0
INV005102,0,1.271965036580983,0
INV005103,0,1.45309884819142,0
INV005104,0,1.271965036580983,0
INV005105,0,1.271965036580983,0
INV005106,0,1.5472389756504614,0
INV005107,0,1.45309884819142,0
INV005108,0,0.44259776730242556,0
INV005109,0,0.943110999493527,0
INV005110,0,0.837111271248338,0
INV005111,0,1.271965036580983,0
INV005112,0,1.45309884819142,0
INV005113,0,1.786730188884635,0
INV005114,0,1.271965036580983,0
INV005115,0,1.271965036580983,0
INV005116,0,1.45309884819142,0
INV005117,0,1.45309884819142,0
INV005118,0,0.5847353760623348,0
INV005119,0,0.5847353760623348,0
INV005120,0,1.45309884819142,0
INV005121,0,0.2682884635077665,0
INV005122,0,1.271965036580983,0
INV005123,0,1.271965036580983,0
INV005124,0,0.5847353760623348,0
INV005125,0,0.683671079604335,0
INV005126,0,1.271965036580983,0
INV005127,0,0.683671079604335,0
INV005128,0,2.120366467644668,0
INV005129,0,1.45309884819142,0
INV005130,0,0.683671079604335,0
INV005131,0,0.5020120495957987,0
INV005132,0,1.271965036580983,0
INV005133,0,1.271965036580983,0
INV005134,0,1.45309884819142,0
INV005135,0,0.683671079604335,0
INV005136,0,1.271965036580983,0
INV005137,0,0.683671079604335,0
INV005138,0,0.683671079604335,0
INV005139,0,0.683671079604335,0
INV005140,0,0.683671079604335,0
INV005141,0,1.2189386038956698,0
INV005142,0,1.271965036580983,0
INV005143,0,1.2189386038956698,0
INV005144,0,0.683671079604335,0
INV005145,0,1.271965036580983,0
INV005146,0,1.271965036580983,0
INV005147,0,1.45309884819142,0
INV005148,0,0.683671079604335,0
INV005149,0,1.271965036580983,0
INV005150,0,1.45309884819142,0
INV005151,0,1.271965036580983,0
INV005152,0,0.683671079604335,0
INV005153,0,1.271965036580983,0
INV005154,0,1.2189386038956698,0
INV005155,0,0.9732306263493355,0
INV005156,0,1.45309884819142,0
INV005157,0,1.45309884819142,0
INV005158,0,0.683671079604335,0
INV005159,0,0.5847353760623348,0
INV005160,0,0.2682884635077665,0
INV005161,0,1.2189386038956698,0
INV005162,0,1.45309884819142,0
INV005163,0,1.271965036580983,0
INV005164,0,0.683671079604335,0
INV005165,0,1.271965036580983,0
INV005166,0,0.5847353760623348,0
INV005167,0,1.271965036580983,0
INV005168,0,1.271965036580983,0
INV005169,0,1.271965036580983,0
INV005170,0,0.6395674464073435,0
INV005171,0,1.45309884819142,0
INV005172,0,0.683671079604335,0
INV005173,0,1.45309884819142,0
INV005174,0,0.5847353760623348,0
INV005175,0,0.8563762711839022,0
INV005176,0,0.4059942238794106,0
INV005177,0,1.2189386038956698,0
INV005178,0,1.45309884819142,0
INV005179,0,0.683671079604335,0
INV005180,0,1.271965036580983,0
INV005181,0,0.44259776730242556,0
INV005182,0,0.683671079604335,0
INV005183,0,1.271965036580983,0
INV005184,0,0.2682884635077665,0
INV005185,0,1.45309884819142,0
INV005186,0,0.5847353760623348,0
INV005187,0,1.271965036580983,0
INV005188,0,0.5847353760623348,0
INV005189,0,0.683671079604335,0
INV005190,0,1.45309884819142,0
INV005191,0,0.683671079604335,0
INV005192,0,0.5847353760623348,0
INV005193,0,1.2189386038956698,0
INV005194,0,1.271965036580983,0
INV005195,0,0.683671079604335,0
INV005196,0,0.7342527252034631,0
INV005197,0,1.271965036580983,0
INV005198,0,1.271965036580983,0
INV005199,0,1.271965036580983,0
INV005200,0,1.271965036580983,0
INV005201,0,1.271965036580983,0
INV005202,0,1.271965036580983,0
INV005203,0,0.5215144681023685,0
INV005204,0,0.683671079604335,0
INV005205,0,1.271965036580983,0
INV005206,0,1.45309884819142,0
INV005207,0,1.2189386038956698,0
INV005208,0,1.271965036580983,0
INV005209,0,1.271965036580983,0
INV005210,0,0.683671079604335,0
INV005211,0,0.683671079604335,0
INV005212,0,1.5615945098786044,0
INV005213,0,0.8588264683732132,0
INV005214,0,0.683671079604335,0
INV005215,0,1.45309884819142,0
INV005216,0,0.683671079604335,0
INV005217,0,0.683671079604335,0
INV005218,0,1.45309884819142,0
INV005219,0,0.683671079604335,0
INV005220,0,0.526520903186617,0
INV005221,0,1.271965036580983,0
INV005222,0,0.683671079604335,0
INV005223,0,1.45309884819142,0
INV005224,0,1.45309884819142,0
INV005225,0,1.45309884819142,0
INV005226,0,1.45309884819142,0
INV005227,0,1.271965036580983,0
INV005228,0,1.45309884819142,0
INV005229,0,1.271965036580983,0
INV005230,0,0.683671079604335,0
INV005231,0,1.271965036580983,0
INV005232,0,0.5847353760623348,0
INV005233,0,0.683671079604335,0
INV005234,0,1.4750618532381092,0
INV005235,0,0.683671079604335,0
INV005236,0,1.45309884819142,0
INV005237,0,0.5847353760623348,0
INV005238,0,0.7588000537405709,0
INV005239,0,0.683671079604335,0
INV005240,0,0.683671079604335,0
INV005241,0,0.5847353760623348,0
INV005242,0,0.5847353760623348,0
INV005243,0,1.271965036580983,0
INV005244,0,1.45309884819142,0
INV005245,0,1.271965036580983,0
INV005246,0,1.271965036580983,0
INV005247,0,0.7234206202029978,0
INV005248,0,1.45309884819142,0
INV005249,0,1.271965036580983,0
INV005250,0,0.683671079604335,0
INV005251,0,1.271965036580983,0
INV005252,0,0.44259776730242556,0
INV005253,0,0.5847353760623348,0
INV005254,0,1.45309884819142,0
INV005255,0,1.2189386038956698,0
INV005256,0,0.683671079604335,0
INV005257,0,1.271965036580983,0
INV005258,0,1.271965036580983,0
INV005259,0,1.271965036580983,0
INV005260,0,1.2189386038956698,0
INV005261,0,0.683671079604335,0
INV005262,0,1.271965036580983,0
INV005263,0,1.45309884819142,0
INV005264,0,1.271965036580983,0
INV005265,0,1.271965036580983,0
INV005266,0,0.4750467427268419,0
INV005267,0,0.429555549337479,0
INV005268,0,0.683671079604335,0
INV005269,0,0.4615820755477427,0
INV005270,0,0.4740567166698818,0
INV005271,0,0.5847353760623348,0
INV005272,0,1.271965036580983,0
INV005273,0,1.271965036580983,0
INV005274,0,1.271965036580983,0
INV005275,0,1.271965036580983,0
INV005276,0,1.45309884819142,0
INV005277,0,1.45309884819142,0
INV005278,0,1.45309884819142,0
INV005279,0,1.45309884819142,0
INV005280,0,1.271965036580983,0
INV005281,0,2.4429566831663343,0
INV005282,0,0.683671079604335,0
INV005283,0,0.683671079604335,0
INV005284,0,0.683671079604335,0
INV005285,0,1.45309884819142,0
INV005286,0,1.45309884819142,0
INV005287,0,1.45309884819142,0
INV005288,0,1.2189386038956698,0
INV005289,0,1.45309884819142,0
INV005290,0,0.4598751017111451,0
INV005291,0,1.5294851339711928,0
INV005292,0,1.271965036580983,0
INV005293,0,1.45309884819142,0
INV005294,0,0.5847353760623348,0
INV005295,0,0.9243198982866501,0
INV005296,0,1.271965036580983,0
INV005297,0,0.683671079604335,0
INV005298,0,0.5847353760623348,0
INV005299,0,1.45309884819142,0
INV005300,0,1.45309884819142,0
INV005301,0,2.125244652907952,0
INV005302,0,1.271965036580983,0
INV005303,0,1.271965036580983,0
INV005304,0,0.5847353760623348,0
INV005305,0,1.45309884819142,0
INV005306,0,1.45309884819142,0
INV005307,0,0.683671079604335,0
INV005308,0,1.45309884819142,0
INV005309,0,2.182373066450069,0
INV005310,0,1.271965036580983,0
INV005311,0,1.2189386038956698,0
INV005312,0,1.271965036580983,0
INV005313,0,1.45309884819142,0
INV005314,0,1.2189386038956698,0
INV005315,0,0.44259776730242556,0
INV005316,1,10.731987021395694,1
INV005317,0,1.271965036580983,0
INV005318,0,1.45309884819142,0
INV005319,0,0.683671079604335,0
INV005320,0,1.45309884819142,0
INV005321,0,1.315256633031558,0
INV005322,0,1.271965036580983,0
INV005323,0,0.5083141206762334,0
INV005324,0,1.271965036580983,0
INV005325,0,1.45309884819142,0
INV005326,0,1.271965036580983,0
INV005327,0,0.683671079604335,0
INV005328,0,1.271965036580983,0
INV005329,0,1.45309884819142,0
INV005330,0,0.683671079604335,0
INV005331,0,0.683671079604335,0
INV005332,0,1.2189386038956698,0
INV005333,0,1.271965036580983,0
INV005334,0,1.2189386038956698,0
INV005335,0,0.683671079604335,0
INV005336,0,1.45309884819142,0
INV005337,0,1.2189386038956698,0
INV005338,0,1.2189386038956698,0
INV005339,0,1.271965036580983,0
INV005340,0,2.4312840726318874,0
INV005341,0,1.8657943266827979,0
INV005342,0,0.683671079604335,0
INV005343,0,1.271965036580983,0
INV005344,0,1.45309884819142,0
INV005345,0,0.683671079604335,0
INV005346,0,1.934790540730781,0
INV005347,0,1.45309884819142,0
INV005348,0,1.271965036580983,0
INV005349,0,2.2063801817169177,0
INV005350,0,1.917485573424889,0
INV005351,0,0.683671079604335,0
INV005352,0,0.683671079604335,0
INV005353,0,1.45309884819142,0
INV005354,0,1.271965036580983,0
INV005355,0,0.5847353760623348,0
INV005356,0,1.271965036580983,0
INV005357,0,1.271965036580983,0
INV005358,0,1.45309884819142,0
INV005359,0,0.5847353760623348,0
INV005360,0,1.271965036580983,0
INV005361,0,1.45309884819142,0
INV005362,0,1.45309884819142,0
INV005363,0,1.45309884819142,0
INV005364,0,1.2189386038956698,0
INV005365,0,1.45309884819142,0
INV005366,0,1.2189386038956698,0
INV005367,0,0.683671079604335,0
INV005368,0,1.45309884819142,0
INV005369,0,1.45309884819142,0
INV005370,0,0.5211112631774327,0
INV005371,0,1.271965036580983,0
INV005372,0,0.683671079604335,0
INV005373,0,0.683671079604335,0
INV005374,0,1.271965036580983,0
INV005375,0,0.683671079604335,0
INV005376,0,1.271965036580983,0
INV005377,0,0.683671079604335,0
INV005378,0,1.271965036580983,0
INV005379,0,0.683671079604335,0
INV005380,0,0.683671079604335,0
INV005381,0,0.683671079604335,0
INV005382,0,0.683671079604335,0
INV005383,0,0.2682884635077665,0
INV005384,0,1.45309884819142,0
INV005385,0,1.271965036580983,0
INV005386,0,1.45309884819142,0
INV005387,0,1.271965036580983,0
INV005388,0,1.271965036580983,0
INV005389,0,0.47943695306157663,0
INV005390,0,0.683671079604335,0
INV005391,0,1.271965036580983,0
INV005392,0,0.683671079604335,0
INV005393,0,1.45309884819142,0
INV005394,0,2.449043857595542,0
INV005395,0,0.6819286750764649,0
INV005396,0,0.683671079604335,0
INV005397,0,1.271965036580983,0
INV005398,0,1.271965036580983,0
INV005399,0,1.271965036580983,0
INV005400,0,0.9318816328525122,0
INV005401,0,2.242515976393742,0
INV005402,0,1.45309884819142,0
INV005403,0,1.45309884819142,0
INV005404,0,0.9325691770146601,0
INV005405,0,0.683671079604335,0
INV005406,0,0.5306673953817015,0
INV005407,0,1.45309884819142,0
INV005408,0,1.45309884819142,0
INV005409,0,1.8449355881184148,0
INV005410,0,2.199563547330417,0
INV005411,0,1.2189386038956698,0
INV005412,0,1.45309884819142,0
INV005413,0,0.683671079604335,0
INV005414,0,0.683671079604335,0
INV005415,0,0.5847353760623348,0
INV005416,0,1.45309884819142,0
INV005417,0,1.271965036580983,0
INV005418,0,0.683671079604335,0
INV005419,0,1.2189386038956698,0
INV005420,0,0.683671079604335,0
INV005421,0,0.8010699435128099,0
INV005422,0,1.271965036580983,0
INV005423,0,0.5847353760623348,0
INV005424,0,1.2189386038956698,0
INV005425,0,0.683671079604335,0
INV005426,0,0.683671079604335,0
INV005427,0,1.45309884819142,0
INV005428,0,1.271965036580983,0
INV005429,0,0.683671079604335,0
INV005430,0,1.2189386038956698,0
INV005431,0,1.2189386038956698,0
INV005432,0,0.683671079604335,0
INV005433,0,1.45309884819142,0
INV005434,0,0.683671079604335,0
INV005435,0,1.45309884819142,0
INV005436,0,1.45309884819142,0
INV005437,0,1.45309884819142,0
INV005438,0,1.271965036580983,0
INV005439,0,1.271965036580983,0
INV005440,0,1.271965036580983,0
INV005441,0,1.45309884819142,0
INV005442,0,1.45309884819142,0
INV005443,0,0.683671079604335,0
INV005444,0,1.271965036580983,0
INV005445,0,1.460280592165252,0
INV005446,0,2.46596407543854,0
INV005447,0,1.6967560577801033,0
INV005448,0,1.45309884819142,0
INV005449,0,1.2189386038956698,0
INV005450,0,1.45309884819142,0
INV005451,0,1.45309884819142,0
INV005452,0,1.271965036580983,0
INV005453,0,1.711138805994646,0
INV005454,0,0.5847353760623348,0
INV005455,0,1.271965036580983,0
INV005456,0,1.271965036580983,0
INV005457,0,1.7164599223469204,0
INV005458,0,0.5847353760623348,0
INV005459,0,1.271965036580983,0
INV005460,0,1.45309884819142,0
INV005461,0,1.2189386038956698,0
INV005462,0,1.2189386038956698,0
INV005463,0,1.45309884819142,0
INV005464,0,1.2189386038956698,0
INV005465,0,0.7785556249854915,0
INV005466,0,0.683671079604335,0
INV005467,0,0.44259776730242556,0
INV005468,0,1.45309884819142,0
INV005469,0,2.2784625243835324,0
INV005470,0,1.271965036580983,0
INV005471,0,0.683671079604335,0
INV005472,0,0.5847353760623348,0
INV005473,0,0.683671079604335,0
INV005474,0,0.683671079604335,0
INV005475,0,1.271965036580983,0
INV005476,0,0.5847353760623348,0
INV005477,0,1.271965036580983,0
INV005478,0,0.9997132759652467,0
INV005479,0,0.683671079604335,0
INV005480,0,0.683671079604335,0
INV005481,0,1.2189386038956698,0
INV005482,0,1.45309884819142,0
INV005483,0,1.2189386038956698,0
INV005484,0,0.683671079604335,0
INV005485,0,1.45309884819142,0
INV005486,0,1.271965036580983,0
INV005487,0,2.3062214161202643,0
INV005488,0,1.45309884819142,0
INV005489,0,1.271965036580983,0
INV005490,0,1.45309884819142,0
INV005491,0,0.9532874663848648,0
INV005492,0,1.271965036580983,0
INV005493,0,1.45309884819142,0
INV005494,0,1.45309884819142,0
INV005495,0,1.5136866328549754,0
INV005496,0,1.271965036580983,0
INV005497,0,1.271965036580983,0
INV005498,0,0.4242979322868041,0
INV005499,0,0.683671079604335,0
INV005500,0,1.45309884819142,0
INV005501,0,0.4610819012459799,0
INV005502,0,0.683671079604335,0
INV005503,0,0.5847353760623348,0
INV005504,0,0.683671079604335,0
INV005505,0,1.271965036580983,0
INV005506,0,1.070213140962932,0
INV005507,0,1.45309884819142,0
INV005508,1,10.731987021395694,1
INV005509,0,1.271965036580983,0
INV005510,0,0.683671079604335,0
INV005511,0,0.683671079604335,0
INV005512,0,0.3216709050083658,0
INV005513,0,0.683671079604335,0
INV005514,0,0.5847353760623348,0
INV005515,0,0.5847353760623348,0
INV005516,0,1.271965036580983,0
INV005517,0,1.45309884819142,0
INV005518,0,1.271965036580983,0
INV005519,0,1.271965036580983,0
INV005520,0,1.45309884819142,0
INV005521,0,1.271965036580983,0
INV005522,0,0.5847353760623348,0
INV005523,0,1.271965036580983,0
INV005524,0,0.5847353760623348,0
INV005525,0,1.45309884819142,0
INV005526,0,1.45309884819142,0
INV005527,0,0.683671079604335,0
INV005528,0,0.683671079604335,0
INV005529,0,1.45309884819142,0
INV005530,0,0.683671079604335,0
INV005531,0,1.45309884819142,0
INV005532,0,1.271965036580983,0
INV005533,0,1.45309884819142,0
INV005534,0,1.45309884819142,0
INV005535,0,1.7385267116639038,0
INV005536,0,0.43864162342599167,0
INV005537,0,1.271965036580983,0
INV005538,0,0.683671079604335,0
INV005539,0,1.45309884819142,0
INV005540,0,0.5847353760623348,0
INV005541,0,1.45309884819142,0
INV005542,0,1.45309884819142,0
INV005543,0,0.683671079604335,0
INV005544,0,1.271965036580983,0
INV005545,0,1.9869156472330631,0
INV005546,0,0.683671079604335,0
INV005547,0,0.5847353760623348,0
INV005548,0,1.45309884819142,0
INV005549,0,0.683671079604335,0
INV005550,0,1.45309884819142,0
INV005551,0,1.271965036580983,0
INV005552,0,0.7796359575807335,0
INV005553,0,1.271965036580983,0
INV005554,0,1.45309884819142,0
INV005555,0,0.683671079604335,0
INV005556,0,1.45309884819142,0
INV005557,0,0.683671079604335,0
INV005558,0,0.683671079604335,0
INV005559,0,1.271965036580983,0
INV005560,0,1.2189386038956698,0
INV005561,0,1.271965036580983,0
INV005562,0,1.45309884819142,0
INV005563,0,1.2189386038956698,0
INV005564,0,1.3538276102845066,0
INV005565,0,1.271965036580983,0
INV005566,0,1.271965036580983,0
INV005567,0,0.7647123704870492,0
INV005568,0,1.45309884819142,0
INV005569,0,0.683671079604335,0
INV005570,0,1.45309884819142,0
INV005571,0,0.3036379982875709,0
INV005572,0,1.2189386038956698,0
INV005573,0,0.683671079604335,0
INV005574,0,1.45309884819142,0
INV005575,0,0.5847353760623348,0
INV005576,0,2.554451447033204,0
INV005577,0,1.271965036580983,0
INV005578,0,1.271965036580983,0
INV005579,0,0.683671079604335,0
INV005580,0,1.45309884819142,0
INV005581,0,0.5056656054710892,0
INV005582,0,0.683671079604335,0
INV005583,0,0.683671079604335,0
INV005584,0,0.683671079604335,0
INV005585,0,1.45309884819142,0
INV005586,0,1.7685302880719616,0
INV005587,0,1.271965036580983,0
INV005588,0,0.5227950894853685,0
INV005589,0,1.271965036580983,0
INV005590,0,0.47268944845662025,0
INV005591,0,1.45309884819142,0
INV005592,0,0.6092504399490257,0
INV005593,0,1.45309884819142,0
INV005594,0,0.5847353760623348,0
INV005595,0,1.271965036580983,0
INV005596,0,1.45309884819142,0
INV005597,0,1.45309884819142,0
INV005598,0,1.45309884819142,0
INV005599,0,0.683671079604335,0
INV005600,0,0.683671079604335,0
INV005601,0,1.45309884819142,0
INV005602,0,1.45309884819142,0
INV005603,0,1.45309884819142,0
INV005604,0,1.271965036580983,0
INV005605,0,1.271965036580983,0
INV005606,0,0.683671079604335,0
INV005607,0,1.45309884819142,0
INV005608,0,1.271965036580983,0
INV005609,0,0.683671079604335,0
INV005610,0,1.45309884819142,0
INV005611,0,0.5847353760623348,0
INV005612,0,1.45309884819142,0
INV005613,0,1.271965036580983,0
INV005614,0,0.42803661444996655,0
INV005615,0,1.45309884819142,0
INV005616,0,1.45309884819142,0
INV005617,0,1.7823121389546175,0
INV005618,0,0.5847353760623348,0
INV005619,0,1.271965036580983,0
INV005620,0,1.271965036580983,0
INV005621,0,1.45309884819142,0
INV005622,0,1.2189386038956698,0
INV005623,0,1.45309884819142,0
INV005624,0,0.683671079604335,0
INV005625,0,0.510492490805987,0
INV005626,0,0.5598877094685494,0
INV005627,0,1.271965036580983,0
INV005628,0,1.45309884819142,0
INV005629,0,0.683671079604335,0
INV005630,0,2.177910911093817,0
INV005631,0,1.2189386038956698,0
INV005632,0,1.271965036580983,0
INV005633,0,1.45309884819142,0
INV005634,0,1.271965036580983,0
INV005635,0,1.271965036580983,0
INV005636,0,0.683671079604335,0
INV005637,0,1.271965036580983,0
INV005638,0,1.271965036580983,0
INV005639,0,0.683671079604335,0
INV005640,0,1.271965036580983,0
INV005641,0,0.683671079604335,0
INV005642,0,1.45309884819142,0
INV005643,0,1.45309884819142,0
INV005644,0,0.683671079604335,0
INV005645,0,1.271965036580983,0
INV005646,0,0.683671079604335,0
INV005647,0,0.683671079604335,0
INV005648,0,0.5847353760623348,0
INV005649,0,1.45309884819142,0
INV005650,0,0.683671079604335,0
INV005651,0,0.47258872542649666,0
INV005652,0,1.45309884819142,0
INV005653,0,2.061023711462039,0
INV005654,0,1.45309884819142,0
INV005655,0,1.45309884819142,0
INV005656,0,1.0022685754468605,0
INV005657,0,0.7635406050496487,0
INV005658,0,1.45309884819142,0
INV005659,0,0.683671079604335,0
INV005660,0,1.45309884819142,0
INV005661,0,0.683671079604335,0
INV005662,0,0.43727306051514747,0
INV005663,0,1.271965036580983,0
INV005664,0,1.45309884819142,0
INV005665,0,1.5611343745453377,0
INV005666,0,0.44259776730242556,0
INV005667,0,0.5847353760623348,0
INV005668,0,1.45309884819142,0
INV005669,0,1.271965036580983,0
INV005670,0,1.271965036580983,0
INV005671,0,1.45309884819142,0
INV005672,0,1.45309884819142,0
INV005673,0,1.271965036580983,0
INV005674,0,0.5847353760623348,0
INV005675,0,1.2189386038956698,0
INV005676,0,1.3266852561017304,0
INV005677,0,1.271965036580983,0
INV005678,1,19.210757319455375,6
INV005679,0,1.271965036580983,0
INV005680,0,1.271965036580983,0
INV005681,0,1.2189386038956698,0
INV005682,0,1.2189386038956698,0
INV005683,0,1.45309884819142,0
INV005684,0,1.45309884819142,0
INV005685,0,1.2189386038956698,0
INV005686,0,0.683671079604335,0
INV005687,0,1.2189386038956698,0
INV005688,0,1.271965036580983,0
INV005689,0,1.2189386038956698,0
INV005690,0,2.118774605842497,0
INV005691,0,1.45309884819142,0
INV005692,0,0.683671079604335,0
INV005693,0,1.45309884819142,0
INV005694,0,1.45309884819142,0
INV005695,0,1.45309884819142,0
INV005696,0,0.683671079604335,0
INV005697,0,0.9194310776723593,0
INV005698,0,1.45309884819142,0
INV005699,0,1.45309884819142,0
INV005700,0,2.402866101937173,0
INV005701,0,1.45309884819142,0
INV005702,0,1.2189386038956698,0
INV005703,0,1.271965036580983,0
INV005704,0,1.2189386038956698,0
INV005705,0,1.271965036580983,0
INV005706,0,0.683671079604335,0
INV005707,0,1.271965036580983,0
INV005708,0,0.683671079604335,0
INV005709,0,0.683671079604335,0
INV005710,0,1.271965036580983,0
INV005711,0,1.2189386038956698,0
INV005712,0,1.45309884819142,0
INV005713,0,0.9047208232076944,0
INV005714,0,0.683671079604335,0
INV005715,0,0.683671079604335,0
INV005716,0,1.45309884819142,0
INV005717,0,0.683671079604335,0
INV005718,0,0.5847353760623348,0
INV005719,0,1.2189386038956698,0
INV005720,0,1.271965036580983,0
INV005721,0,0.683671079604335,0
INV005722,0,1.45309884819142,0
INV005723,0,1.271965036580983,0
INV005724,0,1.45309884819142,0
INV005725,0,1.271965036580983,0
INV005726,0,1.45309884819142,0
INV005727,0,1.45309884819142,0
INV005728,0,1.45309884819142,0
INV005729,0,0.683671079604335,0
INV005730,0,1.45309884819142,0
INV005731,0,1.45309884819142,0
INV005732,0,0.5847353760623348,0
INV005733,0,1.45309884819142,0
INV005734,0,1.45309884819142,0
INV005735,0,1.271965036580983,0
INV005736,0,1.45309884819142,0
INV005737,0,0.683671079604335,0
INV005738,0,1.0892319638031323,0
INV005739,0,2.2697415365579245,0
INV005740,0,1.271965036580983,0
INV005741,0,0.683671079604335,0
INV005742,0,1.45309884819142,0
INV005743,0,1.271965036580983,0
INV005744,0,2.317995688098159,0
INV005745,0,0.683671079604335,0
INV005746,0,1.271965036580983,0
INV005747,0,0.683671079604335,0
INV005748,0,0.471555219552185,0
INV005749,0,1.45309884819142,0
INV005750,0,0.683671079604335,0
INV005751,0,1.45309884819142,0
INV005752,0,1.45309884819142,0
INV005753,0,0.683671079604335,0
INV005754,0,1.45309884819142,0
INV005755,0,0.9597550110147883,0
INV005756,0,0.683671079604335,0
INV005757,1,9.463580565729025,1
INV005758,0,1.45309884819142,0
INV005759,0,1.42008084218605,0
INV005760,0,1.45309884819142,0
INV005761,0,1.271965036580983,0
INV005762,0,0.683671079604335,0
INV005763,0,1.271965036580983,0
INV005764,0,0.683671079604335,0
INV005765,0,0.48262036386147655,0
INV005766,0,1.271965036580983,0
INV005767,0,0.44259776730242556,0
INV005768,0,1.45309884819142,0
INV005769,0,1.45309884819142,0
INV005770,0,0.683671079604335,0
INV005771,0,1.271965036580983,0
INV005772,0,0.683671079604335,0
INV005773,0,2.25902986126739,0
INV005774,0,0.683671079604335,0
INV005775,0,0.5847353760623348,0
INV005776,0,1.271965036580983,0
INV005777,0,0.683671079604335,0
INV005778,0,1.271965036580983,0
INV005779,0,0.44259776730242556,0
INV005780,0,1.45309884819142,0
INV005781,0,1.45309884819142,0
INV005782,0,0.683671079604335,0
INV005783,0,1.2189386038956698,0
INV005784,0,1.271965036580983,0
INV005785,0,1.271965036580983,0
INV005786,0,0.683671079604335,0
INV005787,0,1.271965036580983,0
INV005788,0,1.271965036580983,0
INV005789,0,0.683671079604335,0
INV005790,0,1.271965036580983,0
INV005791,0,1.45309884819142,0
INV005792,0,1.45309884819142,0
INV005793,0,1.45309884819142,0
INV005794,0,0.9183146786210826,0
INV005795,0,0.46720911464368453,0
INV005796,0,1.2189386038956698,0
INV005797,1,9.463580565729025,1
INV005798,0,0.683671079604335,0
INV005799,0,1.271965036580983,0
INV005800,0,0.683671079604335,0
INV005801,0,1.271965036580983,0
INV005802,0,1.271965036580983,0
INV005803,0,0.5847353760623348,0
INV005804,0,1.271965036580983,0
INV005805,0,1.271965036580983,0
INV005806,0,1.45309884819142,0
INV005807,0,0.683671079604335,0
INV005808,0,1.271965036580983,0
INV005809,0,0.683671079604335,0
INV005810,0,1.45309884819142,0
INV005811,0,1.45309884819142,0
INV005812,0,0.683671079604335,0
INV005813,0,1.45309884819142,0
INV005814,0,2.0085829852784074,0
INV005815,0,0.683671079604335,0
INV005816,0,0.30130201819918007,0
INV005817,0,1.5694934476322713,0
INV005818,0,1.271965036580983,0
INV005819,0,0.4237662082162794,0
INV005820,0,1.271965036580983,0
INV005821,0,1.45309884819142,0
INV005822,0,0.683671079604335,0
INV005823,0,1.2189386038956698,0
INV005824,0,1.45309884819142,0
INV005825,0,1.271965036580983,0
INV005826,0,1.8125815991378458,0
INV005827,0,1.45309884819142,0
INV005828,0,1.271965036580983,0
INV005829,0,0.2682884635077665,0
INV005830,0,1.4454539744483945,0
INV005831,0,1.45309884819142,0
INV005832,0,0.683671079604335,0
INV005833,0,0.683671079604335,0
INV005834,0,2.112245438737623,0
INV005835,0,1.45309884819142,0
INV005836,0,1.4129098003674683,0
INV005837,0,1.45309884819142,0
INV005838,0,1.271965036580983,0
INV005839,0,1.2189386038956698,0
INV005840,0,1.271965036580983,0
INV005841,0,1.2189386038956698,0
INV005842,0,0.5847353760623348,0
INV005843,0,2.520111462654328,0
INV005844,0,0.683671079604335,0
INV005845,0,1.2189386038956698,0
INV005846,0,0.683671079604335,0
INV005847,0,1.2189386038956698,0
INV005848,0,0.683671079604335,0
INV005849,0,1.2189386038956698,0
INV005850,0,0.28090529179471163,0
INV005851,0,0.683671079604335,0
INV005852,0,0.683671079604335,0
INV005853,0,0.5847353760623348,0
INV005854,0,1.45309884819142,0
INV005855,0,1.271965036580983,0
INV005856,0,2.4355238240303194,0
INV005857,0,0.5847353760623348,0
INV005858,0,0.44259776730242556,0
INV005859,0,1.271965036580983,0
INV005860,0,0.683671079604335,0
INV005861,0,1.271965036580983,0
INV005862,0,0.683671079604335,0
INV005863,0,1.45309884819142,0
INV005864,0,1.271965036580983,0
INV005865,0,1.271965036580983,0
INV005866,0,0.5847353760623348,0
INV005867,0,1.271965036580983,0
INV005868,0,1.271965036580983,0
INV005869,0,1.271965036580983,0
INV005870,0,1.271965036580983,0
INV005871,0,1.45309884819142,0
INV005872,0,0.37948217064601,0
INV005873,0,0.683671079604335,0
INV005874,0,0.683671079604335,0
INV005875,0,0.683671079604335,0
INV005876,0,1.271965036580983,0
INV005877,0,2.4081987920537786,0
INV005878,0,2.348815996902653,0
INV005879,0,1.45309884819142,0
INV005880,0,0.683671079604335,0
INV005881,0,0.5847353760623348,0
INV005882,0,0.2682884635077665,0
INV005883,0,1.271965036580983,0
INV005884,0,1.271965036580983,0
INV005885,0,1.45309884819142,0
INV005886,0,1.271965036580983,0
INV005887,0,0.683671079604335,0
INV005888,0,0.683671079604335,0
INV005889,0,0.683671079604335,0
INV005890,0,1.271965036580983,0
INV005891,0,1.271965036580983,0
INV005892,0,1.45309884819142,0
INV005893,0,0.683671079604335,0
INV005894,0,1.271965036580983,0
INV005895,0,1.271965036580983,0
INV005896,0,1.271965036580983,0
INV005897,0,0.683671079604335,0
INV005898,0,0.6455079155535458,0
INV005899,0,1.45309884819142,0
INV005900,0,0.683671079604335,0
INV005901,0,1.45309884819142,0
INV005902,0,1.45309884819142,0
INV005903,0,0.44259776730242556,0
INV005904,0,1.2189386038956698,0
INV005905,0,0.683671079604335,0
INV005906,0,0.683671079604335,0
INV005907,0,1.271965036580983,0
INV005908,0,1.2189386038956698,0
INV005909,0,1.45309884819142,0
INV005910,1,18.53881996232632,6
INV005911,0,0.683671079604335,0
INV005912,0,1.271965036580983,0
INV005913,0,0.683671079604335,0
INV005914,0,0.683671079604335,0
INV005915,0,0.2682884635077665,0
INV005916,0,1.45309884819142,0
INV005917,0,0.683671079604335,0
INV005918,0,0.683671079604335,0
INV005919,0,1.271965036580983,0
INV005920,0,1.271965036580983,0
INV005921,0,1.45309884819142,0
INV005922,0,0.5380167357318684,0
INV005923,0,1.271965036580983,0
INV005924,0,0.5847353760623348,0
INV005925,0,1.2189386038956698,0
INV005926,0,1.271965036580983,0
INV005927,0,1.271965036580983,0
INV005928,0,0.501223113314827,0
INV005929,1,11.36619024922903,1
INV005930,0,1.45309884819142,0
INV005931,0,1.45309884819142,0
INV005932,0,0.5847353760623348,0
INV005933,0,0.683671079604335,0
INV005934,0,0.683671079604335,0
INV005935,0,1.45309884819142,0
INV005936,0,0.5252521683723895,0
INV005937,0,1.271965036580983,0
INV005938,0,1.45309884819142,0
INV005939,0,1.2189386038956698,0
INV005940,0,1.45309884819142,0
INV005941,0,0.683671079604335,0
INV005942,0,1.2189386038956698,0
INV005943,0,1.45309884819142,0
INV005944,0,1.2189386038956698,0
INV005945,0,0.2878798924241082,0
INV005946,0,1.2189386038956698,0
INV005947,0,1.45309884819142,0
INV005948,0,1.45309884819142,0
INV005949,0,1.45309884819142,0
INV005950,0,0.683671079604335,0
INV005951,0,0.5847353760623348,0
INV005952,0,0.6958312684734927,0
INV005953,0,1.45309884819142,0
INV005954,1,44.61363292966806,5
INV005955,0,1.271965036580983,0
INV005956,0,0.9933811756584399,0
INV005957,0,1.271965036580983,0
INV005958,0,0.5847353760623348,0
INV005959,0,1.2189386038956698,0
INV005960,0,1.851564539840089,0
INV005961,0,1.271965036580983,0
INV005962,0,1.271965036580983,0
INV005963,0,2.017307101148429,0
INV005964,0,1.271965036580983,0
INV005965,0,1.271965036580983,0
INV005966,0,0.7380720674326836,0
INV005967,0,1.45309884819142,0
INV005968,0,0.5847353760623348,0
INV005969,0,0.7534689276461723,0
INV005970,0,1.45309884819142,0
INV005971,0,1.45309884819142,0
INV005972,0,0.683671079604335,0
INV005973,0,1.45309884819142,0
INV005974,0,0.5847353760623348,0
INV005975,0,1.45309884819142,0
INV005976,0,0.683671079604335,0
INV005977,0,0.683671079604335,0
INV005978,0,0.5847353760623348,0
INV005979,0,1.45309884819142,0
INV005980,0,1.8807354308251991,0
INV005981,0,1.271965036580983,0
INV005982,0,1.271965036580983,0
INV005983,0,1.271965036580983,0
INV005984,0,1.45309884819142,0
INV005985,0,1.271965036580983,0
INV005986,0,0.683671079604335,0
INV005987,0,0.683671079604335,0
INV005988,0,1.45309884819142,0
INV005989,0,1.45309884819142,0
INV005990,0,0.683671079604335,0
INV005991,0,0.683671079604335,0
INV005992,0,2.505071825112893,0
INV005993,0,1.45309884819142,0
INV005994,0,2.2320995884958674,0
INV005995,0,1.45309884819142,0
INV005996,0,1.271965036580983,0
INV005997,0,1.45309884819142,0
INV005998,0,1.45309884819142,0
INV005999,0,0.683671079604335,0
INV006000,0,0.5847353760623348,0
INV006001,0,0.683671079604335,0
INV006002,0,1.271965036580983,0
INV006003,0,1.271965036580983,0
INV006004,0,0.683671079604335,0
INV006005,0,0.683671079604335,0
INV006006,0,0.683671079604335,0
INV006007,0,0.5847353760623348,0
INV006008,0,0.683671079604335,0
INV006009,0,0.5847353760623348,0
INV006010,0,1.45309884819142,0
INV006011,0,2.302554722458436,0
INV006012,0,1.45309884819142,0
INV006013,0,1.2189386038956698,0
INV006014,0,0.6238265013083397,0
INV006015,1,5.900293812843582,1
INV006016,0,0.683671079604335,0
INV006017,0,0.2682884635077665,0
INV006018,0,0.7809115740926713,0
INV006019,0,1.271965036580983,0
INV006020,0,0.683671079604335,0
INV006021,0,1.2189386038956698,0
INV006022,0,1.271965036580983,0
INV006023,0,1.45309884819142,0
INV006024,0,1.45309884819142,0
INV006025,0,1.45309884819142,0
INV006026,0,0.683671079604335,0
INV006027,0,1.45309884819142,0
INV006028,0,1.2189386038956698,0
INV006029,0,0.5847353760623348,0
INV006030,0,1.45309884819142,0
INV006031,0,0.4904138865183997,0
INV006032,0,0.683671079604335,0
INV006033,0,1.45309884819142,0
INV006034,0,0.683671079604335,0
INV006035,0,1.271965036580983,0
INV006036,0,1.45309884819142,0
INV006037,0,0.5847353760623348,0
INV006038,0,1.271965036580983,0
INV006039,0,0.683671079604335,0
INV006040,0,1.271965036580983,0
INV006041,0,1.271965036580983,0
INV006042,0,1.271965036580983,0
INV006043,0,1.271965036580983,0
INV006044,1,10.731987021395694,1
INV006045,0,1.2189386038956698,0
INV006046,0,0.683671079604335,0
INV006047,0,1.271965036580983,0
INV006048,0,0.683671079604335,0
INV006049,0,0.683671079604335,0
INV006050,0,1.271965036580983,0
INV006051,0,0.48184930091348077,0
INV006052,0,1.271965036580983,0
INV006053,0,0.683671079604335,0
INV006054,0,0.8461422482753511,0
INV006055,0,0.683671079604335,0
INV006056,0,0.683671079604335,0
INV006057,0,0.6064154932968205,0
INV006058,0,1.2189386038956698,0
INV006059,0,1.45309884819142,0
INV006060,0,1.45309884819142,0
INV006061,0,0.683671079604335,0
INV006062,0,0.8602484773637158,0
INV006063,0,1.0604389405832062,0
INV006064,0,1.45309884819142,0
INV006065,0,1.271965036580983,0
INV006066,0,1.45309884819142,0
INV006067,0,0.5847353760623348,0
INV006068,0,1.45309884819142,0
INV006069,0,0.683671079604335,0
INV006070,0,1.2189386038956698,0
INV006071,0,1.271965036580983,0
INV006072,0,0.5847353760623348,0
INV006073,0,1.271965036580983,0
INV006074,0,0.683671079604335,0
INV006075,0,0.683671079604335,0
INV006076,0,0.4445461200614354,0
INV006077,0,1.9683256792819919,0
INV006078,0,0.683671079604335,0
INV006079,0,1.955541361762889,0
INV006080,0,0.5847353760623348,0
INV006081,0,1.2189386038956698,0
INV006082,0,1.2189386038956698,0
INV006083,0,0.683671079604335,0
INV006084,0,1.2189386038956698,0
INV006085,0,1.45309884819142,0
INV006086,0,0.9471402335029119,0
INV006087,0,0.44259776730242556,0
INV006088,0,0.683671079604335,0
INV006089,0,1.45309884819142,0
INV006090,0,0.683671079604335,0
INV006091,0,1.271965036580983,0
INV006092,0,0.683671079604335,0
INV006093,0,0.46033018869353237,0
INV006094,0,0.683671079604335,0
INV006095,0,1.2189386038956698,0
INV006096,0,1.271965036580983,0
INV006097,0,1.45309884819142,0
INV006098,0,1.45309884819142,0
INV006099,0,1.2189386038956698,0
INV006100,0,0.683671079604335,0
INV006101,0,0.44259776730242556,0
INV006102,0,1.45309884819142,0
INV006103,0,1.271965036580983,0
INV006104,0,1.271965036580983,0
INV006105,0,1.45309884819142,0
INV006106,0,1.45309884819142,0
INV006107,0,0.683671079604335,0
INV006108,0,1.45309884819142,0
INV006109,0,0.683671079604335,0
INV006110,0,0.5847353760623348,0
INV006111,0,1.271965036580983,0
INV006112,0,1.45309884819142,0
INV006113,0,1.271965036580983,0
INV006114,0,0.5847353760623348,0
INV006115,0,1.45309884819142,0
INV006116,0,0.7329852416070011,0
INV006117,0,1.271965036580983,0
INV006118,0,1.271965036580983,0
INV006119,0,1.45309884819142,0
INV006120,0,0.5847353760623348,0
INV006121,0,1.271965036580983,0
INV006122,0,0.683671079604335,0
INV006123,0,1.271965036580983,0
INV006124,0,0.683671079604335,0
INV006125,0,1.271965036580983,0
INV006126,0,1.45309884819142,0
INV006127,0,0.48962342969503847,0
INV006128,0,1.2189386038956698,0
INV006129,0,0.5209511073034474,0
INV006130,0,0.5847353760623348,0
INV006131,0,1.271965036580983,0
INV006132,0,1.45309884819142,0
INV006133,0,1.271965036580983,0
INV006134,0,1.45309884819142,0
INV006135,1,10.731987021395694,1
INV006136,0,1.4871620674439194,0
INV006137,0,1.2189386038956698,0
INV006138,0,1.271965036580983,0
INV006139,0,1.45309884819142,0
INV006140,0,0.683671079604335,0
INV006141,0,0.683671079604335,0
INV006142,0,0.683671079604335,0
INV006143,0,1.271965036580983,0
INV006144,0,0.2682884635077665,0
INV006145,0,0.683671079604335,0
INV006146,0,1.015364758994017,0
INV006147,0,1.7296759099951244,0
INV006148,0,1.45309884819142,0
INV006149,0,0.5847353760623348,0
INV006150,0,1.45309884819142,0
INV006151,0,0.5080044442792695,0
INV006152,0,1.271965036580983,0
INV006153,0,1.271965036580983,0
INV006154,0,1.45309884819142,0
INV006155,0,1.45309884819142,0
INV006156,0,0.683671079604335,0
INV006157,0,0.5847353760623348,0
INV006158,0,1.45309884819142,0
INV006159,0,1.45309884819142,0
INV006160,0,1.45309884819142,0
INV006161,0,1.2189386038956698,0
INV006162,0,1.271965036580983,0
INV006163,0,0.683671079604335,0
INV006164,0,1.271965036580983,0
INV006165,0,0.44259776730242556,0
INV006166,0,1.271965036580983,0
INV006167,0,0.683671079604335,0
INV006168,0,1.271965036580983,0
INV006169,0,0.683671079604335,0
INV006170,0,0.683671079604335,0
INV006171,0,0.683671079604335,0
INV006172,0,1.2189386038956698,0
INV006173,0,1.0279294877952725,0
INV006174,0,0.5847353760623348,0
INV006175,0,0.5847353760623348,0
INV006176,0,1.45309884819142,0
INV006177,0,1.271965036580983,0
INV006178,0,0.8410635553651442,0
INV006179,0,1.45309884819142,0
INV006180,0,1.271965036580983,0
INV006181,0,0.683671079604335,0
INV006182,0,0.6998323500831538,0
INV006183,0,0.683671079604335,0
INV006184,0,0.683671079604335,0
INV006185,0,0.683671079604335,0
INV006186,0,1.45309884819142,0
INV006187,0,1.45309884819142,0
INV006188,0,1.45309884819142,0
INV006189,0,1.45309884819142,0
INV006190,0,0.44259776730242556,0
INV006191,0,0.4743213492272872,0
INV006192,0,1.271965036580983,0
INV006193,0,0.683671079604335,0
INV006194,0,1.271965036580983,0
INV006195,0,1.271965036580983,0
INV006196,0,1.45309884819142,0
INV006197,0,1.45309884819142,0
INV006198,0,1.271965036580983,0
INV006199,0,0.9537541706114001,0
INV006200,0,0.5847353760623348,0
INV006201,0,1.45309884819142,0
INV006202,0,1.45309884819142,0
INV006203,0,1.271965036580983,0
INV006204,0,1.45309884819142,0
INV006205,0,1.45309884819142,0
INV006206,1,11.57535937152207,1
INV006207,0,1.271965036580983,0
INV006208,0,0.683671079604335,0
INV006209,0,0.4852851448975724,0
INV006210,0,1.45309884819142,0
INV006211,0,0.683671079604335,0
INV006212,0,0.683671079604335,0
INV006213,0,0.5847353760623348,0
INV006214,0,0.4865319834009036,0
INV006215,0,1.271965036580983,0
INV006216,0,1.45309884819142,0
INV006217,0,1.271965036580983,0
INV006218,0,0.5847353760623348,0
INV006219,0,0.683671079604335,0
INV006220,0,0.5847353760623348,0
INV006221,0,1.45309884819142,0
INV006222,0,1.2189386038956698,0
INV006223,0,1.2189386038956698,0
INV006224,0,2.3277833390688643,0
INV006225,0,1.45309884819142,0
INV006226,0,1.271965036580983,0
INV006227,0,1.45309884819142,0
INV006228,0,1.45309884819142,0
INV006229,0,1.45309884819142,0
INV006230,0,1.2189386038956698,0
INV006231,0,0.5847353760623348,0
INV006232,0,0.5313299586683564,0
INV006233,0,1.2189386038956698,0
INV006234,0,1.45309884819142,0
INV006235,0,1.2189386038956698,0
INV006236,0,1.45309884819142,0
INV006237,0,0.683671079604335,0
INV006238,0,1.271965036580983,0
INV006239,0,0.683671079604335,0
INV006240,0,0.5847353760623348,0
INV006241,0,1.2189386038956698,0
INV006242,0,0.683671079604335,0
INV006243,0,0.5847353760623348,0
INV006244,0,0.5847353760623348,0
INV006245,0,1.45309884819142,0
INV006246,0,1.271965036580983,0
INV006247,0,1.271965036580983,0
INV006248,0,0.683671079604335,0
INV006249,0,0.683671079604335,0
INV006250,0,1.2189386038956698,0
INV006251,0,0.5847353760623348,0
INV006252,0,1.271965036580983,0
INV006253,0,1.3482177754328406,0
INV006254,0,1.45309884819142,0
INV006255,0,1.271965036580983,0
INV006256,0,1.45309884819142,0
INV006257,0,0.683671079604335,0
INV006258,0,0.683671079604335,0
INV006259,0,1.45309884819142,0
INV006260,0,1.2189386038956698,0
INV006261,0,1.2189386038956698,0
INV006262,0,0.495703409622095,0
INV006263,0,1.271965036580983,0
INV006264,0,0.5847353760623348,0
INV006265,0,0.683671079604335,0
INV006266,0,0.8382442489350077,0
INV006267,0,0.5267695827175123,0
INV006268,0,1.271965036580983,0
INV006269,0,1.2189386038956698,0
INV006270,0,2.2479587736737123,0
INV006271,0,1.45309884819142,0
INV006272,0,1.2189386038956698,0
INV006273,0,1.271965036580983,0
INV006274,0,1.45309884819142,0
INV006275,0,1.271965036580983,0
INV006276,0,0.683671079604335,0
INV006277,0,0.5847353760623348,0
INV006278,0,1.45309884819142,0
INV006279,0,0.4942187962634997,0
INV006280,0,0.49665996560382775,0
INV006281,0,0.683671079604335,0
INV006282,0,1.271965036580983,0
INV006283,0,0.683671079604335,0
INV006284,0,1.271965036580983,0
INV006285,0,1.2189386038956698,0
INV006286,0,1.2189386038956698,0
INV006287,0,1.271965036580983,0
INV006288,0,1.45309884819142,0
INV006289,0,0.5847353760623348,0
INV006290,0,0.5847353760623348,0
INV006291,0,1.2189386038956698,0
INV006292,0,1.271965036580983,0
INV006293,0,1.271965036580983,0
INV006294,0,1.271965036580983,0
INV006295,0,0.683671079604335,0
INV006296,0,1.45309884819142,0
INV006297,0,1.45309884819142,0
INV006298,0,0.683671079604335,0
INV006299,0,1.45309884819142,0
INV006300,0,1.45309884819142,0
INV006301,0,1.271965036580983,0
INV006302,0,1.45309884819142,0
INV006303,0,0.683671079604335,0
INV006304,0,0.5222154628554956,0
INV006305,0,1.2189386038956698,0
INV006306,0,0.683671079604335,0
INV006307,0,0.683671079604335,0
INV006308,0,1.45309884819142,0
INV006309,0,0.5847353760623348,0
INV006310,0,0.683671079604335,0
INV006311,0,1.271965036580983,0
INV006312,0,0.683671079604335,0
INV006313,0,2.0108423717584776,0
INV006314,0,1.4314775592032016,0
INV006315,0,1.45309884819142,0
INV006316,0,1.0270702139948082,0
INV006317,0,0.5847353760623348,0
INV006318,0,1.45309884819142,0
INV006319,0,1.271965036580983,0
INV006320,0,1.271965036580983,0
INV006321,0,0.683671079604335,0
INV006322,0,1.271965036580983,0
INV006323,0,1.45309884819142,0
INV006324,0,1.2189386038956698,0
INV006325,0,1.8369703358231753,0
INV006326,0,1.45309884819142,0
INV006327,0,0.683671079604335,0
INV006328,0,0.683671079604335,0
INV006329,0,1.45309884819142,0
INV006330,0,1.271965036580983,0
INV006331,0,1.45309884819142,0
INV006332,0,0.5847353760623348,0
INV006333,0,1.271965036580983,0
INV006334,0,1.271965036580983,0
INV006335,0,0.683671079604335,0
INV006336,0,1.271965036580983,0
INV006337,0,1.271965036580983,0
INV006338,0,1.45309884819142,0
INV006339,0,1.45309884819142,0
INV006340,0,0.683671079604335,0
INV006341,0,1.271965036580983,0
INV006342,0,1.45309884819142,0
INV006343,0,1.45309884819142,0
INV006344,0,0.683671079604335,0
INV006345,0,0.5213280366553074,0
INV006346,0,0.5847353760623348,0
INV006347,0,0.8557772506786642,0
INV006348,0,0.683671079604335,0
INV006349,0,1.271965036580983,0
INV006350,0,1.271965036580983,0
INV006351,0,1.2189386038956698,0
INV006352,0,1.45309884819142,0
INV006353,0,1.271965036580983,0
INV006354,0,0.683671079604335,0
INV006355,0,0.529497237446325,0
INV006356,0,1.271965036580983,0
INV006357,0,2.1934622967013464,0
INV006358,0,0.683671079604335,0
INV006359,0,0.8452685854705835,0
INV006360,0,0.44259776730242556,0
INV006361,0,0.683671079604335,0
INV006362,0,0.683671079604335,0
INV006363,0,1.45309884819142,0
INV006364,0,1.2189386038956698,0
INV006365,0,0.683671079604335,0
INV006366,0,1.45309884819142,0
INV006367,0,0.683671079604335,0
INV006368,0,0.5847353760623348,0
INV006369,0,1.271965036580983,0
INV006370,0,0.43763971080025915,0
INV006371,0,0.683671079604335,0
INV006372,0,0.683671079604335,0
INV006373,0,0.683671079604335,0
INV006374,0,0.683671079604335,0
INV006375,0,2.4342335057096367,0
INV006376,0,1.0335533988468009,0
INV006377,0,0.7370329310784272,0
INV006378,0,0.683671079604335,0
INV006379,0,0.683671079604335,0
INV006380,0,1.271965036580983,0
INV006381,0,0.683671079604335,0
INV006382,0,1.45309884819142,0
INV006383,0,0.8317632537141052,0
INV006384,0,1.45309884819142,0
INV006385,0,1.271965036580983,0
INV006386,0,1.45309884819142,0
INV006387,0,1.45309884819142,0
INV006388,0,1.271965036580983,0
INV006389,0,1.45309884819142,0
INV006390,0,1.271965036580983,0
INV006391,0,0.683671079604335,0
INV006392,0,2.028376937524341,0
INV006393,0,1.2189386038956698,0
INV006394,0,1.271965036580983,0
INV006395,0,1.271965036580983,0
INV006396,0,0.44259776730242556,0
INV006397,0,0.5847353760623348,0
INV006398,0,0.683671079604335,0
INV006399,0,0.48892618859520776,0
INV006400,0,1.45309884819142,0
INV006401,0,1.2936762546209166,0
INV006402,0,0.5847353760623348,0
INV006403,0,1.2189386038956698,0
INV006404,0,0.683671079604335,0
INV006405,0,1.271965036580983,0
INV006406,0,0.683671079604335,0
INV006407,0,1.271965036580983,0
INV006408,0,1.45309884819142,0
INV006409,0,1.271965036580983,0
INV006410,0,0.683671079604335,0
INV006411,0,1.271965036580983,0
INV006412,0,0.683671079604335,0
INV006413,0,1.271965036580983,0
INV006414,0,1.45309884819142,0
INV006415,0,1.45309884819142,0
INV006416,0,1.271965036580983,0
INV006417,0,2.0317880699575634,0
INV006418,0,1.271965036580983,0
INV006419,0,0.683671079604335,0
INV006420,0,1.271965036580983,0
INV006421,0,1.2189386038956698,0
INV006422,0,0.683671079604335,0
INV006423,0,1.45309884819142,0
INV006424,0,1.271965036580983,0
INV006425,0,0.683671079604335,0
INV006426,0,1.2784495600235373,0
INV006427,0,0.683671079604335,0
INV006428,1,11.36619024922903,1
INV006429,0,1.0176200790163494,0
INV006430,0,1.45309884819142,0
INV006431,0,0.5116151459460913,0
INV006432,0,1.45309884819142,0
INV006433,0,0.683671079604335,0
INV006434,0,0.683671079604335,0
INV006435,0,1.45309884819142,0
INV006436,0,1.271965036580983,0
INV006437,0,0.44259776730242556,0
INV006438,0,0.683671079604335,0
INV006439,0,0.683671079604335,0
INV006440,0,2.10616639722389,0
INV006441,0,1.271965036580983,0
INV006442,0,1.271965036580983,0
INV006443,0,0.683671079604335,0
INV006444,0,0.683671079604335,0
INV006445,0,0.683671079604335,0
INV006446,0,1.271965036580983,0
INV006447,0,1.27509410678088,0
INV006448,0,1.2189386038956698,0
INV006449,0,1.2189386038956698,0
INV006450,0,1.45309884819142,0
INV006451,0,1.271965036580983,0
INV006452,0,0.4436671395811643,0
INV006453,0,1.271965036580983,0
INV006454,0,1.45309884819142,0
INV006455,0,1.271965036580983,0
INV006456,0,0.5847353760623348,0
INV006457,0,1.45309884819142,0
INV006458,0,1.45309884819142,0
INV006459,0,1.45309884819142,0
INV006460,0,1.2189386038956698,0
INV006461,0,1.271965036580983,0
INV006462,0,0.683671079604335,0
INV006463,0,0.5847353760623348,0
INV006464,0,1.271965036580983,0
INV006465,0,0.683671079604335,0
INV006466,0,2.2407114075714345,0
INV006467,0,0.9084166076825709,0
INV006468,0,0.5847353760623348,0
INV006469,0,0.5847353760623348,0
INV006470,0,1.271965036580983,0
INV006471,0,1.45309884819142,0
INV006472,0,1.2189386038956698,0
INV006473,0,1.45309884819142,0
INV006474,0,1.271965036580983,0
INV006475,0,1.45309884819142,0
INV006476,0,1.271965036580983,0
INV006477,0,1.271965036580983,0
INV006478,0,0.683671079604335,0
INV006479,0,1.2189386038956698,0
INV006480,0,1.271965036580983,0
INV006481,0,0.683671079604335,0
INV006482,0,0.683671079604335,0
INV006483,0,1.45309884819142,0
INV006484,0,1.45309884819142,0
INV006485,0,1.271965036580983,0
INV006486,0,1.271965036580983,0
INV006487,0,0.683671079604335,0
INV006488,0,0.683671079604335,0
INV006489,0,1.8632865734762736,0
INV006490,0,1.271965036580983,0
INV006491,0,1.271965036580983,0
INV006492,0,1.2189386038956698,0
INV006493,0,0.683671079604335,0
INV006494,0,0.683671079604335,0
INV006495,0,1.359593221747979,0
INV006496,0,0.8748146128560389,0
INV006497,0,1.8636766406146716,0
INV006498,0,0.683671079604335,0
INV006499,0,0.683671079604335,0
INV006500,0,1.271965036580983,0
INV006501,0,1.45309884819142,0
INV006502,0,1.271965036580983,0
INV006503,0,1.271965036580983,0
INV006504,0,0.683671079604335,0
INV006505,0,1.45309884819142,0
INV006506,0,1.2006347631642367,0
INV006507,0,0.5847353760623348,0
INV006508,0,0.5847353760623348,0
INV006509,0,0.8392220756187542,0
INV006510,0,0.683671079604335,0
INV006511,0,1.271965036580983,0
INV006512,0,1.2189386038956698,0
INV006513,0,0.5847353760623348,0
INV006514,0,0.5847353760623348,0
INV006515,0,1.271965036580983,0
INV006516,0,0.683671079604335,0
INV006517,0,1.45309884819142,0
INV006518,0,1.271965036580983,0
INV006519,0,1.271965036580983,0
INV006520,0,0.683671079604335,0
INV006521,0,0.5847353760623348,0
INV006522,0,1.271965036580983,0
INV006523,0,1.271965036580983,0
INV006524,0,0.683671079604335,0
INV006525,0,0.7058563380152036,0
INV006526,0,0.683671079604335,0
INV006527,0,0.683671079604335,0
INV006528,0,0.683671079604335,0
INV006529,0,1.45309884819142,0
INV006530,0,1.271965036580983,0
INV006531,0,0.683671079604335,0
INV006532,0,1.271965036580983,0
INV006533,0,1.45309884819142,0
INV006534,0,1.271965036580983,0
INV006535,0,1.45309884819142,0
INV006536,0,1.2189386038956698,0
INV006537,0,1.271965036580983,0
INV006538,0,0.683671079604335,0
INV006539,0,1.271965036580983,0
INV006540,0,0.5847353760623348,0
INV006541,0,1.271965036580983,0
INV006542,0,1.271965036580983,0
INV006543,0,1.45309884819142,0
INV006544,0,0.683671079604335,0
INV006545,0,2.4190853250270434,0
INV006546,0,0.683671079604335,0
INV006547,0,1.271965036580983,0
INV006548,0,0.683671079604335,0
INV006549,0,1.2189386038956698,0
INV006550,0,0.683671079604335,0
INV006551,0,1.45309884819142,0
INV006552,0,1.2189386038956698,0
INV006553,0,0.683671079604335,0
INV006554,0,1.271965036580983,0
INV006555,0,1.271965036580983,0
INV006556,0,1.45309884819142,0
INV006557,0,1.271965036580983,0
INV006558,0,0.7527488518221211,0
INV006559,0,1.45309884819142,0
INV006560,0,1.45309884819142,0
INV006561,0,0.5847353760623348,0
INV006562,0,0.7785696072400773,0
INV006563,0,1.2189386038956698,0
INV006564,0,0.683671079604335,0
INV006565,0,1.2189386038956698,0
INV006566,0,1.45309884819142,0
INV006567,0,0.683671079604335,0
INV006568,0,0.683671079604335,0
INV006569,0,0.5847353760623348,0
INV006570,0,1.271965036580983,0
INV006571,0,0.683671079604335,0
INV006572,0,0.4670830544538094,0
INV006573,0,0.433526645200585,0
INV006574,0,0.683671079604335,0
INV006575,0,1.271965036580983,0
INV006576,0,1.45309884819142,0
INV006577,0,0.5847353760623348,0
INV006578,0,1.998210390002326,0
INV006579,0,1.271965036580983,0
INV006580,0,0.9983644632140264,0
INV006581,0,1.45309884819142,0
INV006582,0,1.271965036580983,0
INV006583,0,0.683671079604335,0
INV006584,0,0.4780771921549082,0
INV006585,0,1.271965036580983,0
INV006586,0,0.683671079604335,0
INV006587,0,0.957225048692926,0
INV006588,0,1.271965036580983,0
INV006589,0,1.45309884819142,0
INV006590,0,1.45309884819142,0
INV006591,0,0.683671079604335,0
INV006592,0,0.683671079604335,0
INV006593,0,0.5847353760623348,0
INV006594,0,1.271965036580983,0
INV006595,0,0.46517771912156114,0
INV006596,0,2.4367168601697333,0
INV006597,0,1.45309884819142,0
INV006598,0,0.683671079604335,0
INV006599,0,0.5847353760623348,0
INV006600,0,0.683671079604335,0
INV006601,0,0.683671079604335,0
INV006602,0,0.683671079604335,0
INV006603,0,0.4435564068089166,0
INV006604,0,0.683671079604335,0
INV006605,0,0.44259776730242556,0
INV006606,0,1.45309884819142,0
INV006607,0,0.683671079604335,0
INV006608,0,1.2189386038956698,0
INV006609,0,0.683671079604335,0
INV006610,0,1.45309884819142,0
INV006611,0,0.5847353760623348,0
INV006612,0,1.271965036580983,0
INV006613,0,0.683671079604335,0
INV006614,0,1.0876307178677203,0
INV006615,0,0.5847353760623348,0
INV006616,0,0.683671079604335,0
INV006617,0,1.45309884819142,0
INV006618,0,1.45309884819142,0
INV006619,0,1.271965036580983,0
INV006620,0,1.45309884819142,0
INV006621,0,1.45309884819142,0
INV006622,0,0.683671079604335,0
INV006623,0,0.683671079604335,0
INV006624,0,0.683671079604335,0
INV006625,0,0.5032222899794886,0
INV006626,0,1.2189386038956698,0
INV006627,0,1.271965036580983,0
INV006628,0,1.271965036580983,0
INV006629,0,1.271965036580983,0
INV006630,0,1.271965036580983,0
INV006631,0,1.45309884819142,0
INV006632,0,0.683671079604335,0
INV006633,0,0.5847353760623348,0
INV006634,0,0.683671079604335,0
INV006635,0,1.2189386038956698,0
INV006636,0,1.45309884819142,0
INV006637,0,1.45309884819142,0
INV006638,0,1.271965036580983,0
INV006639,0,1.271965036580983,0
INV006640,0,1.45309884819142,0
INV006641,0,0.683671079604335,0
INV006642,0,1.45309884819142,0
INV006643,0,1.45309884819142,0
INV006644,0,1.271965036580983,0
INV006645,0,1.45309884819142,0
INV006646,0,1.271965036580983,0
INV006647,0,0.683671079604335,0
INV006648,0,0.5847353760623348,0
INV006649,0,1.45309884819142,0
INV006650,0,2.261421564026163,0
INV006651,0,1.271965036580983,0
INV006652,0,1.2189386038956698,0
INV006653,0,1.9394400659474178,0
INV006654,0,0.5096331735257055,0
INV006655,0,1.271965036580983,0
INV006656,0,0.4751124316595312,0
INV006657,0,1.45309884819142,0
INV006658,0,1.45309884819142,0
INV006659,0,0.5847353760623348,0
INV006660,0,1.271965036580983,0
INV006661,0,0.683671079604335,0
INV006662,0,0.8890327420592832,0
INV006663,0,1.45309884819142,0
INV006664,0,1.2189386038956698,0
INV006665,0,0.5847353760623348,0
INV006666,0,1.271965036580983,0
INV006667,0,1.45309884819142,0
INV006668,0,1.271965036580983,0
INV006669,0,1.271965036580983,0
INV006670,0,0.683671079604335,0
INV006671,0,1.271965036580983,0
INV006672,0,0.683671079604335,0
INV006673,0,1.271965036580983,0
INV006674,0,1.45309884819142,0
INV006675,0,0.683671079604335,0
INV006676,0,0.9846153866407558,0
INV006677,0,1.45309884819142,0
INV006678,0,1.2189386038956698,0
INV006679,0,1.45309884819142,0
INV006680,0,1.2189386038956698,0
INV006681,0,1.271965036580983,0
INV006682,0,1.45309884819142,0
INV006683,0,0.9550970400782343,0
INV006684,0,0.5847353760623348,0
INV006685,0,0.9913798528425057,0
INV006686,0,0.683671079604335,0
INV006687,0,1.271965036580983,0
INV006688,0,1.271965036580983,0
INV006689,0,0.683671079604335,0
INV006690,0,1.45309884819142,0
INV006691,0,2.1809851531436766,0
INV006692,0,0.683671079604335,0
INV006693,0,1.271965036580983,0
INV006694,0,0.683671079604335,0
INV006695,0,0.8925280188872365,0
INV006696,0,0.683671079604335,0
INV006697,0,1.271965036580983,0
INV006698,0,1.271965036580983,0
INV006699,0,0.683671079604335,0
INV006700,0,1.2189386038956698,0
INV006701,0,1.45309884819142,0
INV006702,0,1.45309884819142,0
INV006703,0,0.4542405307562628,0
INV006704,0,0.9842532292545999,0
INV006705,0,0.49227444733571374,0
INV006706,0,0.683671079604335,0
INV006707,0,0.683671079604335,0
INV006708,0,1.271965036580983,0
INV006709,0,0.683671079604335,0
INV006710,0,0.7217611926414897,0
INV006711,1,8.195174110062354,1
INV006712,0,1.45309884819142,0
INV006713,0,1.2189386038956698,0
INV006714,0,0.6606254414008843,0
INV006715,0,0.510455267077463,0
INV006716,0,0.47412522084254344,0
INV006717,0,1.2126908719438123,0
INV006718,0,1.271965036580983,0
INV006719,0,0.5847353760623348,0
INV006720,0,1.271965036580983,0
INV006721,0,1.271965036580983,0
INV006722,0,0.683671079604335,0
INV006723,0,1.2189386038956698,0
INV006724,0,0.683671079604335,0
INV006725,0,2.363382674128726,0
INV006726,0,1.2189386038956698,0
INV006727,0,2.4823853701975405,0
INV006728,0,1.271965036580983,0
INV006729,0,0.683671079604335,0
INV006730,0,0.44259776730242556,0
INV006731,0,2.1982747930319406,0
INV006732,0,1.45309884819142,0
INV006733,0,1.45309884819142,0
INV006734,0,2.320861915194502,0
INV006735,0,0.683671079604335,0
INV006736,0,1.271965036580983,0
INV006737,0,1.271965036580983,0
INV006738,0,1.271965036580983,0
INV006739,0,1.271965036580983,0
INV006740,0,1.45309884819142,0
INV006741,0,1.271965036580983,0
INV006742,0,1.7892604640109384,0
INV006743,0,0.683671079604335,0
INV006744,0,1.45309884819142,0
INV006745,0,0.683671079604335,0
INV006746,0,0.683671079604335,0
INV006747,1,15.047753133568332,1
INV006748,0,1.45309884819142,0
INV006749,1,8.195174110062354,1
INV006750,0,1.9000163837872737,0
INV006751,0,1.271965036580983,0
INV006752,0,1.45309884819142,0
INV006753,1,11.36619024922903,1
INV006754,0,1.45309884819142,0
INV006755,0,0.5847353760623348,0
INV006756,0,1.45309884819142,0
INV006757,0,1.271965036580983,0
INV006758,0,0.8375455551932959,0
INV006759,0,1.271965036580983,0
INV006760,0,1.271965036580983,0
INV006761,0,1.45309884819142,0
INV006762,0,1.45309884819142,0
INV006763,0,1.45309884819142,0
INV006764,0,1.271965036580983,0
INV006765,0,1.2189386038956698,0
INV006766,0,0.683671079604335,0
INV006767,0,0.5847353760623348,0
INV006768,0,1.45309884819142,0
INV006769,0,1.45309884819142,0
INV006770,0,1.45309884819142,0
INV006771,0,0.683671079604335,0
INV006772,0,1.271965036580983,0
INV006773,0,1.271965036580983,0
INV006774,0,1.45309884819142,0
INV006775,0,0.44259776730242556,0
INV006776,0,0.44259776730242556,0
INV006777,0,1.271965036580983,0
INV006778,0,0.5226921768241551,0
INV006779,0,1.271965036580983,0
INV006780,0,1.271965036580983,0
INV006781,0,0.683671079604335,0
INV006782,0,0.683671079604335,0
INV006783,0,1.45309884819142,0
INV006784,0,0.8008369042039837,0
INV006785,0,0.683671079604335,0
INV006786,0,1.271965036580983,0
INV006787,0,0.7131722082901433,0
INV006788,0,1.271965036580983,0
INV006789,0,1.45309884819142,0
INV006790,0,1.45309884819142,0
INV006791,0,1.45309884819142,0
INV006792,0,1.45309884819142,0
INV006793,0,1.45309884819142,0
INV006794,0,0.683671079604335,0
INV006795,0,1.8463159941182143,0
INV006796,0,1.45309884819142,0
INV006797,0,1.45309884819142,0
INV006798,0,0.4520018139216707,0
INV006799,0,1.45309884819142,0
INV006800,0,0.683671079604335,0
INV006801,0,1.271965036580983,0
INV006802,0,1.45309884819142,0
INV006803,0,0.683671079604335,0
INV006804,0,1.271965036580983,0
INV006805,0,1.45309884819142,0
INV006806,0,0.683671079604335,0
INV006807,0,0.683671079604335,0
INV006808,0,1.271965036580983,0
INV006809,0,1.2189386038956698,0
INV006810,0,1.2189386038956698,0
INV006811,0,0.683671079604335,0
INV006812,0,1.45309884819142,0
INV006813,0,1.45309884819142,0
INV006814,0,1.45309884819142,0
INV006815,0,1.271965036580983,0
INV006816,0,0.683671079604335,0
INV006817,0,1.271965036580983,0
INV006818,0,1.2189386038956698,0
INV006819,0,1.45309884819142,0
INV006820,0,1.45309884819142,0
INV006821,0,0.683671079604335,0
INV006822,0,1.45309884819142,0
INV006823,0,1.271965036580983,0
INV006824,0,1.8104739228118436,0
INV006825,0,1.45309884819142,0
INV006826,0,1.271965036580983,0
INV006827,0,1.271965036580983,0
INV006828,0,1.2189386038956698,0
INV006829,0,1.271965036580983,0
INV006830,0,1.45309884819142,0
INV006831,0,1.2189386038956698,0
INV006832,0,1.45309884819142,0
INV006833,0,1.0831770082313856,0
INV006834,0,2.5229770641417884,0
INV006835,0,0.683671079604335,0
INV006836,0,0.5847353760623348,0
INV006837,0,0.683671079604335,0
INV006838,0,1.271965036580983,0
INV006839,0,1.2189386038956698,0
INV006840,0,1.45309884819142,0
INV006841,0,0.683671079604335,0
INV006842,0,1.271965036580983,0
INV006843,0,0.44259776730242556,0
INV006844,0,1.2189386038956698,0
INV006845,0,1.45309884819142,0
INV006846,0,0.683671079604335,0
INV006847,0,1.271965036580983,0
INV006848,0,0.727048213309654,0
INV006849,0,1.45309884819142,0
INV006850,0,1.45309884819142,0
INV006851,0,0.683671079604335,0
INV006852,0,0.683671079604335,0
INV006853,0,2.252856978421244,0
INV006854,0,1.45309884819142,0
INV006855,0,1.45309884819142,0
INV006856,0,0.44259776730242556,0
INV006857,0,1.271965036580983,0
INV006858,0,1.271965036580983,0
INV006859,0,1.1726196845900165,0
INV006860,0,0.683671079604335,0
INV006861,0,0.683671079604335,0
INV006862,0,0.5847353760623348,0
INV006863,0,1.45309884819142,0
INV006864,0,0.683671079604335,0
INV006865,0,0.5847353760623348,0
INV006866,0,0.683671079604335,0
INV006867,0,1.45309884819142,0
INV006868,0,1.271965036580983,0
INV006869,0,0.683671079604335,0
INV006870,0,0.5847353760623348,0
INV006871,0,1.45309884819142,0
INV006872,0,1.45309884819142,0
INV006873,0,1.271965036580983,0
INV006874,0,1.271965036580983,0
INV006875,0,0.3864752267374478,0
INV006876,0,1.271965036580983,0
INV006877,0,1.7026980909485125,0
INV006878,0,0.7870672526945413,0
INV006879,0,1.45309884819142,0
INV006880,0,1.271965036580983,0
INV006881,0,0.5847353760623348,0
INV006882,0,1.271965036580983,0
INV006883,0,1.45309884819142,0
INV006884,0,1.45309884819142,0
INV006885,0,1.8315262873254392,0
INV006886,0,1.45309884819142,0
INV006887,0,0.683671079604335,0
INV006888,0,0.5847353760623348,0
INV006889,0,1.45309884819142,0
INV006890,0,0.44259776730242556,0
INV006891,0,0.683671079604335,0
INV006892,0,1.271965036580983,0
INV006893,0,0.683671079604335,0
INV006894,0,0.683671079604335,0
INV006895,0,1.9301131759188617,0
INV006896,0,1.271965036580983,0
INV006897,0,0.683671079604335,0
INV006898,0,1.271965036580983,0
INV006899,0,0.5847353760623348,0
INV006900,0,0.5847353760623348,0
INV006901,0,1.45309884819142,0
INV006902,0,1.45309884819142,0
INV006903,0,1.45309884819142,0
INV006904,0,1.271965036580983,0
INV006905,0,1.45309884819142,0
INV006906,0,0.5296858585244757,0
INV006907,0,1.271965036580983,0
INV006908,0,1.45309884819142,0
INV006909,0,1.45309884819142,0
INV006910,0,1.45309884819142,0
INV006911,0,1.45309884819142,0
INV006912,0,1.271965036580983,0
INV006913,0,1.45309884819142,0
INV006914,0,1.45309884819142,0
INV006915,0,1.45309884819142,0
INV006916,0,2.3150887964244364,0
INV006917,0,1.2189386038956698,0
INV006918,0,0.683671079604335,0
INV006919,0,1.271965036580983,0
INV006920,0,1.2189386038956698,0
INV006921,0,0.46893204150679235,0
INV006922,0,1.271965036580983,0
INV006923,0,1.271965036580983,0
INV006924,0,1.271965036580983,0
INV006925,0,0.683671079604335,0
INV006926,0,1.271965036580983,0
INV006927,0,1.271965036580983,0
INV006928,0,0.683671079604335,0
INV006929,0,0.4535667745418829,0
INV006930,0,1.271965036580983,0
INV006931,0,1.271965036580983,0
INV006932,0,0.683671079604335,0
INV006933,0,2.274271257673514,0
INV006934,0,1.271965036580983,0
INV006935,0,1.45309884819142,0
INV006936,0,1.45309884819142,0
INV006937,0,0.683671079604335,0
INV006938,0,1.271965036580983,0
INV006939,0,1.0811359592513967,0
INV006940,0,0.683671079604335,0
INV006941,0,0.683671079604335,0
INV006942,0,1.45309884819142,0
INV006943,0,0.683671079604335,0
INV006944,0,1.45309884819142,0
INV006945,0,1.45309884819142,0
INV006946,0,1.45309884819142,0
INV006947,0,1.6731024115320114,0
INV006948,0,1.2189386038956698,0
INV006949,0,1.45309884819142,0
INV006950,0,1.271965036580983,0
INV006951,0,0.5847353760623348,0
INV006952,0,1.45309884819142,0
INV006953,0,0.683671079604335,0
INV006954,0,1.2189386038956698,0
INV006955,0,0.5847353760623348,0
INV006956,0,1.271965036580983,0
INV006957,0,1.271965036580983,0
INV006958,0,1.2189386038956698,0
INV006959,0,1.271965036580983,0
INV006960,0,1.45309884819142,0
INV006961,0,1.45309884819142,0
INV006962,1,75.49442898400422,5
INV006963,0,0.5847353760623348,0
INV006964,0,1.45309884819142,0
INV006965,0,0.5847353760623348,0
INV006966,0,1.271965036580983,0
INV006967,0,0.683671079604335,0
INV006968,0,1.271965036580983,0
INV006969,0,1.2189386038956698,0
INV006970,0,1.271965036580983,0
INV006971,0,1.04957492952972,0
INV006972,0,0.683671079604335,0
INV006973,0,0.683671079604335,0
INV006974,0,0.683671079604335,0
INV006975,0,1.45309884819142,0
INV006976,0,1.45309884819142,0
INV006977,0,0.8896927594305899,0
INV006978,0,1.271965036580983,0
INV006979,0,2.277382257901104,0
INV006980,0,0.48946327382105315,0
INV006981,0,0.683671079604335,0
INV006982,0,1.9794899825992003,0
INV006983,0,1.45309884819142,0
INV006984,0,1.45309884819142,0
INV006985,0,1.271965036580983,0
INV006986,0,0.9796919148904316,0
INV006987,0,0.43253536792585934,0
INV006988,0,1.45309884819142,0
INV006989,0,0.50201236240024,0
INV006990,0,1.45309884819142,0
INV006991,0,1.45309884819142,0
INV006992,0,0.5847353760623348,0
INV006993,0,1.271965036580983,0
INV006994,0,1.45309884819142,0
INV006995,0,1.45309884819142,0
INV006996,0,1.45309884819142,0
INV006997,0,1.45309884819142,0
INV006998,0,0.683671079604335,0
INV006999,0,1.271965036580983,0
INV007000,0,1.271965036580983,0
INV007001,0,0.5847353760623348,0
INV007002,0,1.271965036580983,0
INV007003,0,2.472420359108574,0
INV007004,0,0.464723570552498,0
INV007005,0,0.683671079604335,0
INV007006,0,1.2189386038956698,0
INV007007,0,1.2189386038956698,0
INV007008,0,1.378690871307406,0
INV007009,0,1.2189386038956698,0
INV007010,0,1.118656851994641,0
INV007011,0,0.8228705362501811,0
INV007012,0,1.45309884819142,0
INV007013,0,1.271965036580983,0
INV007014,0,1.2189386038956698,0
INV007015,0,1.45309884819142,0
INV007016,0,1.45309884819142,0
INV007017,0,1.8180588049063677,0
INV007018,0,0.683671079604335,0
INV007019,0,0.683671079604335,0
INV007020,0,1.45309884819142,0
INV007021,0,1.2189386038956698,0
INV007022,0,1.45309884819142,0
INV007023,0,0.3737078006581793,0
INV007024,0,1.45309884819142,0
INV007025,0,0.45826885090467107,0
INV007026,0,0.4786061444652777,0
INV007027,0,1.45309884819142,0
INV007028,0,1.2189386038956698,0
INV007029,0,1.45309884819142,0
INV007030,0,0.683671079604335,0
INV007031,0,0.683671079604335,0
INV007032,0,0.683671079604335,0
INV007033,0,1.45309884819142,0
INV007034,0,0.683671079604335,0
INV007035,0,1.2189386038956698,0
INV007036,0,1.45309884819142,0
INV007037,0,1.8206162940190709,0
INV007038,0,1.9949978883893775,0
INV007039,0,1.271965036580983,0
INV007040,0,1.271965036580983,0
INV007041,0,1.45309884819142,0
INV007042,0,1.271965036580983,0
INV007043,0,1.45309884819142,0
INV007044,0,1.271965036580983,0
INV007045,0,1.45309884819142,0
INV007046,0,1.271965036580983,0
INV007047,0,0.2682884635077665,0
INV007048,0,0.5847353760623348,0
INV007049,0,1.8632362119612118,0
INV007050,0,1.8957659970378349,0
INV007051,0,1.271965036580983,0
INV007052,0,0.683671079604335,0
INV007053,0,0.683671079604335,0
INV007054,0,1.45309884819142,0
INV007055,0,1.45309884819142,0
INV007056,0,0.45412915344766264,0
INV007057,0,1.45309884819142,0
INV007058,0,1.45309884819142,0
INV007059,0,1.2189386038956698,0
INV007060,0,1.45309884819142,0
INV007061,0,0.683671079604335,0
INV007062,0,1.45309884819142,0
INV007063,0,1.45309884819142,0
INV007064,0,1.8517725547936048,0
INV007065,0,1.45309884819142,0
INV007066,0,1.271965036580983,0
INV007067,0,1.5459937011693372,0
INV007068,0,1.45309884819142,0
INV007069,0,1.45309884819142,0
INV007070,0,1.45309884819142,0
INV007071,0,0.683671079604335,0
INV007072,0,0.683671079604335,0
INV007073,0,1.271965036580983,0
INV007074,0,1.8771272315939087,0
INV007075,0,1.45309884819142,0
INV007076,0,0.683671079604335,0
INV007077,0,1.271965036580983,0
INV007078,0,1.271965036580983,0
INV007079,0,1.271965036580983,0
INV007080,0,0.683671079604335,0
INV007081,0,1.45309884819142,0
INV007082,0,1.45309884819142,0
INV007083,0,1.271965036580983,0
INV007084,0,0.683671079604335,0
INV007085,0,1.45309884819142,0
INV007086,0,1.2189386038956698,0
INV007087,0,1.271965036580983,0
INV007088,0,0.5847353760623348,0
INV007089,0,1.271965036580983,0
INV007090,0,2.4451081521141296,0
INV007091,0,0.683671079604335,0
INV007092,0,1.2189386038956698,0
INV007093,0,1.271965036580983,0
INV007094,0,1.45309884819142,0
INV007095,0,0.6767996206511963,0
INV007096,0,0.683671079604335,0
INV007097,0,1.271965036580983,0
INV007098,0,1.2189386038956698,0
INV007099,0,0.683671079604335,0
INV007100,0,1.271965036580983,0
INV007101,0,0.3007830756309346,0
INV007102,0,0.5847353760623348,0
INV007103,0,1.271965036580983,0
INV007104,0,1.2189386038956698,0
INV007105,0,0.683671079604335,0
INV007106,0,0.683671079604335,0
INV007107,0,1.271965036580983,0
INV007108,0,0.683671079604335,0
INV007109,0,1.271965036580983,0
INV007110,0,0.9106273426288863,0
INV007111,0,1.45309884819142,0
INV007112,0,1.124216012526804,0
INV007113,0,0.683671079604335,0
INV007114,0,1.2189386038956698,0
INV007115,0,1.45309884819142,0
INV007116,0,1.45309884819142,0
INV007117,0,0.5847353760623348,0
INV007118,0,1.271965036580983,0
INV007119,0,1.2189386038956698,0
INV007120,0,1.271965036580983,0
INV007121,0,1.45309884819142,0
INV007122,0,1.271965036580983,0
INV007123,0,0.683671079604335,0
INV007124,0,0.5847353760623348,0
INV007125,0,1.271965036580983,0
INV007126,0,1.45309884819142,0
INV007127,0,1.271965036580983,0
INV007128,0,0.683671079604335,0
INV007129,0,1.271965036580983,0
INV007130,0,1.271965036580983,0
INV007131,0,0.683671079604335,0
INV007132,0,1.9233078024922505,0
INV007133,0,0.683671079604335,0
INV007134,0,1.271965036580983,0
INV007135,0,0.5028732002229113,0
INV007136,0,1.271965036580983,0
INV007137,0,1.45309884819142,0
INV007138,0,0.683671079604335,0
INV007139,0,0.683671079604335,0
INV007140,0,0.8649080123224766,0
INV007141,0,0.2682884635077665,0
INV007142,0,0.683671079604335,0
INV007143,0,1.2189386038956698,0
INV007144,0,0.683671079604335,0
INV007145,0,1.271965036580983,0
INV007146,0,1.45309884819142,0
INV007147,0,0.44634912486153594,0
INV007148,0,1.009643252956779,0
INV007149,0,0.5178812445157676,0
INV007150,0,1.271965036580983,0
INV007151,0,1.8269856180544022,0
INV007152,0,1.45309884819142,0
INV007153,0,1.45309884819142,0
INV007154,0,1.0559470688050236,0
INV007155,0,1.271965036580983,0
INV007156,0,1.271965036580983,0
INV007157,0,1.45309884819142,0
INV007158,0,0.5265243440354722,0
INV007159,0,0.778207379696962,0
INV007160,0,1.45309884819142,0
INV007161,0,1.2189386038956698,0
INV007162,0,1.45309884819142,0
INV007163,0,0.683671079604335,0
INV007164,0,1.271965036580983,0
INV007165,0,0.683671079604335,0
INV007166,0,1.271965036580983,0
INV007167,0,1.271965036580983,0
INV007168,0,1.2189386038956698,0
INV007169,0,1.2189386038956698,0
INV007170,0,1.2189386038956698,0
INV007171,0,1.45309884819142,0
INV007172,0,1.271965036580983,0
INV007173,0,1.271965036580983,0
INV007174,0,1.271965036580983,0
INV007175,0,1.2189386038956698,0
INV007176,0,1.271965036580983,0
INV007177,0,1.45309884819142,0
INV007178,0,0.683671079604335,0
INV007179,0,0.44259776730242556,0
INV007180,0,0.683671079604335,0
INV007181,0,0.683671079604335,0
INV007182,0,1.45309884819142,0
INV007183,0,0.5847353760623348,0
INV007184,0,1.45309884819142,0
INV007185,0,1.2189386038956698,0
INV007186,0,0.44259776730242556,0
INV007187,0,1.2189386038956698,0
INV007188,0,0.683671079604335,0
INV007189,0,0.683671079604335,0
INV007190,1,9.463580565729025,1
INV007191,0,0.683671079604335,0
INV007192,0,0.683671079604335,0
INV007193,0,1.271965036580983,0
INV007194,0,1.271965036580983,0
INV007195,0,0.683671079604335,0
INV007196,0,0.683671079604335,0
INV007197,0,1.862704757215311,0
INV007198,0,1.45309884819142,0
INV007199,0,0.683671079604335,0
INV007200,0,1.45309884819142,0
INV007201,0,1.271965036580983,0
INV007202,0,2.1543733152934763,0
INV007203,0,1.271965036580983,0
INV007204,0,0.5847353760623348,0
INV007205,0,1.271965036580983,0
INV007206,0,0.683671079604335,0
INV007207,0,0.683671079604335,0
INV007208,0,1.271965036580983,0
INV007209,0,1.45309884819142,0
INV007210,0,0.683671079604335,0
INV007211,0,1.45309884819142,0
INV007212,0,0.683671079604335,0
INV007213,0,1.271965036580983,0
INV007214,0,2.5471208749495196,0
INV007215,0,1.45309884819142,0
INV007216,0,0.683671079604335,0
INV007217,0,1.45309884819142,0
INV007218,0,1.271965036580983,0
INV007219,0,2.4444137262542713,0
INV007220,0,1.271965036580983,0
INV007221,1,5.244119830093939,1
INV007222,0,1.2189386038956698,0
INV007223,0,0.683671079604335,0
INV007224,0,1.2189386038956698,0
INV007225,0,0.44259776730242556,0
INV007226,0,1.45309884819142,0
INV007227,0,1.271965036580983,0
INV007228,0,1.45309884819142,0
INV007229,0,0.4900141224423191,0
INV007230,0,0.683671079604335,0
INV007231,0,1.45309884819142,0
INV007232,0,0.5847353760623348,0
INV007233,0,0.3462435272254081,0
INV007234,0,0.683671079604335,0
INV007235,0,1.271965036580983,0
INV007236,0,2.1049570952535244,0
INV007237,0,1.271965036580983,0
INV007238,0,1.45309884819142,0
INV007239,0,2.5919066508437587,0
INV007240,0,0.683671079604335,0
INV007241,0,1.271965036580983,0
INV007242,0,0.683671079604335,0
INV007243,0,2.2356486676877374,0
INV007244,0,0.683671079604335,0
INV007245,0,0.44259776730242556,0
INV007246,0,0.5012297256879132,0
INV007247,0,0.9253449584410444,0
INV007248,0,1.271965036580983,0
INV007249,0,0.683671079604335,0
INV007250,0,1.500280147301972,0
INV007251,0,1.271965036580983,0
INV007252,0,0.44259776730242556,0
INV007253,0,1.45309884819142,0
INV007254,0,1.271965036580983,0
INV007255,0,1.271965036580983,0
INV007256,0,0.44259776730242556,0
INV007257,0,1.271965036580983,0
INV007258,0,1.2189386038956698,0
INV007259,0,1.45309884819142,0
INV007260,0,1.45309884819142,0
INV007261,0,1.45309884819142,0
INV007262,0,1.271965036580983,0
INV007263,0,1.271965036580983,0
INV007264,0,1.45309884819142,0
INV007265,0,1.45309884819142,0
INV007266,0,1.2189386038956698,0
INV007267,0,0.683671079604335,0
INV007268,0,0.683671079604335,0
INV007269,0,1.45309884819142,0
INV007270,0,1.271965036580983,0
INV007271,0,1.271965036580983,0
INV007272,0,0.5847353760623348,0
INV007273,0,0.683671079604335,0
INV007274,0,0.683671079604335,0
INV007275,0,1.2189386038956698,0
INV007276,0,2.140534846806931,0
INV007277,0,1.2189386038956698,0
INV007278,0,0.5847353760623348,0
INV007279,0,0.5847353760623348,0
INV007280,0,0.683671079604335,0
INV007281,0,0.5847353760623348,0
INV007282,0,0.7423093163955847,0
INV007283,0,0.683671079604335,0
INV007284,0,1.271965036580983,0
INV007285,0,1.45309884819142,0
INV007286,0,0.5847353760623348,0
INV007287,0,1.45309884819142,0
INV007288,0,1.45309884819142,0
INV007289,0,1.45309884819142,0
INV007290,0,1.2189386038956698,0
INV007291,1,11.36619024922903,1
INV007292,0,0.683671079604335,0
INV007293,0,1.45309884819142,0
INV007294,0,1.271965036580983,0
INV007295,0,0.683671079604335,0
INV007296,0,0.683671079604335,0
INV007297,0,0.683671079604335,0
INV007298,0,1.45309884819142,0
INV007299,0,1.45309884819142,0
INV007300,0,0.683671079604335,0
INV007301,0,1.271965036580983,0
INV007302,1,8.203087054777276,1
INV007303,0,0.683671079604335,0
INV007304,0,1.45309884819142,0
INV007305,0,0.683671079604335,0
INV007306,0,0.683671079604335,0
INV007307,0,0.683671079604335,0
INV007308,0,1.45309884819142,0
INV007309,0,2.193334985293706,0
INV007310,0,1.45309884819142,0
INV007311,0,0.683671079604335,0
INV007312,0,0.820736584351103,0
INV007313,0,0.683671079604335,0
INV007314,0,1.271965036580983,0
INV007315,0,0.683671079604335,0
INV007316,0,0.683671079604335,0
INV007317,0,0.683671079604335,0
INV007318,0,0.683671079604335,0
INV007319,0,1.45309884819142,0
INV007320,0,0.4931944051978053,0
INV007321,0,0.683671079604335,0
INV007322,0,0.683671079604335,0
INV007323,0,1.45309884819142,0
INV007324,0,0.683671079604335,0
INV007325,0,1.271965036580983,0
INV007326,0,0.683671079604335,0
INV007327,0,1.45309884819142,0
INV007328,0,1.45309884819142,0
INV007329,0,0.48102443560156805,0
INV007330,0,1.45309884819142,0
INV007331,0,1.45309884819142,0
INV007332,0,1.45309884819142,0
INV007333,0,0.683671079604335,0
INV007334,0,0.5847353760623348,0
INV007335,0,1.45309884819142,0
INV007336,0,1.45309884819142,0
INV007337,0,1.45309884819142,0
INV007338,0,0.683671079604335,0
INV007339,0,1.45309884819142,0
INV007340,0,1.271965036580983,0
INV007341,0,0.8354587253845402,0
INV007342,0,1.732244347263276,0
INV007343,0,1.45309884819142,0
INV007344,0,0.683671079604335,0
INV007345,0,0.5196673578760337,0
INV007346,0,1.271965036580983,0
INV007347,0,0.683671079604335,0
INV007348,0,1.271965036580983,0
INV007349,0,1.45309884819142,0
INV007350,0,0.683671079604335,0
INV007351,0,1.45309884819142,0
INV007352,0,1.271965036580983,0
INV007353,0,1.271965036580983,0
INV007354,0,1.45309884819142,0
INV007355,0,0.5847353760623348,0
INV007356,0,1.271965036580983,0
INV007357,0,1.45309884819142,0
INV007358,0,1.45309884819142,0
INV007359,0,0.9493298645925552,0
INV007360,0,1.271965036580983,0
INV007361,0,1.45309884819142,0
INV007362,0,1.271965036580983,0
INV007363,0,1.271965036580983,0
INV007364,0,1.271965036580983,0
INV007365,0,1.45309884819142,0
INV007366,0,0.683671079604335,0
INV007367,0,1.45309884819142,0
INV007368,0,1.45309884819142,0
INV007369,0,2.0595522793697993,0
INV007370,0,1.45309884819142,0
INV007371,0,1.45309884819142,0
INV007372,1,9.463580565729025,1
INV007373,0,0.683671079604335,0
INV007374,0,0.683671079604335,0
INV007375,0,1.45309884819142,0
INV007376,0,1.1437149901845185,0
INV007377,0,1.45309884819142,0
INV007378,0,1.45309884819142,0
INV007379,0,1.8527287979708964,0
INV007380,0,0.5162124328210179,0
INV007381,0,0.683671079604335,0
INV007382,0,0.6852716161414674,0
INV007383,0,1.2189386038956698,0
INV007384,0,1.45309884819142,0
INV007385,0,1.5487529491467293,0
INV007386,0,0.5847353760623348,0
INV007387,0,0.5847353760623348,0
INV007388,0,1.271965036580983,0
INV007389,0,1.271965036580983,0
INV007390,0,1.271965036580983,0
INV007391,0,1.2189386038956698,0
INV007392,0,0.683671079604335,0
INV007393,0,0.4743704595245835,0
INV007394,0,0.5847353760623348,0
INV007395,0,2.3241513667000286,0
INV007396,0,0.683671079604335,0
INV007397,0,0.2682884635077665,0
INV007398,0,0.683671079604335,0
INV007399,0,1.271965036580983,0
INV007400,0,1.45309884819142,0
INV007401,0,1.45309884819142,0
INV007402,0,0.4815755970272753,0
INV007403,0,1.271965036580983,0
INV007404,0,1.45309884819142,0
INV007405,0,0.683671079604335,0
INV007406,0,1.45309884819142,0
INV007407,0,1.271965036580983,0
INV007408,0,1.2189386038956698,0
INV007409,0,1.45309884819142,0
INV007410,0,1.271965036580983,0
INV007411,0,1.271965036580983,0
INV007412,0,1.45309884819142,0
INV007413,0,0.47720915983008527,0
INV007414,0,0.683671079604335,0
INV007415,0,1.271965036580983,0
INV007416,0,1.45309884819142,0
INV007417,0,0.683671079604335,0
INV007418,0,1.45309884819142,0
INV007419,0,1.271965036580983,0
INV007420,0,1.45309884819142,0
INV007421,0,0.5847353760623348,0
INV007422,0,0.683671079604335,0
INV007423,0,1.271965036580983,0
INV007424,0,1.271965036580983,0
INV007425,0,0.5847353760623348,0
INV007426,0,1.45309884819142,0
INV007427,0,1.45309884819142,0
INV007428,0,0.4939101017596772,0
INV007429,0,0.683671079604335,0
INV007430,0,1.2189386038956698,0
INV007431,0,1.2189386038956698,0
INV007432,0,0.44259776730242556,0
INV007433,0,0.44259776730242556,0
INV007434,0,0.5275928840072182,0
INV007435,0,0.5847353760623348,0
INV007436,0,1.45309884819142,0
INV007437,0,0.683671079604335,0
INV007438,0,1.271965036580983,0
INV007439,0,1.2189386038956698,0
INV007440,0,1.271965036580983,0
INV007441,0,0.5847353760623348,0
INV007442,0,0.44259776730242556,0
INV007443,0,1.45309884819142,0
INV007444,0,0.507292501370694,0
INV007445,0,0.683671079604335,0
INV007446,0,1.45309884819142,0
INV007447,0,1.45309884819142,0
INV007448,0,0.683671079604335,0
INV007449,0,0.683671079604335,0
INV007450,0,0.44259776730242556,0
INV007451,0,1.271965036580983,0
INV007452,0,0.6895485912684235,0
INV007453,0,0.683671079604335,0
INV007454,0,1.45309884819142,0
INV007455,0,0.683671079604335,0
INV007456,0,2.102218805173705,0
INV007457,0,1.7157385953051036,0
INV007458,0,1.2189386038956698,0
INV007459,0,1.2189386038956698,0
INV007460,0,1.45309884819142,0
INV007461,0,0.44259776730242556,0
INV007462,0,0.683671079604335,0
INV007463,0,0.683671079604335,0
INV007464,0,1.271965036580983,0
INV007465,0,1.45309884819142,0
INV007466,0,0.47839938072952715,0
INV007467,0,1.45309884819142,0
INV007468,0,1.45309884819142,0
INV007469,0,1.45309884819142,0
INV007470,0,1.45309884819142,0
INV007471,0,1.271965036580983,0
INV007472,0,1.45309884819142,0
INV007473,0,1.2189386038956698,0
INV007474,0,0.683671079604335,0
INV007475,0,0.2774322240820961,0
INV007476,0,0.683671079604335,0
INV007477,0,1.45309884819142,0
INV007478,0,1.45309884819142,0
INV007479,0,0.5847353760623348,0
INV007480,0,1.271965036580983,0
INV007481,0,1.45309884819142,0
INV007482,0,2.5608226478951828,0
INV007483,0,1.45309884819142,0
INV007484,0,1.2189386038956698,0
INV007485,0,1.45309884819142,0
INV007486,0,0.683671079604335,0
INV007487,0,1.2189386038956698,0
INV007488,0,0.6531985255492557,0
INV007489,0,0.6366605547336216,0
INV007490,0,1.2189386038956698,0
INV007491,0,0.683671079604335,0
INV007492,0,1.271965036580983,0
INV007493,0,1.2189386038956698,0
INV007494,0,0.683671079604335,0
INV007495,0,0.4520152645126499,0
INV007496,0,0.683671079604335,0
INV007497,0,1.271965036580983,0
INV007498,0,1.2189386038956698,0
INV007499,0,0.683671079604335,0
INV007500,1,8.195174110062354,1
INV007501,0,1.45309884819142,0
INV007502,0,0.683671079604335,0
INV007503,0,1.45309884819142,0
INV007504,0,1.271965036580983,0
INV007505,0,0.9403733350225902,0
INV007506,0,0.683671079604335,0
INV007507,0,1.271965036580983,0
INV007508,0,0.683671079604335,0
INV007509,0,1.271965036580983,0
INV007510,0,1.271965036580983,0
INV007511,0,0.8347533513692337,0
INV007512,0,1.4268955997459025,0
INV007513,0,1.45309884819142,0
INV007514,0,0.683671079604335,0
INV007515,0,1.271965036580983,0
INV007516,0,1.45309884819142,0
INV007517,0,0.5847353760623348,0
INV007518,0,1.271965036580983,0
INV007519,0,1.45309884819142,0
INV007520,0,1.271965036580983,0
INV007521,0,1.45309884819142,0
INV007522,0,1.271965036580983,0
INV007523,0,0.683671079604335,0
INV007524,0,1.271965036580983,0
INV007525,0,0.683671079604335,0
INV007526,0,1.271965036580983,0
INV007527,0,1.271965036580983,0
INV007528,0,1.45309884819142,0
INV007529,0,0.906332391689672,0
INV007530,0,0.683671079604335,0
INV007531,0,0.5847353760623348,0
INV007532,0,1.45309884819142,0
INV007533,0,0.683671079604335,0
INV007534,0,1.45309884819142,0
INV007535,0,1.271965036580983,0
INV007536,0,1.45309884819142,0
INV007537,0,1.271965036580983,0
INV007538,0,1.45309884819142,0
INV007539,0,1.271965036580983,0
INV007540,0,0.8279470395292984,0
INV007541,0,0.683671079604335,0
INV007542,0,2.579905595645865,0
INV007543,0,1.271965036580983,0
INV007544,0,0.5847353760623348,0
INV007545,0,1.2189386038956698,0
INV007546,0,1.45309884819142,0
INV007547,0,1.45309884819142,0
INV007548,0,1.45309884819142,0
INV007549,0,1.271965036580983,0
INV007550,0,1.271965036580983,0
INV007551,0,0.683671079604335,0
INV007552,0,1.271965036580983,0
INV007553,0,1.45309884819142,0
INV007554,0,1.271965036580983,0
INV007555,0,0.8177449226737676,0
INV007556,0,0.683671079604335,0
INV007557,0,1.271965036580983,0
INV007558,0,0.44259776730242556,0
INV007559,0,2.1643671043910495,0
INV007560,0,1.45309884819142,0
INV007561,0,1.45309884819142,0
INV007562,0,1.271965036580983,0
INV007563,0,1.45309884819142,0
INV007564,0,0.44259776730242556,0
INV007565,0,1.271965036580983,0
INV007566,0,1.45309884819142,0
INV007567,0,1.45309884819142,0
INV007568,0,0.9616262071831091,0
INV007569,0,0.5847353760623348,0
INV007570,0,0.683671079604335,0
INV007571,0,1.45309884819142,0
INV007572,0,0.683671079604335,0
INV007573,0,0.683671079604335,0
INV007574,0,1.1219316016914231,0
INV007575,0,1.271965036580983,0
INV007576,0,0.5847353760623348,0
INV007577,0,1.45309884819142,0
INV007578,0,1.271965036580983,0
INV007579,0,1.45309884819142,0
INV007580,0,1.271965036580983,0
INV007581,0,0.5847353760623348,0
INV007582,0,0.683671079604335,0
INV007583,0,0.683671079604335,0
INV007584,0,0.46946349625269296,0
INV007585,0,0.3760929345236836,0
INV007586,0,1.45309884819142,0
INV007587,0,1.45309884819142,0
INV007588,0,1.271965036580983,0
INV007589,0,0.683671079604335,0
INV007590,0,0.6701293787432602,0
INV007591,0,0.683671079604335,0
INV007592,0,0.5847353760623348,0
INV007593,0,1.2189386038956698,0
INV007594,0,1.271965036580983,0
INV007595,0,0.683671079604335,0
INV007596,0,0.42113145640655586,0
INV007597,0,0.683671079604335,0
INV007598,0,0.683671079604335,0
INV007599,0,2.513543820603164,0
INV007600,0,1.45309884819142,0
INV007601,0,1.2189386038956698,0
INV007602,0,0.9596858812332438,0
INV007603,0,1.2189386038956698,0
INV007604,0,1.45309884819142,0
INV007605,0,0.6903775230380742,0
INV007606,0,1.45309884819142,0
INV007607,0,0.683671079604335,0
INV007608,0,0.45197804078412596,0
INV007609,0,0.513850759288617,0
INV007610,0,1.45309884819142,0
INV007611,0,0.683671079604335,0
INV007612,0,1.271965036580983,0
INV007613,0,0.5847353760623348,0
INV007614,0,1.271965036580983,0
INV007615,0,2.1324413446907267,0
INV007616,0,1.271965036580983,0
INV007617,0,1.0222886853039101,0
INV007618,0,0.5847353760623348,0
INV007619,0,0.683671079604335,0
INV007620,0,1.2189386038956698,0
INV007621,0,0.683671079604335,0
INV007622,0,0.683671079604335,0
INV007623,0,0.683671079604335,0
INV007624,0,0.683671079604335,0
INV007625,0,1.45309884819142,0
INV007626,0,1.45309884819142,0
INV007627,0,1.271965036580983,0
INV007628,0,2.3619687980536987,0
INV007629,0,0.5847353760623348,0
INV007630,0,0.44259776730242556,0
INV007631,0,0.5126558463225546,0
INV007632,0,1.45309884819142,0
INV007633,0,0.8389746473056247,0
INV007634,0,1.45309884819142,0
INV007635,0,1.45309884819142,0
INV007636,0,1.2189386038956698,0
INV007637,0,2.043828538515071,0
INV007638,0,0.5847353760623348,0
INV007639,0,1.271965036580983,0
INV007640,0,0.683671079604335,0
INV007641,0,0.5847353760623348,0
INV007642,0,1.271965036580983,0
INV007643,0,1.271965036580983,0
INV007644,0,0.44259776730242556,0
INV007645,0,1.271965036580983,0
INV007646,0,1.271965036580983,0
INV007647,0,0.683671079604335,0
INV007648,0,1.45309884819142,0
INV007649,0,1.271965036580983,0
INV007650,0,1.45309884819142,0
INV007651,0,1.45309884819142,0
INV007652,0,1.5754442393250392,0
INV007653,0,1.45309884819142,0
INV007654,0,0.683671079604335,0
INV007655,0,1.271965036580983,0
INV007656,0,1.45309884819142,0
INV007657,0,0.9461035995841865,0
INV007658,0,1.45309884819142,0
INV007659,0,2.2644307427522157,0
INV007660,0,1.271965036580983,0
INV007661,0,0.5847353760623348,0
INV007662,0,1.271965036580983,0
INV007663,0,1.271965036580983,0
INV007664,0,0.6908004346428166,0
INV007665,0,1.45309884819142,0
INV007666,0,0.683671079604335,0
INV007667,0,1.271965036580983,0
INV007668,0,0.5847353760623348,0
INV007669,0,1.271965036580983,0
INV007670,0,0.683671079604335,0
INV007671,0,0.683671079604335,0
INV007672,0,1.36309256503367,0
INV007673,0,0.683671079604335,0
INV007674,0,1.271965036580983,0
INV007675,0,1.45309884819142,0
INV007676,0,1.45309884819142,0
INV007677,0,1.2189386038956698,0
INV007678,0,1.45309884819142,0
INV007679,0,0.683671079604335,0
INV007680,1,4.430553310652374,1
INV007681,0,0.683671079604335,0
INV007682,0,1.45309884819142,0
INV007683,0,1.45309884819142,0
INV007684,0,0.683671079604335,0
INV007685,0,1.45309884819142,0
INV007686,0,1.271965036580983,0
INV007687,0,0.683671079604335,0
INV007688,0,0.5847353760623348,0
INV007689,0,1.271965036580983,0
INV007690,0,1.45309884819142,0
INV007691,0,0.44259776730242556,0
INV007692,0,0.683671079604335,0
INV007693,0,0.9044680772190614,0
INV007694,0,1.271965036580983,0
INV007695,0,1.45309884819142,0
INV007696,0,1.45309884819142,0
INV007697,0,0.683671079604335,0
INV007698,0,1.271965036580983,0
INV007699,0,1.9786892032292733,0
INV007700,0,1.45309884819142,0
INV007701,0,1.2189386038956698,0
INV007702,0,1.271965036580983,0
INV007703,0,1.3795000963972497,0
INV007704,0,1.271965036580983,0
INV007705,0,0.6907904249006925,0
INV007706,0,0.44259776730242556,0
INV007707,0,0.683671079604335,0
INV007708,0,0.683671079604335,0
INV007709,0,1.271965036580983,0
INV007710,0,1.271965036580983,0
INV007711,0,0.683671079604335,0
INV007712,0,2.4247176817984886,0
INV007713,0,0.683671079604335,0
INV007714,0,1.45309884819142,0
INV007715,0,0.4661518356318282,0
INV007716,0,0.683671079604335,0
INV007717,0,1.45309884819142,0
INV007718,0,1.45309884819142,0
INV007719,0,1.45309884819142,0
INV007720,0,1.271965036580983,0
INV007721,0,1.45309884819142,0
INV007722,0,0.683671079604335,0
INV007723,0,1.271965036580983,0
INV007724,0,0.5847353760623348,0
INV007725,0,1.45309884819142,0
INV007726,0,1.271965036580983,0
INV007727,0,1.45309884819142,0
INV007728,0,0.683671079604335,0
INV007729,0,0.683671079604335,0
INV007730,0,1.45309884819142,0
INV007731,0,1.271965036580983,0
INV007732,0,0.683671079604335,0
INV007733,0,1.271965036580983,0
INV007734,0,1.45309884819142,0
INV007735,0,0.43382349661545233,0
INV007736,0,2.3392873480094085,0
INV007737,0,0.683671079604335,0
INV007738,0,0.683671079604335,0
INV007739,0,0.6984578873677405,0
INV007740,0,1.45309884819142,0
INV007741,0,0.683671079604335,0
INV007742,0,1.2189386038956698,0
INV007743,0,1.2402298621582557,0
INV007744,0,1.271965036580983,0
INV007745,0,1.271965036580983,0
INV007746,0,0.8459530015883175,0
INV007747,0,0.683671079604335,0
INV007748,0,1.271965036580983,0
INV007749,0,1.9611856051031067,0
INV007750,0,1.45309884819142,0
INV007751,0,0.683671079604335,0
INV007752,0,1.4160481673278098,0
INV007753,0,1.271965036580983,0
INV007754,0,1.2189386038956698,0
INV007755,0,1.0156644256488567,0
INV007756,0,0.683671079604335,0
INV007757,0,1.45309884819142,0
INV007758,0,1.271965036580983,0
INV007759,0,0.683671079604335,0
INV007760,0,0.683671079604335,0
INV007761,0,0.5847353760623348,0
INV007762,0,1.45309884819142,0
INV007763,0,2.443424325806194,0
INV007764,0,0.683671079604335,0
INV007765,0,0.9241256467285544,0
INV007766,0,1.45309884819142,0
INV007767,0,0.5847353760623348,0
INV007768,0,1.271965036580983,0
INV007769,0,1.45309884819142,0
INV007770,0,0.683671079604335,0
INV007771,0,1.45309884819142,0
INV007772,0,0.683671079604335,0
INV007773,0,1.271965036580983,0
INV007774,0,0.683671079604335,0
INV007775,0,0.683671079604335,0
INV007776,0,0.48845103864875516,0
INV007777,0,1.271965036580983,0
INV007778,0,1.45309884819142,0
INV007779,0,1.2189386038956698,0
INV007780,0,0.5847353760623348,0
INV007781,0,1.45309884819142,0
INV007782,0,1.4971073718530792,0
INV007783,0,1.2189386038956698,0
INV007784,0,1.2189386038956698,0
INV007785,0,1.45309884819142,0
INV007786,0,0.683671079604335,0
INV007787,0,1.45309884819142,0
INV007788,0,1.2189386038956698,0
INV007789,0,0.5847353760623348,0
INV007790,0,0.4916278805553862,0
INV007791,0,1.45309884819142,0
INV007792,0,2.236902700693221,0
INV007793,0,0.683671079604335,0
INV007794,0,0.5847353760623348,0
INV007795,0,1.271965036580983,0
INV007796,0,0.683671079604335,0
INV007797,0,0.683671079604335,0
INV007798,0,1.8107075877295529,0
INV007799,0,1.45309884819142,0
INV007800,0,1.45309884819142,0
INV007801,0,1.271965036580983,0
INV007802,0,1.45309884819142,0
INV007803,0,1.271965036580983,0
INV007804,0,0.683671079604335,0
INV007805,0,0.5847353760623348,0
INV007806,0,0.683671079604335,0
INV007807,0,0.8840901190810756,0
INV007808,0,0.5847353760623348,0
INV007809,0,0.5847353760623348,0
INV007810,0,1.45309884819142,0
INV007811,0,1.271965036580983,0
INV007812,0,1.271965036580983,0
INV007813,0,1.271965036580983,0
INV007814,0,1.2189386038956698,0
INV007815,0,0.683671079604335,0
INV007816,0,0.5847353760623348,0
INV007817,0,0.683671079604335,0
INV007818,0,1.45309884819142,0
INV007819,0,1.45309884819142,0
INV007820,0,1.45309884819142,0
INV007821,0,1.45309884819142,0
INV007822,0,1.271965036580983,0
INV007823,0,0.683671079604335,0
INV007824,0,1.271965036580983,0
INV007825,0,0.683671079604335,0
INV007826,0,2.088030308517258,0
INV007827,0,1.8594312587362947,0
INV007828,0,1.271965036580983,0
INV007829,0,0.683671079604335,0
INV007830,0,0.683671079604335,0
INV007831,0,2.249670752381372,0
INV007832,0,0.683671079604335,0
INV007833,0,0.683671079604335,0
INV007834,0,0.683671079604335,0
INV007835,0,1.271965036580983,0
INV007836,0,1.45309884819142,0
INV007837,0,1.271965036580983,0
INV007838,0,1.2189386038956698,0
INV007839,0,1.45309884819142,0
INV007840,0,1.271965036580983,0
INV007841,0,1.45309884819142,0
INV007842,0,1.271965036580983,0
INV007843,0,1.906792979205278,0
INV007844,0,0.5847353760623348,0
INV007845,0,0.5847353760623348,0
INV007846,0,0.5847353760623348,0
INV007847,0,0.8349967132246254,0
INV007848,0,0.683671079604335,0
INV007849,0,0.5905725739499273,0
INV007850,0,0.683671079604335,0
INV007851,0,1.45309884819142,0
INV007852,0,0.683671079604335,0
INV007853,0,1.45309884819142,0
INV007854,0,1.271965036580983,0
INV007855,0,1.271965036580983,0
INV007856,0,1.271965036580983,0
INV007857,0,0.683671079604335,0
INV007858,0,0.683671079604335,0
INV007859,0,1.45309884819142,0
INV007860,0,1.45309884819142,0
INV007861,0,1.271965036580983,0
INV007862,0,1.271965036580983,0
INV007863,0,0.5292579420486712,0
INV007864,0,0.5847353760623348,0
INV007865,0,1.45309884819142,0
INV007866,0,0.5847353760623348,0
INV007867,0,1.982769737167044,0
INV007868,0,1.45309884819142,0
INV007869,0,1.45309884819142,0
INV007870,0,1.271965036580983,0
INV007871,0,0.683671079604335,0
INV007872,0,1.7850407320967543,0
INV007873,0,1.45309884819142,0
INV007874,0,1.45309884819142,0
INV007875,0,0.5847353760623348,0
INV007876,0,0.6873017169660081,0
INV007877,0,1.45309884819142,0
INV007878,0,1.45309884819142,0
INV007879,0,0.48394196262629696,0
INV007880,0,0.683671079604335,0
INV007881,0,1.271965036580983,0
INV007882,0,1.271965036580983,0
INV007883,0,1.45309884819142,0
INV007884,0,1.45309884819142,0
INV007885,0,1.8828728235731325,0
INV007886,0,0.5847353760623348,0
INV007887,0,0.683671079604335,0
INV007888,0,0.7199691359968374,0
INV007889,0,0.683671079604335,0
INV007890,0,1.271965036580983,0
INV007891,1,10.731987021395694,1
INV007892,0,0.2682884635077665,0
INV007893,0,0.44259776730242556,0
INV007894,0,1.271965036580983,0
INV007895,0,1.45309884819142,0
INV007896,0,1.2189386038956698,0
INV007897,0,0.683671079604335,0
INV007898,0,1.2189386038956698,0
INV007899,0,0.683671079604335,0
INV007900,0,1.271965036580983,0
INV007901,0,0.683671079604335,0
INV007902,0,1.45309884819142,0
INV007903,0,0.7001733069242553,0
INV007904,0,1.271965036580983,0
INV007905,0,1.45309884819142,0
INV007906,0,1.45309884819142,0
INV007907,0,1.45309884819142,0
INV007908,0,0.683671079604335,0
INV007909,0,1.45309884819142,0
INV007910,0,0.5847353760623348,0
INV007911,0,1.4403715278848912,0
INV007912,0,0.683671079604335,0
INV007913,0,0.4442696009352576,0
INV007914,0,1.45309884819142,0
INV007915,0,0.683671079604335,0
INV007916,0,1.271965036580983,0
INV007917,0,0.683671079604335,0
INV007918,0,1.45309884819142,0
INV007919,0,0.9596001728163063,0
INV007920,0,1.271965036580983,0
INV007921,0,1.271965036580983,0
INV007922,0,0.683671079604335,0
INV007923,0,1.271965036580983,0
INV007924,0,0.683671079604335,0
INV007925,0,0.6120315842373142,0
INV007926,0,0.683671079604335,0
INV007927,0,2.0637982868570584,0
INV007928,0,1.4783904052988086,0
INV007929,0,1.7661779986728015,0
INV007930,0,0.44259776730242556,0
INV007931,0,0.44259776730242556,0
INV007932,0,1.271965036580983,0
INV007933,0,0.45320955186982964,0
INV007934,0,1.45309884819142,0
INV007935,0,1.271965036580983,0
INV007936,0,0.683671079604335,0
INV007937,0,1.271965036580983,0
INV007938,0,0.7661109191444484,0
INV007939,0,0.44259776730242556,0
INV007940,0,1.271965036580983,0
INV007941,0,1.271965036580983,0
INV007942,0,1.45309884819142,0
INV007943,0,1.271965036580983,0
INV007944,0,1.45309884819142,0
INV007945,0,1.271965036580983,0
INV007946,0,0.683671079604335,0
INV007947,0,2.4553631329202528,0
INV007948,0,0.683671079604335,0
INV007949,0,1.45309884819142,0
INV007950,0,1.45309884819142,0
INV007951,0,0.683671079604335,0
INV007952,0,0.5847353760623348,0
INV007953,0,1.45309884819142,0
INV007954,0,0.683671079604335,0
INV007955,0,0.5847353760623348,0
INV007956,0,1.271965036580983,0
INV007957,0,1.271965036580983,0
INV007958,0,1.45309884819142,0
INV007959,0,1.45309884819142,0
INV007960,0,0.44259776730242556,0
INV007961,0,0.683671079604335,0
INV007962,0,0.683671079604335,0
INV007963,0,1.45309884819142,0
INV007964,0,0.5847353760623348,0
INV007965,0,1.45309884819142,0
INV007966,0,1.45309884819142,0
INV007967,0,0.8707027145989967,0
INV007968,0,1.271965036580983,0
INV007969,0,0.8529448064619898,0
INV007970,0,0.683671079604335,0
INV007971,0,1.45309884819142,0
INV007972,0,0.683671079604335,0
INV007973,0,0.683671079604335,0
INV007974,0,1.45309884819142,0
INV007975,0,2.4174058779812873,0
INV007976,0,1.2189386038956698,0
INV007977,0,1.45309884819142,0
INV007978,0,1.271965036580983,0
INV007979,0,0.683671079604335,0
INV007980,0,1.271965036580983,0
INV007981,0,1.271965036580983,0
INV007982,0,1.3565311790713335,0
INV007983,0,1.45309884819142,0
INV007984,0,0.49965162728116325,0
INV007985,0,1.1598219164799344,0
INV007986,0,1.271965036580983,0
INV007987,0,0.5847353760623348,0
INV007988,0,1.271965036580983,0
INV007989,0,0.5847353760623348,0
INV007990,0,1.45309884819142,0
INV007991,0,0.5847353760623348,0
INV007992,0,0.5847353760623348,0
INV007993,0,0.5847353760623348,0
INV007994,0,2.488667421793727,0
INV007995,0,0.683671079604335,0
INV007996,0,1.271965036580983,0
INV007997,0,0.683671079604335,0
INV007998,0,1.271965036580983,0
INV007999,0,0.683671079604335,0
INV008000,0,0.683671079604335,0
INV008001,0,0.48763461905675964,0
INV008002,0,0.683671079604335,0
INV008003,1,13.933669245321019,1
INV008004,0,1.2189386038956698,0
INV008005,0,1.271965036580983,0
INV008006,0,0.974919144723892,0
INV008007,0,1.271965036580983,0
INV008008,0,1.271965036580983,0
INV008009,0,1.45309884819142,0
INV008010,0,0.4482838203314565,0
INV008011,0,1.463728322718116,0
INV008012,0,1.45309884819142,0
INV008013,0,1.45309884819142,0
INV008014,0,0.5222927255525159,0
INV008015,0,1.271965036580983,0
INV008016,0,1.45309884819142,0
INV008017,0,1.2743558882992287,0
INV008018,0,1.45309884819142,0
INV008019,0,0.683671079604335,0
INV008020,0,0.683671079604335,0
INV008021,0,0.683671079604335,0
INV008022,0,0.683671079604335,0
INV008023,0,0.683671079604335,0
INV008024,0,1.271965036580983,0
INV008025,0,1.45309884819142,0
INV008026,0,1.271965036580983,0
INV008027,0,0.683671079604335,0
INV008028,0,1.45309884819142,0
INV008029,0,2.329915101336853,0
INV008030,0,1.271965036580983,0
INV008031,0,2.552591199020331,0
INV008032,0,0.683671079604335,0
INV008033,0,1.271965036580983,0
INV008034,0,1.271965036580983,0
INV008035,0,0.8872012720550174,0
INV008036,0,2.215126506702277,0
INV008037,0,1.45309884819142,0
INV008038,0,1.45309884819142,0
INV008039,0,0.2682884635077665,0
INV008040,0,1.271965036580983,0
INV008041,0,1.271965036580983,0
INV008042,0,1.271965036580983,0
INV008043,0,0.5847353760623348,0
INV008044,0,1.45309884819142,0
INV008045,0,1.271965036580983,0
INV008046,0,0.683671079604335,0
INV008047,0,1.271965036580983,0
INV008048,0,1.45309884819142,0
INV008049,0,0.683671079604335,0
INV008050,0,1.45309884819142,0
INV008051,0,0.5847353760623348,0
INV008052,0,0.5847353760623348,0
INV008053,0,1.271965036580983,0
INV008054,0,1.271965036580983,0
INV008055,0,1.45309884819142,0
INV008056,0,1.45309884819142,0
INV008057,0,0.5847353760623348,0
INV008058,0,2.4606113658376865,0
INV008059,0,1.45309884819142,0
INV008060,0,1.45309884819142,0
INV008061,0,1.896751956637057,0
INV008062,0,0.683671079604335,0
INV008063,0,0.683671079604335,0
INV008064,0,1.45309884819142,0
INV008065,0,1.271965036580983,0
INV008066,0,0.8503882557626107,0
INV008067,0,1.271965036580983,0
INV008068,1,38.25210184175853,5
INV008069,0,0.5847353760623348,0
INV008070,0,0.683671079604335,0
INV008071,0,1.8069811484194211,0
INV008072,0,0.8584207610127463,0
INV008073,0,0.683671079604335,0
INV008074,0,1.271965036580983,0
INV008075,0,1.271965036580983,0
INV008076,0,2.51675131734505,0
INV008077,0,1.45309884819142,0
INV008078,0,1.2189386038956698,0
INV008079,0,1.45309884819142,0
INV008080,0,0.683671079604335,0
INV008081,0,0.5009963735746455,0
INV008082,0,1.45309884819142,0
INV008083,0,1.271965036580983,0
INV008084,0,0.8014474984735527,0
INV008085,0,0.683671079604335,0
INV008086,0,0.683671079604335,0
INV008087,0,1.45309884819142,0
INV008088,0,1.45309884819142,0
INV008089,0,1.271965036580983,0
INV008090,0,1.45309884819142,0
INV008091,0,1.45309884819142,0
INV008092,0,1.2189386038956698,0
INV008093,0,1.271965036580983,0
INV008094,0,0.683671079604335,0
INV008095,0,1.2189386038956698,0
INV008096,0,0.683671079604335,0
INV008097,0,1.271965036580983,0
INV008098,0,1.271965036580983,0
INV008099,0,1.45309884819142,0
INV008100,0,1.2189386038956698,0
INV008101,0,1.271965036580983,0
INV008102,0,0.683671079604335,0
INV008103,0,1.45309884819142,0
INV008104,0,0.5348352017586167,0
INV008105,0,1.271965036580983,0
INV008106,0,1.271965036580983,0
INV008107,0,1.271965036580983,0
INV008108,0,1.45309884819142,0
INV008109,0,1.271965036580983,0
INV008110,0,0.683671079604335,0
INV008111,0,1.271965036580983,0
INV008112,0,0.7687794538338407,0
INV008113,0,1.511316200798216,0
INV008114,0,1.2189386038956698,0
INV008115,0,1.45309884819142,0
INV008116,0,1.45309884819142,0
INV008117,0,1.45309884819142,0
INV008118,0,1.271965036580983,0
INV008119,0,1.62193104577149,0
INV008120,0,0.2682884635077665,0
INV008121,0,1.271965036580983,0
INV008122,0,0.5847353760623348,0
INV008123,0,1.45309884819142,0
INV008124,0,1.271965036580983,0
INV008125,0,0.4985887177893621,0
INV008126,0,1.2189386038956698,0
INV008127,0,1.271965036580983,0
INV008128,0,1.271965036580983,0
INV008129,0,1.271965036580983,0
INV008130,0,0.5217487586289603,0
INV008131,0,1.45309884819142,0
INV008132,0,0.683671079604335,0
INV008133,0,1.45309884819142,0
INV008134,0,0.683671079604335,0
INV008135,0,0.683671079604335,0
INV008136,0,1.271965036580983,0
INV008137,0,1.45309884819142,0
INV008138,0,0.683671079604335,0
INV008139,0,1.45309884819142,0
INV008140,0,0.5847353760623348,0
INV008141,0,1.2189386038956698,0
INV008142,0,1.271965036580983,0
INV008143,0,0.683671079604335,0
INV008144,0,0.683671079604335,0
INV008145,0,0.683671079604335,0
INV008146,0,0.44259776730242556,0
INV008147,0,1.45309884819142,0
INV008148,0,1.271965036580983,0
INV008149,0,0.5847353760623348,0
INV008150,0,0.5847353760623348,0
INV008151,0,0.683671079604335,0
INV008152,0,1.45309884819142,0
INV008153,0,1.45309884819142,0
INV008154,0,1.45309884819142,0
INV008155,0,0.683671079604335,0
INV008156,0,1.271965036580983,0
INV008157,0,1.271965036580983,0
INV008158,0,0.683671079604335,0
INV008159,0,1.45309884819142,0
INV008160,0,0.5847353760623348,0
INV008161,0,1.271965036580983,0
INV008162,0,0.5847353760623348,0
INV008163,0,0.5847353760623348,0
INV008164,0,1.271965036580983,0
INV008165,0,0.683671079604335,0
INV008166,0,0.683671079604335,0
INV008167,0,1.45309884819142,0
INV008168,0,1.271965036580983,0
INV008169,0,0.4436687036033712,0
INV008170,0,1.45309884819142,0
INV008171,0,1.271965036580983,0
INV008172,0,1.7119542871733175,0
INV008173,0,1.45309884819142,0
INV008174,0,0.45049128127425825,0
INV008175,0,0.5847353760623348,0
INV008176,0,0.683671079604335,0
INV008177,0,0.683671079604335,0
INV008178,0,2.5521004088518096,0
INV008179,0,0.683671079604335,0
INV008180,0,1.2189386038956698,0
INV008181,0,1.45309884819142,0
INV008182,0,0.683671079604335,0
INV008183,0,0.683671079604335,0
INV008184,0,0.683671079604335,0
INV008185,0,1.271965036580983,0
INV008186,0,1.2189386038956698,0
INV008187,0,1.271965036580983,0
INV008188,0,1.2189386038956698,0
INV008189,0,1.2189386038956698,0
INV008190,0,1.45309884819142,0
INV008191,0,1.271965036580983,0
INV008192,0,0.683671079604335,0
INV008193,0,1.45309884819142,0
INV008194,0,2.0793659382955396,0
INV008195,0,1.2189386038956698,0
INV008196,0,1.45309884819142,0
INV008197,0,0.683671079604335,0
INV008198,0,1.45309884819142,0
INV008199,0,1.271965036580983,0
INV008200,0,1.2189386038956698,0
INV008201,0,0.5847353760623348,0
INV008202,0,0.5251308002491349,0
INV008203,0,1.271965036580983,0
INV008204,0,1.45309884819142,0
INV008205,0,1.45309884819142,0
INV008206,0,0.9089211612465129,0
INV008207,0,1.45309884819142,0
INV008208,0,0.5847353760623348,0
INV008209,0,1.2189386038956698,0
INV008210,0,1.45309884819142,0
INV008211,0,0.683671079604335,0
INV008212,0,1.45309884819142,0
INV008213,0,1.45309884819142,0
INV008214,0,1.271965036580983,0
INV008215,0,1.45309884819142,0
INV008216,0,0.683671079604335,0
INV008217,0,1.45309884819142,0
INV008218,0,0.683671079604335,0
INV008219,0,1.271965036580983,0
INV008220,0,1.45309884819142,0
INV008221,0,1.45309884819142,0
INV008222,1,10.731987021395694,1
INV008223,0,0.5199936129083905,0
INV008224,0,0.5188571943728656,0
INV008225,0,0.683671079604335,0
INV008226,0,0.683671079604335,0
INV008227,0,1.271965036580983,0
INV008228,0,1.8260018480862692,0
INV008229,0,0.683671079604335,0
INV008230,0,1.271965036580983,0
INV008231,0,1.45309884819142,0
INV008232,0,1.2189386038956698,0
INV008233,0,0.683671079604335,0
INV008234,0,0.683671079604335,0
INV008235,0,1.2189386038956698,0
INV008236,0,1.45309884819142,0
INV008237,0,1.2189386038956698,0
INV008238,0,1.45309884819142,0
INV008239,0,0.683671079604335,0
INV008240,0,1.2475513629131398,0
INV008241,0,1.271965036580983,0
INV008242,0,1.271965036580983,0
INV008243,0,0.683671079604335,0
INV008244,0,1.271965036580983,0
INV008245,0,1.45309884819142,0
INV008246,0,1.271965036580983,0
INV008247,0,0.4866680533329028,0
INV008248,0,1.45309884819142,0
INV008249,0,1.45309884819142,0
INV008250,0,0.683671079604335,0
INV008251,0,1.45309884819142,0
INV008252,0,1.45309884819142,0
INV008253,0,0.683671079604335,0
INV008254,0,0.7325898567930998,0
INV008255,0,0.49781577801471805,0
INV008256,0,0.5847353760623348,0
INV008257,0,1.45309884819142,0
INV008258,0,0.44259776730242556,0
INV008259,0,1.2189386038956698,0
INV008260,0,0.8051220122464156,0
INV008261,0,2.5793053239228616,0
INV008262,0,1.271965036580983,0
INV008263,0,0.683671079604335,0
INV008264,0,1.2189386038956698,0
INV008265,0,0.683671079604335,0
INV008266,0,0.683671079604335,0
INV008267,0,0.7398115729311845,0
INV008268,0,1.45309884819142,0
INV008269,0,1.45309884819142,0
INV008270,0,1.45309884819142,0
INV008271,0,0.683671079604335,0
INV008272,0,1.45309884819142,0
INV008273,0,0.46379579257937203,0
INV008274,0,0.44259776730242556,0
INV008275,0,1.2189386038956698,0
INV008276,0,1.45309884819142,0
INV008277,0,1.271965036580983,0
INV008278,0,1.45309884819142,0
INV008279,0,1.271965036580983,0
INV008280,0,0.683671079604335,0
INV008281,0,0.683671079604335,0
INV008282,0,1.2189386038956698,0
INV008283,0,1.45309884819142,0
INV008284,0,1.45309884819142,0
INV008285,0,1.2189386038956698,0
INV008286,0,0.38626998354408687,0
INV008287,0,1.45309884819142,0
INV008288,0,0.5162208785409351,0
INV008289,0,0.683671079604335,0
INV008290,0,1.45309884819142,0
INV008291,0,1.271965036580983,0
INV008292,0,0.683671079604335,0
INV008293,0,0.5847353760623348,0
INV008294,0,0.683671079604335,0
INV008295,0,1.45309884819142,0
INV008296,0,1.45309884819142,0
INV008297,0,0.9649926085812148,0
INV008298,0,1.271965036580983,0
INV008299,0,1.271965036580983,0
INV008300,0,1.271965036580983,0
INV008301,0,0.683671079604335,0
INV008302,0,1.2189386038956698,0
INV008303,0,0.5847353760623348,0
INV008304,0,1.271965036580983,0
INV008305,0,1.2189386038956698,0
INV008306,0,0.2682884635077665,0
INV008307,0,1.2189386038956698,0
INV008308,0,1.2189386038956698,0
INV008309,0,1.271965036580983,0
INV008310,0,1.271965036580983,0
INV008311,0,1.271965036580983,0
INV008312,0,0.683671079604335,0
INV008313,0,1.271965036580983,0
INV008314,0,1.2189386038956698,0
INV008315,0,0.5245771363878966,0
INV008316,0,2.2512047453618873,0
INV008317,0,1.271965036580983,0
INV008318,0,1.271965036580983,0
INV008319,0,1.45309884819142,0
INV008320,0,0.683671079604335,0
INV008321,0,0.5454076790727387,0
INV008322,0,1.271965036580983,0
INV008323,0,1.45309884819142,0
INV008324,0,0.683671079604335,0
INV008325,0,1.271965036580983,0
INV008326,0,0.8677510918901576,0
INV008327,0,1.45309884819142,0
INV008328,0,1.701977076711137,0
INV008329,0,0.683671079604335,0
INV008330,0,1.271965036580983,0
INV008331,0,1.2189386038956698,0
INV008332,0,0.44259776730242556,0
INV008333,0,1.271965036580983,0
INV008334,0,0.683671079604335,0
INV008335,0,1.45309884819142,0
INV008336,0,1.45309884819142,0
INV008337,0,1.271965036580983,0
INV008338,0,0.683671079604335,0
INV008339,0,0.45754470862288193,0
INV008340,0,1.271965036580983,0
INV008341,0,1.45309884819142,0
INV008342,1,11.405835560727546,5
INV008343,0,1.45309884819142,0
INV008344,0,0.5847353760623348,0
INV008345,0,0.5847353760623348,0
INV008346,0,0.683671079604335,0
INV008347,0,0.531282412393267,0
INV008348,0,0.683671079604335,0
INV008349,0,1.8729975873588414,0
INV008350,0,1.4552288004370035,0
INV008351,0,0.683671079604335,0
INV008352,0,0.683671079604335,0
INV008353,0,0.5847353760623348,0
INV008354,0,1.271965036580983,0
INV008355,0,1.45309884819142,0
INV008356,0,1.45309884819142,0
INV008357,0,0.683671079604335,0
INV008358,0,0.683671079604335,0
INV008359,0,0.2682884635077665,0
INV008360,0,0.683671079604335,0
INV008361,0,1.45309884819142,0
INV008362,0,1.271965036580983,0
INV008363,0,1.2189386038956698,0
INV008364,0,1.271965036580983,0
INV008365,0,1.271965036580983,0
INV008366,0,1.271965036580983,0
INV008367,0,1.45309884819142,0
INV008368,0,1.271965036580983,0
INV008369,0,0.5132057565304964,0
INV008370,0,0.499000368434215,0
INV008371,0,0.5096485444231502,0
INV008372,0,0.683671079604335,0
INV008373,0,0.4763317433720211,0
INV008374,0,1.030679977248306,0
INV008375,0,0.683671079604335,0
INV008376,0,0.5847353760623348,0
INV008377,0,0.683671079604335,0
INV008378,0,0.683671079604335,0
INV008379,0,1.2189386038956698,0
INV008380,0,1.271965036580983,0
INV008381,0,1.271965036580983,0
INV008382,0,0.683671079604335,0
INV008383,0,0.683671079604335,0
INV008384,0,0.683671079604335,0
INV008385,0,0.683671079604335,0
INV008386,0,0.683671079604335,0
INV008387,0,0.683671079604335,0
INV008388,0,1.271965036580983,0
INV008389,0,1.271965036580983,0
INV008390,0,1.2189386038956698,0
INV008391,0,1.45309884819142,0
INV008392,0,1.45309884819142,0
INV008393,0,1.45309884819142,0
INV008394,0,1.45309884819142,0
INV008395,0,1.2189386038956698,0
INV008396,0,1.271965036580983,0
INV008397,0,1.271965036580983,0
INV008398,0,0.44259776730242556,0
INV008399,0,1.2189386038956698,0
INV008400,0,1.45309884819142,0
INV008401,0,1.45309884819142,0
INV008402,0,0.683671079604335,0
INV008403,0,1.45309884819142,0
INV008404,0,1.45309884819142,0
INV008405,0,1.45309884819142,0
INV008406,0,1.271965036580983,0
INV008407,0,0.5090138642115951,0
INV008408,0,1.45309884819142,0
INV008409,0,1.45309884819142,0
INV008410,0,1.2189386038956698,0
INV008411,0,1.1548220502889548,0
INV008412,0,0.3290029976344398,0
INV008413,0,0.28628611031547213,0
INV008414,0,0.47864868586930504,0
INV008415,0,0.5847353760623348,0
INV008416,0,1.2189386038956698,0
INV008417,0,1.45309884819142,0
INV008418,0,0.683671079604335,0
INV008419,0,1.271965036580983,0
INV008420,0,0.683671079604335,0
INV008421,0,0.683671079604335,0
INV008422,0,1.271965036580983,0
INV008423,0,0.5847353760623348,0
INV008424,0,1.271965036580983,0
INV008425,0,0.683671079604335,0
INV008426,0,0.4433987533704623,0
INV008427,0,0.683671079604335,0
INV008428,0,1.271965036580983,0
INV008429,0,1.271965036580983,0
INV008430,0,1.2189386038956698,0
INV008431,0,1.271965036580983,0
INV008432,0,1.271965036580983,0
INV008433,0,1.45309884819142,0
INV008434,0,1.45309884819142,0
INV008435,0,1.67831091828539,0
INV008436,0,1.45309884819142,0
INV008437,0,1.45309884819142,0
INV008438,0,0.5847353760623348,0
INV008439,0,1.271965036580983,0
INV008440,0,0.683671079604335,0
INV008441,0,0.683671079604335,0
INV008442,0,1.271965036580983,0
INV008443,0,0.47686789018454234,0
INV008444,0,0.683671079604335,0
INV008445,0,0.5847353760623348,0
INV008446,0,1.2189386038956698,0
INV008447,0,1.45309884819142,0
INV008448,0,0.683671079604335,0
INV008449,0,1.45309884819142,0
INV008450,0,1.45309884819142,0
INV008451,0,0.683671079604335,0
INV008452,0,0.683671079604335,0
INV008453,0,1.3995550935684204,0
INV008454,0,0.683671079604335,0
INV008455,0,1.271965036580983,0
INV008456,0,1.2189386038956698,0
INV008457,0,1.45309884819142,0
INV008458,0,1.45309884819142,0
INV008459,0,1.45309884819142,0
INV008460,0,0.683671079604335,0
INV008461,0,0.5847353760623348,0
INV008462,0,0.836448438637059,0
INV008463,0,0.683671079604335,0
INV008464,0,0.683671079604335,0
INV008465,0,1.271965036580983,0
INV008466,0,1.45309884819142,0
INV008467,0,1.2189386038956698,0
INV008468,0,1.45309884819142,0
INV008469,0,0.7421923275345095,0
INV008470,0,1.45309884819142,0
INV008471,0,1.271965036580983,0
INV008472,0,1.271965036580983,0
INV008473,0,0.5847353760623348,0
INV008474,1,11.36619024922903,1
INV008475,0,1.271965036580983,0
INV008476,0,1.271965036580983,0
INV008477,0,2.425023291737715,0
INV008478,0,0.683671079604335,0
INV008479,0,1.271965036580983,0
INV008480,0,1.271965036580983,0
INV008481,0,0.683671079604335,0
INV008482,0,1.271965036580983,0
INV008483,0,1.271965036580983,0
INV008484,0,1.45309884819142,0
INV008485,0,1.722052687916804,0
INV008486,0,1.45309884819142,0
INV008487,0,1.271965036580983,0
INV008488,0,0.44259776730242556,0
INV008489,0,1.45309884819142,0
INV008490,0,2.009040930980584,0
INV008491,0,0.44259776730242556,0
INV008492,0,0.47643653285988263,0
INV008493,0,0.5847353760623348,0
INV008494,0,0.7237881654216165,0
INV008495,0,1.45309884819142,0
INV008496,0,0.5847353760623348,0
INV008497,0,0.683671079604335,0
INV008498,0,1.2189386038956698,0
INV008499,0,1.271965036580983,0
INV008500,0,1.45309884819142,0
INV008501,0,0.683671079604335,0
INV008502,0,1.2189386038956698,0
INV008503,0,1.271965036580983,0
INV008504,0,0.683671079604335,0
INV008505,0,1.2189386038956698,0
INV008506,0,1.5704368658274663,0
INV008507,0,1.271965036580983,0
INV008508,0,1.2189386038956698,0
INV008509,0,1.2225998910377722,0
INV008510,0,1.271965036580983,0
INV008511,0,0.7468950295061806,0
INV008512,0,0.5847353760623348,0
INV008513,0,1.271965036580983,0
INV008514,0,2.241868158395649,0
INV008515,0,1.45309884819142,0
INV008516,0,1.271965036580983,0
INV008517,0,0.683671079604335,0
INV008518,0,0.4987194700458579,0
INV008519,0,0.44259776730242556,0
INV008520,0,1.2189386038956698,0
INV008521,0,1.45309884819142,0
INV008522,0,1.271965036580983,0
INV008523,0,1.271965036580983,0
INV008524,0,0.683671079604335,0
INV008525,0,0.47632892813204875,0
INV008526,0,1.271965036580983,0
INV008527,0,1.271965036580983,0
INV008528,0,1.2189386038956698,0
INV008529,0,1.45309884819142,0
INV008530,0,0.5228914332533127,0
INV008531,0,0.5847353760623348,0
INV008532,0,1.45309884819142,0
INV008533,0,0.683671079604335,0
INV008534,0,1.45309884819142,0
INV008535,0,0.683671079604335,0
INV008536,0,1.45309884819142,0
INV008537,0,1.45309884819142,0
INV008538,0,1.45309884819142,0
INV008539,0,0.683671079604335,0
INV008540,0,0.8723924841913185,0
INV008541,0,0.683671079604335,0
INV008542,0,1.0466487643647302,0
INV008543,0,1.271965036580983,0
INV008544,0,1.45309884819142,0
INV008545,0,2.2882858350605546,0
INV008546,1,33.08868565181981,5
INV008547,0,0.3826352394150963,0
INV008548,0,1.45309884819142,0
INV008549,0,1.2189386038956698,0
INV008550,0,1.45309884819142,0
INV008551,0,0.683671079604335,0
INV008552,0,0.683671079604335,0
INV008553,0,0.683671079604335,0
INV008554,0,1.271965036580983,0
INV008555,0,1.271965036580983,0
INV008556,0,1.271965036580983,0
INV008557,0,0.683671079604335,0
INV008558,0,1.271965036580983,0
INV008559,0,1.2189386038956698,0
INV008560,0,0.683671079604335,0
INV008561,0,1.271965036580983,0
INV008562,0,1.45309884819142,0
INV008563,0,0.683671079604335,0
INV008564,0,1.026604448181597,0
INV008565,0,1.271965036580983,0
INV008566,0,1.45309884819142,0
INV008567,0,1.271965036580983,0
INV008568,0,1.45309884819142,0
INV008569,0,0.683671079604335,0
INV008570,0,1.45309884819142,0
INV008571,0,1.271965036580983,0
INV008572,0,0.45337565102820115,0
INV008573,0,1.45309884819142,0
INV008574,0,1.271965036580983,0
INV008575,0,0.683671079604335,0
INV008576,0,1.2719748313182604,0
INV008577,0,0.44259776730242556,0
INV008578,0,1.6430440943467128,0
INV008579,0,1.271965036580983,0
INV008580,0,0.4946511354813008,0
INV008581,0,0.683671079604335,0
INV008582,0,1.271965036580983,0
INV008583,0,1.271965036580983,0
INV008584,0,1.271965036580983,0
INV008585,0,1.45309884819142,0
INV008586,0,1.45309884819142,0
INV008587,0,1.45309884819142,0
INV008588,0,1.271965036580983,0
INV008589,0,0.965362030626482,0
INV008590,0,1.2189386038956698,0
INV008591,0,1.271965036580983,0
INV008592,0,1.271965036580983,0
INV008593,0,1.7296765356040074,0
INV008594,0,1.713593382446136,0
INV008595,0,1.271965036580983,0
INV008596,0,0.683671079604335,0
INV008597,0,1.45309884819142,0
INV008598,0,1.271965036580983,0
INV008599,0,1.45309884819142,0
INV008600,0,1.271965036580983,0
INV008601,0,0.683671079604335,0
INV008602,0,0.5241360821255542,0
INV008603,0,1.45309884819142,0
INV008604,0,1.45309884819142,0
INV008605,0,0.683671079604335,0
INV008606,0,0.5847353760623348,0
INV008607,0,1.271965036580983,0
INV008608,0,0.683671079604335,0
INV008609,0,1.45309884819142,0
INV008610,0,1.0148167256127232,0
INV008611,0,1.45309884819142,0
INV008612,0,1.271965036580983,0
INV008613,0,1.45309884819142,0
INV008614,0,1.271965036580983,0
INV008615,0,1.2189386038956698,0
INV008616,0,0.5847353760623348,0
INV008617,0,2.358526072371897,0
INV008618,0,1.2189386038956698,0
INV008619,0,0.9579394940370326,0
INV008620,0,0.5847353760623348,0
INV008621,0,1.271965036580983,0
INV008622,0,1.45309884819142,0
INV008623,0,1.271965036580983,0
INV008624,0,1.45309884819142,0
INV008625,0,1.271965036580983,0
INV008626,0,1.45309884819142,0
INV008627,0,1.2189386038956698,0
INV008628,0,0.4837567823970014,0
INV008629,0,0.683671079604335,0
INV008630,0,1.45309884819142,0
INV008631,0,1.2189386038956698,0
INV008632,0,1.45309884819142,0
INV008633,0,1.271965036580983,0
INV008634,0,0.5847353760623348,0
INV008635,0,1.45309884819142,0
INV008636,0,1.271965036580983,0
INV008637,0,1.45309884819142,0
INV008638,0,0.4907854981947563,0
INV008639,0,1.45309884819142,0
INV008640,0,1.2189386038956698,0
INV008641,0,0.5847353760623348,0
INV008642,0,1.45309884819142,0
INV008643,0,0.683671079604335,0
INV008644,0,0.683671079604335,0
INV008645,0,1.2189386038956698,0
INV008646,0,1.1931340254644431,0
INV008647,0,0.3882785443419898,0
INV008648,0,0.683671079604335,0
INV008649,0,1.45309884819142,0
INV008650,0,0.683671079604335,0
INV008651,0,1.271965036580983,0
INV008652,0,1.2189386038956698,0
INV008653,0,0.683671079604335,0
INV008654,0,1.271965036580983,0
INV008655,0,1.271965036580983,0
INV008656,0,0.8825714535181874,0
INV008657,0,1.2189386038956698,0
INV008658,0,0.5847353760623348,0
INV008659,0,1.2189386038956698,0
INV008660,0,1.271965036580983,0
INV008661,0,1.8603846866736133,0
INV008662,0,0.5194183655406971,0
INV008663,0,1.271965036580983,0
INV008664,0,1.45309884819142,0
INV008665,0,1.271965036580983,0
INV008666,0,1.45309884819142,0
INV008667,0,1.271965036580983,0
INV008668,0,0.5847353760623348,0
INV008669,0,0.683671079604335,0
INV008670,0,1.45309884819142,0
INV008671,0,1.45309884819142,0
INV008672,0,2.580431419911821,0
INV008673,0,0.683671079604335,0
INV008674,0,1.45309884819142,0
INV008675,0,0.683671079604335,0
INV008676,0,1.271965036580983,0
INV008677,0,1.271965036580983,0
INV008678,0,1.3982937000396578,0
INV008679,0,1.271965036580983,0
INV008680,0,0.39440133499769786,0
INV008681,0,1.271965036580983,0
INV008682,0,0.5847353760623348,0
INV008683,0,0.683671079604335,0
INV008684,0,0.683671079604335,0
INV008685,0,0.5847353760623348,0
INV008686,0,0.7716538138456596,0
INV008687,0,1.2189386038956698,0
INV008688,0,1.45309884819142,0
INV008689,0,0.683671079604335,0
INV008690,0,0.5847353760623348,0
INV008691,0,1.45309884819142,0
INV008692,0,1.45309884819142,0
INV008693,0,0.683671079604335,0
INV008694,0,0.877189965908727,0
INV008695,0,0.5847353760623348,0
INV008696,1,53.96861080646589,6
INV008697,0,0.683671079604335,0
INV008698,0,1.45309884819142,0
INV008699,0,1.271965036580983,0
INV008700,0,0.7164025397562498,0
INV008701,0,1.45309884819142,0
INV008702,0,0.683671079604335,0
INV008703,0,0.683671079604335,0
INV008704,0,0.5847353760623348,0
INV008705,0,0.8073319756247483,0
INV008706,0,1.271965036580983,0
INV008707,0,0.683671079604335,0
INV008708,0,1.271965036580983,0
INV008709,0,1.271965036580983,0
INV008710,0,1.271965036580983,0
INV008711,0,0.5050015216420445,0
INV008712,0,1.5388045166931557,0
INV008713,0,0.683671079604335,0
INV008714,0,1.271965036580983,0
INV008715,0,0.683671079604335,0
INV008716,0,1.271965036580983,0
INV008717,0,1.271965036580983,0
INV008718,0,1.45309884819142,0
INV008719,0,0.683671079604335,0
INV008720,0,1.45309884819142,0
INV008721,0,1.2189386038956698,0
INV008722,0,1.271965036580983,0
INV008723,0,1.271965036580983,0
INV008724,1,3.213936485947623,1
INV008725,0,1.2189386038956698,0
INV008726,0,0.683671079604335,0
INV008727,0,1.45309884819142,0
INV008728,1,34.03918910387113,5
INV008729,0,2.358522005914159,0
INV008730,0,1.271965036580983,0
INV008731,0,1.45309884819142,0
INV008732,0,0.5847353760623348,0
INV008733,0,0.683671079604335,0
INV008734,0,1.271965036580983,0
INV008735,0,0.683671079604335,0
INV008736,0,2.4966742770796695,0
INV008737,0,1.271965036580983,0
INV008738,0,0.683671079604335,0
INV008739,0,1.271965036580983,0
INV008740,0,0.683671079604335,0
INV008741,0,1.45309884819142,0
INV008742,0,0.683671079604335,0
INV008743,0,0.6850379512237584,0
INV008744,0,0.5847353760623348,0
INV008745,0,1.45309884819142,0
INV008746,0,0.683671079604335,0
INV008747,0,1.271965036580983,0
INV008748,0,1.271965036580983,0
INV008749,0,1.5248722068741971,0
INV008750,0,1.7603607744765026,0
INV008751,1,8.195174110062354,1
INV008752,0,0.6058383691024787,0
INV008753,0,1.271965036580983,0
INV008754,0,1.9253973361606531,0
INV008755,0,1.45309884819142,0
INV008756,0,0.5222608194994954,0
INV008757,1,3.029796026853982,1
INV008758,0,1.271965036580983,0
INV008759,0,1.45309884819142,0
INV008760,0,1.271965036580983,0
INV008761,0,1.271965036580983,0
INV008762,0,1.271965036580983,0
INV008763,0,0.7382450482887654,0
INV008764,0,2.084398648952864,0
INV008765,0,2.238412920536192,0
INV008766,0,0.683671079604335,0
INV008767,0,1.45309884819142,0
INV008768,0,1.271965036580983,0
INV008769,0,1.271965036580983,0
INV008770,0,0.683671079604335,0
INV008771,0,1.45309884819142,0
INV008772,0,1.271965036580983,0
INV008773,0,0.683671079604335,0
INV008774,0,0.5847353760623348,0
INV008775,0,1.45309884819142,0
INV008776,0,0.7938735645344768,0
INV008777,0,0.5847353760623348,0
INV008778,0,0.683671079604335,0
INV008779,0,0.44497841579941927,0
INV008780,0,2.3436181255002815,0
INV008781,0,0.683671079604335,0
INV008782,0,1.45309884819142,0
INV008783,0,1.45309884819142,0
INV008784,0,1.45309884819142,0
INV008785,0,1.271965036580983,0
INV008786,0,0.683671079604335,0
INV008787,0,0.683671079604335,0
INV008788,0,0.5847353760623348,0
INV008789,0,1.271965036580983,0
INV008790,0,1.45309884819142,0
INV008791,0,1.271965036580983,0
INV008792,0,1.45309884819142,0
INV008793,0,1.271965036580983,0
INV008794,0,0.683671079604335,0
INV008795,0,1.9507820421873285,0
INV008796,0,1.271965036580983,0
INV008797,0,1.2189386038956698,0
INV008798,0,1.45309884819142,0
INV008799,0,1.2189386038956698,0
INV008800,0,1.45309884819142,0
INV008801,0,1.45309884819142,0
INV008802,0,0.683671079604335,0
INV008803,0,2.5228741514805755,0
INV008804,0,1.271965036580983,0
INV008805,0,1.45309884819142,0
INV008806,0,0.683671079604335,0
INV008807,0,2.113232962359052,0
INV008808,0,0.6825436486082133,0
INV008809,1,9.463580565729025,1
INV008810,0,0.6106524294552802,0
INV008811,0,1.45309884819142,0
INV008812,0,0.5847353760623348,0
INV008813,0,2.4412346947165506,0
INV008814,0,1.45309884819142,0
INV008815,0,0.683671079604335,0
INV008816,0,0.683671079604335,0
INV008817,0,1.2189386038956698,0
INV008818,0,0.791434315500614,0
INV008819,0,1.2189386038956698,0
INV008820,0,1.5028673528366063,0
INV008821,0,0.683671079604335,0
INV008822,0,1.271965036580983,0
INV008823,0,2.2082147797655973,0
INV008824,0,1.45309884819142,0
INV008825,0,1.2189386038956698,0
INV008826,0,0.683671079604335,0
INV008827,0,0.44259776730242556,0
INV008828,0,0.44259776730242556,0
INV008829,0,1.271965036580983,0
INV008830,0,0.683671079604335,0
INV008831,0,0.5027809229127048,0
INV008832,0,1.45309884819142,0
INV008833,0,0.7319883338523305,0
INV008834,0,1.45309884819142,0
INV008835,0,1.271965036580983,0
INV008836,0,1.271965036580983,0
INV008837,0,1.420754935757219,0
INV008838,0,0.5847353760623348,0
INV008839,0,0.528871002954687,0
INV008840,0,0.683671079604335,0
INV008841,0,1.45309884819142,0
INV008842,0,0.683671079604335,0
INV008843,1,16.124509636934647,3
INV008844,0,1.45309884819142,0
INV008845,0,1.45309884819142,0
INV008846,0,1.2189386038956698,0
INV008847,0,0.488115399483157,0
INV008848,0,0.4861125126450162,0
INV008849,0,0.5076175051852855,0
INV008850,0,1.271965036580983,0
INV008851,0,1.45309884819142,0
INV008852,0,1.2189386038956698,0
INV008853,0,0.7325323007758863,0
INV008854,0,1.271965036580983,0
INV008855,0,1.271965036580983,0
INV008856,0,1.45309884819142,0
INV008857,1,7.182530958920298,1
INV008858,1,9.463580565729025,1
INV008859,0,0.683671079604335,0
INV008860,0,1.271965036580983,0
INV008861,0,1.271965036580983,0
INV008862,0,1.271965036580983,0
INV008863,0,1.271965036580983,0
INV008864,0,1.271965036580983,0
INV008865,0,1.2189386038956698,0
INV008866,0,1.45309884819142,0
INV008867,0,0.683671079604335,0
INV008868,0,0.5847353760623348,0
INV008869,0,1.45309884819142,0
INV008870,0,0.683671079604335,0
INV008871,0,1.271965036580983,0
INV008872,0,0.683671079604335,0
INV008873,0,0.683671079604335,0
INV008874,0,1.271965036580983,0
INV008875,0,0.5847353760623348,0
INV008876,0,0.683671079604335,0
INV008877,0,1.271965036580983,0
INV008878,0,0.5847353760623348,0
INV008879,0,0.683671079604335,0
INV008880,0,1.45309884819142,0
INV008881,0,0.683671079604335,0
INV008882,0,1.271965036580983,0
INV008883,0,0.558852639572031,0
INV008884,0,0.5847353760623348,0
INV008885,0,1.271965036580983,0
INV008886,0,0.683671079604335,0
INV008887,0,1.271965036580983,0
INV008888,0,0.5215097760357478,0
INV008889,0,0.683671079604335,0
INV008890,0,1.271965036580983,0
INV008891,0,1.45309884819142,0
INV008892,0,0.683671079604335,0
INV008893,0,1.271965036580983,0
INV008894,0,0.5767522481209818,0
INV008895,0,1.45309884819142,0
INV008896,0,0.47493757397680114,0
INV008897,0,1.271965036580983,0
INV008898,0,2.3543704653681954,0
INV008899,0,1.45309884819142,0
INV008900,0,1.45309884819142,0
INV008901,0,0.4890322293008348,0
INV008902,1,21.27121115401166,1
INV008903,0,0.683671079604335,0
INV008904,0,1.237005161172094,0
INV008905,0,1.45309884819142,0
INV008906,0,0.5847353760623348,0
INV008907,0,1.271965036580983,0
INV008908,0,1.271965036580983,0
INV008909,0,1.4721064768759737,0
INV008910,0,1.271965036580983,0
INV008911,0,1.45309884819142,0
INV008912,0,0.7095643218632939,0
INV008913,0,1.977472081147873,0
INV008914,0,1.45309884819142,0
INV008915,0,1.271965036580983,0
INV008916,0,1.271965036580983,0
INV008917,0,0.683671079604335,0
INV008918,0,1.45309884819142,0
INV008919,0,1.271965036580983,0
INV008920,0,1.45309884819142,0
INV008921,0,1.271965036580983,0
INV008922,0,1.2189386038956698,0
INV008923,0,1.2189386038956698,0
INV008924,0,1.271965036580983,0
INV008925,0,0.683671079604335,0
INV008926,0,1.45309884819142,0
INV008927,0,1.45309884819142,0
INV008928,0,1.271965036580983,0
INV008929,0,0.7976688208217113,0
INV008930,0,1.271965036580983,0
INV008931,0,1.271965036580983,0
INV008932,0,0.8335681353408539,0
INV008933,0,0.5847353760623348,0
INV008934,0,1.271965036580983,0
INV008935,0,1.2189386038956698,0
INV008936,0,1.45309884819142,0
INV008937,0,1.2189386038956698,0
INV008938,0,0.5145548820861581,0
INV008939,0,1.2189386038956698,0
INV008940,0,0.2682884635077665,0
INV008941,0,0.5847353760623348,0
INV008942,0,0.683671079604335,0
INV008943,0,1.45309884819142,0
INV008944,0,1.271965036580983,0
INV008945,0,1.271965036580983,0
INV008946,0,1.2189386038956698,0
INV008947,0,1.271965036580983,0
INV008948,0,1.45309884819142,0
INV008949,0,1.269580615697158,0
INV008950,0,0.5847353760623348,0
INV008951,0,1.45309884819142,0
INV008952,0,1.4472185043022057,0
INV008953,0,1.7160798649506468,0
INV008954,0,1.45309884819142,0
INV008955,0,0.683671079604335,0
INV008956,0,1.2189386038956698,0
INV008957,0,0.683671079604335,0
INV008958,0,1.271965036580983,0
INV008959,0,0.683671079604335,0
INV008960,0,0.5847353760623348,0
INV008961,0,0.47523161015169607,0
INV008962,0,1.45309884819142,0
INV008963,0,1.45309884819142,0
INV008964,0,0.683671079604335,0
INV008965,0,0.5847353760623348,0
INV008966,0,1.2189386038956698,0
INV008967,0,1.271965036580983,0
INV008968,0,1.45309884819142,0
INV008969,0,1.271965036580983,0
INV008970,0,1.45309884819142,0
INV008971,0,0.8728229031026542,0
INV008972,0,0.683671079604335,0
INV008973,0,1.271965036580983,0
INV008974,0,0.5847353760623348,0
INV008975,0,0.4830964522212533,0
INV008976,0,1.45309884819142,0
INV008977,0,1.45309884819142,0
INV008978,0,1.45309884819142,0
INV008979,0,0.683671079604335,0
INV008980,0,0.683671079604335,0
INV008981,0,1.271965036580983,0
INV008982,0,0.683671079604335,0
INV008983,0,1.45309884819142,0
INV008984,0,0.4478865586909069,0
INV008985,0,0.683671079604335,0
INV008986,0,0.683671079604335,0
INV008987,0,1.2189386038956698,0
INV008988,0,0.683671079604335,0
INV008989,0,1.45309884819142,0
INV008990,0,0.683671079604335,0
INV008991,0,1.271965036580983,0
INV008992,0,1.271965036580983,0
INV008993,0,1.271965036580983,0
INV008994,0,0.683671079604335,0
INV008995,0,1.2783832454819655,0
INV008996,0,1.2189386038956698,0
INV008997,0,0.9510211982070841,0
INV008998,0,0.5115225558314435,0
INV008999,0,0.683671079604335,0
INV009000,0,1.45309884819142,0
INV009001,0,1.45309884819142,0
INV009002,0,0.683671079604335,0
INV009003,0,1.45309884819142,0
INV009004,0,1.271965036580983,0
INV009005,0,1.271965036580983,0
INV009006,0,1.45309884819142,0
INV009007,0,0.683671079604335,0
INV009008,0,1.45309884819142,0
INV009009,0,1.45309884819142,0
INV009010,0,0.683671079604335,0
INV009011,0,1.271965036580983,0
INV009012,0,1.271965036580983,0
INV009013,0,1.45309884819142,0
INV009014,0,0.5847353760623348,0
INV009015,0,0.5055642568320827,0
INV009016,0,1.45309884819142,0
INV009017,0,1.271965036580983,0
INV009018,0,0.7275684070956648,0
INV009019,0,1.271965036580983,0
INV009020,0,1.2189386038956698,0
INV009021,0,1.271965036580983,0
INV009022,0,0.683671079604335,0
INV009023,0,1.271965036580983,0
INV009024,0,0.683671079604335,0
INV009025,0,0.683671079604335,0
INV009026,0,1.2189386038956698,0
INV009027,0,1.45309884819142,0
INV009028,0,1.271965036580983,0
INV009029,0,1.271965036580983,0
INV009030,0,1.271965036580983,0
INV009031,0,1.45309884819142,0
INV009032,0,1.271965036580983,0
INV009033,0,1.271965036580983,0
INV009034,0,0.683671079604335,0
INV009035,0,1.45309884819142,0
INV009036,0,0.683671079604335,0
INV009037,0,1.45309884819142,0
INV009038,0,0.683671079604335,0
INV009039,0,0.8593228890216793,0
INV009040,0,1.45309884819142,0
INV009041,0,1.45309884819142,0
INV009042,0,0.44259776730242556,0
INV009043,0,1.9581601605461025,0
INV009044,0,1.45309884819142,0
INV009045,0,1.271965036580983,0
INV009046,0,1.271965036580983,0
INV009047,0,0.47741435954362904,0
INV009048,0,1.271965036580983,0
INV009049,0,1.271965036580983,0
INV009050,0,1.45309884819142,0
INV009051,0,0.5419111510270196,0
INV009052,0,1.45309884819142,0
INV009053,0,0.5025810408746646,0
INV009054,0,1.2189386038956698,0
INV009055,0,1.371976211168794,0
INV009056,0,1.271965036580983,0
INV009057,0,1.45309884819142,0
INV009058,0,1.45309884819142,0
INV009059,0,0.683671079604335,0
INV009060,0,1.45309884819142,0
INV009061,0,1.271965036580983,0
INV009062,0,1.45309884819142,0
INV009063,0,1.2189386038956698,0
INV009064,0,1.271965036580983,0
INV009065,0,0.683671079604335,0
INV009066,0,1.45309884819142,0
INV009067,0,2.3079296411746273,0
INV009068,0,0.5847353760623348,0
INV009069,0,0.683671079604335,0
INV009070,0,0.4527497293410046,0
INV009071,0,0.683671079604335,0
INV009072,0,0.5847353760623348,0
INV009073,0,1.2189386038956698,0
INV009074,0,1.45309884819142,0
INV009075,0,1.271965036580983,0
INV009076,0,0.683671079604335,0
INV009077,0,0.683671079604335,0
INV009078,0,0.683671079604335,0
INV009079,1,5.11583758657677,1
INV009080,0,1.271965036580983,0
INV009081,0,1.2189386038956698,0
INV009082,0,1.6897198346757554,0
INV009083,0,1.45309884819142,0
INV009084,0,1.271965036580983,0
INV009085,0,1.271965036580983,0
INV009086,0,0.683671079604335,0
INV009087,0,0.5847353760623348,0
INV009088,0,1.271965036580983,0
INV009089,0,1.45309884819142,0
INV009090,0,1.271965036580983,0
INV009091,0,1.45309884819142,0
INV009092,0,0.683671079604335,0
INV009093,0,1.271965036580983,0
INV009094,0,1.271965036580983,0
INV009095,0,0.683671079604335,0
INV009096,0,1.7407482488065678,0
INV009097,0,1.2189386038956698,0
INV009098,0,0.683671079604335,0
INV009099,0,1.45309884819142,0
INV009100,0,0.8379893133152851,0
INV009101,0,0.683671079604335,0
INV009102,0,0.683671079604335,0
INV009103,0,1.2189386038956698,0
INV009104,0,0.683671079604335,0
INV009105,0,1.45309884819142,0
INV009106,0,1.45309884819142,0
INV009107,0,0.683671079604335,0
INV009108,0,2.3188946880626777,0
INV009109,0,1.45309884819142,0
INV009110,0,0.683671079604335,0
INV009111,0,0.44259776730242556,0
INV009112,0,0.8467838101846165,0
INV009113,0,1.45309884819142,0
INV009114,0,0.683671079604335,0
INV009115,0,1.2189386038956698,0
INV009116,0,0.683671079604335,0
INV009117,0,0.683671079604335,0
INV009118,0,1.45309884819142,0
INV009119,0,1.45309884819142,0
INV009120,0,1.45309884819142,0
INV009121,0,0.5847353760623348,0
INV009122,0,0.9087344169950107,0
INV009123,0,1.45309884819142,0
INV009124,0,0.5847353760623348,0
INV009125,0,0.7804867856612806,0
INV009126,0,1.271965036580983,0
INV009127,0,1.45309884819142,0
INV009128,0,2.5000178437535547,0
INV009129,0,0.5847353760623348,0
INV009130,0,0.683671079604335,0
INV009131,0,1.45309884819142,0
INV009132,0,1.45309884819142,0
INV009133,0,0.683671079604335,0
INV009134,0,0.49183401868225407,0
INV009135,0,1.45309884819142,0
INV009136,1,9.568379490706343,1
INV009137,0,0.5258593217931035,0
INV009138,0,1.45309884819142,0
INV009139,1,11.36619024922903,1
INV009140,0,1.45309884819142,0
INV009141,0,1.2189386038956698,0
INV009142,0,0.683671079604335,0
INV009143,0,1.45309884819142,0
INV009144,0,1.2189386038956698,0
INV009145,0,0.683671079604335,0
INV009146,0,0.6950786609875382,0
INV009147,0,1.271965036580983,0
INV009148,0,1.5736715765557523,0
INV009149,0,0.683671079604335,0
INV009150,0,1.271965036580983,0
INV009151,0,1.45309884819142,0
INV009152,0,1.45309884819142,0
INV009153,0,1.271965036580983,0
INV009154,0,1.2189386038956698,0
INV009155,0,1.45309884819142,0
INV009156,0,1.45309884819142,0
INV009157,0,0.683671079604335,0
INV009158,0,1.45309884819142,0
INV009159,0,1.271965036580983,0
INV009160,0,1.45309884819142,0
INV009161,0,1.45309884819142,0
INV009162,0,1.271965036580983,0
INV009163,0,1.45309884819142,0
INV009164,0,1.271965036580983,0
INV009165,0,1.271965036580983,0
INV009166,0,1.2189386038956698,0
INV009167,0,1.45309884819142,0
INV009168,0,1.271965036580983,0
INV009169,0,1.2189386038956698,0
INV009170,0,1.45309884819142,0
INV009171,0,1.45309884819142,0
INV009172,0,0.683671079604335,0
INV009173,0,0.5847353760623348,0
INV009174,0,0.683671079604335,0
INV009175,0,1.45309884819142,0
INV009176,0,0.683671079604335,0
INV009177,0,0.683671079604335,0
INV009178,0,1.271965036580983,0
INV009179,0,1.2189386038956698,0
INV009180,0,0.46895331220880604,0
INV009181,0,1.271965036580983,0
INV009182,0,1.271965036580983,0
INV009183,0,1.45309884819142,0
INV009184,0,1.271965036580983,0
INV009185,0,0.683671079604335,0
INV009186,0,1.45309884819142,0
INV009187,0,0.683671079604335,0
INV009188,0,1.45309884819142,0
INV009189,0,2.558711530720325,0
INV009190,0,1.45309884819142,0
INV009191,0,0.683671079604335,0
INV009192,0,1.45309884819142,0
INV009193,0,0.44259776730242556,0
INV009194,0,1.2189386038956698,0
INV009195,0,0.44259776730242556,0
INV009196,0,1.2189386038956698,0
INV009197,0,0.683671079604335,0
INV009198,0,1.2189386038956698,0
INV009199,0,1.271965036580983,0
INV009200,0,1.45309884819142,0
INV009201,0,0.683671079604335,0
INV009202,0,1.271965036580983,0
INV009203,0,0.683671079604335,0
INV009204,0,0.7529424777713337,0
INV009205,0,1.45309884819142,0
INV009206,0,0.9098964854947282,0
INV009207,0,1.45309884819142,0
INV009208,0,2.574913236761479,0
INV009209,0,1.271965036580983,0
INV009210,1,9.463580565729025,1
INV009211,0,1.271965036580983,0
INV009212,0,0.5903614309519974,0
INV009213,0,1.45309884819142,0
INV009214,0,2.154992042478521,0
INV009215,0,1.45309884819142,0
INV009216,0,1.271965036580983,0
INV009217,0,1.271965036580983,0
INV009218,0,1.271965036580983,0
INV009219,0,0.683671079604335,0
INV009220,0,0.5184846008033677,0
INV009221,0,0.4940155168564215,0
INV009222,0,1.271965036580983,0
INV009223,0,0.683671079604335,0
INV009224,0,0.683671079604335,0
INV009225,0,0.683671079604335,0
INV009226,0,1.2189386038956698,0
INV009227,0,1.45309884819142,0
INV009228,0,1.2189386038956698,0
INV009229,0,1.271965036580983,0
INV009230,0,1.271965036580983,0
INV009231,0,1.271965036580983,0
INV009232,0,1.271965036580983,0
INV009233,0,1.271965036580983,0
INV009234,0,0.2682884635077665,0
INV009235,0,0.5847353760623348,0
INV009236,0,0.683671079604335,0
INV009237,0,1.45309884819142,0
INV009238,0,0.5240012634113204,0
INV009239,0,0.2682884635077665,0
INV009240,0,1.45309884819142,0
INV009241,0,1.45309884819142,0
INV009242,0,0.683671079604335,0
INV009243,0,0.683671079604335,0
INV009244,0,1.271965036580983,0
INV009245,0,0.4963127526738987,0
INV009246,0,1.45309884819142,0
INV009247,0,1.45309884819142,0
INV009248,0,1.271965036580983,0
INV009249,0,1.45309884819142,0
INV009250,0,0.683671079604335,0
INV009251,0,1.45309884819142,0
INV009252,0,1.271965036580983,0
INV009253,0,0.5847353760623348,0
INV009254,0,0.683671079604335,0
INV009255,0,0.683671079604335,0
INV009256,0,1.271965036580983,0
INV009257,0,1.45309884819142,0
INV009258,0,0.5847353760623348,0
INV009259,0,1.271965036580983,0
INV009260,0,1.271965036580983,0
INV009261,0,0.5847353760623348,0
INV009262,0,1.271965036580983,0
INV009263,0,1.45309884819142,0
INV009264,0,1.45309884819142,0
INV009265,0,1.271965036580983,0
INV009266,0,0.44259776730242556,0
INV009267,0,0.5847353760623348,0
INV009268,0,0.2682884635077665,0
INV009269,0,0.683671079604335,0
INV009270,0,0.683671079604335,0
INV009271,0,0.683671079604335,0
INV009272,0,1.2189386038956698,0
INV009273,0,0.44259776730242556,0
INV009274,0,0.44259776730242556,0
INV009275,0,1.2189386038956698,0
INV009276,0,0.683671079604335,0
INV009277,0,0.683671079604335,0
INV009278,0,0.683671079604335,0
INV009279,0,0.5847353760623348,0
INV009280,0,0.683671079604335,0
INV009281,0,1.271965036580983,0
INV009282,0,0.44259776730242556,0
INV009283,0,1.45309884819142,0
INV009284,0,1.271965036580983,0
INV009285,0,1.2189386038956698,0
INV009286,0,0.5847353760623348,0
INV009287,0,0.44259776730242556,0
INV009288,0,1.45309884819142,0
INV009289,0,1.271965036580983,0
INV009290,0,0.5847353760623348,0
INV009291,0,1.45309884819142,0
INV009292,0,1.271965036580983,0
INV009293,0,1.2189386038956698,0
INV009294,0,1.271965036580983,0
INV009295,0,1.45309884819142,0
INV009296,0,1.2189386038956698,0
INV009297,0,1.271965036580983,0
INV009298,0,0.683671079604335,0
INV009299,0,1.271965036580983,0
INV009300,0,1.271965036580983,0
INV009301,0,0.683671079604335,0
INV009302,0,1.271965036580983,0
INV009303,0,1.271965036580983,0
INV009304,0,0.683671079604335,0
INV009305,0,0.683671079604335,0
INV009306,0,0.8104972437670482,0
INV009307,0,1.271965036580983,0
INV009308,0,0.683671079604335,0
INV009309,0,0.683671079604335,0
INV009310,0,1.2189386038956698,0
INV009311,0,1.2189386038956698,0
INV009312,0,1.271965036580983,0
INV009313,0,1.279727053362124,0
INV009314,0,0.514171383841029,0
INV009315,0,1.45309884819142,0
INV009316,0,0.683671079604335,0
INV009317,0,1.271965036580983,0
INV009318,0,0.683671079604335,0
INV009319,0,1.45309884819142,0
INV009320,0,1.2189386038956698,0
INV009321,0,1.45309884819142,0
INV009322,0,0.683671079604335,0
INV009323,0,1.45309884819142,0
INV009324,0,0.683671079604335,0
INV009325,0,0.683671079604335,0
INV009326,0,0.683671079604335,0
INV009327,0,1.45309884819142,0
INV009328,0,0.2682884635077665,0
INV009329,0,0.683671079604335,0
INV009330,0,1.45309884819142,0
INV009331,0,1.45309884819142,0
INV009332,0,1.7406246910522236,0
INV009333,0,0.4808933705406308,0
INV009334,0,0.683671079604335,0
INV009335,0,1.2189386038956698,0
INV009336,0,1.45309884819142,0
INV009337,0,0.683671079604335,0
INV009338,0,1.45309884819142,0
INV009339,0,0.683671079604335,0
INV009340,0,1.271965036580983,0
INV009341,0,1.271965036580983,0
INV009342,0,1.5816868775616124,0
INV009343,0,1.45309884819142,0
INV009344,0,0.683671079604335,0
INV009345,0,1.45309884819142,0
INV009346,0,0.5847353760623348,0
INV009347,0,0.683671079604335,0
INV009348,0,1.271965036580983,0
INV009349,0,0.683671079604335,0
INV009350,0,0.4658149452484645,0
INV009351,0,1.45309884819142,0
INV009352,0,0.683671079604335,0
INV009353,0,1.3637106666098326,0
INV009354,0,0.683671079604335,0
INV009355,0,1.2189386038956698,0
INV009356,0,0.5847353760623348,0
INV009357,0,1.271965036580983,0
INV009358,0,1.271965036580983,0
INV009359,0,0.683671079604335,0
INV009360,0,1.271965036580983,0
INV009361,0,0.683671079604335,0
INV009362,0,1.271965036580983,0
INV009363,0,1.7724587990512228,0
INV009364,0,0.5335568134865236,0
INV009365,0,0.46503230853613775,0
INV009366,0,1.45309884819142,0
INV009367,0,1.2189386038956698,0
INV009368,0,1.45309884819142,0
INV009369,0,0.5847353760623348,0
INV009370,0,1.2189386038956698,0
INV009371,0,1.271965036580983,0
INV009372,0,1.2189386038956698,0
INV009373,0,0.683671079604335,0
INV009374,0,1.2189386038956698,0
INV009375,0,0.5847353760623348,0
INV009376,0,1.2189386038956698,0
INV009377,0,1.271965036580983,0
INV009378,0,0.9854359428474485,0
INV009379,0,1.45309884819142,0
INV009380,0,0.2682884635077665,0
INV009381,0,0.683671079604335,0
INV009382,0,0.44259776730242556,0
INV009383,0,0.683671079604335,0
INV009384,0,0.683671079604335,0
INV009385,0,1.45309884819142,0
INV009386,0,1.45309884819142,0
INV009387,0,1.271965036580983,0
INV009388,0,1.45309884819142,0
INV009389,0,0.7156408609414954,0
INV009390,0,2.1350169764610296,0
INV009391,0,1.271965036580983,0
INV009392,0,1.008531545972123,0
INV009393,0,0.683671079604335,0
INV009394,0,1.45309884819142,0
INV009395,0,1.45309884819142,0
INV009396,0,0.46502417562066195,0
INV009397,0,1.45309884819142,0
INV009398,0,0.683671079604335,0
INV009399,0,1.271965036580983,0
INV009400,0,1.45309884819142,0
INV009401,0,1.45309884819142,0
INV009402,0,0.683671079604335,0
INV009403,0,1.271965036580983,0
INV009404,0,0.683671079604335,0
INV009405,0,1.271965036580983,0
INV009406,0,1.45309884819142,0
INV009407,0,0.5847353760623348,0
INV009408,0,0.683671079604335,0
INV009409,0,1.45309884819142,0
INV009410,0,0.5847353760623348,0
INV009411,0,0.5847353760623348,0
INV009412,0,0.683671079604335,0
INV009413,0,0.683671079604335,0
INV009414,0,1.45309884819142,0
INV009415,0,0.9701132172865664,0
INV009416,0,0.5252909561231203,0
INV009417,0,0.6583954585383033,0
INV009418,0,0.683671079604335,0
INV009419,0,0.44259776730242556,0
INV009420,0,1.0106479808224837,0
INV009421,0,1.271965036580983,0
INV009422,0,1.2189386038956698,0
INV009423,0,0.7986691694252368,0
INV009424,0,0.5847353760623348,0
INV009425,0,1.45309884819142,0
INV009426,0,1.2189386038956698,0
INV009427,0,0.5148789474874252,0
INV009428,0,1.271965036580983,0
INV009429,0,1.384818397509552,0
INV009430,0,0.683671079604335,0
INV009431,0,1.45309884819142,0
INV009432,0,0.683671079604335,0
INV009433,0,1.45309884819142,0
INV009434,0,1.271965036580983,0
INV009435,0,1.45309884819142,0
INV009436,0,0.49075077690176333,0
INV009437,0,1.271965036580983,0
INV009438,0,1.271965036580983,0
INV009439,0,1.271965036580983,0
INV009440,0,1.45309884819142,0
INV009441,0,2.0798273248465717,0
INV009442,0,1.271965036580983,0
INV009443,0,1.45309884819142,0
INV009444,0,1.45309884819142,0
INV009445,0,1.45309884819142,0
INV009446,0,0.683671079604335,0
INV009447,0,1.45309884819142,0
INV009448,0,1.45309884819142,0
INV009449,0,0.683671079604335,0
INV009450,0,1.2189386038956698,0
INV009451,0,1.45309884819142,0
INV009452,0,0.683671079604335,0
INV009453,0,1.271965036580983,0
INV009454,0,1.271965036580983,0
INV009455,0,1.271965036580983,0
INV009456,0,0.683671079604335,0
INV009457,0,0.683671079604335,0
INV009458,0,1.022914919795548,0
INV009459,0,0.683671079604335,0
INV009460,0,1.45309884819142,0
INV009461,0,1.271965036580983,0
INV009462,0,1.45309884819142,0
INV009463,0,0.7946615189223069,0
INV009464,0,1.45309884819142,0
INV009465,0,1.45309884819142,0
INV009466,0,0.47547340798488097,0
INV009467,0,1.45309884819142,0
INV009468,0,1.271965036580983,0
INV009469,0,1.45309884819142,0
INV009470,0,0.683671079604335,0
INV009471,0,0.683671079604335,0
INV009472,0,1.2189386038956698,0
INV009473,0,1.271965036580983,0
INV009474,0,1.2189386038956698,0
INV009475,1,11.36619024922903,1
INV009476,0,1.271965036580983,0
INV009477,0,1.9689719332578781,0
INV009478,0,0.5847353760623348,0
INV009479,0,0.5847353760623348,0
INV009480,0,1.2189386038956698,0
INV009481,0,1.2189386038956698,0
INV009482,0,1.45309884819142,0
INV009483,0,0.5005359254369377,0
INV009484,0,0.683671079604335,0
INV009485,0,1.45309884819142,0
INV009486,0,0.683671079604335,0
INV009487,0,2.412321554591135,0
INV009488,0,1.271965036580983,0
INV009489,0,0.683671079604335,0
INV009490,0,1.271965036580983,0
INV009491,0,0.7300580176445893,0
INV009492,0,1.45309884819142,0
INV009493,0,1.45309884819142,0
INV009494,0,1.271965036580983,0
INV009495,0,1.271965036580983,0
INV009496,0,1.45309884819142,0
INV009497,0,0.5847353760623348,0
INV009498,0,0.683671079604335,0
INV009499,0,0.683671079604335,0
INV009500,0,1.271965036580983,0
INV009501,0,2.441984174158091,0
INV009502,0,1.2189386038956698,0
INV009503,0,1.45309884819142,0
INV009504,0,1.45309884819142,0
INV009505,0,0.5847353760623348,0
INV009506,0,1.45309884819142,0
INV009507,0,0.683671079604335,0
INV009508,0,1.45309884819142,0
INV009509,0,1.45309884819142,0
INV009510,0,1.2189386038956698,0
INV009511,0,1.271965036580983,0
INV009512,0,1.271965036580983,0
INV009513,0,1.271965036580983,0
INV009514,0,1.45309884819142,0
INV009515,0,1.271965036580983,0
INV009516,0,0.683671079604335,0
INV009517,0,1.271965036580983,0
INV009518,0,1.271965036580983,0
INV009519,0,2.3490728093490243,0
INV009520,1,18.66464034508375,1
INV009521,0,1.45309884819142,0
INV009522,0,1.2189386038956698,0
INV009523,0,1.271965036580983,0
INV009524,0,1.45309884819142,0
INV009525,0,1.45309884819142,0
INV009526,0,0.5847353760623348,0
INV009527,0,1.2189386038956698,0
INV009528,0,0.683671079604335,0
INV009529,0,1.271965036580983,0
INV009530,0,1.271965036580983,0
INV009531,0,1.271965036580983,0
INV009532,0,0.683671079604335,0
INV009533,0,0.683671079604335,0
INV009534,0,0.5847353760623348,0
INV009535,0,1.271965036580983,0
INV009536,0,1.45309884819142,0
INV009537,0,1.45309884819142,0
INV009538,0,0.7997383350058654,0
INV009539,0,0.683671079604335,0
INV009540,0,1.45309884819142,0
INV009541,0,0.683671079604335,0
INV009542,0,1.271965036580983,0
INV009543,0,1.2189386038956698,0
INV009544,0,0.8942581402524963,0
INV009545,0,1.271965036580983,0
INV009546,0,1.271965036580983,0
INV009547,0,1.271965036580983,0
INV009548,0,0.683671079604335,0
INV009549,0,0.683671079604335,0
INV009550,0,0.5847353760623348,0
INV009551,0,1.271965036580983,0
INV009552,1,16.35812857239084,1
INV009553,0,0.683671079604335,0
INV009554,0,1.271965036580983,0
INV009555,0,0.5847353760623348,0
INV009556,0,0.683671079604335,0
INV009557,0,1.2189386038956698,0
INV009558,0,1.271965036580983,0
INV009559,0,0.683671079604335,0
INV009560,0,1.45309884819142,0
INV009561,0,1.45309884819142,0
INV009562,0,2.0922888281821725,0
INV009563,0,1.45309884819142,0
INV009564,0,1.45309884819142,0
INV009565,0,1.271965036580983,0
INV009566,0,2.503451498106557,0
INV009567,0,1.2189386038956698,0
INV009568,0,0.683671079604335,0
INV009569,0,2.4217097542902017,0
INV009570,0,1.271965036580983,0
INV009571,0,0.5847353760623348,0
INV009572,0,1.271965036580983,0
INV009573,0,1.45309884819142,0
INV009574,0,1.45309884819142,0
INV009575,0,1.45309884819142,0
INV009576,1,18.008162232141192,2
INV009577,0,0.46761294517750307,0
INV009578,0,1.2189386038956698,0
INV009579,0,2.1012269022900965,0
INV009580,0,1.271965036580983,0
INV009581,0,1.2189386038956698,0
INV009582,0,0.683671079604335,0
INV009583,0,1.271965036580983,0
INV009584,0,1.7828251382384765,0
INV009585,0,1.271965036580983,0
INV009586,0,1.271965036580983,0
INV009587,0,0.5847353760623348,0
INV009588,0,0.5847353760623348,0
INV009589,0,1.2189386038956698,0
INV009590,0,1.45309884819142,0
INV009591,0,0.5847353760623348,0
INV009592,0,2.0493451576432067,0
INV009593,0,1.271965036580983,0
INV009594,0,1.45309884819142,0
INV009595,0,1.2189386038956698,0
INV009596,0,1.217393886719925,0
INV009597,0,1.271965036580983,0
INV009598,0,1.271965036580983,0
INV009599,0,1.45309884819142,0
INV009600,0,1.2189386038956698,0
INV009601,0,1.45309884819142,0
INV009602,0,0.683671079604335,0
INV009603,0,0.4636819317627106,0
INV009604,0,1.271965036580983,0
INV009605,0,1.2189386038956698,0
INV009606,0,1.271965036580983,0
INV009607,0,0.3276642381051608,0
INV009608,0,2.4113837668758853,0
INV009609,0,1.45309884819142,0
INV009610,0,1.45309884819142,0
INV009611,0,1.45309884819142,0
INV009612,0,2.4900934972419675,0
INV009613,0,1.271965036580983,0
INV009614,0,1.45309884819142,0
INV009615,0,1.45309884819142,0
INV009616,0,1.271965036580983,0
INV009617,0,0.683671079604335,0
INV009618,0,0.48066377208065963,0
INV009619,0,1.271965036580983,0
INV009620,0,0.683671079604335,0
INV009621,0,0.5847353760623348,0
INV009622,0,1.271965036580983,0
INV009623,0,1.45309884819142,0
INV009624,0,1.271965036580983,0
INV009625,0,1.271965036580983,0
INV009626,0,1.271965036580983,0
INV009627,0,0.683671079604335,0
INV009628,0,0.683671079604335,0
INV009629,0,1.8979037025902095,0
INV009630,0,1.271965036580983,0
INV009631,0,0.683671079604335,0
INV009632,0,1.2189386038956698,0
INV009633,0,1.45309884819142,0
INV009634,0,1.271965036580983,0
INV009635,0,0.5847353760623348,0
INV009636,0,0.683671079604335,0
INV009637,0,1.271965036580983,0
INV009638,0,0.5072465191178116,0
INV009639,0,0.683671079604335,0
INV009640,0,1.271965036580983,0
INV009641,0,1.271965036580983,0
INV009642,0,1.45309884819142,0
INV009643,0,0.683671079604335,0
INV009644,0,1.45309884819142,0
INV009645,0,1.45309884819142,0
INV009646,1,11.841352555803656,1
INV009647,0,2.183200121393071,0
INV009648,0,1.45309884819142,0
INV009649,0,1.271965036580983,0
INV009650,0,1.271965036580983,0
INV009651,0,0.5847353760623348,0
INV009652,0,1.271965036580983,0
INV009653,0,0.5847353760623348,0
INV009654,0,1.2189386038956698,0
INV009655,0,0.4842985596894674,0
INV009656,0,0.683671079604335,0
INV009657,0,1.271965036580983,0
INV009658,0,0.4787669259481458,0
INV009659,0,0.40377706599892604,0
INV009660,0,1.271965036580983,0
INV009661,0,0.5847353760623348,0
INV009662,0,1.45309884819142,0
INV009663,0,1.271965036580983,0
INV009664,0,1.271965036580983,0
INV009665,0,0.5192056150407433,0
INV009666,0,1.45309884819142,0
INV009667,0,0.683671079604335,0
INV009668,0,1.45309884819142,0
INV009669,0,1.2189386038956698,0
INV009670,0,1.45309884819142,0
INV009671,0,1.271965036580983,0
INV009672,0,0.683671079604335,0
INV009673,0,1.45309884819142,0
INV009674,0,1.2189386038956698,0
INV009675,0,1.6857403365725494,0
INV009676,0,0.683671079604335,0
INV009677,0,1.45309884819142,0
INV009678,0,0.683671079604335,0
INV009679,0,1.271965036580983,0
INV009680,0,1.271965036580983,0
INV009681,0,1.271965036580983,0
INV009682,0,1.45309884819142,0
INV009683,0,0.9463463358306956,0
INV009684,0,1.45309884819142,0
INV009685,0,1.45309884819142,0
INV009686,0,0.683671079604335,0
INV009687,0,1.45309884819142,0
INV009688,0,1.271965036580983,0
INV009689,0,1.45309884819142,0
INV009690,0,1.45309884819142,0
INV009691,0,0.683671079604335,0
INV009692,0,1.271965036580983,0
INV009693,0,1.45309884819142,0
INV009694,0,1.271965036580983,0
INV009695,0,1.6691848487081982,0
INV009696,0,1.271965036580983,0
INV009697,0,0.683671079604335,0
INV009698,0,1.2189386038956698,0
INV009699,0,1.45309884819142,0
INV009700,1,19.822863428230242,3
INV009701,0,1.45309884819142,0
INV009702,0,0.683671079604335,0
INV009703,0,0.683671079604335,0
INV009704,0,0.5847353760623348,0
INV009705,0,0.748972989410252,0
INV009706,0,2.3385375557634265,0
INV009707,0,1.2189386038956698,0
INV009708,0,0.683671079604335,0
INV009709,0,0.683671079604335,0
INV009710,0,1.2189386038956698,0
INV009711,0,0.683671079604335,0
INV009712,0,1.2189386038956698,0
INV009713,0,1.2189386038956698,0
INV009714,0,1.45309884819142,0
INV009715,0,1.45309884819142,0
INV009716,0,1.45309884819142,0
INV009717,0,0.5847353760623348,0
INV009718,0,1.45309884819142,0
INV009719,0,0.5130246427589388,0
INV009720,0,0.683671079604335,0
INV009721,0,0.4703690651104811,0
INV009722,0,1.421164396770982,0
INV009723,0,1.45309884819142,0
INV009724,0,1.45309884819142,0
INV009725,0,0.683671079604335,0
INV009726,0,0.5847353760623348,0
INV009727,0,1.4460298474249709,0
INV009728,0,0.683671079604335,0
INV009729,0,0.5237435125516253,0
INV009730,0,0.683671079604335,0
INV009731,0,0.5152843420434506,0
INV009732,0,1.2189386038956698,0
INV009733,0,1.45309884819142,0
INV009734,0,1.271965036580983,0
INV009735,0,1.271965036580983,0
INV009736,0,1.271965036580983,0
INV009737,0,1.271965036580983,0
INV009738,0,1.271965036580983,0
INV009739,0,0.5201653425467069,0
INV009740,0,0.683671079604335,0
INV009741,1,21.823712404697822,2
INV009742,0,0.683671079604335,0
INV009743,0,1.2189386038956698,0
INV009744,1,9.463580565729025,1
INV009745,0,1.572494180638407,0
INV009746,0,2.2177621969253245,0
INV009747,0,0.5847353760623348,0
INV009748,0,1.45309884819142,0
INV009749,0,1.271965036580983,0
INV009750,0,1.271965036580983,0
INV009751,0,0.5847353760623348,0
INV009752,0,1.2189386038956698,0
INV009753,0,0.683671079604335,0
INV009754,0,0.683671079604335,0
INV009755,0,1.271965036580983,0
INV009756,0,0.683671079604335,0
INV009757,0,0.683671079604335,0
INV009758,0,1.271965036580983,0
INV009759,0,0.8434990507457103,0
INV009760,0,1.45309884819142,0
INV009761,0,1.271965036580983,0
INV009762,0,0.5847353760623348,0
INV009763,0,0.683671079604335,0
INV009764,0,0.683671079604335,0
INV009765,0,0.683671079604335,0
INV009766,0,2.2150304757387738,0
INV009767,0,1.271965036580983,0
INV009768,0,0.683671079604335,0
INV009769,0,1.271965036580983,0
INV009770,0,1.45309884819142,0
INV009771,0,1.2189386038956698,0
INV009772,0,1.45309884819142,0
INV009773,0,1.45309884819142,0
INV009774,0,0.683671079604335,0
INV009775,0,1.0100389505751215,0
INV009776,0,1.45309884819142,0
INV009777,0,1.9561137938906101,0
INV009778,0,1.5072400461226239,0
INV009779,0,1.45309884819142,0
INV009780,0,1.2189386038956698,0
INV009781,0,1.271965036580983,0
INV009782,0,0.2682884635077665,0
INV009783,0,1.45309884819142,0
INV009784,0,0.683671079604335,0
INV009785,0,1.2189386038956698,0
INV009786,0,0.5847353760623348,0
INV009787,0,1.45309884819142,0
INV009788,0,1.271965036580983,0
INV009789,0,0.683671079604335,0
INV009790,0,1.271965036580983,0
INV009791,0,0.683671079604335,0
INV009792,0,1.271965036580983,0
INV009793,0,1.45309884819142,0
INV009794,0,0.683671079604335,0
INV009795,0,0.5189913874782166,0
INV009796,0,1.2189386038956698,0
INV009797,0,2.3204715352516625,0
INV009798,0,1.271965036580983,0
INV009799,0,1.45309884819142,0
INV009800,0,1.45309884819142,0
INV009801,0,0.5847353760623348,0
INV009802,0,1.271965036580983,0
INV009803,0,0.683671079604335,0
INV009804,0,1.45309884819142,0
INV009805,0,1.45309884819142,0
INV009806,0,0.5847353760623348,0
INV009807,0,1.45309884819142,0
INV009808,0,1.271965036580983,0
INV009809,0,1.271965036580983,0
INV009810,0,0.4720578962894788,0
INV009811,0,0.683671079604335,0
INV009812,0,0.683671079604335,0
INV009813,1,8.281732676232254,6
INV009814,0,0.3802228915631921,0
INV009815,0,0.683671079604335,0
INV009816,0,1.271965036580983,0
INV009817,0,0.3592421157868546,0
INV009818,0,2.194217093818391,0
INV009819,0,0.683671079604335,0
INV009820,0,1.45309884819142,0
INV009821,1,9.463580565729025,1
INV009822,0,1.271965036580983,0
INV009823,0,0.683671079604335,0
INV009824,0,1.45309884819142,0
INV009825,0,1.294933102866372,0
INV009826,0,1.2189386038956698,0
INV009827,0,2.2111679664966433,0
INV009828,0,0.683671079604335,0
INV009829,0,1.271965036580983,0
INV009830,0,0.683671079604335,0
INV009831,0,0.7158745258592044,0
INV009832,0,1.4624677208193642,0
INV009833,0,1.271965036580983,0
INV009834,0,1.45309884819142,0
INV009835,0,1.271965036580983,0
INV009836,0,0.5847353760623348,0
INV009837,0,1.271965036580983,0
INV009838,0,0.5847353760623348,0
INV009839,1,8.195174110062354,1
INV009840,0,1.271965036580983,0
INV009841,0,0.683671079604335,0
INV009842,0,1.45309884819142,0
INV009843,0,0.683671079604335,0
INV009844,0,1.271965036580983,0
INV009845,0,1.45309884819142,0
INV009846,0,1.271965036580983,0
INV009847,0,1.162379405592638,0
INV009848,0,1.2189386038956698,0
INV009849,0,1.271965036580983,0
INV009850,0,1.271965036580983,0
INV009851,0,0.683671079604335,0
INV009852,0,1.271965036580983,0
INV009853,0,1.271965036580983,0
INV009854,0,1.271965036580983,0
INV009855,0,1.2189386038956698,0
INV009856,0,2.0744652311124767,0
INV009857,0,0.683671079604335,0
INV009858,0,1.271965036580983,0
INV009859,0,1.45309884819142,0
INV009860,0,1.271965036580983,0
INV009861,0,0.5270392201459798,0
INV009862,0,1.45309884819142,0
INV009863,0,1.271965036580983,0
INV009864,0,0.4308687458621995,0
INV009865,0,1.271965036580983,0
INV009866,0,0.683671079604335,0
INV009867,0,1.45309884819142,0
INV009868,0,1.271965036580983,0
INV009869,0,0.683671079604335,0
INV009870,0,1.271965036580983,0
INV009871,0,1.45309884819142,0
INV009872,0,1.45309884819142,0
INV009873,0,0.9186362415868188,0
INV009874,0,1.271965036580983,0
INV009875,0,1.9300553070972066,0
INV009876,0,0.9376028260853088,0
INV009877,0,0.47180640151861125,0
INV009878,0,1.2189386038956698,0
INV009879,0,0.683671079604335,0
INV009880,0,0.683671079604335,0
INV009881,0,1.271965036580983,0
INV009882,0,0.683671079604335,0
INV009883,0,1.271965036580983,0
INV009884,0,1.8845031603215925,0
INV009885,0,1.271965036580983,0
INV009886,0,1.45309884819142,0
INV009887,0,0.683671079604335,0
INV009888,0,0.683671079604335,0
INV009889,0,0.48803938800390223,0
INV009890,0,1.271965036580983,0
INV009891,0,0.5847353760623348,0
INV009892,0,1.45309884819142,0
INV009893,0,1.271965036580983,0
INV009894,0,2.368830476279758,0
INV009895,0,1.2189386038956698,0
INV009896,0,1.271965036580983,0
INV009897,0,0.9216951562190504,0
INV009898,0,1.271965036580983,0
INV009899,0,1.271965036580983,0
INV009900,0,0.683671079604335,0
INV009901,0,1.271965036580983,0
INV009902,0,0.5847353760623348,0
INV009903,0,0.44259776730242556,0
INV009904,0,1.45309884819142,0
INV009905,0,0.683671079604335,0
INV009906,0,1.8983253629771863,0
INV009907,0,1.45309884819142,0
INV009908,0,0.683671079604335,0
INV009909,0,0.7781441931998038,0
INV009910,0,1.271965036580983,0
INV009911,0,1.45309884819142,0
INV009912,0,1.45309884819142,0
INV009913,0,1.45309884819142,0
INV009914,0,1.45309884819142,0
INV009915,0,1.271965036580983,0
INV009916,0,0.683671079604335,0
INV009917,0,1.2189386038956698,0
INV009918,0,1.45309884819142,0
INV009919,0,1.5722777199649738,0
INV009920,0,0.5847353760623348,0
INV009921,0,0.5847353760623348,0
INV009922,0,1.5991898500788961,0
INV009923,0,0.683671079604335,0
INV009924,0,1.45309884819142,0
INV009925,0,1.271965036580983,0
INV009926,0,0.683671079604335,0
INV009927,0,1.271965036580983,0
INV009928,0,1.2189386038956698,0
INV009929,0,0.5847353760623348,0
INV009930,0,1.242506452882602,0
INV009931,0,0.683671079604335,0
INV009932,0,1.271965036580983,0
INV009933,0,1.45309884819142,0
INV009934,0,1.2189386038956698,0
INV009935,0,1.2189386038956698,0
INV009936,0,0.683671079604335,0
INV009937,0,1.9841279340515057,0
INV009938,0,0.5847353760623348,0
INV009939,0,0.7338626580650651,0
INV009940,0,1.271965036580983,0
INV009941,0,1.271965036580983,0
INV009942,0,1.271965036580983,0
INV009943,0,1.271965036580983,0
INV009944,0,1.45309884819142,0
INV009945,0,1.45309884819142,0
INV009946,0,1.2189386038956698,0
INV009947,0,1.45309884819142,0
INV009948,0,1.271965036580983,0
INV009949,0,1.0090761385045612,0
INV009950,0,0.683671079604335,0
INV009951,0,0.48962124006394886,0
INV009952,0,0.683671079604335,0
INV009953,0,0.683671079604335,0
INV009954,0,1.271965036580983,0
INV009955,0,0.5847353760623348,0
INV009956,0,1.45309884819142,0
INV009957,0,0.683671079604335,0
INV009958,0,1.45309884819142,0
INV009959,0,1.271965036580983,0
INV009960,0,1.45309884819142,0
INV009961,0,0.5847353760623348,0
INV009962,0,0.7465847275003339,0
INV009963,0,1.2189386038956698,0
INV009964,0,1.8883885042879438,0
INV009965,0,1.45309884819142,0
INV009966,0,0.683671079604335,0
INV009967,0,1.45309884819142,0
INV009968,0,1.271965036580983,0
INV009969,0,0.5160863291513257,0
INV009970,0,1.45309884819142,0
INV009971,0,1.45309884819142,0
INV009972,0,0.683671079604335,0
INV009973,0,1.271965036580983,0
INV009974,0,0.683671079604335,0
INV009975,0,1.45309884819142,0
INV009976,0,1.271965036580983,0
INV009977,0,1.45309884819142,0
INV009978,0,1.2189386038956698,0
INV009979,0,0.9186693988576049,0
INV009980,0,0.5847353760623348,0
INV009981,0,1.271965036580983,0
INV009982,0,1.45309884819142,0
INV009983,0,0.683671079604335,0
INV009984,0,0.683671079604335,0
INV009985,0,0.3333159887519715,0
INV009986,0,1.271965036580983,0
INV009987,0,1.271965036580983,0
INV009988,0,1.45309884819142,0
INV009989,0,1.45309884819142,0
INV009990,0,0.683671079604335,0
INV009991,0,0.5847353760623348,0
INV009992,0,2.068819423750052,0
INV009993,0,1.271965036580983,0
INV009994,0,0.7349487150855283,0
INV009995,0,1.2189386038956698,0
INV009996,0,1.45309884819142,0
INV009997,0,1.45309884819142,0
INV009998,0,1.2189386038956698,0
INV009999,0,1.271965036580983,0
INV010000,0,0.4933508074184941,0
INV010001,0,1.271965036580983,0
INV010002,0,1.45309884819142,0
INV010003,0,1.2189386038956698,0
INV010004,0,1.45309884819142,0
INV010005,0,1.271965036580983,0
INV010006,0,1.45309884819142,0
INV010007,0,0.683671079604335,0
INV010008,0,1.271965036580983,0
INV010009,1,32.66770739153673,5
INV010010,0,1.45309884819142,0
INV010011,0,0.683671079604335,0
INV010012,0,0.683671079604335,0
INV010013,0,1.271965036580983,0
INV010014,0,0.683671079604335,0
INV010015,0,1.271965036580983,0
INV010016,0,1.45309884819142,0
INV010017,0,1.2189386038956698,0
INV010018,0,1.271965036580983,0
INV010019,0,1.45309884819142,0
INV010020,0,1.271965036580983,0
INV010021,0,1.45309884819142,0
INV010022,0,1.45309884819142,0
INV010023,0,1.45309884819142,0
INV010024,0,1.271965036580983,0
INV010025,0,1.271965036580983,0
INV010026,0,0.7494512674011182,0
INV010027,0,1.2189386038956698,0
INV010028,0,1.45309884819142,0
INV010029,0,1.45309884819142,0
INV010030,0,0.683671079604335,0
INV010031,0,0.683671079604335,0
INV010032,0,1.271965036580983,0
INV010033,0,1.45309884819142,0
INV010034,0,1.271965036580983,0
INV010035,0,1.45309884819142,0
INV010036,0,1.271965036580983,0
INV010037,0,1.271965036580983,0
INV010038,0,0.683671079604335,0
INV010039,0,0.5847353760623348,0
INV010040,0,0.5847353760623348,0
INV010041,0,1.271965036580983,0
INV010042,0,0.4597380933658217,0
INV010043,0,1.271965036580983,0
INV010044,0,1.9020299059764216,0
INV010045,0,0.7855529663938323,0
INV010046,0,2.325971575744405,0
INV010047,0,1.271965036580983,0
INV010048,0,1.45309884819142,0
INV010049,0,1.45309884819142,0
INV010050,0,0.683671079604335,0
INV010051,0,0.4491014911412175,0
INV010052,0,0.683671079604335,0
INV010053,0,0.5847353760623348,0
INV010054,0,1.271965036580983,0
INV010055,0,0.683671079604335,0
INV010056,0,0.683671079604335,0
INV010057,0,1.45309884819142,0
INV010058,0,0.9733363542505213,0
INV010059,0,1.271965036580983,0
INV010060,0,0.5847353760623348,0
INV010061,0,0.683671079604335,0
INV010062,0,1.45309884819142,0
INV010063,0,1.2189386038956698,0
INV010064,0,0.683671079604335,0
INV010065,0,0.683671079604335,0
INV010066,0,0.683671079604335,0
INV010067,0,2.2129891139543436,0
INV010068,0,1.271965036580983,0
INV010069,0,1.271965036580983,0
INV010070,0,1.271965036580983,0
INV010071,0,1.2189386038956698,0
INV010072,0,1.45309884819142,0
INV010073,0,1.45309884819142,0
INV010074,0,1.271965036580983,0
INV010075,0,1.2189386038956698,0
INV010076,0,0.9942845548851382,0
INV010077,0,0.5847353760623348,0
INV010078,0,0.683671079604335,0
INV010079,0,0.5847353760623348,0
INV010080,0,1.271965036580983,0
INV010081,0,0.683671079604335,0
INV010082,0,0.683671079604335,0
INV010083,0,1.45309884819142,0
INV010084,0,1.271965036580983,0
INV010085,0,1.45309884819142,0
INV010086,0,0.683671079604335,0
INV010087,0,1.271965036580983,0
INV010088,0,0.5847353760623348,0
INV010089,0,1.949921517169099,0
INV010090,0,1.45309884819142,0
INV010091,0,2.5910839751629355,0
INV010092,0,0.5847353760623348,0
INV010093,0,0.81825635793542,0
INV010094,0,0.5847353760623348,0
INV010095,1,10.731987021395694,1
INV010096,0,0.4443252801258228,0
INV010097,0,1.2189386038956698,0
INV010098,0,0.683671079604335,0
INV010099,0,1.3361413343645756,0
INV010100,0,1.45309884819142,0
INV010101,0,1.45309884819142,0
INV010102,0,0.683671079604335,0
INV010103,0,0.9987723602055829,0
INV010104,0,1.271965036580983,0
INV010105,1,39.45883416311297,2
INV010106,0,1.2189386038956698,0
INV010107,0,0.9252066988779555,0
INV010108,0,0.5847353760623348,0
INV010109,0,0.5847353760623348,0
INV010110,0,0.683671079604335,0
INV010111,0,1.271965036580983,0
INV010112,0,1.45309884819142,0
INV010113,0,1.45309884819142,0
INV010114,0,1.271965036580983,0
INV010115,0,0.683671079604335,0
INV010116,0,1.45309884819142,0
INV010117,0,0.93691966118534,0
INV010118,0,0.524431682322656,0
INV010119,0,1.271965036580983,0
INV010120,0,1.271965036580983,0
INV010121,0,0.5847353760623348,0
INV010122,0,0.683671079604335,0
INV010123,0,0.9906735404138753,0
INV010124,0,1.271965036580983,0
INV010125,0,1.2189386038956698,0
INV010126,0,1.271965036580983,0
INV010127,0,0.5108756762466746,0
INV010128,0,1.271965036580983,0
INV010129,0,1.8352242614314054,0
INV010130,0,1.271965036580983,0
INV010131,0,0.44983470475180665,0
INV010132,0,0.44259776730242556,0
INV010133,0,0.683671079604335,0
INV010134,0,1.465268258983018,0
INV010135,1,4.932793389701839,1
INV010136,0,0.683671079604335,0
INV010137,0,1.271965036580983,0
INV010138,0,0.683671079604335,0
INV010139,0,0.683671079604335,0
INV010140,0,1.0352425428302399,0
INV010141,0,2.5510018396536918,0
INV010142,0,0.683671079604335,0
INV010143,0,1.271965036580983,0
INV010144,0,0.683671079604335,0
INV010145,0,0.683671079604335,0
INV010146,0,1.271965036580983,0
INV010147,0,1.2189386038956698,0
INV010148,0,0.683671079604335,0
INV010149,0,1.271965036580983,0
INV010150,0,0.5847353760623348,0
INV010151,0,0.683671079604335,0
INV010152,0,1.271965036580983,0
INV010153,0,0.44259776730242556,0
INV010154,0,1.45309884819142,0
INV010155,0,1.0913571571778518,0
INV010156,0,0.5847353760623348,0
INV010157,0,2.041192848292023,0
INV010158,0,0.4988439662135262,0
INV010159,0,0.683671079604335,0
INV010160,0,1.45309884819142,0
INV010161,0,1.271965036580983,0
INV010162,0,1.45309884819142,0
INV010163,0,1.45309884819142,0
INV010164,0,1.271965036580983,0
INV010165,0,1.271965036580983,0
INV010166,0,1.271965036580983,0
INV010167,0,1.45309884819142,0
INV010168,0,1.45309884819142,0
INV010169,0,1.2189386038956698,0
INV010170,0,0.4793609415823219,0
INV010171,0,1.45309884819142,0
INV010172,0,1.271965036580983,0
INV010173,0,1.271965036580983,0
INV010174,0,1.45309884819142,0
INV010175,0,1.2189386038956698,0
INV010176,0,0.683671079604335,0
INV010177,0,1.271965036580983,0
INV010178,0,1.271965036580983,0
INV010179,0,1.271965036580983,0
INV010180,0,1.271965036580983,0
INV010181,0,1.271965036580983,0
INV010182,0,1.45309884819142,0
INV010183,0,1.271965036580983,0
INV010184,0,1.271965036580983,0
INV010185,0,1.45309884819142,0
INV010186,0,0.683671079604335,0
INV010187,0,1.271965036580983,0
INV010188,0,1.271965036580983,0
INV010189,0,0.683671079604335,0
INV010190,0,0.5133308783070475,0
INV010191,0,0.683671079604335,0
INV010192,0,0.683671079604335,0
INV010193,0,0.683671079604335,0
INV010194,0,0.683671079604335,0
INV010195,0,1.6198546498896251,0
INV010196,0,0.683671079604335,0
INV010197,0,1.271965036580983,0
INV010198,0,1.45309884819142,0
INV010199,0,2.3483092537076216,0
INV010200,0,0.683671079604335,0
INV010201,0,0.683671079604335,0
INV010202,0,1.2189386038956698,0
INV010203,0,1.45309884819142,0
INV010204,0,1.271965036580983,0
INV010205,0,1.45309884819142,0
INV010206,0,1.271965036580983,0
INV010207,0,1.45309884819142,0
INV010208,0,1.45309884819142,0
INV010209,1,5.772866518823537,1
INV010210,1,19.993524982721375,5
INV010211,0,0.7244062669977788,0
INV010212,0,1.2189386038956698,0
INV010213,0,1.45309884819142,0
INV010214,0,0.493687072192975,0
INV010215,0,0.5847353760623348,0
INV010216,0,1.2189386038956698,0
INV010217,0,1.271965036580983,0
INV010218,0,2.1413778547764437,0
INV010219,0,0.5077285507619744,0
INV010220,0,1.271965036580983,0
INV010221,0,0.683671079604335,0
INV010222,0,1.271965036580983,0
INV010223,0,1.271965036580983,0
INV010224,0,0.5665279221501133,0
INV010225,0,1.271965036580983,0
INV010226,0,1.271965036580983,0
INV010227,0,1.271965036580983,0
INV010228,0,1.271965036580983,0
INV010229,0,0.5847353760623348,0
INV010230,0,1.271965036580983,0
INV010231,0,0.683671079604335,0
INV010232,0,0.683671079604335,0
INV010233,0,1.271965036580983,0
INV010234,0,0.683671079604335,0
INV010235,0,1.2189386038956698,0
INV010236,0,0.5847353760623348,0
INV010237,0,0.683671079604335,0
INV010238,0,1.271965036580983,0
INV010239,0,1.45309884819142,0
INV010240,0,1.2189386038956698,0
INV010241,0,0.5847353760623348,0
INV010242,0,1.45309884819142,0
INV010243,0,1.271965036580983,0
INV010244,0,1.271965036580983,0
INV010245,0,0.4950027276734092,0
INV010246,0,1.271965036580983,0
INV010247,0,1.271965036580983,0
INV010248,0,1.0018900820727934,0
INV010249,0,1.271965036580983,0
INV010250,0,0.9157740809482136,0
INV010251,0,0.683671079604335,0
INV010252,0,1.45309884819142,0
INV010253,0,0.683671079604335,0
INV010254,0,0.3653634293799902,0
INV010255,0,0.683671079604335,0
INV010256,0,1.45309884819142,0
INV010257,0,0.44259776730242556,0
INV010258,0,0.5330112825407611,0
INV010259,0,1.702807885307436,0
INV010260,0,1.2189386038956698,0
INV010261,0,0.683671079604335,0
INV010262,0,1.45309884819142,0
INV010263,0,1.45309884819142,0
INV010264,0,0.683671079604335,0
INV010265,0,1.271965036580983,0
INV010266,0,0.683671079604335,0
INV010267,0,0.683671079604335,0
INV010268,0,0.2682884635077665,0
INV010269,0,0.48398669366141395,0
INV010270,0,1.271965036580983,0
INV010271,0,0.683671079604335,0
INV010272,0,1.271965036580983,0
INV010273,0,1.271965036580983,0
INV010274,0,0.683671079604335,0
INV010275,0,0.683671079604335,0
INV010276,0,0.683671079604335,0
INV010277,0,1.45309884819142,0
INV010278,0,1.271965036580983,0
INV010279,0,1.45309884819142,0
INV010280,0,1.45309884819142,0
INV010281,0,1.271965036580983,0
INV010282,0,1.2189386038956698,0
INV010283,0,0.683671079604335,0
INV010284,0,0.683671079604335,0
INV010285,0,0.683671079604335,0
INV010286,0,0.683671079604335,0
INV010287,0,1.45309884819142,0
INV010288,0,0.4590396010482255,0
INV010289,0,1.45309884819142,0
INV010290,0,0.683671079604335,0
INV010291,0,1.5264465516276506,0
INV010292,0,0.683671079604335,0
INV010293,0,0.683671079604335,0
INV010294,0,1.271965036580983,0
INV010295,0,1.271965036580983,0
INV010296,0,1.45309884819142,0
INV010297,0,1.9740553182347054,0
INV010298,0,0.683671079604335,0
INV010299,0,0.9401521822825363,0
INV010300,0,1.271965036580983,0
INV010301,0,1.45309884819142,0
INV010302,0,0.5847353760623348,0
INV010303,1,24.796562948118698,6
INV010304,0,0.734647797212923,0
INV010305,0,0.44259776730242556,0
INV010306,0,2.4433392429981393,0
INV010307,0,1.45309884819142,0
INV010308,0,0.5372350374328657,0
INV010309,0,2.2297889020874107,0
INV010310,0,0.683671079604335,0
INV010311,0,0.683671079604335,0
INV010312,0,1.45309884819142,0
INV010313,0,0.5847353760623348,0
INV010314,0,1.271965036580983,0
INV010315,0,1.45309884819142,0
INV010316,0,1.271965036580983,0
INV010317,0,0.683671079604335,0
INV010318,0,1.45309884819142,0
INV010319,0,0.710961932107369,0
INV010320,0,1.271965036580983,0
INV010321,0,1.271965036580983,0
INV010322,0,1.45309884819142,0
INV010323,0,0.7042119250668816,0
INV010324,0,0.5847353760623348,0
INV010325,0,0.683671079604335,0
INV010326,0,0.683671079604335,0
INV010327,0,0.683671079604335,0
INV010328,0,1.271965036580983,0
INV010329,0,1.271965036580983,0
INV010330,0,0.683671079604335,0
INV010331,0,0.683671079604335,0
INV010332,0,0.44259776730242556,0
INV010333,0,0.5847353760623348,0
INV010334,0,0.5847353760623348,0
INV010335,0,1.2189386038956698,0
INV010336,0,1.271965036580983,0
INV010337,0,1.271965036580983,0
INV010338,0,1.45309884819142,0
INV010339,0,1.2189386038956698,0
INV010340,0,1.271965036580983,0
INV010341,0,0.683671079604335,0
INV010342,0,1.271965036580983,0
INV010343,0,1.271965036580983,0
INV010344,0,1.271965036580983,0
INV010345,0,1.271965036580983,0
INV010346,0,1.8585335099895406,0
INV010347,0,0.47554597861528053,0
INV010348,0,1.45309884819142,0
INV010349,0,1.8213939258603358,0
INV010350,0,1.45309884819142,0
INV010351,0,1.271965036580983,0
INV010352,0,0.683671079604335,0
INV010353,0,1.271965036580983,0
INV010354,0,1.271965036580983,0
INV010355,0,1.45309884819142,0
INV010356,0,0.2682884635077665,0
INV010357,0,1.834759434031518,0
INV010358,0,1.45309884819142,0
INV010359,0,1.45309884819142,0
INV010360,0,1.271965036580983,0
INV010361,0,1.271965036580983,0
INV010362,0,1.2189386038956698,0
INV010363,0,1.271965036580983,0
INV010364,0,1.2189386038956698,0
INV010365,0,1.45309884819142,0
INV010366,0,1.2189386038956698,0
INV010367,0,2.175334653714631,0
INV010368,0,1.45309884819142,0
INV010369,0,0.2682884635077665,0
INV010370,0,1.45309884819142,0
INV010371,0,1.271965036580983,0
INV010372,0,1.271965036580983,0
INV010373,0,1.4446306731586889,0
INV010374,0,1.271965036580983,0
INV010375,0,0.9286206465511507,0
INV010376,0,0.683671079604335,0
INV010377,0,1.2189386038956698,0
INV010378,0,1.45309884819142,0
INV010379,0,1.271965036580983,0
INV010380,0,0.5336437731212267,0
INV010381,0,0.5847353760623348,0
INV010382,0,0.683671079604335,0
INV010383,0,0.683671079604335,0
INV010384,0,0.5847353760623348,0
INV010385,0,0.683671079604335,0
INV010386,0,0.683671079604335,0
INV010387,0,1.45309884819142,0
INV010388,0,1.45309884819142,0
INV010389,0,1.2189386038956698,0
INV010390,0,2.457427642233345,0
INV010391,0,0.5847353760623348,0
INV010392,0,1.45309884819142,0
INV010393,0,1.2439403484418767,0
INV010394,0,0.5847353760623348,0
INV010395,0,0.683671079604335,0
INV010396,0,0.683671079604335,0
INV010397,0,0.862366789040725,0
INV010398,0,0.683671079604335,0
INV010399,0,1.271965036580983,0
INV010400,0,1.45309884819142,0
INV010401,0,1.271965036580983,0
INV010402,0,1.8145669689272694,0
INV010403,0,1.45309884819142,0
INV010404,0,0.683671079604335,0
INV010405,0,1.271965036580983,0
INV010406,0,1.271965036580983,0
INV010407,0,1.271965036580983,0
INV010408,0,0.683671079604335,0
INV010409,0,1.45309884819142,0
INV010410,0,2.2721434456933642,0
INV010411,0,1.45309884819142,0
INV010412,0,0.47526570583580624,0
INV010413,0,1.271965036580983,0
INV010414,0,1.2189386038956698,0
INV010415,0,2.357343358779048,0
INV010416,0,1.271965036580983,0
INV010417,0,1.45309884819142,0
INV010418,0,1.45309884819142,0
INV010419,0,0.683671079604335,0
INV010420,0,1.2189386038956698,0
INV010421,0,1.2189386038956698,0
INV010422,0,0.487889241872041,0
INV010423,0,1.45309884819142,0
INV010424,0,1.2189386038956698,0
INV010425,0,1.271965036580983,0
INV010426,0,1.45309884819142,0
INV010427,0,0.683671079604335,0
INV010428,0,1.45309884819142,0
INV010429,0,1.271965036580983,0
INV010430,0,0.5847353760623348,0
INV010431,0,1.45309884819142,0
INV010432,0,1.45309884819142,0
INV010433,0,0.683671079604335,0
INV010434,0,0.683671079604335,0
INV010435,0,0.683671079604335,0
INV010436,0,1.45309884819142,0
INV010437,0,0.683671079604335,0
INV010438,0,1.45309884819142,0
INV010439,0,0.683671079604335,0
INV010440,0,0.5847353760623348,0
INV010441,0,1.271965036580983,0
INV010442,0,1.45309884819142,0
INV010443,0,1.45309884819142,0
INV010444,0,1.45309884819142,0
INV010445,0,1.271965036580983,0
INV010446,0,0.4624832651433516,0
INV010447,0,1.271965036580983,0
INV010448,0,1.271965036580983,0
INV010449,0,1.271965036580983,0
INV010450,0,0.6956736150350383,0
INV010451,0,1.271965036580983,0
INV010452,0,1.271965036580983,0
INV010453,0,1.6626397285768129,0
INV010454,0,0.683671079604335,0
INV010455,0,1.45309884819142,0
INV010456,0,0.8818939190981634,0
INV010457,0,1.2189386038956698,0
INV010458,0,1.2189386038956698,0
INV010459,0,0.683671079604335,0
INV010460,0,0.44259776730242556,0
INV010461,0,0.683671079604335,0
INV010462,0,0.683671079604335,0
INV010463,0,1.271965036580983,0
INV010464,0,1.271965036580983,0
INV010465,0,0.683671079604335,0
INV010466,0,1.45309884819142,0
INV010467,0,1.271965036580983,0
INV010468,0,1.45309884819142,0
INV010469,0,1.45309884819142,0
INV010470,0,1.45309884819142,0
INV010471,0,1.271965036580983,0
INV010472,0,0.683671079604335,0
INV010473,0,1.271965036580983,0
INV010474,0,0.9752923204224555,0
INV010475,0,0.4780665568039013,0
INV010476,0,1.2189386038956698,0
INV010477,0,0.683671079604335,0
INV010478,0,1.271965036580983,0
INV010479,0,0.5847353760623348,0
INV010480,0,1.45309884819142,0
INV010481,0,1.6934387666792938,0
INV010482,0,1.271965036580983,0
INV010483,0,1.271965036580983,0
INV010484,0,0.683671079604335,0
INV010485,0,1.271965036580983,0
INV010486,0,1.45309884819142,0
INV010487,0,1.271965036580983,0
INV010488,0,1.45309884819142,0
INV010489,0,2.3489270424793425,0
INV010490,0,0.683671079604335,0
INV010491,0,1.271965036580983,0
INV010492,0,1.271965036580983,0
INV010493,0,1.271965036580983,0
INV010494,0,1.271965036580983,0
INV010495,0,1.2189386038956698,0
INV010496,0,0.9710754037482437,0
INV010497,0,0.5847353760623348,0
INV010498,0,0.5083763687600675,0
INV010499,0,1.177351164570294,0
INV010500,0,0.683671079604335,0
INV010501,0,0.683671079604335,0
INV010502,0,1.878286484853654,0
INV010503,0,1.2189386038956698,0
INV010504,0,1.45309884819142,0
INV010505,0,1.271965036580983,0
INV010506,0,1.45309884819142,0
INV010507,0,1.5830316238550943,0
INV010508,0,1.483689312535745,0
INV010509,0,1.2189386038956698,0
INV010510,0,0.5847353760623348,0
INV010511,0,0.5847353760623348,0
INV010512,0,1.45309884819142,0
INV010513,0,0.5847353760623348,0
INV010514,0,0.683671079604335,0
INV010515,0,0.28647477487344003,0
INV010516,0,1.45309884819142,0
INV010517,0,0.5130521695497801,0
INV010518,0,1.45309884819142,0
INV010519,0,1.45309884819142,0
INV010520,0,1.2189386038956698,0
INV010521,0,1.45309884819142,0
INV010522,0,1.45309884819142,0
INV010523,0,1.45309884819142,0
INV010524,0,2.0916141090021214,0
INV010525,0,1.244540932969322,0
INV010526,0,1.45309884819142,0
INV010527,0,0.47879695517451804,0
INV010528,0,0.44259776730242556,0
INV010529,1,10.731987021395694,1
INV010530,0,0.683671079604335,0
INV010531,0,0.683671079604335,0
INV010532,0,0.683671079604335,0
INV010533,0,1.45309884819142,0
INV010534,0,1.45309884819142,0
INV010535,0,1.9382589163767763,0
INV010536,0,1.2189386038956698,0
INV010537,0,1.2189386038956698,0
INV010538,0,0.5847353760623348,0
INV010539,0,0.683671079604335,0
INV010540,0,1.2189386038956698,0
INV010541,0,0.683671079604335,0
INV010542,0,0.683671079604335,0
INV010543,0,1.45309884819142,0
INV010544,0,1.2189386038956698,0
INV010545,0,0.5109570054014327,0
INV010546,0,0.6126390504624695,0
INV010547,0,0.5063997574950024,0
INV010548,0,1.45309884819142,0
INV010549,0,0.44259776730242556,0
INV010550,0,2.3654468706373764,0
INV010551,0,1.2189386038956698,0
INV010552,0,1.45309884819142,0
INV010553,0,1.9618356127322893,0
INV010554,0,1.45309884819142,0
INV010555,0,0.683671079604335,0
INV010556,0,0.899164477915504,0
INV010557,0,1.271965036580983,0
INV010558,0,1.271965036580983,0
INV010559,0,0.5847353760623348,0
INV010560,0,0.683671079604335,0
INV010561,0,0.683671079604335,0
INV010562,0,0.5847353760623348,0
INV010563,0,1.2189386038956698,0
INV010564,0,1.45309884819142,0
INV010565,0,0.5847353760623348,0
INV010566,0,1.271965036580983,0
INV010567,0,0.49551666537059263,0
INV010568,0,1.2189386038956698,0
INV010569,0,1.271965036580983,0
INV010570,0,0.7408116087302687,0
INV010571,0,0.683671079604335,0
INV010572,0,0.5847353760623348,0
INV010573,0,1.45309884819142,0
INV010574,0,1.271965036580983,0
INV010575,0,0.5847353760623348,0
INV010576,0,0.683671079604335,0
INV010577,0,0.2682884635077665,0
INV010578,0,0.683671079604335,0
INV010579,0,1.271965036580983,0
INV010580,0,1.2400565684977327,0
INV010581,0,1.45309884819142,0
INV010582,0,1.271965036580983,0
INV010583,0,0.683671079604335,0
INV010584,0,0.683671079604335,0
INV010585,0,1.45309884819142,0
INV010586,0,0.683671079604335,0
INV010587,0,1.4814624577175783,0
INV010588,0,0.5847353760623348,0
INV010589,0,1.45309884819142,0
INV010590,0,1.271965036580983,0
INV010591,0,0.683671079604335,0
INV010592,0,1.45309884819142,0
INV010593,0,1.45309884819142,0
INV010594,0,1.45309884819142,0
INV010595,0,0.683671079604335,0
INV010596,0,1.45309884819142,0
INV010597,0,0.47138912039381353,0
INV010598,0,1.271965036580983,0
INV010599,0,1.45309884819142,0
INV010600,0,0.683671079604335,0
INV010601,0,0.5043549548617169,0
INV010602,0,1.45309884819142,0
INV010603,0,1.271965036580983,0
INV010604,0,1.45309884819142,0
INV010605,0,0.683671079604335,0
INV010606,0,0.683671079604335,0
INV010607,0,1.271965036580983,0
INV010608,0,2.5339621305140874,0
INV010609,0,0.5847353760623348,0
INV010610,0,0.9618845836516869,0
INV010611,0,0.683671079604335,0
INV010612,0,0.683671079604335,0
INV010613,0,1.271965036580983,0
INV010614,0,1.45309884819142,0
INV010615,0,1.45309884819142,0
INV010616,0,0.683671079604335,0
INV010617,0,1.271965036580983,0
INV010618,0,1.271965036580983,0
INV010619,0,2.286211941614221,0
INV010620,0,2.0030766886968374,0
INV010621,0,0.683671079604335,0
INV010622,0,1.271965036580983,0
INV010623,0,2.2673238710305172,0
INV010624,0,1.271965036580983,0
INV010625,0,0.5205510304229254,0
INV010626,0,1.45309884819142,0
INV010627,0,1.45309884819142,0
INV010628,0,1.45309884819142,0
INV010629,0,1.271965036580983,0
INV010630,0,0.5847353760623348,0
INV010631,0,1.45309884819142,0
INV010632,1,9.463580565729025,1
INV010633,0,1.271965036580983,0
INV010634,0,1.271965036580983,0
INV010635,0,1.45309884819142,0
INV010636,0,1.271965036580983,0
INV010637,0,1.8691031720636901,0
INV010638,0,1.45309884819142,0
INV010639,0,1.7361681661759167,0
INV010640,0,0.44259776730242556,0
INV010641,0,1.271965036580983,0
INV010642,0,1.45309884819142,0
INV010643,0,0.5847353760623348,0
INV010644,0,0.5847353760623348,0
INV010645,0,1.45309884819142,0
INV010646,0,1.271965036580983,0
INV010647,0,1.45309884819142,0
INV010648,0,1.2189386038956698,0
INV010649,0,1.271965036580983,0
INV010650,1,22.47721947241567,3
INV010651,0,0.683671079604335,0
INV010652,0,1.271965036580983,0
INV010653,0,1.2189386038956698,0
INV010654,0,0.683671079604335,0
INV010655,0,0.7362452894950383,0
INV010656,0,0.683671079604335,0
INV010657,0,0.45249886017901975,0
INV010658,0,1.271965036580983,0
INV010659,0,1.271965036580983,0
INV010660,0,1.45309884819142,0
INV010661,0,2.400545092982151,0
INV010662,0,1.271965036580983,0
INV010663,0,0.683671079604335,0
INV010664,0,1.45309884819142,0
INV010665,0,0.683671079604335,0
INV010666,0,1.45309884819142,0
INV010667,0,0.3170851484179529,0
INV010668,0,0.5847353760623348,0
INV010669,0,1.45309884819142,0
INV010670,0,1.271965036580983,0
INV010671,0,1.271965036580983,0
INV010672,0,1.271965036580983,0
INV010673,0,1.45309884819142,0
INV010674,0,0.683671079604335,0
INV010675,0,1.45309884819142,0
INV010676,0,1.271965036580983,0
INV010677,0,1.271965036580983,0
INV010678,0,0.9423374341100003,0
INV010679,0,1.271965036580983,0
INV010680,0,1.45309884819142,0
INV010681,0,1.271965036580983,0
INV010682,0,1.45309884819142,0
INV010683,0,0.5847353760623348,0
INV010684,0,1.271965036580983,0
INV010685,0,1.271965036580983,0
INV010686,0,0.5847353760623348,0
INV010687,0,0.5159187094505644,0
INV010688,0,0.683671079604335,0
INV010689,0,0.683671079604335,0
INV010690,0,1.271965036580983,0
INV010691,0,1.45309884819142,0
INV010692,0,1.9832918077797035,0
INV010693,0,1.271965036580983,0
INV010694,0,1.271965036580983,0
INV010695,0,1.2189386038956698,0
INV010696,0,0.8709460764543885,0
INV010697,0,1.2189386038956698,0
INV010698,0,0.683671079604335,0
INV010699,0,0.683671079604335,0
INV010700,0,0.683671079604335,0
INV010701,0,1.2189386038956698,0
INV010702,0,1.271965036580983,0
INV010703,0,1.45309884819142,0
INV010704,0,0.683671079604335,0
INV010705,0,0.4732015093271554,0
INV010706,0,1.271965036580983,0
INV010707,0,0.5847353760623348,0
INV010708,0,0.683671079604335,0
INV010709,0,1.2189386038956698,0
INV010710,0,0.683671079604335,0
INV010711,0,1.2189386038956698,0
INV010712,0,1.2101727961907227,0
INV010713,0,1.45309884819142,0
INV010714,0,1.2189386038956698,0
INV010715,0,1.271965036580983,0
INV010716,0,1.45309884819142,0
INV010717,0,0.683671079604335,0
INV010718,0,1.45309884819142,0
INV010719,0,1.271965036580983,0
INV010720,0,2.1387274627446513,0
INV010721,0,1.45309884819142,0
INV010722,0,1.45309884819142,0
INV010723,0,1.271965036580983,0
INV010724,0,1.45309884819142,0
INV010725,0,1.45309884819142,0
INV010726,0,2.396557149159028,0
INV010727,0,1.45309884819142,0
INV010728,0,0.683671079604335,0
INV010729,0,0.683671079604335,0
INV010730,0,1.45309884819142,0
INV010731,0,1.271965036580983,0
INV010732,0,0.683671079604335,0
INV010733,0,1.45309884819142,0
INV010734,0,1.45309884819142,0
INV010735,0,1.45309884819142,0
INV010736,0,0.7709065240352085,0
INV010737,0,0.5847353760623348,0
INV010738,0,1.271965036580983,0
INV010739,0,1.271965036580983,0
INV010740,0,1.45309884819142,0
INV010741,0,0.683671079604335,0
INV010742,0,1.45309884819142,0
INV010743,0,1.271965036580983,0
INV010744,0,0.683671079604335,0
INV010745,0,1.271965036580983,0
INV010746,0,0.683671079604335,0
INV010747,0,1.271965036580983,0
INV010748,0,1.271965036580983,0
INV010749,0,1.271965036580983,0
INV010750,0,1.271965036580983,0
INV010751,0,1.271965036580983,0
INV010752,0,0.5847353760623348,0
INV010753,0,1.271965036580983,0
INV010754,0,0.683671079604335,0
INV010755,0,0.683671079604335,0
INV010756,0,0.9747698958298017,0
INV010757,0,0.683671079604335,0
INV010758,0,1.45309884819142,0
INV010759,0,0.683671079604335,0
INV010760,0,1.271965036580983,0
INV010761,0,0.683671079604335,0
INV010762,0,1.9998369730974896,0
INV010763,0,1.271965036580983,0
INV010764,0,0.683671079604335,0
INV010765,0,0.44259776730242556,0
INV010766,0,1.271965036580983,0
INV010767,0,1.271965036580983,0
INV010768,0,1.45309884819142,0
INV010769,0,0.5137503490629348,0
INV010770,0,1.2189386038956698,0
INV010771,0,1.2189386038956698,0
INV010772,0,1.45309884819142,0
INV010773,0,0.683671079604335,0
INV010774,0,1.45309884819142,0
INV010775,0,0.683671079604335,0
INV010776,0,1.45309884819142,0
INV010777,0,0.48059401669023244,0
INV010778,0,0.7397984351446467,0
INV010779,0,1.45309884819142,0
INV010780,0,1.271965036580983,0
INV010781,0,0.4548364477694346,0
INV010782,0,1.45309884819142,0
INV010783,0,0.683671079604335,0
INV010784,0,0.683671079604335,0
INV010785,0,0.5847353760623348,0
INV010786,0,0.44259776730242556,0
INV010787,0,1.45309884819142,0
INV010788,0,0.5847353760623348,0
INV010789,0,1.0058408021673928,0
INV010790,0,1.271965036580983,0
INV010791,0,1.271965036580983,0
INV010792,0,1.45309884819142,0
INV010793,0,0.683671079604335,0
INV010794,0,1.577767750715592,0
INV010795,0,0.2682884635077665,0
INV010796,0,1.2189386038956698,0
INV010797,0,1.4682089335364086,0
INV010798,0,1.271965036580983,0
INV010799,0,1.271965036580983,0
INV010800,0,1.271965036580983,0
INV010801,0,0.683671079604335,0
INV010802,1,45.81034423352247,5
INV010803,0,0.5013723645131815,0
INV010804,0,0.683671079604335,0
INV010805,0,1.45309884819142,0
INV010806,0,0.683671079604335,0
INV010807,0,0.5113683432418443,0
INV010808,0,1.45309884819142,0
INV010809,0,0.683671079604335,0
INV010810,0,1.271965036580983,0
INV010811,0,1.2189386038956698,0
INV010812,0,1.271965036580983,0
INV010813,0,0.683671079604335,0
INV010814,0,0.45054664766038205,0
INV010815,0,1.271965036580983,0
INV010816,0,0.2682884635077665,0
INV010817,0,1.45309884819142,0
INV010818,0,1.45309884819142,0
INV010819,0,1.2189386038956698,0
INV010820,0,1.45309884819142,0
INV010821,0,0.683671079604335,0
INV010822,0,0.4491102496655761,0
INV010823,0,0.683671079604335,0
INV010824,0,0.8941292648226487,0
INV010825,0,1.45309884819142,0
INV010826,0,0.5847353760623348,0
INV010827,0,1.45309884819142,0
INV010828,0,0.683671079604335,0
INV010829,0,0.9786196212653889,0
INV010830,0,1.45309884819142,0
INV010831,0,1.271965036580983,0
INV010832,0,1.45309884819142,0
INV010833,0,1.2189386038956698,0
INV010834,0,1.45309884819142,0
INV010835,0,0.683671079604335,0
INV010836,0,1.45309884819142,0
INV010837,0,1.45309884819142,0
INV010838,0,1.45309884819142,0
INV010839,0,1.271965036580983,0
INV010840,0,1.45309884819142,0
INV010841,0,2.514831636488316,0
INV010842,0,1.2189386038956698,0
INV010843,0,1.45309884819142,0
INV010844,0,1.2189386038956698,0
INV010845,0,1.271965036580983,0
INV010846,0,0.683671079604335,0
INV010847,0,1.271965036580983,0
INV010848,1,8.195174110062354,1
INV010849,0,0.965681091156687,0
INV010850,0,1.271965036580983,0
INV010851,0,1.45309884819142,0
INV010852,0,0.683671079604335,0
INV010853,0,1.2189386038956698,0
INV010854,0,0.683671079604335,0
INV010855,0,1.271965036580983,0
INV010856,0,0.5847353760623348,0
INV010857,0,0.683671079604335,0
INV010858,0,1.271965036580983,0
INV010859,0,1.45309884819142,0
INV010860,0,1.271965036580983,0
INV010861,0,1.2189386038956698,0
INV010862,0,0.683671079604335,0
INV010863,0,1.45309884819142,0
INV010864,0,1.271965036580983,0
INV010865,0,0.5847353760623348,0
INV010866,0,0.683671079604335,0
INV010867,0,1.45309884819142,0
INV010868,0,1.0959303446113755,0
INV010869,0,1.45309884819142,0
INV010870,0,1.45309884819142,0
INV010871,0,1.45309884819142,0
INV010872,0,2.5648722141932576,0
INV010873,0,0.683671079604335,0
INV010874,0,1.45309884819142,0
INV010875,0,1.271965036580983,0
INV010876,0,0.2682884635077665,0
INV010877,0,0.683671079604335,0
INV010878,0,0.683671079604335,0
INV010879,0,1.45309884819142,0
INV010880,0,0.5847353760623348,0
INV010881,0,1.271965036580983,0
INV010882,0,0.683671079604335,0
INV010883,0,0.683671079604335,0
INV010884,0,0.683671079604335,0
INV010885,0,0.683671079604335,0
INV010886,0,0.683671079604335,0
INV010887,0,1.271965036580983,0
INV010888,0,1.271965036580983,0
INV010889,0,1.45309884819142,0
INV010890,0,0.683671079604335,0
INV010891,0,1.45309884819142,0
INV010892,0,2.1673615813083575,0
INV010893,0,1.45309884819142,0
INV010894,0,1.45309884819142,0
INV010895,0,1.2189386038956698,0
INV010896,0,0.5847353760623348,0
INV010897,0,1.271965036580983,0
INV010898,0,0.5847353760623348,0
INV010899,0,0.683671079604335,0
INV010900,0,1.45309884819142,0
INV010901,0,2.082476152856157,0
INV010902,0,1.45309884819142,0
INV010903,0,1.271965036580983,0
INV010904,0,1.45309884819142,0
INV010905,0,0.5847353760623348,0
INV010906,0,1.45309884819142,0
INV010907,0,0.683671079604335,0
INV010908,0,0.683671079604335,0
INV010909,0,0.5847353760623348,0
INV010910,0,1.2189386038956698,0
INV010911,0,1.271965036580983,0
INV010912,0,1.45309884819142,0
INV010913,0,1.45309884819142,0
INV010914,0,0.683671079604335,0
INV010915,0,0.683671079604335,0
INV010916,1,37.90026743581567,6
INV010917,0,1.271965036580983,0
INV010918,0,1.2189386038956698,0
INV010919,0,0.683671079604335,0
INV010920,0,1.45309884819142,0
INV010921,0,1.271965036580983,0
INV010922,0,1.45309884819142,0
INV010923,0,0.683671079604335,0
INV010924,0,1.45309884819142,0
INV010925,0,0.683671079604335,0
INV010926,0,1.271965036580983,0
INV010927,0,1.7605522107946254,0
INV010928,0,0.683671079604335,0
INV010929,0,1.45309884819142,0
INV010930,0,1.271965036580983,0
INV010931,0,1.2189386038956698,0
INV010932,0,2.2321368122243914,0
INV010933,0,2.3252508743114713,0
INV010934,0,1.45309884819142,0
INV010935,0,1.45309884819142,0
INV010936,0,0.8764101444363726,0
INV010937,0,1.271965036580983,0
INV010938,0,1.271965036580983,0
INV010939,0,2.0622589762010395,0
INV010940,0,1.271965036580983,0
INV010941,0,1.45309884819142,0
INV010942,0,0.683671079604335,0
INV010943,0,1.45309884819142,0
INV010944,0,1.271965036580983,0
INV010945,0,1.2189386038956698,0
INV010946,0,1.45309884819142,0
INV010947,0,1.271965036580983,0
INV010948,1,9.463580565729025,1
INV010949,0,0.683671079604335,0
INV010950,0,0.683671079604335,0
INV010951,0,0.683671079604335,0
INV010952,0,1.1009309063381627,0
INV010953,0,1.45309884819142,0
INV010954,0,0.683671079604335,0
INV010955,0,1.45309884819142,0
INV010956,0,1.45309884819142,0
INV010957,0,0.683671079604335,0
INV010958,0,1.271965036580983,0
INV010959,0,1.0609688313068997,0
INV010960,0,0.683671079604335,0
INV010961,0,1.271965036580983,0
INV010962,0,0.683671079604335,0
INV010963,0,1.45309884819142,0
INV010964,0,0.683671079604335,0
INV010965,0,0.6960458523202778,0
INV010966,0,1.45309884819142,0
INV010967,0,0.5847353760623348,0
INV010968,0,1.271965036580983,0
INV010969,0,0.715548583631289,0
INV010970,0,1.45309884819142,0
INV010971,0,1.45309884819142,0
INV010972,0,1.45309884819142,0
INV010973,0,1.2189386038956698,0
INV010974,0,1.271965036580983,0
INV010975,0,1.0076719593672172,0
INV010976,0,1.45309884819142,0
INV010977,0,0.683671079604335,0
INV010978,0,1.45309884819142,0
INV010979,0,1.271965036580983,0
INV010980,0,0.5847353760623348,0
INV010981,0,1.271965036580983,0
INV010982,0,1.45309884819142,0
INV010983,0,0.4691985508908461,0
INV010984,0,0.683671079604335,0
INV010985,0,1.271965036580983,0
INV010986,0,1.271965036580983,0
INV010987,0,0.683671079604335,0
INV010988,0,1.45309884819142,0
INV010989,0,1.45309884819142,0
INV010990,0,2.0641076504495808,0
INV010991,0,1.45309884819142,0
INV010992,0,1.271965036580983,0
INV010993,0,1.271965036580983,0
INV010994,0,1.45309884819142,0
INV010995,0,1.271965036580983,0
INV010996,0,1.271965036580983,0
INV010997,0,0.48488976008367113,0
INV010998,0,1.271965036580983,0
INV010999,0,1.271965036580983,0
INV011000,0,1.45309884819142,0
INV011001,0,1.271965036580983,0
INV011002,1,11.36619024922903,1
INV011003,0,0.683671079604335,0
INV011004,0,0.683671079604335,0
INV011005,0,1.271965036580983,0
INV011006,0,1.271965036580983,0
INV011007,0,1.271965036580983,0
INV011008,0,1.2189386038956698,0
INV011009,0,1.2189386038956698,0
INV011010,0,0.683671079604335,0
INV011011,0,1.45309884819142,0
INV011012,0,0.49947708240287453,0
INV011013,0,1.2189386038956698,0
INV011014,0,1.271965036580983,0
INV011015,0,0.683671079604335,0
INV011016,0,1.6832106870551289,0
INV011017,0,1.45309884819142,0
INV011018,0,0.683671079604335,0
INV011019,0,0.44259776730242556,0
INV011020,0,0.6938971986124549,0
INV011021,0,1.271965036580983,0
INV011022,0,1.45309884819142,0
INV011023,0,0.683671079604335,0
INV011024,0,0.5847353760623348,0
INV011025,0,1.2189386038956698,0
INV011026,0,1.2189386038956698,0
INV011027,0,0.7224174563594998,0
INV011028,0,1.2189386038956698,0
INV011029,0,1.271965036580983,0
INV011030,0,1.2189386038956698,0
INV011031,0,1.2189386038956698,0
INV011032,0,1.45309884819142,0
INV011033,0,0.683671079604335,0
INV011034,0,1.271965036580983,0
INV011035,0,1.7561460474333805,0
INV011036,0,0.683671079604335,0
INV011037,0,0.683671079604335,0
INV011038,0,1.45309884819142,0
INV011039,0,0.3919205264529492,0
INV011040,0,0.683671079604335,0
INV011041,0,1.45309884819142,0
INV011042,0,1.2189386038956698,0
INV011043,0,1.45309884819142,0
INV011044,0,0.683671079604335,0
INV011045,0,0.683671079604335,0
INV011046,0,1.271965036580983,0
INV011047,0,1.271965036580983,0
INV011048,0,1.2189386038956698,0
INV011049,0,1.45309884819142,0
INV011050,0,1.45309884819142,0
INV011051,0,1.45309884819142,0
INV011052,0,0.683671079604335,0
INV011053,0,1.223536427535257,0
INV011054,0,1.271965036580983,0
INV011055,0,1.45309884819142,0
INV011056,0,1.2189386038956698,0
INV011057,0,0.683671079604335,0
INV011058,0,1.2189386038956698,0
INV011059,0,1.271965036580983,0
INV011060,0,0.454342216752058,0
INV011061,0,0.5847353760623348,0
INV011062,0,0.683671079604335,0
INV011063,0,1.271965036580983,0
INV011064,0,0.5847353760623348,0
INV011065,0,1.45309884819142,0
INV011066,0,1.271965036580983,0
INV011067,0,0.8055111409714893,0
INV011068,0,1.271965036580983,0
INV011069,0,0.2682884635077665,0
INV011070,0,0.683671079604335,0
INV011071,0,0.6572302619941717,0
INV011072,0,1.45309884819142,0
INV011073,0,1.45309884819142,0
INV011074,0,1.271965036580983,0
INV011075,0,1.271965036580983,0
INV011076,0,1.2189386038956698,0
INV011077,0,1.45309884819142,0
INV011078,0,1.2189386038956698,0
INV011079,0,1.271965036580983,0
INV011080,0,1.2189386038956698,0
INV011081,0,1.271965036580983,0
INV011082,0,1.45309884819142,0
INV011083,0,0.5847353760623348,0
INV011084,0,1.271965036580983,0
INV011085,0,1.2189386038956698,0
INV011086,0,0.44259776730242556,0
INV011087,0,1.45309884819142,0
INV011088,0,0.683671079604335,0
INV011089,0,0.683671079604335,0
INV011090,0,1.45309884819142,0
INV011091,0,0.2682884635077665,0
INV011092,0,0.5847353760623348,0
INV011093,0,1.45309884819142,0
INV011094,0,1.271965036580983,0
INV011095,0,1.45309884819142,0
INV011096,0,1.2189386038956698,0
INV011097,0,1.45309884819142,0
INV011098,0,1.45309884819142,0
INV011099,0,1.271965036580983,0
INV011100,0,1.45309884819142,0
INV011101,0,0.5847353760623348,0
INV011102,0,0.683671079604335,0
INV011103,0,1.45309884819142,0
INV011104,0,1.45309884819142,0
INV011105,0,1.45309884819142,0
INV011106,0,0.683671079604335,0
INV011107,0,0.683671079604335,0
INV011108,0,2.5198559014257227,0
INV011109,0,0.5847353760623348,0
INV011110,0,1.45309884819142,0
INV011111,0,0.4482838203314565,0
INV011112,0,1.271965036580983,0
INV011113,0,1.2189386038956698,0
INV011114,0,0.683671079604335,0
INV011115,0,0.683671079604335,0
INV011116,0,0.683671079604335,0
INV011117,0,1.45309884819142,0
INV011118,0,1.2189386038956698,0
INV011119,0,0.8648651581140078,0
INV011120,0,0.683671079604335,0
INV011121,0,1.45309884819142,0
INV011122,0,0.5847353760623348,0
INV011123,0,0.683671079604335,0
INV011124,0,0.5847353760623348,0
INV011125,0,0.7287082664800449,0
INV011126,0,0.683671079604335,0
INV011127,0,1.45309884819142,0
INV011128,0,0.683671079604335,0
INV011129,0,1.271965036580983,0
INV011130,0,0.683671079604335,0
INV011131,0,0.5138995567814719,0
INV011132,0,0.683671079604335,0
INV011133,0,0.5847353760623348,0
INV011134,0,1.271965036580983,0
INV011135,0,0.683671079604335,0
INV011136,0,1.271965036580983,0
INV011137,0,1.4023395126844362,0
INV011138,0,0.683671079604335,0
INV011139,0,1.45309884819142,0
INV011140,0,1.4044231030684524,0
INV011141,0,0.683671079604335,0
INV011142,0,0.683671079604335,0
INV011143,0,1.45309884819142,0
INV011144,0,1.2189386038956698,0
INV011145,0,1.271965036580983,0
INV011146,0,0.5208319288112825,0
INV011147,0,0.5847353760623348,0
INV011148,0,0.683671079604335,0
INV011149,0,1.45309884819142,0
INV011150,0,1.45309884819142,0
INV011151,0,0.5847353760623348,0
INV011152,0,1.2189386038956698,0
INV011153,0,0.683671079604335,0
INV011154,0,1.2189386038956698,0
INV011155,0,0.44259776730242556,0
INV011156,0,0.683671079604335,0
INV011157,0,1.45309884819142,0
INV011158,0,0.4722859307272431,0
INV011159,0,1.45309884819142,0
INV011160,0,1.271965036580983,0
INV011161,0,0.7827865239142887,0
INV011162,0,0.7942720773927918,0
INV011163,0,1.45309884819142,0
INV011164,0,1.271965036580983,0
INV011165,0,0.5847353760623348,0
INV011166,0,1.271965036580983,0
INV011167,0,0.683671079604335,0
INV011168,0,1.45309884819142,0
INV011169,0,1.271965036580983,0
INV011170,0,1.271965036580983,0
INV011171,0,1.2189386038956698,0
INV011172,0,0.683671079604335,0
INV011173,0,0.2682884635077665,0
INV011174,0,1.271965036580983,0
INV011175,0,1.8203863827546587,0
INV011176,0,1.45309884819142,0
INV011177,0,1.45309884819142,0
INV011178,0,0.683671079604335,0
INV011179,0,0.9042691335943452,0
INV011180,0,0.5847353760623348,0
INV011181,0,1.271965036580983,0
INV011182,0,1.271965036580983,0
INV011183,0,1.271965036580983,0
INV011184,0,1.45309884819142,0
INV011185,0,1.45309884819142,0
INV011186,0,0.683671079604335,0
INV011187,0,1.271965036580983,0
INV011188,0,1.8021545758889645,0
INV011189,0,1.45309884819142,0
INV011190,0,1.271965036580983,0
INV011191,0,1.271965036580983,0
INV011192,0,1.45309884819142,0
INV011193,0,1.271965036580983,0
INV011194,0,0.5847353760623348,0
INV011195,0,0.46039373147494916,0
INV011196,0,0.44259776730242556,0
INV011197,0,0.683671079604335,0
INV011198,0,0.5847353760623348,0
INV011199,0,0.683671079604335,0
INV011200,0,1.271965036580983,0
INV011201,0,0.6223591356738372,0
INV011202,0,1.271965036580983,0
INV011203,0,0.683671079604335,0
INV011204,0,0.683671079604335,0
INV011205,0,0.5847353760623348,0
INV011206,0,1.271965036580983,0
INV011207,0,1.271965036580983,0
INV011208,0,0.498476733799349,0
INV011209,0,0.683671079604335,0
INV011210,0,0.5847353760623348,0
INV011211,0,1.297792761069446,0
INV011212,0,1.45309884819142,0
INV011213,0,0.683671079604335,0
INV011214,0,0.683671079604335,0
INV011215,0,1.45309884819142,0
INV011216,0,1.5032614864327425,0
INV011217,0,0.683671079604335,0
INV011218,0,0.683671079604335,0
INV011219,0,0.5296408146849173,0
INV011220,0,1.2189386038956698,0
INV011221,0,1.271965036580983,0
INV011222,0,1.271965036580983,0
INV011223,0,1.2189386038956698,0
INV011224,0,0.683671079604335,0
INV011225,0,0.683671079604335,0
INV011226,0,0.683671079604335,0
INV011227,0,0.683671079604335,0
INV011228,0,0.683671079604335,0
INV011229,0,0.7738640900284338,0
INV011230,0,0.44259776730242556,0
INV011231,0,1.2189386038956698,0
INV011232,0,1.271965036580983,0
INV011233,0,1.271965036580983,0
INV011234,0,1.2189386038956698,0
INV011235,0,0.683671079604335,0
INV011236,0,0.683671079604335,0
INV011237,0,0.44259776730242556,0
INV011238,0,0.683671079604335,0
INV011239,0,1.8947719045231366,0
INV011240,0,0.683671079604335,0
INV011241,0,0.683671079604335,0
INV011242,0,1.2189386038956698,0
INV011243,0,1.271965036580983,0
INV011244,0,1.271965036580983,0
INV011245,0,1.45309884819142,0
INV011246,0,1.271965036580983,0
INV011247,0,0.8781174310774117,0
INV011248,0,0.5847353760623348,0
INV011249,0,1.271965036580983,0
INV011250,0,1.271965036580983,0
INV011251,0,0.683671079604335,0
INV011252,0,0.683671079604335,0
INV011253,0,2.52881743586675,0
INV011254,0,1.271965036580983,0
INV011255,0,1.2189386038956698,0
INV011256,0,1.45309884819142,0
INV011257,0,0.7785855602665873,0
INV011258,0,0.683671079604335,0
INV011259,0,1.2189386038956698,0
INV011260,0,1.45309884819142,0
INV011261,0,0.683671079604335,0
INV011262,1,17.73055277016895,6
INV011263,0,1.271965036580983,0
INV011264,0,0.41157997278909053,0
INV011265,0,1.271965036580983,0
INV011266,0,1.45309884819142,0
INV011267,0,1.45309884819142,0
INV011268,0,1.45309884819142,0
INV011269,0,0.9592770458283632,0
INV011270,1,10.731987021395694,1
INV011271,0,0.683671079604335,0
INV011272,0,1.45309884819142,0
INV011273,0,1.271965036580983,0
INV011274,0,0.683671079604335,0
INV011275,0,0.683671079604335,0
INV011276,0,0.8603976850822528,0
INV011277,0,1.2189386038956698,0
INV011278,0,1.271965036580983,0
INV011279,0,1.45309884819142,0
INV011280,0,1.271965036580983,0
INV011281,0,1.0234732757234073,0
INV011282,0,0.683671079604335,0
INV011283,0,1.7398217220512073,0
INV011284,0,0.683671079604335,0
INV011285,0,0.683671079604335,0
INV011286,0,0.8591733684987009,0
INV011287,0,1.6053658609694557,0
INV011288,0,1.45309884819142,0
INV011289,0,1.271965036580983,0
INV011290,0,1.4944798145455072,0
INV011291,0,1.45309884819142,0
INV011292,0,1.2189386038956698,0
INV011293,0,2.5734330461448796,0
INV011294,0,1.2189386038956698,0
INV011295,0,1.271965036580983,0
INV011296,0,1.271965036580983,0
INV011297,0,0.683671079604335,0
INV011298,0,1.45309884819142,0
INV011299,0,0.683671079604335,0
INV011300,0,0.5847353760623348,0
INV011301,0,1.45309884819142,0
INV011302,0,1.9370011297179965,0
INV011303,1,8.195174110062354,1
INV011304,0,1.45309884819142,0
INV011305,0,1.45309884819142,0
INV011306,0,1.271965036580983,0
INV011307,0,1.45309884819142,0
INV011308,0,1.45309884819142,0
INV011309,0,1.271965036580983,0
INV011310,0,1.2189386038956698,0
INV011311,0,1.45309884819142,0
INV011312,0,1.271965036580983,0
INV011313,0,0.683671079604335,0
INV011314,0,0.683671079604335,0
INV011315,0,1.271965036580983,0
INV011316,0,1.2189386038956698,0
INV011317,0,0.683671079604335,0
INV011318,0,1.271965036580983,0
INV011319,0,1.45309884819142,0
INV011320,0,1.271965036580983,0
INV011321,0,1.45309884819142,0
INV011322,0,1.271965036580983,0
INV011323,0,0.683671079604335,0
INV011324,0,1.271965036580983,0
INV011325,0,1.45309884819142,0
INV011326,0,1.45309884819142,0
INV011327,0,1.271965036580983,0
INV011328,0,0.683671079604335,0
INV011329,0,1.45309884819142,0
INV011330,0,1.45309884819142,0
INV011331,0,1.271965036580983,0
INV011332,0,1.271965036580983,0
INV011333,0,1.271965036580983,0
INV011334,0,1.271965036580983,0
INV011335,0,1.45309884819142,0
INV011336,0,0.683671079604335,0
INV011337,0,0.683671079604335,0
INV011338,0,0.5847353760623348,0
INV011339,0,1.271965036580983,0
INV011340,0,1.271965036580983,0
INV011341,0,0.683671079604335,0
INV011342,0,0.4667073328398977,0
INV011343,0,1.45309884819142,0
INV011344,0,0.683671079604335,0
INV011345,0,1.271965036580983,0
INV011346,0,1.2189386038956698,0
INV011347,0,1.2189386038956698,0
INV011348,0,1.271965036580983,0
INV011349,0,1.271965036580983,0
INV011350,0,0.683671079604335,0
INV011351,0,1.45309884819142,0
INV011352,0,1.45309884819142,0
INV011353,0,1.271965036580983,0
INV011354,0,1.2189386038956698,0
INV011355,0,0.5847353760623348,0
INV011356,0,1.271965036580983,0
INV011357,0,1.2189386038956698,0
INV011358,0,1.271965036580983,0
INV011359,0,0.5847353760623348,0
INV011360,0,1.271965036580983,0
INV011361,0,0.5847353760623348,0
INV011362,0,1.5189455011234156,0
INV011363,0,0.44259776730242556,0
INV011364,0,1.45309884819142,0
INV011365,1,7.532674073105105,1
INV011366,0,0.6378332585843463,0
INV011367,0,1.2189386038956698,0
INV011368,0,0.5847353760623348,0
INV011369,0,0.39995709816082275,0
INV011370,0,1.45309884819142,0
INV011371,0,0.683671079604335,0
INV011372,0,1.899011030312686,0
INV011373,0,0.683671079604335,0
INV011374,0,1.45309884819142,0
INV011375,0,1.271965036580983,0
INV011376,0,1.45309884819142,0
INV011377,0,1.2189386038956698,0
INV011378,0,1.45309884819142,0
INV011379,0,1.45309884819142,0
INV011380,0,0.683671079604335,0
INV011381,0,0.5847353760623348,0
INV011382,0,0.5847353760623348,0
INV011383,0,0.5847353760623348,0
INV011384,0,2.488729669877561,0
INV011385,0,1.45309884819142,0
INV011386,0,1.810531478829057,0
INV011387,0,0.5150262783793141,0
INV011388,0,1.45309884819142,0
INV011389,0,0.44259776730242556,0
INV011390,0,1.271965036580983,0
INV011391,0,1.45309884819142,0
INV011392,0,1.45309884819142,0
INV011393,0,1.1771131203904057,0
INV011394,0,1.271965036580983,0
INV011395,0,1.45309884819142,0
INV011396,0,1.2189386038956698,0
INV011397,0,1.45309884819142,0
INV011398,0,0.683671079604335,0
INV011399,0,1.45309884819142,0
INV011400,0,0.683671079604335,0
INV011401,0,1.2189386038956698,0
INV011402,0,1.271965036580983,0
INV011403,0,1.271965036580983,0
INV011404,0,1.45309884819142,0
INV011405,0,0.683671079604335,0
INV011406,0,1.45309884819142,0
INV011407,0,0.683671079604335,0
INV011408,0,0.683671079604335,0
INV011409,0,1.45309884819142,0
INV011410,0,1.45309884819142,0
INV011411,0,0.683671079604335,0
INV011412,0,1.271965036580983,0
INV011413,0,1.4671814978633817,0
INV011414,0,1.45309884819142,0
INV011415,0,0.683671079604335,0
INV011416,0,1.2189386038956698,0
INV011417,0,0.5847353760623348,0
INV011418,0,1.271965036580983,0
INV011419,0,1.271965036580983,0
INV011420,1,3.6701497683067617,1
INV011421,0,1.45309884819142,0
INV011422,0,0.683671079604335,0
INV011423,0,1.271965036580983,0
INV011424,0,1.45309884819142,0
INV011425,0,1.271965036580983,0
INV011426,0,1.2189386038956698,0
INV011427,0,1.271965036580983,0
INV011428,0,1.271965036580983,0
INV011429,0,1.45309884819142,0
INV011430,0,2.4946163366598464,0
INV011431,0,1.271965036580983,0
INV011432,0,0.2682884635077665,0
INV011433,0,0.5847353760623348,0
INV011434,0,1.45309884819142,0
INV011435,0,1.271965036580983,0
INV011436,0,0.6987832039867733,0
INV011437,0,1.2189386038956698,0
INV011438,0,0.7451239307591006,0
INV011439,0,0.683671079604335,0
INV011440,0,1.271965036580983,0
INV011441,0,0.683671079604335,0
INV011442,0,1.45309884819142,0
INV011443,0,1.271965036580983,0
INV011444,0,1.45309884819142,0
INV011445,0,1.45309884819142,0
INV011446,0,1.271965036580983,0
INV011447,0,1.45309884819142,0
INV011448,0,1.271965036580983,0
INV011449,0,1.45309884819142,0
INV011450,0,0.6127507216480412,0
INV011451,0,1.45309884819142,0
INV011452,0,0.683671079604335,0
INV011453,1,10.231684065828548,1
INV011454,0,1.2189386038956698,0
INV011455,0,0.683671079604335,0
INV011456,0,1.271965036580983,0
INV011457,0,0.5847353760623348,0
INV011458,0,0.5847353760623348,0
INV011459,0,0.683671079604335,0
INV011460,0,0.683671079604335,0
INV011461,0,0.683671079604335,0
INV011462,0,1.271965036580983,0
INV011463,0,1.45309884819142,0
INV011464,0,0.683671079604335,0
INV011465,0,0.683671079604335,0
INV011466,0,0.4795774022557552,0
INV011467,0,1.45309884819142,0
INV011468,0,0.683671079604335,0
INV011469,0,0.683671079604335,0
INV011470,0,0.683671079604335,0
INV011471,1,9.463580565729025,1
INV011472,0,1.271965036580983,0
INV011473,0,1.45309884819142,0
INV011474,0,0.44259776730242556,0
INV011475,0,1.271965036580983,0
INV011476,0,0.5847353760623348,0
INV011477,0,1.271965036580983,0
INV011478,0,1.271965036580983,0
INV011479,0,0.683671079604335,0
INV011480,0,1.271965036580983,0
INV011481,0,1.271965036580983,0
INV011482,0,0.683671079604335,0
INV011483,0,0.683671079604335,0
INV011484,0,1.271965036580983,0
INV011485,0,0.5847353760623348,0
INV011486,0,1.271965036580983,0
INV011487,0,0.683671079604335,0
INV011488,0,0.683671079604335,0
INV011489,0,1.45309884819142,0
INV011490,0,1.271965036580983,0
INV011491,0,1.2189386038956698,0
INV011492,0,0.5847353760623348,0
INV011493,0,0.683671079604335,0
INV011494,0,0.7067725422239987,0
INV011495,0,0.683671079604335,0
INV011496,0,0.8392858877247953,0
INV011497,0,1.2189386038956698,0
INV011498,0,1.45309884819142,0
INV011499,0,1.45309884819142,0
INV011500,0,1.271965036580983,0
INV011501,0,1.271965036580983,0
INV011502,0,1.2189386038956698,0
INV011503,0,1.2189386038956698,0
INV011504,0,1.271965036580983,0
INV011505,0,0.683671079604335,0
INV011506,0,1.45309884819142,0
INV011507,0,1.271965036580983,0
INV011508,0,1.2189386038956698,0
INV011509,0,0.683671079604335,0
INV011510,0,0.683671079604335,0
INV011511,0,1.271965036580983,0
INV011512,0,1.271965036580983,0
INV011513,0,1.586663909028371,0
INV011514,0,0.683671079604335,0
INV011515,0,1.45309884819142,0
INV011516,0,1.271965036580983,0
INV011517,0,0.683671079604335,0
INV011518,0,1.45309884819142,0
INV011519,0,0.683671079604335,0
INV011520,0,0.683671079604335,0
INV011521,0,0.683671079604335,0
INV011522,0,1.45309884819142,0
INV011523,0,0.683671079604335,0
INV011524,0,1.45309884819142,0
INV011525,0,1.45309884819142,0
INV011526,0,1.2189386038956698,0
INV011527,0,1.45309884819142,0
INV011528,0,1.271965036580983,0
INV011529,0,1.45309884819142,0
INV011530,0,0.5847353760623348,0
INV011531,0,0.683671079604335,0
INV011532,0,1.271965036580983,0
INV011533,0,0.4855269427307573,0
INV011534,0,1.271965036580983,0
INV011535,0,0.5847353760623348,0
INV011536,0,1.2189386038956698,0
INV011537,0,1.45309884819142,0
INV011538,0,1.271965036580983,0
INV011539,0,1.271965036580983,0
INV011540,0,1.271965036580983,0
INV011541,0,0.683671079604335,0
INV011542,0,1.271965036580983,0
INV011543,0,1.45309884819142,0
INV011544,0,1.2189386038956698,0
INV011545,0,1.45309884819142,0
INV011546,0,1.2189386038956698,0
INV011547,0,0.8790154926286068,0
INV011548,0,0.683671079604335,0
INV011549,0,0.44259776730242556,0
INV011550,0,0.683671079604335,0
INV011551,0,1.271965036580983,0
INV011552,0,1.45309884819142,0
INV011553,0,0.683671079604335,0
INV011554,0,1.271965036580983,0
INV011555,0,0.683671079604335,0
INV011556,0,0.5847353760623348,0
INV011557,0,1.45309884819142,0
INV011558,0,0.44259776730242556,0
INV011559,0,1.271965036580983,0
INV011560,0,0.5847353760623348,0
INV011561,0,1.45309884819142,0
INV011562,0,1.2189386038956698,0
INV011563,0,2.3986094590989064,0
INV011564,0,1.271965036580983,0
INV011565,0,1.6403489712798032,0
INV011566,0,0.5200411591834799,0
INV011567,0,1.45309884819142,0
INV011568,0,1.271965036580983,0
INV011569,0,0.683671079604335,0
INV011570,0,1.271965036580983,0
INV011571,0,1.271965036580983,0
INV011572,0,2.2910084849183057,0
INV011573,0,1.45309884819142,0
INV011574,0,1.45309884819142,0
INV011575,0,1.271965036580983,0
INV011576,0,0.5847353760623348,0
INV011577,0,1.45309884819142,0
INV011578,0,1.271965036580983,0
INV011579,0,1.271965036580983,0
INV011580,0,0.683671079604335,0
INV011581,0,1.271965036580983,0
INV011582,0,1.398334364617037,0
INV011583,0,1.515010108446444,0
INV011584,0,0.5157710657542341,0
INV011585,0,1.2189386038956698,0
INV011586,0,1.2189386038956698,0
INV011587,0,0.683671079604335,0
INV011588,0,1.45309884819142,0
INV011589,0,1.45309884819142,0
INV011590,0,1.45309884819142,0
INV011591,0,1.45309884819142,0
INV011592,0,0.5847353760623348,0
INV011593,0,0.4742553474901565,0
INV011594,0,1.45309884819142,0
INV011595,0,1.271965036580983,0
INV011596,0,0.683671079604335,0
INV011597,0,0.683671079604335,0
INV011598,0,0.683671079604335,0
INV011599,0,1.2189386038956698,0
INV011600,0,0.4597005568328564,0
INV011601,0,1.2189386038956698,0
INV011602,0,0.683671079604335,0
INV011603,0,2.1389045100584707,0
INV011604,0,1.2189386038956698,0
INV011605,0,0.5847353760623348,0
INV011606,0,0.683671079604335,0
INV011607,0,0.683671079604335,0
INV011608,0,2.3380721027546563,0
INV011609,0,0.683671079604335,0
INV011610,0,1.45309884819142,0
INV011611,0,1.45309884819142,0
INV011612,0,1.271965036580983,0
INV011613,0,0.5847353760623348,0
INV011614,0,0.683671079604335,0
INV011615,0,1.45309884819142,0
INV011616,0,0.9170137249493933,0
INV011617,0,1.271965036580983,0
INV011618,0,0.683671079604335,0
INV011619,0,0.683671079604335,0
INV011620,0,1.45309884819142,0
INV011621,0,1.271965036580983,0
INV011622,0,1.2189386038956698,0
INV011623,0,2.381851899565425,0
INV011624,0,0.8632054177480583,0
INV011625,0,1.2739120187969137,0
INV011626,0,1.45309884819142,0
INV011627,0,1.45309884819142,0
INV011628,0,0.683671079604335,0
INV011629,0,1.271965036580983,0
INV011630,0,0.683671079604335,0
INV011631,0,1.2189386038956698,0
INV011632,0,1.45309884819142,0
INV011633,0,1.45309884819142,0
INV011634,0,1.45309884819142,0
INV011635,0,0.5847353760623348,0
INV011636,0,0.683671079604335,0
INV011637,0,1.271965036580983,0
INV011638,0,0.5159255911482747,0
INV011639,0,0.683671079604335,0
INV011640,0,0.683671079604335,0
INV011641,0,1.45309884819142,0
INV011642,0,2.077515700024791,0
INV011643,0,0.44685305281659526,0
INV011644,0,1.2189386038956698,0
INV011645,0,1.271965036580983,0
INV011646,0,0.683671079604335,0
INV011647,0,0.5847353760623348,0
INV011648,0,0.683671079604335,0
INV011649,0,0.683671079604335,0
INV011650,0,1.45309884819142,0
INV011651,0,0.5847353760623348,0
INV011652,0,1.45309884819142,0
INV011653,0,1.271965036580983,0
INV011654,0,1.271965036580983,0
INV011655,0,1.271965036580983,0
INV011656,0,1.45309884819142,0
INV011657,0,1.271965036580983,0
INV011658,0,1.2189386038956698,0
INV011659,0,1.271965036580983,0
INV011660,0,1.45309884819142,0
INV011661,0,1.45309884819142,0
INV011662,0,1.271965036580983,0
INV011663,0,0.683671079604335,0
INV011664,0,1.271965036580983,0
INV011665,0,0.683671079604335,0
INV011666,0,1.45309884819142,0
INV011667,0,1.45309884819142,0
INV011668,0,1.271965036580983,0
INV011669,0,1.271965036580983,0
INV011670,0,1.271965036580983,0
INV011671,0,0.683671079604335,0
INV011672,0,1.45309884819142,0
INV011673,0,0.683671079604335,0
INV011674,0,0.5327097390592731,0
INV011675,0,1.45309884819142,0
INV011676,0,1.2189386038956698,0
INV011677,0,0.683671079604335,0
INV011678,0,1.271965036580983,0
INV011679,0,1.45309884819142,0
INV011680,0,1.271965036580983,0
INV011681,0,1.45309884819142,0
INV011682,0,1.271965036580983,0
INV011683,0,1.271965036580983,0
INV011684,0,1.45309884819142,0
INV011685,0,1.45309884819142,0
INV011686,0,1.271965036580983,0
INV011687,0,0.683671079604335,0
INV011688,0,0.683671079604335,0
INV011689,0,1.271965036580983,0
INV011690,0,1.271965036580983,0
INV011691,0,1.271965036580983,0
INV011692,0,1.271965036580983,0
INV011693,0,0.683671079604335,0
INV011694,0,1.271965036580983,0
INV011695,1,3.76841514198889,1
INV011696,0,0.683671079604335,0
INV011697,0,2.520077054165777,0
INV011698,0,0.808577562910314,0
INV011699,0,1.271965036580983,0
INV011700,0,0.683671079604335,0
INV011701,0,1.271965036580983,0
INV011702,0,1.45309884819142,0
INV011703,0,1.271965036580983,0
INV011704,0,1.45309884819142,0
INV011705,0,0.683671079604335,0
INV011706,0,1.271965036580983,0
INV011707,0,1.271965036580983,0
INV011708,0,0.683671079604335,0
INV011709,0,1.45309884819142,0
INV011710,0,2.558538862668685,0
INV011711,0,1.45309884819142,0
INV011712,0,1.45309884819142,0
INV011713,0,1.45309884819142,0
INV011714,0,1.271965036580983,0
INV011715,0,1.45309884819142,0
INV011716,0,1.2189386038956698,0
INV011717,0,1.271965036580983,0
INV011718,0,0.683671079604335,0
INV011719,0,2.222136454233549,0
INV011720,0,1.271965036580983,0
INV011721,0,1.2189386038956698,0
INV011722,0,1.271965036580983,0
INV011723,0,1.271965036580983,0
INV011724,0,1.45309884819142,0
INV011725,0,1.45309884819142,0
INV011726,0,1.45309884819142,0
INV011727,0,0.683671079604335,0
INV011728,0,0.683671079604335,0
INV011729,0,1.271965036580983,0
INV011730,0,1.45309884819142,0
INV011731,0,0.683671079604335,0
INV011732,0,1.271965036580983,0
INV011733,0,0.683671079604335,0
INV011734,0,1.2189386038956698,0
INV011735,0,1.45309884819142,0
INV011736,0,1.271965036580983,0
INV011737,0,1.45309884819142,0
INV011738,0,1.45309884819142,0
INV011739,0,1.45309884819142,0
INV011740,0,0.683671079604335,0
INV011741,0,0.683671079604335,0
INV011742,0,1.45309884819142,0
INV011743,0,1.6807260813772666,0
INV011744,0,0.9187985870918938,0
INV011745,0,1.3745086759261875,0
INV011746,0,1.45309884819142,0
INV011747,0,1.271965036580983,0
INV011748,0,0.8192623370188904,0
INV011749,0,1.7135276935134465,0
INV011750,0,1.271965036580983,0
INV011751,0,0.5847353760623348,0
INV011752,0,0.683671079604335,0
INV011753,0,0.683671079604335,0
INV011754,0,0.5847353760623348,0
INV011755,0,1.271965036580983,0
INV011756,0,1.271965036580983,0
INV011757,0,0.4819741098855904,0
INV011758,0,1.271965036580983,0
INV011759,0,1.2189386038956698,0
INV011760,0,1.271965036580983,0
INV011761,0,1.45309884819142,0
INV011762,0,0.683671079604335,0
INV011763,0,1.45309884819142,0
INV011764,0,1.45309884819142,0
INV011765,0,1.271965036580983,0
INV011766,0,1.271965036580983,0
INV011767,0,1.271965036580983,0
INV011768,0,0.683671079604335,0
INV011769,0,1.45309884819142,0
INV011770,0,0.683671079604335,0
INV011771,0,0.683671079604335,0
INV011772,0,1.45309884819142,0
INV011773,0,1.45309884819142,0
INV011774,0,1.271965036580983,0
INV011775,0,0.683671079604335,0
INV011776,0,1.271965036580983,0
INV011777,0,1.45309884819142,0
INV011778,0,1.748072251996983,0
INV011779,0,1.271965036580983,0
INV011780,0,0.683671079604335,0
INV011781,0,1.271965036580983,0
INV011782,0,1.271965036580983,0
INV011783,0,0.683671079604335,0
INV011784,0,0.5847353760623348,0
INV011785,0,0.683671079604335,0
INV011786,0,1.271965036580983,0
INV011787,0,0.4377135326484243,0
INV011788,0,1.271965036580983,0
INV011789,0,1.271965036580983,0
INV011790,0,0.683671079604335,0
INV011791,0,2.1003322815877565,0
INV011792,0,1.326838217473564,0
INV011793,0,1.45309884819142,0
INV011794,0,1.2189386038956698,0
INV011795,0,0.5847353760623348,0
INV011796,0,1.271965036580983,0
INV011797,0,1.45309884819142,0
INV011798,0,2.189474665682665,0
INV011799,0,0.683671079604335,0
INV011800,0,1.2189386038956698,0
INV011801,0,1.45309884819142,0
INV011802,0,1.271965036580983,0
INV011803,0,1.5092473122229444,0
INV011804,0,1.271965036580983,0
INV011805,0,1.45309884819142,0
INV011806,0,0.44259776730242556,0
INV011807,0,1.2189386038956698,0
INV011808,0,0.683671079604335,0
INV011809,0,1.2189386038956698,0
INV011810,0,0.5655429009642152,0
INV011811,0,0.683671079604335,0
INV011812,0,1.45309884819142,0
INV011813,0,0.5847353760623348,0
INV011814,0,0.47237507999303574,0
INV011815,0,1.45309884819142,0
INV011816,0,1.271965036580983,0
INV011817,0,1.271965036580983,0
INV011818,0,1.45309884819142,0
INV011819,0,1.271965036580983,0
INV011820,0,0.683671079604335,0
INV011821,0,1.271965036580983,0
INV011822,0,0.683671079604335,0
INV011823,0,1.45309884819142,0
INV011824,0,1.271965036580983,0
INV011825,0,0.683671079604335,0
INV011826,0,1.45309884819142,0
INV011827,0,0.5083669846268262,0
INV011828,0,0.683671079604335,0
INV011829,0,0.683671079604335,0
INV011830,0,1.8426815193138477,0
INV011831,0,1.271965036580983,0
INV011832,0,1.45309884819142,0
INV011833,0,1.271965036580983,0
INV011834,0,0.5360645232132307,0
INV011835,0,0.44259776730242556,0
INV011836,0,0.5847353760623348,0
INV011837,0,1.9902635931691277,0
INV011838,0,1.45309884819142,0
INV011839,0,0.683671079604335,0
INV011840,0,1.271965036580983,0
INV011841,0,0.683671079604335,0
INV011842,0,0.44259776730242556,0
INV011843,0,1.2189386038956698,0
INV011844,0,1.271965036580983,0
INV011845,0,2.418577017809805,0
INV011846,0,0.530145055444418,0
INV011847,0,0.683671079604335,0
INV011848,0,1.3391226734953454,0
INV011849,0,1.313512122661995,0
INV011850,0,0.5847353760623348,0
INV011851,0,0.5288043756086735,0
INV011852,0,0.683671079604335,0
INV011853,0,1.45309884819142,0
INV011854,0,1.45309884819142,0
INV011855,0,1.45309884819142,0
INV011856,0,1.271965036580983,0
INV011857,0,1.45309884819142,0
INV011858,0,1.271965036580983,0
INV011859,0,1.271965036580983,0
INV011860,0,1.45309884819142,0
INV011861,0,0.683671079604335,0
INV011862,0,0.683671079604335,0
INV011863,0,1.271965036580983,0
INV011864,0,1.45309884819142,0
INV011865,0,0.5847353760623348,0
INV011866,0,0.683671079604335,0
INV011867,0,1.271965036580983,0
INV011868,0,0.683671079604335,0
INV011869,0,1.45309884819142,0
INV011870,0,1.271965036580983,0
INV011871,0,1.271965036580983,0
INV011872,0,0.683671079604335,0
INV011873,0,1.2189386038956698,0
INV011874,0,1.571375904760482,0
INV011875,0,1.271965036580983,0
INV011876,0,0.8332812936681107,0
INV011877,0,1.2189386038956698,0
INV011878,0,0.5847353760623348,0
INV011879,0,1.2189386038956698,0
INV011880,0,1.271965036580983,0
INV011881,0,1.271965036580983,0
INV011882,0,1.45309884819142,0
INV011883,0,1.271965036580983,0
INV011884,0,1.45309884819142,0
INV011885,0,1.271965036580983,0
INV011886,0,1.45309884819142,0
INV011887,0,1.271965036580983,0
INV011888,0,0.7654521529909073,0
INV011889,0,0.9238419331002249,0
INV011890,0,1.45309884819142,0
INV011891,0,1.2189386038956698,0
INV011892,0,1.45309884819142,0
INV011893,0,2.179007603465287,0
INV011894,0,1.45309884819142,0
INV011895,0,0.49437430355068157,0
INV011896,0,1.271965036580983,0
INV011897,0,1.45309884819142,0
INV011898,0,0.683671079604335,0
INV011899,0,1.45309884819142,0
INV011900,0,1.2189386038956698,0
INV011901,0,0.683671079604335,0
INV011902,0,0.683671079604335,0
INV011903,0,1.271965036580983,0
INV011904,0,0.5847353760623348,0
INV011905,0,1.45309884819142,0
INV011906,0,0.48814386468732235,0
INV011907,0,0.683671079604335,0
INV011908,0,1.45309884819142,0
INV011909,0,1.45309884819142,0
INV011910,0,0.5847353760623348,0
INV011911,0,0.4507918863424221,0
INV011912,0,0.9179818546954568,0
INV011913,0,1.45309884819142,0
INV011914,0,1.271965036580983,0
INV011915,0,1.271965036580983,0
INV011916,0,2.5532837480535413,0
INV011917,0,0.683671079604335,0
INV011918,0,0.5847353760623348,0
INV011919,0,1.45309884819142,0
INV011920,0,1.45309884819142,0
INV011921,0,0.683671079604335,0
INV011922,0,0.683671079604335,0
INV011923,0,0.683671079604335,0
INV011924,0,1.2189386038956698,0
INV011925,0,1.45309884819142,0
INV011926,0,1.2189386038956698,0
INV011927,0,1.45309884819142,0
INV011928,0,1.45309884819142,0
INV011929,0,1.9314379027280961,0
INV011930,0,1.2189386038956698,0
INV011931,0,0.27781661726073203,0
INV011932,0,1.45309884819142,0
INV011933,0,0.44259776730242556,0
INV011934,0,0.683671079604335,0
INV011935,0,0.5847353760623348,0
INV011936,0,1.271965036580983,0
INV011937,0,1.2189386038956698,0
INV011938,0,0.683671079604335,0
INV011939,0,0.7523431444616544,0
INV011940,0,0.683671079604335,0
INV011941,0,1.2189386038956698,0
INV011942,0,0.5847353760623348,0
INV011943,0,1.271965036580983,0
INV011944,0,1.514300980777841,0
INV011945,0,0.683671079604335,0
INV011946,0,1.271965036580983,0
INV011947,0,0.683671079604335,0
INV011948,0,1.271965036580983,0
INV011949,0,1.2189386038956698,0
INV011950,0,1.2189386038956698,0
INV011951,0,0.683671079604335,0
INV011952,0,1.45309884819142,0
INV011953,0,1.271965036580983,0
INV011954,0,0.683671079604335,0
INV011955,0,1.45309884819142,0
INV011956,0,1.7725623373213186,0
INV011957,0,0.683671079604335,0
INV011958,0,2.0750026291427632,0
INV011959,0,1.271965036580983,0
INV011960,0,1.45309884819142,0
INV011961,0,0.5237435125516253,0
INV011962,0,2.198498448207526,0
INV011963,0,0.973257527531294,0
INV011964,0,2.563966645335469,0
INV011965,0,1.45309884819142,0
INV011966,0,0.683671079604335,0
INV011967,0,1.271965036580983,0
INV011968,0,0.5847353760623348,0
INV011969,0,1.271965036580983,0
INV011970,0,0.7664024528838124,0
INV011971,0,1.271965036580983,0
INV011972,0,1.45309884819142,0
INV011973,0,1.45309884819142,0
INV011974,0,0.5847353760623348,0
INV011975,0,1.45309884819142,0
INV011976,0,1.45309884819142,0
INV011977,0,1.271965036580983,0
INV011978,0,2.365017390139365,0
INV011979,0,1.45309884819142,0
INV011980,0,1.366872493903277,0
INV011981,0,2.008864509275647,0
INV011982,0,1.45309884819142,0
INV011983,0,0.683671079604335,0
INV011984,0,0.26913973486135845,0
INV011985,0,1.45309884819142,0
INV011986,0,1.271965036580983,0
INV011987,0,1.45309884819142,0
INV011988,0,1.45309884819142,0
INV011989,0,1.0854711160044495,0
INV011990,0,1.45309884819142,0
INV011991,0,1.45309884819142,0
INV011992,0,1.45309884819142,0
INV011993,0,0.683671079604335,0
INV011994,0,1.45309884819142,0
INV011995,0,0.683671079604335,0
INV011996,0,0.683671079604335,0
INV011997,0,0.9708242217818176,0
INV011998,0,0.5847353760623348,0
INV011999,0,1.271965036580983,0
INV012000,0,1.45309884819142,0
INV012001,0,0.683671079604335,0
INV012002,0,1.271965036580983,0
INV012003,0,0.4172830233642871,0
INV012004,0,1.45309884819142,0
INV012005,0,0.8638385339374065,0
INV012006,0,1.271965036580983,0
INV012007,0,1.2189386038956698,0
INV012008,0,1.2189386038956698,0
INV012009,0,1.271965036580983,0
INV012010,0,0.683671079604335,0
INV012011,0,0.5847353760623348,0
INV012012,0,0.5847353760623348,0
INV012013,0,1.271965036580983,0
INV012014,0,1.271965036580983,0
INV012015,1,5.247141520997647,1
INV012016,0,1.45309884819142,0
INV012017,0,0.8967724623522894,0
INV012018,0,0.46009464694917496,0
INV012019,0,0.4815999957737028,0
INV012020,0,1.2189386038956698,0
INV012021,0,0.683671079604335,0
INV012022,0,0.683671079604335,0
INV012023,0,0.683671079604335,0
INV012024,0,1.271965036580983,0
INV012025,0,1.45309884819142,0
INV012026,0,1.271965036580983,0
INV012027,0,0.683671079604335,0
INV012028,0,0.683671079604335,0
INV012029,0,1.271965036580983,0
INV012030,0,2.179007603465287,0
INV012031,0,1.45309884819142,0
INV012032,0,1.2189386038956698,0
INV012033,0,0.683671079604335,0
INV012034,0,0.683671079604335,0
INV012035,0,1.45309884819142,0
INV012036,0,0.683671079604335,0
INV012037,0,1.271965036580983,0
INV012038,0,1.45309884819142,0
INV012039,0,1.2189386038956698,0
INV012040,0,1.2189386038956698,0
INV012041,0,1.271965036580983,0
INV012042,0,0.683671079604335,0
INV012043,0,1.271965036580983,0
INV012044,0,1.271965036580983,0
INV012045,0,1.45309884819142,0
INV012046,0,1.2189386038956698,0
INV012047,0,1.271965036580983,0
INV012048,0,1.45309884819142,0
INV012049,0,0.683671079604335,0
INV012050,0,0.44259776730242556,0
INV012051,0,1.8753210987493942,0
INV012052,0,1.45309884819142,0
INV012053,0,1.45309884819142,0
INV012054,0,1.45309884819142,0
INV012055,0,1.271965036580983,0
INV012056,0,1.271965036580983,0
INV012057,0,1.45309884819142,0
INV012058,0,1.271965036580983,0
INV012059,0,1.271965036580983,0
INV012060,0,1.271965036580983,0
INV012061,0,2.5362177633408614,0
INV012062,0,0.683671079604335,0
INV012063,0,0.683671079604335,0
INV012064,0,0.683671079604335,0
INV012065,0,0.4857277631821217,0
INV012066,0,1.271965036580983,0
INV012067,0,0.683671079604335,0
INV012068,0,1.1193393912857272,0
INV012069,0,1.45309884819142,0
INV012070,0,1.271965036580983,0
INV012071,0,0.5847353760623348,0
INV012072,0,0.7912788516932494,0
INV012073,0,0.683671079604335,0
INV012074,0,0.5080257149812832,0
INV012075,0,0.683671079604335,0
INV012076,0,1.271965036580983,0
INV012077,0,0.5858817585470287,0
INV012078,0,0.5847353760623348,0
INV012079,0,1.45309884819142,0
INV012080,0,1.45309884819142,0
INV012081,0,1.2189386038956698,0
INV012082,0,0.5822219465829107,0
INV012083,0,0.683671079604335,0
INV012084,0,0.5847353760623348,0
INV012085,0,0.683671079604335,0
INV012086,0,1.45309884819142,0
INV012087,0,1.271965036580983,0
INV012088,0,1.45309884819142,0
INV012089,0,0.683671079604335,0
INV012090,0,0.8724631779950699,0
INV012091,0,0.683671079604335,0
INV012092,0,1.45309884819142,0
INV012093,0,1.271965036580983,0
INV012094,0,1.271965036580983,0
INV012095,0,1.2189386038956698,0
INV012096,0,1.2189386038956698,0
INV012097,0,0.683671079604335,0
INV012098,0,1.2189386038956698,0
INV012099,0,1.45309884819142,0
INV012100,0,1.2189386038956698,0
INV012101,0,1.45309884819142,0
INV012102,0,1.4591569986118236,0
INV012103,0,1.45309884819142,0
INV012104,0,1.45309884819142,0
INV012105,0,1.271965036580983,0
INV012106,0,0.683671079604335,0
INV012107,0,0.683671079604335,0
INV012108,0,1.271965036580983,0
INV012109,0,2.0585753910993767,0
INV012110,0,1.271965036580983,0
INV012111,1,7.825356147503567,2
INV012112,0,1.45309884819142,0
INV012113,0,0.7961955119028227,0
INV012114,0,1.271965036580983,0
INV012115,0,0.683671079604335,0
INV012116,0,0.683671079604335,0
INV012117,0,0.683671079604335,0
INV012118,0,1.45309884819142,0
INV012119,0,0.683671079604335,0
INV012120,0,1.2189386038956698,0
INV012121,0,0.683671079604335,0
INV012122,0,1.9675349096541892,0
INV012123,0,0.5847353760623348,0
INV012124,0,0.683671079604335,0
INV012125,0,1.271965036580983,0
INV012126,0,1.271965036580983,0
INV012127,0,0.683671079604335,0
INV012128,0,1.2189386038956698,0
INV012129,0,1.271965036580983,0
INV012130,0,1.271965036580983,0
INV012131,0,2.516075346947233,0
INV012132,0,0.683671079604335,0
INV012133,0,1.271965036580983,0
INV012134,0,1.271965036580983,0
INV012135,0,1.45309884819142,0
INV012136,0,1.2189386038956698,0
INV012137,0,0.683671079604335,0
INV012138,0,2.1433998226855087,0
INV012139,0,1.271965036580983,0
INV012140,0,0.5847353760623348,0
INV012141,0,0.5267727107619261,0
INV012142,0,1.271965036580983,0
INV012143,0,0.683671079604335,0
INV012144,0,0.683671079604335,0
INV012145,0,1.271965036580983,0
INV012146,0,1.45309884819142,0
INV012147,0,1.45309884819142,0
INV012148,0,0.683671079604335,0
INV012149,0,2.5607181712117626,0
INV012150,0,0.683671079604335,0
INV012151,0,1.45309884819142,0
INV012152,0,1.2189386038956698,0
INV012153,0,1.271965036580983,0
INV012154,0,0.683671079604335,0
INV012155,0,0.683671079604335,0
INV012156,0,0.44259776730242556,0
INV012157,0,1.45309884819142,0
INV012158,0,0.683671079604335,0
INV012159,0,0.683671079604335,0
INV012160,0,1.45309884819142,0
INV012161,0,1.271965036580983,0
INV012162,0,1.45309884819142,0
INV012163,0,2.3015581275082067,0
INV012164,0,1.2189386038956698,0
INV012165,0,2.2182623712270875,0
INV012166,0,0.683671079604335,0
INV012167,0,1.2189386038956698,0
INV012168,0,1.271965036580983,0
INV012169,0,1.45309884819142,0
INV012170,0,0.4227139340754852,0
INV012171,0,0.5847353760623348,0
INV012172,0,1.2189386038956698,0
INV012173,0,1.271965036580983,0
INV012174,0,0.683671079604335,0
INV012175,0,1.271965036580983,0
INV012176,0,0.5847353760623348,0
INV012177,0,0.5847353760623348,0
INV012178,1,8.195174110062354,1
INV012179,0,1.271965036580983,0
INV012180,0,1.45309884819142,0
INV012181,0,0.683671079604335,0
INV012182,0,1.271965036580983,0
INV012183,0,0.683671079604335,0
INV012184,0,1.2189386038956698,0
INV012185,0,2.58018586842534,0
INV012186,0,1.9996655562636143,0
INV012187,0,1.271965036580983,0
INV012188,0,1.45309884819142,0
INV012189,0,0.4442482867534267,0
INV012190,0,0.683671079604335,0
INV012191,0,1.271965036580983,0
INV012192,0,1.271965036580983,0
INV012193,0,1.271965036580983,0
INV012194,0,0.4691194113671776,0
INV012195,0,1.271965036580983,0
INV012196,0,0.44259776730242556,0
INV012197,0,0.4825002469559876,0
INV012198,0,1.45309884819142,0
INV012199,0,1.271965036580983,0
INV012200,0,1.271965036580983,0
INV012201,0,0.4473985837623578,0
INV012202,0,0.683671079604335,0
INV012203,0,1.271965036580983,0
INV012204,0,1.2189386038956698,0
INV012205,0,1.45309884819142,0
INV012206,0,1.7647078177983266,0
INV012207,0,0.683671079604335,0
INV012208,0,0.5847353760623348,0
INV012209,0,0.5041144082462976,0
INV012210,0,2.150601519339345,0
INV012211,0,1.45309884819142,0
INV012212,0,1.45309884819142,0
INV012213,0,0.6342059782821314,0
INV012214,0,1.271965036580983,0
INV012215,0,1.45309884819142,0
INV012216,0,1.271965036580983,0
INV012217,0,1.45309884819142,0
INV012218,0,0.683671079604335,0
INV012219,0,1.271965036580983,0
INV012220,0,0.7667859511289413,0
INV012221,0,1.45309884819142,0
INV012222,0,1.271965036580983,0
INV012223,0,1.271965036580983,0
INV012224,0,1.45309884819142,0
INV012225,0,1.45309884819142,0
INV012226,0,1.45309884819142,0
INV012227,0,1.45309884819142,0
INV012228,0,1.271965036580983,0
INV012229,0,1.45309884819142,0
INV012230,0,1.271965036580983,0
INV012231,0,1.8342189079568176,0
INV012232,0,1.45309884819142,0
INV012233,0,0.5847353760623348,0
INV012234,0,1.271965036580983,0
INV012235,0,1.271965036580983,0
INV012236,0,1.45309884819142,0
INV012237,0,1.2189386038956698,0
INV012238,0,1.45309884819142,0
INV012239,0,0.683671079604335,0
INV012240,0,0.5847353760623348,0
INV012241,0,0.5847353760623348,0
INV012242,0,0.683671079604335,0
INV012243,0,1.2189386038956698,0
INV012244,0,1.271965036580983,0
INV012245,0,1.2189386038956698,0
INV012246,0,1.45309884819142,0
INV012247,0,0.5847353760623348,0
INV012248,0,0.683671079604335,0
INV012249,0,1.2189386038956698,0
INV012250,0,1.271965036580983,0
INV012251,0,0.683671079604335,0
INV012252,0,1.2189386038956698,0
INV012253,0,1.2189386038956698,0
INV012254,0,1.2189386038956698,0
INV012255,0,1.45309884819142,0
INV012256,0,1.45309884819142,0
INV012257,0,0.5847353760623348,0
INV012258,0,1.45309884819142,0
INV012259,0,1.271965036580983,0
INV012260,0,0.4002048392783938,0
INV012261,0,1.271965036580983,0
INV012262,0,1.186145974244067,0
INV012263,0,0.5847353760623348,0
INV012264,0,1.45309884819142,0
INV012265,0,1.45309884819142,0
INV012266,0,1.271965036580983,0
INV012267,0,1.45309884819142,0
INV012268,0,1.271965036580983,0
INV012269,0,0.683671079604335,0
INV012270,0,0.683671079604335,0
INV012271,0,0.2682884635077665,0
INV012272,0,0.8934370285938801,0
INV012273,0,1.45309884819142,0
INV012274,0,0.5847353760623348,0
INV012275,0,0.7345805442580269,0
INV012276,0,2.217664914744056,0
INV012277,0,0.683671079604335,0
INV012278,0,1.45309884819142,0
INV012279,0,1.45309884819142,0
INV012280,0,1.271965036580983,0
INV012281,0,1.271965036580983,0
INV012282,0,0.45642111506945354,0
INV012283,0,0.5847353760623348,0
INV012284,0,0.5847353760623348,0
INV012285,0,0.5847353760623348,0
INV012286,0,1.271965036580983,0
INV012287,0,1.7221179290825588,0
INV012288,0,0.5847353760623348,0
INV012289,0,1.271965036580983,0
INV012290,0,1.271965036580983,0
INV012291,0,0.5847353760623348,0
INV012292,0,1.45309884819142,0
INV012293,0,0.2682884635077665,0
INV012294,0,0.7611091761268204,0
INV012295,0,1.45309884819142,0
INV012296,0,1.271965036580983,0
INV012297,0,2.4284347369753787,0
INV012298,0,0.2682884635077665,0
INV012299,0,0.5017552371494277,0
INV012300,0,1.2189386038956698,0
INV012301,0,1.45309884819142,0
INV012302,0,1.45309884819142,0
INV012303,0,1.271965036580983,0
INV012304,0,1.271965036580983,0
INV012305,0,0.683671079604335,0
INV012306,0,1.45309884819142,0
INV012307,0,0.683671079604335,0
INV012308,0,0.683671079604335,0
INV012309,0,1.271965036580983,0
INV012310,0,1.271965036580983,0
INV012311,0,1.45309884819142,0
INV012312,0,1.2189386038956698,0
INV012313,0,0.683671079604335,0
INV012314,0,1.45309884819142,0
INV012315,0,1.271965036580983,0
INV012316,0,1.45309884819142,0
INV012317,0,0.44259776730242556,0
INV012318,0,1.271965036580983,0
INV012319,0,0.683671079604335,0
INV012320,0,1.45309884819142,0
INV012321,0,0.683671079604335,0
INV012322,0,1.45309884819142,0
INV012323,0,0.683671079604335,0
INV012324,0,0.683671079604335,0
INV012325,0,1.45309884819142,0
INV012326,0,0.683671079604335,0
INV012327,0,1.271965036580983,0
INV012328,0,0.44259776730242556,0
INV012329,0,0.683671079604335,0
INV012330,0,1.271965036580983,0
INV012331,0,0.683671079604335,0
INV012332,0,2.205900965312727,0
INV012333,0,1.271965036580983,0
INV012334,0,1.2189386038956698,0
INV012335,0,0.8194121703463101,0
INV012336,0,0.5847353760623348,0
INV012337,0,0.46766455791033035,0
INV012338,0,1.45309884819142,0
INV012339,0,1.45309884819142,0
INV012340,0,0.683671079604335,0
INV012341,0,1.45309884819142,0
INV012342,0,1.45309884819142,0
INV012343,0,1.271965036580983,0
INV012344,0,1.2189386038956698,0
INV012345,0,1.45309884819142,0
INV012346,0,1.271965036580983,0
INV012347,0,0.46113914445875204,0
INV012348,0,1.45309884819142,0
INV012349,0,0.683671079604335,0
INV012350,0,1.45309884819142,0
INV012351,0,1.271965036580983,0
INV012352,0,1.45309884819142,0
INV012353,0,1.2189386038956698,0
INV012354,0,1.271965036580983,0
INV012355,0,0.683671079604335,0
INV012356,0,1.45309884819142,0
INV012357,0,1.271965036580983,0
INV012358,0,1.271965036580983,0
INV012359,0,0.523345625302193,0
INV012360,0,1.2189386038956698,0
INV012361,0,1.185329554652072,0
INV012362,0,1.271965036580983,0
INV012363,0,1.45309884819142,0
INV012364,0,0.5847353760623348,0
INV012365,0,0.5847353760623348,0
INV012366,0,0.44259776730242556,0
INV012367,0,1.45309884819142,0
INV012368,0,1.45309884819142,0
INV012369,0,1.45309884819142,0
INV012370,0,0.5847353760623348,0
INV012371,0,0.5847353760623348,0
INV012372,0,0.683671079604335,0
INV012373,0,1.271965036580983,0
INV012374,0,0.683671079604335,0
INV012375,0,0.4690921539009605,0
INV012376,0,1.45309884819142,0
INV012377,0,0.683671079604335,0
INV012378,0,1.2189386038956698,0
INV012379,0,0.683671079604335,0
INV012380,0,0.683671079604335,0
INV012381,0,0.5847353760623348,0
INV012382,0,1.45309884819142,0
INV012383,0,0.683671079604335,0
INV012384,0,0.683671079604335,0
INV012385,0,1.45309884819142,0
INV012386,0,0.5146136893211369,0
INV012387,0,0.683671079604335,0
INV012388,0,1.45309884819142,0
INV012389,0,1.2189386038956698,0
INV012390,0,1.271965036580983,0
INV012391,0,0.49396546814580106,0
INV012392,0,0.683671079604335,0
INV012393,0,1.271965036580983,0
INV012394,0,1.45309884819142,0
INV012395,0,1.271965036580983,0
INV012396,0,0.5847353760623348,0
INV012397,0,1.45309884819142,0
INV012398,0,0.683671079604335,0
INV012399,0,1.2189386038956698,0
INV012400,0,1.45309884819142,0
INV012401,0,0.683671079604335,0
INV012402,0,0.683671079604335,0
INV012403,0,0.683671079604335,0
INV012404,0,1.271965036580983,0
INV012405,0,0.683671079604335,0
INV012406,0,1.271965036580983,0
INV012407,0,1.45309884819142,0
INV012408,0,0.5847353760623348,0
INV012409,0,1.45309884819142,0
INV012410,0,1.45309884819142,0
INV012411,0,1.7879063335842145,0
INV012412,0,0.683671079604335,0
INV012413,0,0.5259753287610374,0
INV012414,0,0.683671079604335,0
INV012415,0,1.45309884819142,0
INV012416,0,1.271965036580983,0
INV012417,0,0.683671079604335,0
INV012418,0,2.331285497594528,0
INV012419,0,0.36932103117229975,0
INV012420,0,0.683671079604335,0
INV012421,0,1.2189386038956698,0
INV012422,0,0.683671079604335,0
INV012423,0,1.271965036580983,0
INV012424,0,1.271965036580983,0
INV012425,0,0.683671079604335,0
INV012426,0,1.45309884819142,0
INV012427,0,1.45309884819142,0
INV012428,0,1.45309884819142,0
INV012429,0,0.683671079604335,0
INV012430,0,1.2189386038956698,0
INV012431,0,1.271965036580983,0
INV012432,0,1.271965036580983,0
INV012433,0,1.2189386038956698,0
INV012434,0,0.683671079604335,0
INV012435,0,1.271965036580983,0
INV012436,0,1.2189386038956698,0
INV012437,0,1.45309884819142,0
INV012438,0,0.7806341165531695,0
INV012439,0,1.6641599581619082,0
INV012440,0,0.683671079604335,0
INV012441,0,1.45309884819142,0
INV012442,0,1.45309884819142,0
INV012443,0,1.271965036580983,0
INV012444,0,1.45309884819142,0
INV012445,0,1.45309884819142,0
INV012446,0,0.683671079604335,0
INV012447,0,0.683671079604335,0
INV012448,0,1.45309884819142,0
INV012449,0,1.45309884819142,0
INV012450,0,0.4948729138302375,0
INV012451,0,0.683671079604335,0
INV012452,0,1.271965036580983,0
INV012453,0,1.271965036580983,0
INV012454,0,1.45309884819142,0
INV012455,0,1.271965036580983,0
INV012456,0,0.44259776730242556,0
INV012457,0,0.5847353760623348,0
INV012458,0,0.683671079604335,0
INV012459,0,1.271965036580983,0
INV012460,0,1.45309884819142,0
INV012461,0,1.271965036580983,0
INV012462,0,0.683671079604335,0
INV012463,0,0.909488588503172,0
INV012464,0,0.683671079604335,0
INV012465,0,1.271965036580983,0
INV012466,0,0.4866627356573994,0
INV012467,0,0.5847353760623348,0
INV012468,0,1.271965036580983,0
INV012469,0,0.5847353760623348,0
INV012470,0,1.271965036580983,0
INV012471,0,0.683671079604335,0
INV012472,0,1.271965036580983,0
INV012473,0,1.45309884819142,0
INV012474,0,1.45309884819142,0
INV012475,0,0.683671079604335,0
INV012476,0,0.683671079604335,0
INV012477,0,1.2189386038956698,0
INV012478,1,7.593579410415023,1
INV012479,0,1.45309884819142,0
INV012480,0,1.271965036580983,0
INV012481,0,0.49201356843160476,0
INV012482,0,0.683671079604335,0
INV012483,1,11.36619024922903,1
INV012484,0,1.271965036580983,0
INV012485,0,0.44259776730242556,0
INV012486,0,1.271965036580983,0
INV012487,0,1.271965036580983,0
INV012488,0,1.271965036580983,0
INV012489,0,1.271965036580983,0
INV012490,0,1.45309884819142,0
INV012491,0,1.45309884819142,0
INV012492,0,0.683671079604335,0
INV012493,0,0.2682884635077665,0
INV012494,0,0.683671079604335,0
INV012495,0,1.3863314325924954,0
INV012496,0,1.271965036580983,0
INV012497,0,0.9332032316173327,0
INV012498,0,1.45309884819142,0
INV012499,0,1.271965036580983,0
INV012500,0,1.45309884819142,0
INV012501,0,0.683671079604335,0
INV012502,0,0.5278012117651756,0
INV012503,0,1.9133725078252146,0
INV012504,0,1.45309884819142,0
INV012505,0,0.4606683737744787,0
INV012506,0,1.45309884819142,0
INV012507,0,1.271965036580983,0
INV012508,0,1.45309884819142,0
INV012509,0,0.48038256088786113,0
INV012510,0,0.46498726469657936,0
INV012511,0,1.45309884819142,0
INV012512,0,1.45309884819142,0
INV012513,0,1.45309884819142,0
INV012514,0,0.683671079604335,0
INV012515,0,1.2189386038956698,0
INV012516,0,0.4448633037649923,0
INV012517,0,0.683671079604335,0
INV012518,0,0.683671079604335,0
INV012519,0,1.271965036580983,0
INV012520,0,1.271965036580983,0
INV012521,0,1.45309884819142,0
INV012522,0,1.271965036580983,0
INV012523,0,0.881782560717033,0
INV012524,0,0.683671079604335,0
INV012525,0,1.271965036580983,0
INV012526,0,0.5847353760623348,0
INV012527,0,0.4890453670873726,0
INV012528,0,1.271965036580983,0
INV012529,0,1.271965036580983,0
INV012530,0,1.2189386038956698,0
INV012531,0,1.271965036580983,0
INV012532,0,0.5847353760623348,0
INV012533,0,1.271965036580983,0
INV012534,0,1.2189386038956698,0
INV012535,0,1.271965036580983,0
INV012536,0,1.271965036580983,0
INV012537,0,1.271965036580983,0
INV012538,0,1.2189386038956698,0
INV012539,0,0.683671079604335,0
INV012540,0,0.5847353760623348,0
INV012541,0,0.428374130442213,0
INV012542,0,0.5847353760623348,0
INV012543,0,1.45309884819142,0
INV012544,0,1.2189386038956698,0
INV012545,1,18.18451250511536,3
INV012546,0,0.683671079604335,0
INV012547,0,0.683671079604335,0
INV012548,0,0.683671079604335,0
INV012549,0,0.683671079604335,0
INV012550,0,1.45309884819142,0
INV012551,0,0.683671079604335,0
INV012552,0,1.271965036580983,0
INV012553,0,0.683671079604335,0
INV012554,0,0.44259776730242556,0
INV012555,0,1.271965036580983,0
INV012556,0,0.683671079604335,0
INV012557,0,0.5847353760623348,0
INV012558,0,1.45309884819142,0
INV012559,0,0.683671079604335,0
INV012560,0,1.3504518247531596,0
INV012561,0,0.4924880927691746,0
INV012562,0,1.45309884819142,0
INV012563,0,0.5847353760623348,0
INV012564,0,0.5847353760623348,0
INV012565,0,1.2189386038956698,0
INV012566,0,0.683671079604335,0
INV012567,0,0.683671079604335,0
INV012568,0,0.6876439250248753,0
INV012569,0,1.45309884819142,0
INV012570,0,1.271965036580983,0
INV012571,0,0.5847353760623348,0
INV012572,0,1.271965036580983,0
INV012573,0,1.45309884819142,0
INV012574,0,1.271965036580983,0
INV012575,0,1.45309884819142,0
INV012576,0,0.683671079604335,0
INV012577,0,0.683671079604335,0
INV012578,0,1.271965036580983,0
INV012579,0,1.271965036580983,0
INV012580,0,0.683671079604335,0
INV012581,0,1.271965036580983,0
INV012582,0,0.5847353760623348,0
INV012583,0,0.5847353760623348,0
INV012584,0,1.271965036580983,0
INV012585,0,1.271965036580983,0
INV012586,0,1.271965036580983,0
INV012587,0,0.5297374712573031,0
INV012588,0,1.271965036580983,0
INV012589,0,0.683671079604335,0
INV012590,0,1.2189386038956698,0
INV012591,0,0.5272638137348888,0
INV012592,0,1.271965036580983,0
INV012593,0,1.271965036580983,0
INV012594,0,1.271965036580983,0
INV012595,0,1.2189386038956698,0
INV012596,0,0.683671079604335,0
INV012597,0,1.2189386038956698,0
INV012598,0,1.271965036580983,0
INV012599,0,0.5847353760623348,0
INV012600,0,1.2189386038956698,0
INV012601,0,2.0007043798134294,0
INV012602,0,1.271965036580983,0
INV012603,0,1.45309884819142,0
INV012604,0,2.5285165179941447,0
INV012605,0,1.271965036580983,0
INV012606,0,0.683671079604335,0
INV012607,0,0.7271348601399155,0
INV012608,0,0.683671079604335,0
INV012609,0,1.45309884819142,0
INV012610,0,1.271965036580983,0
INV012611,0,1.271965036580983,0
INV012612,0,0.45610174173480705,0
INV012613,0,1.45309884819142,0
INV012614,0,1.271965036580983,0
INV012615,0,1.45309884819142,0
INV012616,0,1.2189386038956698,0
INV012617,0,1.271965036580983,0
INV012618,0,0.683671079604335,0
INV012619,0,0.683671079604335,0
INV012620,0,1.271965036580983,0
INV012621,0,1.4917778097808874,0
INV012622,0,1.271965036580983,0
INV012623,0,1.271965036580983,0
INV012624,0,1.271965036580983,0
INV012625,0,1.2189386038956698,0
INV012626,0,1.45309884819142,0
INV012627,0,1.45309884819142,0
INV012628,0,0.683671079604335,0
INV012629,0,0.683671079604335,0
INV012630,0,1.271965036580983,0
INV012631,0,1.271965036580983,0
INV012632,0,0.683671079604335,0
INV012633,0,1.0430423215759903,0
INV012634,0,1.45309884819142,0
INV012635,0,2.3395613647000553,0
INV012636,0,0.46855542495937375,0
INV012637,0,1.2189386038956698,0
INV012638,0,0.5297765718124753,0
INV012639,0,0.47910068828709573,0
INV012640,0,0.5052373761908432,0
INV012641,0,0.4864781810369866,0
INV012642,0,0.5847353760623348,0
INV012643,0,1.271965036580983,0
INV012644,0,1.45309884819142,0
INV012645,0,0.683671079604335,0
INV012646,0,0.683671079604335,0
INV012647,0,1.351257296189707,0
INV012648,0,1.4124230766566848,0
INV012649,0,1.45309884819142,0
INV012650,0,1.271965036580983,0
INV012651,0,0.683671079604335,0
INV012652,0,1.271965036580983,0
INV012653,0,1.271965036580983,0
INV012654,0,1.9337795567762488,0
INV012655,0,0.683671079604335,0
INV012656,0,0.39561474690561876,0
INV012657,0,0.32471449222296994,0
INV012658,0,0.5074057365784728,0
INV012659,0,1.45309884819142,0
INV012660,0,1.271965036580983,0
INV012661,1,25.636490007277107,5
INV012662,0,0.683671079604335,0
INV012663,0,1.45309884819142,0
INV012664,0,1.45309884819142,0
INV012665,0,1.271965036580983,0
INV012666,0,0.683671079604335,0
INV012667,0,0.683671079604335,0
INV012668,0,0.5847353760623348,0
INV012669,0,1.271965036580983,0
INV012670,0,0.519239441400229,0
INV012671,0,1.271965036580983,0
INV012672,0,1.271965036580983,0
INV012673,0,1.271965036580983,0
INV012674,0,0.5847353760623348,0
INV012675,0,0.683671079604335,0
INV012676,0,0.683671079604335,0
INV012677,0,0.5847353760623348,0
INV012678,0,1.45309884819142,0
INV012679,0,1.271965036580983,0
INV012680,0,0.683671079604335,0
INV012681,0,0.44259776730242556,0
INV012682,0,0.683671079604335,0
INV012683,0,1.45309884819142,0
INV012684,0,1.271965036580983,0
INV012685,0,1.271965036580983,0
INV012686,0,1.2189386038956698,0
INV012687,0,1.271965036580983,0
INV012688,0,1.2189386038956698,0
INV012689,0,1.45309884819142,0
INV012690,0,0.683671079604335,0
INV012691,0,1.271965036580983,0
INV012692,0,2.5549040750598775,0
INV012693,0,1.9486884420611883,0
INV012694,0,0.49467803666325927,0
INV012695,0,1.271965036580983,0
INV012696,0,1.271965036580983,0
INV012697,0,1.2189386038956698,0
INV012698,1,11.36619024922903,1
INV012699,0,1.45309884819142,0
INV012700,0,1.45309884819142,0
INV012701,0,0.683671079604335,0
INV012702,0,0.683671079604335,0
INV012703,0,1.45309884819142,0
INV012704,0,1.271965036580983,0
INV012705,0,0.5847353760623348,0
INV012706,0,0.5847353760623348,0
INV012707,0,0.683671079604335,0
INV012708,0,1.271965036580983,0
INV012709,0,1.2189386038956698,0
INV012710,0,0.683671079604335,0
INV012711,0,0.683671079604335,0
INV012712,0,0.47229969412266376,0
INV012713,0,1.271965036580983,0
INV012714,0,1.45309884819142,0
INV012715,0,0.2682884635077665,0
INV012716,0,1.271965036580983,0
INV012717,0,0.683671079604335,0
INV012718,0,1.2189386038956698,0
INV012719,0,0.5847353760623348,0
INV012720,0,0.5847353760623348,0
INV012721,0,0.683671079604335,0
INV012722,0,1.45309884819142,0
INV012723,0,0.683671079604335,0
INV012724,0,2.188257230796823,0
INV012725,0,1.271965036580983,0
INV012726,0,0.9688982848362556,0
INV012727,0,0.683671079604335,0
INV012728,0,1.2189386038956698,0
INV012729,0,1.8874713616658245,0
INV012730,0,1.4282700624613158,0
INV012731,0,1.271965036580983,0
INV012732,0,1.271965036580983,0
INV012733,0,0.683671079604335,0
INV012734,0,0.683671079604335,0
INV012735,0,1.45309884819142,0
INV012736,1,17.815883547414515,1
INV012737,0,1.45309884819142,0
INV012738,0,1.2189386038956698,0
INV012739,0,1.2189386038956698,0
INV012740,0,0.683671079604335,0
INV012741,0,1.271965036580983,0
INV012742,0,0.683671079604335,0
INV012743,0,1.271965036580983,0
INV012744,0,1.271965036580983,0
INV012745,0,0.683671079604335,0
INV012746,0,1.2189386038956698,0
INV012747,0,1.271965036580983,0
INV012748,0,1.45309884819142,0
INV012749,0,1.271965036580983,0
INV012750,0,0.683671079604335,0
INV012751,0,1.2189386038956698,0
INV012752,0,1.45309884819142,0
INV012753,0,1.45309884819142,0
INV012754,0,0.5847353760623348,0
INV012755,0,1.45309884819142,0
INV012756,0,0.683671079604335,0
INV012757,0,1.2189386038956698,0
INV012758,0,1.6703024989772404,0
INV012759,0,0.5847353760623348,0
INV012760,0,1.45309884819142,0
INV012761,0,1.45309884819142,0
INV012762,0,1.45309884819142,0
INV012763,0,1.2189386038956698,0
INV012764,0,1.2189386038956698,0
INV012765,0,1.271965036580983,0
INV012766,0,1.271965036580983,0
INV012767,0,1.271965036580983,0
INV012768,0,1.45309884819142,0
INV012769,0,1.271965036580983,0
INV012770,0,1.2189386038956698,0
INV012771,0,1.45309884819142,0
INV012772,0,1.45309884819142,0
INV012773,0,0.5847353760623348,0
INV012774,0,1.271965036580983,0
INV012775,0,1.2189386038956698,0
INV012776,0,0.683671079604335,0
INV012777,0,0.683671079604335,0
INV012778,0,1.2189386038956698,0
INV012779,0,0.683671079604335,0
INV012780,0,0.44259776730242556,0
INV012781,0,1.271965036580983,0
INV012782,0,1.45309884819142,0
INV012783,0,1.271965036580983,0
INV012784,0,1.45309884819142,0
INV012785,0,1.2189386038956698,0
INV012786,0,0.44259776730242556,0
INV012787,0,0.683671079604335,0
INV012788,0,0.2682884635077665,0
INV012789,0,1.45309884819142,0
INV012790,0,0.683671079604335,0
INV012791,0,0.5081558416288963,0
INV012792,0,1.45309884819142,0
INV012793,0,1.271965036580983,0
INV012794,0,1.45309884819142,0
INV012795,0,1.45309884819142,0
INV012796,0,1.271965036580983,0
INV012797,0,0.5847353760623348,0
INV012798,0,1.45309884819142,0
INV012799,0,1.271965036580983,0
INV012800,0,0.44259776730242556,0
INV012801,0,0.683671079604335,0
INV012802,0,0.683671079604335,0
INV012803,0,0.683671079604335,0
INV012804,0,0.683671079604335,0
INV012805,0,1.271965036580983,0
INV012806,0,0.5847353760623348,0
INV012807,0,0.683671079604335,0
INV012808,0,1.45309884819142,0
INV012809,0,0.683671079604335,0
INV012810,0,1.2189386038956698,0
INV012811,0,0.5847353760623348,0
INV012812,0,1.271965036580983,0
INV012813,0,0.683671079604335,0
INV012814,0,0.683671079604335,0
INV012815,0,0.683671079604335,0
INV012816,0,1.45309884819142,0
INV012817,0,1.271965036580983,0
INV012818,0,1.271965036580983,0
INV012819,0,0.5847353760623348,0
INV012820,0,1.45309884819142,0
INV012821,0,0.683671079604335,0
INV012822,0,1.45309884819142,0
INV012823,0,2.138507874026804,0
INV012824,0,1.45309884819142,0
INV012825,0,1.271965036580983,0
INV012826,0,0.8283145847479171,0
INV012827,0,1.271965036580983,0
INV012828,0,1.45309884819142,0
INV012829,0,1.271965036580983,0
INV012830,0,1.45309884819142,0
INV012831,0,0.683671079604335,0
INV012832,0,0.683671079604335,0
INV012833,0,0.4170093194780817,0
INV012834,0,2.4675102677922696,0
INV012835,0,1.8529499507109501,0
INV012836,0,0.683671079604335,0
INV012837,0,2.1633432954544207,0
INV012838,0,0.2682884635077665,0
INV012839,0,1.45309884819142,0
INV012840,0,0.5028941581204835,0
INV012841,0,0.5847353760623348,0
INV012842,0,0.5847353760623348,0
INV012843,0,1.271965036580983,0
INV012844,0,1.2189386038956698,0
INV012845,0,1.2189386038956698,0
INV012846,0,0.683671079604335,0
INV012847,0,0.683671079604335,0
INV012848,0,1.271965036580983,0
INV012849,0,1.45309884819142,0
INV012850,0,1.45309884819142,0
INV012851,0,1.45309884819142,0
INV012852,0,1.2189386038956698,0
INV012853,0,1.45309884819142,0
INV012854,1,12.397948064169334,1
INV012855,0,0.683671079604335,0
INV012856,0,0.9944794320521166,0
INV012857,0,0.683671079604335,0
INV012858,0,1.877744081952305,0
INV012859,0,0.683671079604335,0
INV012860,0,1.271965036580983,0
INV012861,0,0.5847353760623348,0
INV012862,0,1.45309884819142,0
INV012863,0,1.45309884819142,0
INV012864,0,1.2189386038956698,0
INV012865,0,0.5847353760623348,0
INV012866,0,0.7787081796076075,0
INV012867,0,1.271965036580983,0
INV012868,0,1.45309884819142,0
INV012869,0,1.45309884819142,0
INV012870,0,0.683671079604335,0
INV012871,0,0.683671079604335,0
INV012872,0,0.510624181475807,0
INV012873,0,1.45309884819142,0
INV012874,0,0.683671079604335,0
INV012875,0,1.271965036580983,0
INV012876,0,1.4919460985703485,0
INV012877,0,0.5847353760623348,0
INV012878,0,0.683671079604335,0
INV012879,0,1.271965036580983,0
INV012880,0,1.2189386038956698,0
INV012881,0,1.271965036580983,0
INV012882,0,0.5288302948974907,0
INV012883,0,0.4718811617801005,0
INV012884,0,1.45309884819142,0
INV012885,0,0.44259776730242556,0
INV012886,0,0.47461131894444425,0
INV012887,0,0.44259776730242556,0
INV012888,0,1.271965036580983,0
INV012889,0,1.2189386038956698,0
INV012890,0,1.45309884819142,0
INV012891,0,0.683671079604335,0
INV012892,0,0.683671079604335,0
INV012893,0,1.45309884819142,0
INV012894,1,10.731987021395694,1
INV012895,0,1.3778610011244312,0
INV012896,0,0.683671079604335,0
INV012897,0,1.45309884819142,0
INV012898,0,1.45309884819142,0
INV012899,0,1.45309884819142,0
INV012900,0,1.45309884819142,0
INV012901,0,1.271965036580983,0
INV012902,0,0.683671079604335,0
INV012903,0,0.683671079604335,0
INV012904,0,1.45309884819142,0
INV012905,0,1.271965036580983,0
INV012906,0,2.4089345080998985,0
INV012907,0,1.2189386038956698,0
INV012908,0,0.49054057231715764,0
INV012909,0,1.45309884819142,0
INV012910,0,1.271965036580983,0
INV012911,0,0.5847353760623348,0
INV012912,0,0.683671079604335,0
INV012913,0,1.271965036580983,0
INV012914,0,0.5313549830236666,0
INV012915,0,0.683671079604335,0
INV012916,0,1.271965036580983,0
INV012917,0,1.45309884819142,0
INV012918,0,1.271965036580983,0
INV012919,0,1.45309884819142,0
INV012920,0,0.5847353760623348,0
INV012921,0,1.45309884819142,0
INV012922,0,0.5325658490162393,0
INV012923,0,0.683671079604335,0
INV012924,0,0.2843577144141963,0
INV012925,0,1.271965036580983,0
INV012926,0,1.740593723412527,0
INV012927,0,2.298514853098044,0
INV012928,1,9.463580565729025,1
INV012929,0,0.2682884635077665,0
INV012930,0,0.40331599225233555,0
INV012931,0,1.271965036580983,0
INV012932,0,0.5847353760623348,0
INV012933,0,0.683671079604335,0
INV012934,0,1.271965036580983,0
INV012935,0,1.271965036580983,0
INV012936,0,0.5847353760623348,0
INV012937,0,1.2189386038956698,0
INV012938,0,1.45309884819142,0
INV012939,0,1.45309884819142,0
INV012940,0,0.683671079604335,0
INV012941,0,0.683671079604335,0
INV012942,0,1.271965036580983,0
INV012943,0,0.683671079604335,0
INV012944,0,0.683671079604335,0
INV012945,0,1.271965036580983,0
INV012946,0,1.271965036580983,0
INV012947,0,1.271965036580983,0
INV012948,0,1.45309884819142,0
INV012949,0,1.45309884819142,0
INV012950,0,2.4408587037780145,0
INV012951,0,1.2189386038956698,0
INV012952,0,0.5847353760623348,0
INV012953,0,0.2682884635077665,0
INV012954,0,1.271965036580983,0
INV012955,0,0.683671079604335,0
INV012956,0,0.683671079604335,0
INV012957,0,1.45309884819142,0
INV012958,0,1.45309884819142,0
INV012959,0,1.2189386038956698,0
INV012960,0,1.45309884819142,0
INV012961,0,0.5847353760623348,0
INV012962,0,0.683671079604335,0
INV012963,0,0.683671079604335,0
INV012964,0,1.45309884819142,0
INV012965,0,0.683671079604335,0
INV012966,0,1.271965036580983,0
INV012967,0,0.683671079604335,0
INV012968,0,0.44259776730242556,0
INV012969,0,1.45309884819142,0
INV012970,0,1.271965036580983,0
INV012971,0,1.45309884819142,0
INV012972,0,1.45309884819142,0
INV012973,0,1.271965036580983,0
INV012974,0,1.271965036580983,0
INV012975,0,1.45309884819142,0
INV012976,0,0.683671079604335,0
INV012977,0,1.45309884819142,0
INV012978,0,1.934289428015694,0
INV012979,1,11.36619024922903,1
INV012980,0,0.683671079604335,0
INV012981,0,1.45309884819142,0
INV012982,0,0.683671079604335,0
INV012983,0,1.45309884819142,0
INV012984,0,0.683671079604335,0
INV012985,0,0.683671079604335,0
INV012986,0,1.2189386038956698,0
INV012987,0,1.271965036580983,0
INV012988,0,0.683671079604335,0
INV012989,0,0.4986813079040099,0
INV012990,0,0.683671079604335,0
INV012991,0,1.2189386038956698,0
INV012992,0,0.683671079604335,0
INV012993,0,1.2189386038956698,0
INV012994,0,0.683671079604335,0
INV012995,0,0.5040953271753735,0
INV012996,0,1.271965036580983,0
INV012997,0,1.271965036580983,0
INV012998,0,0.5847353760623348,0
INV012999,0,0.44259776730242556,0
INV013000,0,0.44259776730242556,0
INV013001,0,1.45309884819142,0
INV013002,0,1.271965036580983,0
INV013003,0,1.271965036580983,0
INV013004,0,0.683671079604335,0
INV013005,0,0.683671079604335,0
INV013006,0,0.29927156109038083,0
INV013007,0,1.2189386038956698,0
INV013008,0,1.45309884819142,0
INV013009,0,0.683671079604335,0
INV013010,0,1.45309884819142,0
INV013011,0,1.45309884819142,0
INV013012,0,0.683671079604335,0
INV013013,0,1.45309884819142,0
INV013014,0,1.45309884819142,0
INV013015,0,0.683671079604335,0
INV013016,0,0.683671079604335,0
INV013017,0,1.45309884819142,0
INV013018,0,0.683671079604335,0
INV013019,0,0.683671079604335,0
INV013020,0,1.271965036580983,0
INV013021,0,1.45309884819142,0
INV013022,0,1.2189386038956698,0
INV013023,0,1.45309884819142,0
INV013024,0,0.4870255888093974,0
INV013025,0,1.271965036580983,0
INV013026,0,0.9913085334298717,0
INV013027,0,0.683671079604335,0
INV013028,0,0.5847353760623348,0
INV013029,0,0.5115381960535124,0
INV013030,0,1.45309884819142,0
INV013031,0,1.45309884819142,0
INV013032,0,2.3224246861836244,0
INV013033,0,1.271965036580983,0
INV013034,0,1.7737306619098643,0
INV013035,0,0.683671079604335,0
INV013036,0,1.271965036580983,0
INV013037,0,0.683671079604335,0
INV013038,0,1.271965036580983,0
INV013039,0,0.683671079604335,0
INV013040,0,1.271965036580983,0
INV013041,0,0.5847353760623348,0
INV013042,0,1.45309884819142,0
INV013043,0,0.683671079604335,0
INV013044,0,0.683671079604335,0
INV013045,0,0.48626172036355336,0
INV013046,0,1.45309884819142,0
INV013047,0,0.683671079604335,0
INV013048,0,2.3849502275572703,0
INV013049,0,1.45309884819142,0
INV013050,0,1.271965036580983,0
INV013051,0,1.45309884819142,0
INV013052,0,0.5847353760623348,0
INV013053,0,0.5847353760623348,0
INV013054,0,1.2189386038956698,0
INV013055,0,0.683671079604335,0
INV013056,0,1.271965036580983,0
INV013057,0,2.4326600993695076,0
INV013058,0,0.683671079604335,0
INV013059,0,1.45309884819142,0
INV013060,0,1.45309884819142,0
INV013061,0,1.45309884819142,0
INV013062,0,1.4576036117559423,0
INV013063,0,0.683671079604335,0
INV013064,0,0.683671079604335,0
INV013065,0,1.2189386038956698,0
INV013066,0,1.6263838169945,0
INV013067,0,0.4976124551278226,0
INV013068,0,1.271965036580983,0
INV013069,0,1.271965036580983,0
INV013070,0,1.45309884819142,0
INV013071,0,0.4446374589583177,0
INV013072,0,1.45309884819142,0
INV013073,0,1.0233609789289526,0
INV013074,0,0.5847353760623348,0
INV013075,0,0.5847353760623348,0
INV013076,0,0.683671079604335,0
INV013077,0,1.271965036580983,0
INV013078,0,0.5847353760623348,0
INV013079,0,1.271965036580983,0
INV013080,0,1.45309884819142,0
INV013081,0,0.683671079604335,0
INV013082,0,1.45309884819142,0
INV013083,0,1.271965036580983,0
INV013084,0,0.683671079604335,0
INV013085,0,0.5847353760623348,0
INV013086,0,1.271965036580983,0
INV013087,0,1.8881303363825632,0
INV013088,0,0.683671079604335,0
INV013089,0,0.683671079604335,0
INV013090,0,0.683671079604335,0
INV013091,0,1.271965036580983,0
INV013092,0,0.683671079604335,0
INV013093,0,1.271965036580983,0
INV013094,0,0.683671079604335,0
INV013095,0,1.2189386038956698,0
INV013096,0,0.683671079604335,0
INV013097,0,1.45309884819142,0
INV013098,0,0.683671079604335,0
INV013099,0,1.271965036580983,0
INV013100,0,1.271965036580983,0
INV013101,0,1.2189386038956698,0
INV013102,0,0.5847353760623348,0
INV013103,0,0.8135173706485491,0
INV013104,0,1.45309884819142,0
INV013105,0,1.271965036580983,0
INV013106,0,1.271965036580983,0
INV013107,0,0.683671079604335,0
INV013108,0,1.271965036580983,0
INV013109,0,1.6311321884146122,0
INV013110,0,0.5847353760623348,0
INV013111,0,0.44259776730242556,0
INV013112,0,1.271965036580983,0
INV013113,0,0.44259776730242556,0
INV013114,0,1.271965036580983,0
INV013115,0,1.2189386038956698,0
INV013116,0,0.4860627767388372,0
INV013117,0,0.683671079604335,0
INV013118,0,0.683671079604335,0
INV013119,0,1.45309884819142,0
INV013120,0,0.683671079604335,0
INV013121,0,1.271965036580983,0
INV013122,0,1.45309884819142,0
INV013123,0,1.45309884819142,0
INV013124,0,0.683671079604335,0
INV013125,0,1.45309884819142,0
INV013126,0,1.45309884819142,0
INV013127,0,0.5847353760623348,0
INV013128,0,0.5847353760623348,0
INV013129,0,1.271965036580983,0
INV013130,0,1.271965036580983,0
INV013131,0,1.271965036580983,0
INV013132,0,1.271965036580983,0
INV013133,0,1.271965036580983,0
INV013134,0,1.271965036580983,0
INV013135,0,0.5847353760623348,0
INV013136,0,1.45309884819142,0
INV013137,0,0.683671079604335,0
INV013138,0,1.271965036580983,0
INV013139,0,1.271965036580983,0
INV013140,0,1.45309884819142,0
INV013141,0,0.2682884635077665,0
INV013142,0,0.683671079604335,0
INV013143,0,2.4066679271176765,0
INV013144,0,1.271965036580983,0
INV013145,0,0.5847353760623348,0
INV013146,0,1.271965036580983,0
INV013147,0,0.683671079604335,0
INV013148,0,1.2189386038956698,0
INV013149,0,1.271965036580983,0
INV013150,0,1.45309884819142,0
INV013151,0,1.2787748766425704,0
INV013152,0,1.271965036580983,0
INV013153,0,0.683671079604335,0
INV013154,0,0.5847353760623348,0
INV013155,1,17.25952687977342,6
INV013156,0,1.271965036580983,0
INV013157,0,1.45309884819142,0
INV013158,0,1.271965036580983,0
INV013159,0,1.2189386038956698,0
INV013160,0,0.9449346493867585,0
INV013161,0,1.45309884819142,0
INV013162,0,1.271965036580983,0
INV013163,0,0.683671079604335,0
INV013164,0,0.683671079604335,0
INV013165,0,0.683671079604335,0
INV013166,0,1.45309884819142,0
INV013167,0,1.45309884819142,0
INV013168,0,1.45309884819142,0
INV013169,0,1.45309884819142,0
INV013170,0,1.271965036580983,0
INV013171,0,0.5847353760623348,0
INV013172,0,0.5847353760623348,0
INV013173,0,1.45309884819142,0
INV013174,0,1.271965036580983,0
INV013175,0,1.45309884819142,0
INV013176,0,0.683671079604335,0
INV013177,0,1.271965036580983,0
INV013178,0,1.271965036580983,0
INV013179,0,0.7306523460832068,0
INV013180,0,0.4850686842241391,0
INV013181,0,0.98345401390688,0
INV013182,0,0.9087735175501829,0
INV013183,0,1.45309884819142,0
INV013184,0,0.8343318720736477,0
INV013185,0,1.2189386038956698,0
INV013186,0,1.271965036580983,0
INV013187,0,0.33953954591762037,0
INV013188,0,0.683671079604335,0
INV013189,0,1.45309884819142,0
INV013190,0,1.2189386038956698,0
INV013191,0,1.271965036580983,0
INV013192,0,0.683671079604335,0
INV013193,0,0.683671079604335,0
INV013194,0,0.3059990896909062,0
INV013195,0,1.45309884819142,0
INV013196,0,1.45309884819142,0
INV013197,0,1.271965036580983,0
INV013198,0,1.271965036580983,0
INV013199,0,1.2189386038956698,0
INV013200,0,1.271965036580983,0
INV013201,0,1.2189386038956698,0
INV013202,0,0.683671079604335,0
INV013203,0,1.2189386038956698,0
INV013204,0,2.022892224449226,0
INV013205,0,1.271965036580983,0
INV013206,0,1.6488391094276746,0
INV013207,0,1.271965036580983,0
INV013208,0,1.271965036580983,0
INV013209,0,1.45309884819142,0
INV013210,0,1.45309884819142,0
INV013211,0,1.45309884819142,0
INV013212,0,0.683671079604335,0
INV013213,0,1.45309884819142,0
INV013214,0,0.683671079604335,0
INV013215,1,18.26359805823887,6
INV013216,0,0.5847353760623348,0
INV013217,0,0.683671079604335,0
INV013218,0,1.45309884819142,0
INV013219,0,0.683671079604335,0
INV013220,0,1.2189386038956698,0
INV013221,0,0.7553391854011691,0
INV013222,0,1.45309884819142,0
INV013223,0,2.5167134680076435,0
INV013224,0,1.45309884819142,0
INV013225,0,1.45309884819142,0
INV013226,0,0.6259920464559967,0
INV013227,0,1.271965036580983,0
INV013228,0,0.683671079604335,0
INV013229,0,1.271965036580983,0
INV013230,0,1.9715951113032708,0
INV013231,0,1.271965036580983,0
INV013232,0,1.271965036580983,0
INV013233,0,1.271965036580983,0
INV013234,0,1.45309884819142,0
INV013235,0,0.683671079604335,0
INV013236,0,1.271965036580983,0
INV013237,0,0.683671079604335,0
INV013238,0,1.271965036580983,0
INV013239,1,10.731987021395694,1
INV013240,0,1.206384108796757,0
INV013241,0,1.271965036580983,0
INV013242,0,1.45309884819142,0
INV013243,0,0.7860982129963855,0
INV013244,0,1.45309884819142,0
INV013245,0,0.683671079604335,0
INV013246,0,0.683671079604335,0
INV013247,0,1.1955053959345268,0
INV013248,0,1.45309884819142,0
INV013249,0,1.2189386038956698,0
INV013250,1,9.463580565729025,1
INV013251,0,1.271965036580983,0
INV013252,0,1.271965036580983,0
INV013253,0,1.271965036580983,0
INV013254,0,2.121878251509846,0
INV013255,0,0.683671079604335,0
INV013256,0,0.5847353760623348,0
INV013257,0,0.683671079604335,0
INV013258,0,1.271965036580983,0
INV013259,0,0.683671079604335,0
INV013260,0,1.271965036580983,0
INV013261,0,1.45309884819142,0
INV013262,0,0.44259776730242556,0
INV013263,0,1.2189386038956698,0
INV013264,0,0.38816530913421105,0
INV013265,0,0.683671079604335,0
INV013266,0,1.45309884819142,0
INV013267,0,1.2189386038956698,0
INV013268,0,0.683671079604335,0
INV013269,0,1.45309884819142,0
INV013270,0,1.7920403570814611,0
INV013271,0,1.271965036580983,0
INV013272,0,1.271965036580983,0
INV013273,0,0.44259776730242556,0
INV013274,0,1.45309884819142,0
INV013275,0,1.45309884819142,0
INV013276,0,1.271965036580983,0
INV013277,0,0.40977290153125207,0
INV013278,0,0.5847353760623348,0
INV013279,1,11.36619024922903,1
INV013280,0,1.271965036580983,0
INV013281,0,1.2189386038956698,0
INV013282,0,0.683671079604335,0
INV013283,0,1.2189386038956698,0
INV013284,0,0.5847353760623348,0
INV013285,0,0.42161223683295324,0
INV013286,0,0.45828167588676755,0
INV013287,0,1.271965036580983,0
INV013288,0,1.45309884819142,0
INV013289,0,1.45309884819142,0
INV013290,0,0.683671079604335,0
INV013291,0,1.2189386038956698,0
INV013292,0,1.45309884819142,0
INV013293,0,1.45309884819142,0
INV013294,0,1.45309884819142,0
INV013295,0,1.2189386038956698,0
INV013296,0,0.8434280441375175,0
INV013297,0,1.271965036580983,0
INV013298,0,0.2682884635077665,0
INV013299,0,1.0964830835587065,0
INV013300,0,0.44259776730242556,0
INV013301,0,1.45309884819142,0
INV013302,0,1.2189386038956698,0
INV013303,0,1.45309884819142,0
INV013304,0,1.2189386038956698,0
INV013305,0,1.45309884819142,0
INV013306,0,0.8532025573216852,0
INV013307,0,1.45309884819142,0
INV013308,0,1.271965036580983,0
INV013309,0,0.4801804892187312,0
INV013310,0,1.45309884819142,0
INV013311,0,1.5749728430318828,0
INV013312,0,0.683671079604335,0
INV013313,0,1.271965036580983,0
INV013314,0,1.45309884819142,0
INV013315,0,1.45309884819142,0
INV013316,0,0.5249165292067913,0
INV013317,0,1.271965036580983,0
INV013318,0,1.271965036580983,0
INV013319,0,0.39328904588397623,0
INV013320,0,0.683671079604335,0
INV013321,0,1.45309884819142,0
INV013322,0,1.271965036580983,0
INV013323,0,0.46728450051405657,0
INV013324,0,0.5177235910773132,0
INV013325,0,1.271965036580983,0
INV013326,0,1.2189386038956698,0
INV013327,0,1.271965036580983,0
INV013328,0,1.45309884819142,0
INV013329,0,1.45309884819142,0
INV013330,0,1.271965036580983,0
INV013331,0,0.683671079604335,0
INV013332,0,0.683671079604335,0
INV013333,0,0.5847353760623348,0
INV013334,0,0.5847353760623348,0
INV013335,0,0.683671079604335,0
INV013336,0,0.683671079604335,0
INV013337,0,0.683671079604335,0
INV013338,0,1.553998992433073,0
INV013339,0,1.45309884819142,0
INV013340,0,1.0209486310770486,0
INV013341,0,2.585150700518885,0
INV013342,0,1.45309884819142,0
INV013343,0,1.45309884819142,0
INV013344,1,8.894835222314668,1
INV013345,0,0.683671079604335,0
INV013346,0,1.271965036580983,0
INV013347,0,1.45309884819142,0
INV013348,0,1.271965036580983,0
INV013349,0,1.271965036580983,0
INV013350,0,0.683671079604335,0
INV013351,0,0.683671079604335,0
INV013352,0,1.271965036580983,0
INV013353,0,1.45309884819142,0
INV013354,0,1.8997824060651234,0
INV013355,0,1.271965036580983,0
INV013356,0,1.45309884819142,0
INV013357,0,0.683671079604335,0
INV013358,0,1.45309884819142,0
INV013359,0,0.5847353760623348,0
INV013360,0,1.45309884819142,0
INV013361,0,0.683671079604335,0
INV013362,0,1.45309884819142,0
INV013363,0,1.2677970047724232,0
INV013364,0,1.2189386038956698,0
INV013365,0,1.45309884819142,0
INV013366,0,2.395137016995174,0
INV013367,0,1.45309884819142,0
INV013368,0,1.45309884819142,0
INV013369,0,1.45309884819142,0
INV013370,0,1.2189386038956698,0
INV013371,0,1.271965036580983,0
INV013372,0,1.45309884819142,0
INV013373,0,1.271965036580983,0
INV013374,0,1.45309884819142,0
INV013375,0,1.271965036580983,0
INV013376,0,1.271965036580983,0
INV013377,0,0.528856926754825,0
INV013378,0,1.45309884819142,0
INV013379,0,1.45309884819142,0
INV013380,0,1.2189386038956698,0
INV013381,0,0.683671079604335,0
INV013382,0,1.2189386038956698,0
INV013383,0,2.5838422395406027,0
INV013384,1,47.1239603947686,6
INV013385,0,0.683671079604335,0
INV013386,0,2.5548771738779186,0
INV013387,0,1.2189386038956698,0
INV013388,0,0.683671079604335,0
INV013389,0,1.873890331234533,0
INV013390,0,1.45309884819142,0
INV013391,0,0.683671079604335,0
INV013392,0,0.683671079604335,0
INV013393,0,1.271965036580983,0
INV013394,1,15.725848376746434,1
INV013395,0,1.2189386038956698,0
INV013396,0,1.271965036580983,0
INV013397,0,1.271965036580983,0
INV013398,0,1.271965036580983,0
INV013399,0,1.45309884819142,0
INV013400,0,0.5847353760623348,0
INV013401,0,0.5847353760623348,0
INV013402,0,1.271965036580983,0
INV013403,0,1.271965036580983,0
INV013404,0,1.271965036580983,0
INV013405,0,0.5847353760623348,0
INV013406,0,0.47549718112242567,0
INV013407,0,1.271965036580983,0
INV013408,0,2.1291077877589655,0
INV013409,0,1.2189386038956698,0
INV013410,0,1.2189386038956698,0
INV013411,0,1.271965036580983,0
INV013412,0,0.683671079604335,0
INV013413,0,2.314246726868248,0
INV013414,0,0.683671079604335,0
INV013415,0,1.271965036580983,0
INV013416,0,0.683671079604335,0
INV013417,0,1.2189386038956698,0
INV013418,0,0.5847353760623348,0
INV013419,0,1.271965036580983,0
INV013420,0,1.2189386038956698,0
INV013421,0,1.45309884819142,0
INV013422,0,1.45309884819142,0
INV013423,0,1.271965036580983,0
INV013424,0,0.683671079604335,0
INV013425,0,1.45309884819142,0
INV013426,0,1.45309884819142,0
INV013427,0,1.45309884819142,0
INV013428,0,0.683671079604335,0
INV013429,0,0.683671079604335,0
INV013430,0,1.45309884819142,0
INV013431,0,0.683671079604335,0
INV013432,0,1.271965036580983,0
INV013433,0,1.271965036580983,0
INV013434,0,1.271965036580983,0
INV013435,0,0.683671079604335,0
INV013436,0,1.271965036580983,0
INV013437,0,0.683671079604335,0
INV013438,0,1.271965036580983,0
INV013439,0,1.2189386038956698,0
INV013440,0,0.683671079604335,0
INV013441,1,24.747201472911744,6
INV013442,0,0.38482549611362227,0
INV013443,0,1.271965036580983,0
INV013444,0,1.271965036580983,0
INV013445,0,1.2189386038956698,0
INV013446,0,0.4836710739800639,0
INV013447,0,0.44259776730242556,0
INV013448,0,0.5008127573675569,0
INV013449,0,1.271965036580983,0
INV013450,0,0.683671079604335,0
INV013451,0,0.683671079604335,0
INV013452,0,0.44796820065010645,0
INV013453,0,0.44259776730242556,0
INV013454,0,1.45309884819142,0
INV013455,0,0.683671079604335,0
INV013456,0,1.271965036580983,0
INV013457,0,0.683671079604335,0
INV013458,0,1.45309884819142,0
INV013459,0,1.45309884819142,0
INV013460,0,2.380011671036801,0
INV013461,0,1.45309884819142,0
INV013462,0,1.45309884819142,0
INV013463,0,1.271965036580983,0
INV013464,0,1.45309884819142,0
INV013465,0,0.683671079604335,0
INV013466,0,0.683671079604335,0
INV013467,0,0.683671079604335,0
INV013468,0,1.271965036580983,0
INV013469,0,1.45309884819142,0
INV013470,0,1.2189386038956698,0
INV013471,0,1.45309884819142,0
INV013472,0,1.45309884819142,0
INV013473,0,1.271965036580983,0
INV013474,0,1.271965036580983,0
INV013475,0,1.618928123134265,0
INV013476,0,1.45309884819142,0
INV013477,0,1.45309884819142,0
INV013478,0,2.2523499224217707,0
INV013479,0,1.2189386038956698,0
INV013480,0,0.5847353760623348,0
INV013481,0,0.5847353760623348,0
INV013482,0,0.683671079604335,0
INV013483,0,1.271965036580983,0
INV013484,0,1.271965036580983,0
INV013485,0,0.683671079604335,0
INV013486,0,0.683671079604335,0
INV013487,0,1.45309884819142,0
INV013488,0,1.2189386038956698,0
INV013489,0,1.45309884819142,0
INV013490,0,1.1322691628700703,0
INV013491,0,2.236570815180919,0
INV013492,0,0.4929795085465788,0
INV013493,0,0.5847353760623348,0
INV013494,0,1.2189386038956698,0
INV013495,0,1.271965036580983,0
INV013496,0,1.2189386038956698,0
INV013497,0,1.45309884819142,0
INV013498,0,0.4799571468475876,0
INV013499,0,1.2189386038956698,0
INV013500,0,1.9746815527263435,0
INV013501,1,15.693991553241423,1
INV013502,0,0.42093564082625345,0
INV013503,0,1.271965036580983,0
INV013504,0,0.683671079604335,0
INV013505,0,0.683671079604335,0
INV013506,0,1.45309884819142,0
INV013507,0,0.683671079604335,0
INV013508,0,0.43143711153218256,0
INV013509,0,0.4946511354813008,0
INV013510,0,1.271965036580983,0
INV013511,0,1.45309884819142,0
INV013512,0,0.683671079604335,0
INV013513,0,1.45309884819142,0
INV013514,0,1.271965036580983,0
INV013515,0,1.45309884819142,0
INV013516,0,1.271965036580983,0
INV013517,0,0.683671079604335,0
INV013518,0,1.2189386038956698,0
INV013519,0,0.9159248526889576,0
INV013520,0,0.9270397329044282,0
INV013521,0,1.271965036580983,0
INV013522,0,0.683671079604335,0
INV013523,0,0.683671079604335,0
INV013524,0,0.683671079604335,0
INV013525,0,0.683671079604335,0
INV013526,0,1.45309884819142,0
INV013527,0,1.45309884819142,0
INV013528,0,0.5007867945989226,0
INV013529,0,1.45309884819142,0
INV013530,0,0.683671079604335,0
INV013531,0,1.271965036580983,0
INV013532,0,2.476889708966977,0
INV013533,0,1.45309884819142,0
INV013534,0,1.271965036580983,0
INV013535,0,0.683671079604335,0
INV013536,0,0.4105808754033305,0
INV013537,0,1.45309884819142,0
INV013538,0,0.5847353760623348,0
INV013539,0,1.45309884819142,0
INV013540,0,1.45309884819142,0
INV013541,0,0.49103011126791357,0
INV013542,0,1.45309884819142,0
INV013543,0,1.271965036580983,0
INV013544,0,1.271965036580983,0
INV013545,0,1.1771403343768059,0
INV013546,0,1.45309884819142,0
INV013547,0,1.45309884819142,0
INV013548,0,1.45309884819142,0
INV013549,0,1.271965036580983,0
INV013550,0,1.271965036580983,0
INV013551,0,0.33879475854270025,0
INV013552,0,1.271965036580983,0
INV013553,0,0.683671079604335,0
INV013554,0,1.271965036580983,0
INV013555,1,11.36619024922903,1
INV013556,0,1.7325036621451777,0
INV013557,0,1.7362814013836954,0
INV013558,0,0.683671079604335,0
INV013559,0,1.0175240480528465,0
INV013560,0,1.6738969348131105,0
INV013561,0,0.683671079604335,0
INV013562,0,0.683671079604335,0
INV013563,0,0.683671079604335,0
INV013564,0,1.271965036580983,0
INV013565,0,1.271965036580983,0
INV013566,0,1.8694472569492055,0
INV013567,0,0.683671079604335,0
INV013568,0,1.271965036580983,0
INV013569,0,0.683671079604335,0
INV013570,0,1.45309884819142,0
INV013571,0,1.2189386038956698,0
INV013572,0,0.47756481847993165,0
INV013573,0,0.683671079604335,0
INV013574,0,1.271965036580983,0
INV013575,0,1.271965036580983,0
INV013576,0,1.271965036580983,0
INV013577,0,0.683671079604335,0
INV013578,0,1.45309884819142,0
INV013579,0,1.768573767889313,0
INV013580,0,1.45309884819142,0
INV013581,0,1.45309884819142,0
INV013582,1,11.773871566469705,1
INV013583,0,1.271965036580983,0
INV013584,0,0.5847353760623348,0
INV013585,0,1.45309884819142,0
INV013586,0,1.271965036580983,0
INV013587,0,1.2189386038956698,0
INV013588,0,0.683671079604335,0
INV013589,0,1.271965036580983,0
INV013590,0,0.683671079604335,0
INV013591,0,0.683671079604335,0
INV013592,0,1.2189386038956698,0
INV013593,0,1.271965036580983,0
INV013594,0,0.49044704378918574,0
INV013595,0,1.2189386038956698,0
INV013596,0,0.683671079604335,0
INV013597,0,0.683671079604335,0
INV013598,0,1.45309884819142,0
INV013599,0,1.45309884819142,0
INV013600,0,0.683671079604335,0
INV013601,0,1.45309884819142,0
INV013602,0,1.271965036580983,0
INV013603,0,1.2189386038956698,0
INV013604,0,0.5847353760623348,0
INV013605,0,0.683671079604335,0
INV013606,0,1.2189386038956698,0
INV013607,0,0.683671079604335,0
INV013608,0,0.5847353760623348,0
INV013609,0,1.45309884819142,0
INV013610,0,1.45309884819142,0
INV013611,0,0.5225501636077697,0
INV013612,0,1.45309884819142,0
INV013613,0,1.45309884819142,0
INV013614,0,1.271965036580983,0
INV013615,0,0.44259776730242556,0
INV013616,0,0.5266719877318025,0
INV013617,0,1.45309884819142,0
INV013618,0,1.271965036580983,0
INV013619,0,1.45309884819142,0
INV013620,0,0.683671079604335,0
INV013621,0,1.45309884819142,0
INV013622,0,0.683671079604335,0
INV013623,0,1.45309884819142,0
INV013624,0,1.678192365402108,0
INV013625,0,0.683671079604335,0
INV013626,0,0.44259776730242556,0
INV013627,0,1.271965036580983,0
INV013628,0,0.683671079604335,0
INV013629,0,0.683671079604335,0
INV013630,0,1.45309884819142,0
INV013631,0,1.45309884819142,0
INV013632,1,9.463580565729025,1
INV013633,0,0.5847353760623348,0
INV013634,0,1.271965036580983,0
INV013635,0,1.271965036580983,0
INV013636,0,2.139005545893036,0
INV013637,0,1.271965036580983,0
INV013638,0,0.5847353760623348,0
INV013639,0,1.2189386038956698,0
INV013640,0,1.45309884819142,0
INV013641,0,1.5328299518628432,0
INV013642,0,1.45309884819142,0
INV013643,0,1.271965036580983,0
INV013644,0,1.45309884819142,0
INV013645,0,0.44259776730242556,0
INV013646,0,1.45309884819142,0
INV013647,0,0.8556712099730371,0
INV013648,0,1.271965036580983,0
INV013649,0,0.3749802891257034,0
INV013650,0,0.5316114826655963,0
INV013651,0,1.271965036580983,0
INV013652,0,0.9435889646799519,0
INV013653,0,1.5055455844636814,0
INV013654,0,1.271965036580983,0
INV013655,0,1.271965036580983,0
INV013656,0,1.5445501086723799,0
INV013657,0,1.45309884819142,0
INV013658,0,0.7338786110915755,0
INV013659,0,1.5867305363743847,0
INV013660,0,1.45309884819142,0
INV013661,0,0.5847353760623348,0
INV013662,0,0.683671079604335,0
INV013663,0,1.271965036580983,0
INV013664,0,1.271965036580983,0
INV013665,0,1.271965036580983,0
INV013666,0,0.34603805818724015,0
INV013667,0,1.271965036580983,0
INV013668,0,1.45309884819142,0
INV013669,0,0.683671079604335,0
INV013670,0,0.44259776730242556,0
INV013671,0,0.683671079604335,0
INV013672,0,0.9548646263782906,0
INV013673,0,1.2189386038956698,0
INV013674,0,1.9251330164076885,0
INV013675,0,1.271965036580983,0
INV013676,0,0.5847353760623348,0
INV013677,0,1.271965036580983,0
INV013678,0,1.271965036580983,0
INV013679,0,1.0204328165532168,0
INV013680,0,0.5847353760623348,0
INV013681,0,0.683671079604335,0
INV013682,0,1.45309884819142,0
INV013683,0,1.271965036580983,0
INV013684,0,0.683671079604335,0
INV013685,0,0.34639496805485204,0
INV013686,0,0.683671079604335,0
INV013687,0,0.683671079604335,0
INV013688,0,0.9543901020407208,0
INV013689,0,1.45309884819142,0
INV013690,0,1.2189386038956698,0
INV013691,1,9.94724814167666,1
INV013692,0,0.683671079604335,0
INV013693,0,1.45309884819142,0
INV013694,0,0.683671079604335,0
INV013695,0,1.271965036580983,0
INV013696,0,0.683671079604335,0
INV013697,0,1.45309884819142,0
INV013698,0,1.271965036580983,0
INV013699,0,1.271965036580983,0
INV013700,0,0.683671079604335,0
INV013701,0,1.9672536984613906,0
INV013702,0,0.5847353760623348,0
INV013703,0,1.45309884819142,0
INV013704,0,0.683671079604335,0
INV013705,0,0.683671079604335,0
INV013706,0,1.45309884819142,0
INV013707,0,0.5847353760623348,0
INV013708,0,0.683671079604335,0
INV013709,0,1.2820821580012556,0
INV013710,0,0.683671079604335,0
INV013711,0,0.683671079604335,0
INV013712,0,1.45309884819142,0
INV013713,0,0.683671079604335,0
INV013714,0,0.2950002164433695,0
INV013715,0,1.271965036580983,0
INV013716,0,1.271965036580983,0
INV013717,0,1.45309884819142,0
INV013718,0,1.4563436354660733,0
INV013719,0,1.45309884819142,0
INV013720,0,1.271965036580983,0
INV013721,0,1.45309884819142,0
INV013722,0,1.45309884819142,0
INV013723,0,0.683671079604335,0
INV013724,0,0.5847353760623348,0
INV013725,0,0.2682884635077665,0
INV013726,0,1.2189386038956698,0
INV013727,0,1.45309884819142,0
INV013728,0,1.45309884819142,0
INV013729,0,0.683671079604335,0
INV013730,0,1.45309884819142,0
INV013731,0,1.271965036580983,0
INV013732,0,0.683671079604335,0
INV013733,0,1.45309884819142,0
INV013734,0,1.45309884819142,0
INV013735,0,0.683671079604335,0
INV013736,0,1.0038025684273761,0
INV013737,0,1.45309884819142,0
INV013738,0,0.5847353760623348,0
INV013739,0,1.45309884819142,0
INV013740,0,0.683671079604335,0
INV013741,0,1.271965036580983,0
INV013742,0,1.45309884819142,0
INV013743,0,1.271965036580983,0
INV013744,0,0.47323372818461723,0
INV013745,0,1.271965036580983,0
INV013746,0,0.5039483090879261,0
INV013747,0,0.5847353760623348,0
INV013748,0,0.683671079604335,0
INV013749,0,1.271965036580983,0
INV013750,0,1.45309884819142,0
INV013751,0,1.45309884819142,0
INV013752,0,0.683671079604335,0
INV013753,0,1.45309884819142,0
INV013754,0,1.271965036580983,0
INV013755,0,1.45309884819142,0
INV013756,0,1.2189386038956698,0
INV013757,0,1.45309884819142,0
INV013758,0,1.271965036580983,0
INV013759,0,0.44781117282053484,0
INV013760,0,1.271965036580983,0
INV013761,0,1.45309884819142,0
INV013762,0,1.45309884819142,0
INV013763,0,1.2189386038956698,0
INV013764,0,0.683671079604335,0
INV013765,0,1.45309884819142,0
INV013766,0,0.683671079604335,0
INV013767,0,1.2189386038956698,0
INV013768,0,0.683671079604335,0
INV013769,0,1.2189386038956698,0
INV013770,0,1.2189386038956698,0
INV013771,0,1.271965036580983,0
INV013772,0,0.7711505114994831,0
INV013773,0,1.271965036580983,0
INV013774,0,2.3592064220318933,0
INV013775,0,1.2189386038956698,0
INV013776,0,0.683671079604335,0
INV013777,0,0.5847353760623348,0
INV013778,0,0.683671079604335,0
INV013779,0,1.271965036580983,0
INV013780,0,1.271965036580983,0
INV013781,0,0.5847353760623348,0
INV013782,0,1.45309884819142,0
INV013783,0,1.5686917298490208,0
INV013784,0,0.683671079604335,0
INV013785,0,1.271965036580983,0
INV013786,0,1.878618683170397,0
INV013787,0,0.44259776730242556,0
INV013788,0,1.45309884819142,0
INV013789,0,1.271965036580983,0
INV013790,0,1.45309884819142,0
INV013791,0,1.271965036580983,0
INV013792,0,1.45309884819142,0
INV013793,0,1.45309884819142,0
INV013794,0,1.271965036580983,0
INV013795,0,1.603413648450818,0
INV013796,0,1.45309884819142,0
INV013797,0,1.2189386038956698,0
INV013798,0,1.271965036580983,0
INV013799,0,1.2189386038956698,0
INV013800,0,0.683671079604335,0
INV013801,0,0.683671079604335,0
INV013802,0,1.271965036580983,0
INV013803,0,1.45309884819142,0
INV013804,0,0.5847353760623348,0
INV013805,0,1.4668304043632576,0
INV013806,0,1.45309884819142,0
INV013807,0,1.271965036580983,0
INV013808,0,1.271965036580983,0
INV013809,0,1.271965036580983,0
INV013810,0,1.45309884819142,0
INV013811,0,1.271965036580983,0
INV013812,0,1.6682686444994035,0
INV013813,0,1.2189386038956698,0
INV013814,0,1.45309884819142,0
INV013815,0,1.271965036580983,0
INV013816,0,0.683671079604335,0
INV013817,0,1.45309884819142,0
INV013818,0,0.683671079604335,0
INV013819,0,1.271965036580983,0
INV013820,0,1.2189386038956698,0
INV013821,0,1.271965036580983,0
INV013822,0,0.9186440616978532,0
INV013823,0,1.2189386038956698,0
INV013824,0,0.683671079604335,0
INV013825,0,1.45309884819142,0
INV013826,0,0.683671079604335,0
INV013827,0,1.2189386038956698,0
INV013828,0,1.271965036580983,0
INV013829,0,1.45309884819142,0
INV013830,0,0.683671079604335,0
INV013831,0,1.9527839906121451,0
INV013832,0,1.45309884819142,0
INV013833,0,1.271965036580983,0
INV013834,0,1.8686815116767133,0
INV013835,0,1.45309884819142,0
INV013836,0,1.575706056642472,0
INV013837,0,0.683671079604335,0
INV013838,0,1.271965036580983,0
INV013839,0,1.45309884819142,0
INV013840,0,1.45309884819142,0
INV013841,0,1.271965036580983,0
INV013842,0,1.975662820258945,0
INV013843,0,1.271965036580983,0
INV013844,0,0.683671079604335,0
INV013845,0,1.2189386038956698,0
INV013846,0,1.45309884819142,0
INV013847,0,0.683671079604335,0
INV013848,0,1.271965036580983,0
INV013849,0,0.4398227729966335,0
INV013850,0,1.2189386038956698,0
INV013851,0,0.683671079604335,0
INV013852,0,1.45309884819142,0
INV013853,0,1.2189386038956698,0
INV013854,0,1.45309884819142,0
INV013855,0,1.45309884819142,0
INV013856,0,1.5972091723560933,0
INV013857,0,1.271965036580983,0
INV013858,0,0.5847353760623348,0
INV013859,0,1.271965036580983,0
INV013860,0,1.2189386038956698,0
INV013861,0,0.683671079604335,0
INV013862,0,1.0122748767220888,0
INV013863,0,1.45309884819142,0
INV013864,0,1.271965036580983,0
INV013865,0,1.271965036580983,0
INV013866,0,1.45309884819142,0
INV013867,0,0.5847353760623348,0
INV013868,0,1.271965036580983,0
INV013869,0,0.8980596526285584,0
INV013870,0,1.45309884819142,0
INV013871,0,0.9327208871687285,0
INV013872,0,1.45309884819142,0
INV013873,0,1.271965036580983,0
INV013874,0,0.683671079604335,0
INV013875,0,1.271965036580983,0
INV013876,0,1.45309884819142,0
INV013877,0,1.271965036580983,0
INV013878,0,1.2189386038956698,0
INV013879,0,1.45309884819142,0
INV013880,0,1.45309884819142,0
INV013881,0,1.45309884819142,0
INV013882,0,0.683671079604335,0
INV013883,0,1.2189386038956698,0
INV013884,0,0.5847353760623348,0
INV013885,0,0.683671079604335,0
INV013886,0,2.335650370769511,0
INV013887,0,1.2189386038956698,0
INV013888,0,1.271965036580983,0
INV013889,0,0.683671079604335,0
INV013890,0,1.271965036580983,0
INV013891,0,1.45309884819142,0
INV013892,0,2.147300494069487,0
INV013893,0,0.683671079604335,0
INV013894,0,1.45309884819142,0
INV013895,0,1.271965036580983,0
INV013896,0,1.271965036580983,0
INV013897,0,0.683671079604335,0
INV013898,0,0.5847353760623348,0
INV013899,0,1.2189386038956698,0
INV013900,0,1.271965036580983,0
INV013901,0,1.45309884819142,0
INV013902,0,1.45309884819142,0
INV013903,0,1.271965036580983,0
INV013904,0,0.4576789017282329,0
INV013905,0,0.683671079604335,0
INV013906,0,1.271965036580983,0
INV013907,0,0.5368618617343023,0
INV013908,0,1.45309884819142,0
INV013909,0,1.271965036580983,0
INV013910,0,0.683671079604335,0
INV013911,0,1.271965036580983,0
INV013912,0,1.2189386038956698,0
INV013913,0,1.271965036580983,0
INV013914,0,1.271965036580983,0
INV013915,0,0.5847353760623348,0
INV013916,0,1.271965036580983,0
INV013917,0,1.45309884819142,0
INV013918,0,2.357152548069808,0
INV013919,0,1.271965036580983,0
INV013920,0,1.45309884819142,0
INV013921,0,0.683671079604335,0
INV013922,0,1.45309884819142,0
INV013923,0,0.2682884635077665,0
INV013924,0,0.5847353760623348,0
INV013925,0,1.2189386038956698,0
INV013926,0,0.5847353760623348,0
INV013927,0,1.271965036580983,0
INV013928,0,1.45309884819142,0
INV013929,0,1.45309884819142,0
INV013930,0,1.2189386038956698,0
INV013931,0,0.683671079604335,0
INV013932,0,1.271965036580983,0
INV013933,0,0.5847353760623348,0
INV013934,0,0.8444033683857328,0
INV013935,0,1.271965036580983,0
INV013936,0,2.4114532094618712,0
INV013937,0,1.2189386038956698,0
INV013938,0,1.271965036580983,0
INV013939,0,0.683671079604335,0
INV013940,0,1.271965036580983,0
INV013941,0,1.271965036580983,0
INV013942,0,1.271965036580983,0
INV013943,0,1.45309884819142,0
INV013944,0,1.45309884819142,0
INV013945,0,0.41139698219088466,0
INV013946,0,0.683671079604335,0
INV013947,0,1.271965036580983,0
INV013948,0,0.5847353760623348,0
INV013949,0,1.271965036580983,0
INV013950,0,1.271965036580983,0
INV013951,0,1.2189386038956698,0
INV013952,0,1.271965036580983,0
INV013953,0,1.271965036580983,0
INV013954,0,0.683671079604335,0
INV013955,0,0.683671079604335,0
INV013956,0,1.2189386038956698,0
INV013957,0,1.45309884819142,0
INV013958,0,1.8770077402973022,0
INV013959,0,1.271965036580983,0
INV013960,0,0.46209252891625374,0
INV013961,0,0.5847353760623348,0
INV013962,0,1.45309884819142,0
INV013963,0,1.45309884819142,0
INV013964,0,0.683671079604335,0
INV013965,0,0.5847353760623348,0
INV013966,0,1.271965036580983,0
INV013967,0,0.511406192579251,0
INV013968,0,0.44259776730242556,0
INV013969,0,0.5847353760623348,0
INV013970,0,0.683671079604335,0
INV013971,0,1.271965036580983,0
INV013972,0,1.1081822824706704,0
INV013973,0,0.683671079604335,0
INV013974,0,0.683671079604335,0
INV013975,0,2.166997476938594,0
INV013976,0,1.271965036580983,0
INV013977,0,1.45309884819142,0
INV013978,0,0.683671079604335,0
INV013979,0,1.2189386038956698,0
INV013980,0,0.683671079604335,0
INV013981,0,0.683671079604335,0
INV013982,0,2.29188371174528,0
INV013983,0,0.5847353760623348,0
INV013984,0,1.271965036580983,0
INV013985,0,1.45309884819142,0
INV013986,0,1.271965036580983,0
INV013987,0,1.2189386038956698,0
INV013988,0,0.8334173636001099,0
INV013989,0,1.271965036580983,0
INV013990,0,1.45309884819142,0
INV013991,0,0.44259776730242556,0
INV013992,0,1.271965036580983,0
INV013993,0,1.45309884819142,0
INV013994,1,3.9627602286123573,1
INV013995,0,1.8581963068017355,0
INV013996,0,1.45309884819142,0
INV013997,0,1.271965036580983,0
INV013998,0,0.951833864145783,0
INV013999,0,1.45309884819142,0
INV014000,0,0.683671079604335,0
INV014001,0,1.2189386038956698,0
INV014002,0,1.3600990265296864,0
INV014003,0,0.5847353760623348,0
INV014004,0,0.683671079604335,0
INV014005,0,0.47602894867276757,0
INV014006,0,0.683671079604335,0
INV014007,1,23.880974351687765,1
INV014008,0,0.683671079604335,0
INV014009,0,1.271965036580983,0
INV014010,0,1.45309884819142,0
INV014011,0,1.271965036580983,0
INV014012,0,1.45309884819142,0
INV014013,0,1.271965036580983,0
INV014014,0,0.683671079604335,0
INV014015,0,0.683671079604335,0
INV014016,0,1.271965036580983,0
INV014017,0,0.683671079604335,0
INV014018,0,1.271965036580983,0
INV014019,0,1.45309884819142,0
INV014020,0,0.683671079604335,0
INV014021,0,1.45309884819142,0
INV014022,0,0.683671079604335,0
INV014023,0,1.2792170588074756,0
INV014024,0,2.4391598628568927,0
INV014025,0,0.683671079604335,0
INV014026,0,0.683671079604335,0
INV014027,0,1.45309884819142,0
INV014028,0,0.5847353760623348,0
INV014029,0,0.683671079604335,0
INV014030,0,1.7157385953051036,0
INV014031,0,1.45309884819142,0
INV014032,0,0.683671079604335,0
INV014033,0,1.45309884819142,0
INV014034,0,0.808505617888797,0
INV014035,0,1.809853005995709,0
INV014036,0,1.5936788614307056,0
INV014037,0,1.45309884819142,0
INV014038,0,1.45309884819142,0
INV014039,0,1.2189386038956698,0
INV014040,0,1.2189386038956698,0
INV014041,0,1.45309884819142,0
INV014042,0,1.271965036580983,0
INV014043,0,1.45309884819142,0
INV014044,0,0.683671079604335,0
INV014045,0,1.2189386038956698,0
INV014046,0,0.683671079604335,0
INV014047,0,0.683671079604335,0
INV014048,0,1.271965036580983,0
INV014049,0,1.45309884819142,0
INV014050,0,0.44259776730242556,0
INV014051,0,0.683671079604335,0
INV014052,0,0.683671079604335,0
INV014053,0,1.45309884819142,0
INV014054,0,1.271965036580983,0
INV014055,0,1.45309884819142,0
INV014056,1,17.825102575732593,1
INV014057,0,1.271965036580983,0
INV014058,0,1.271965036580983,0
INV014059,0,1.271965036580983,0
INV014060,0,1.45309884819142,0
INV014061,0,1.45309884819142,0
INV014062,0,1.45309884819142,0
INV014063,0,1.2189386038956698,0
INV014064,0,0.683671079604335,0
INV014065,0,1.4448924904761218,0
INV014066,0,1.271965036580983,0
INV014067,0,1.448878870277038,0
INV014068,0,1.271965036580983,0
INV014069,0,1.271965036580983,0
INV014070,0,1.271965036580983,0
INV014071,0,1.45309884819142,0
INV014072,0,1.271965036580983,0
INV014073,0,2.3359487862065853,0
INV014074,0,1.45309884819142,0
INV014075,0,1.9166209819489213,0
INV014076,0,0.7034862187628856,0
INV014077,0,1.271965036580983,0
INV014078,0,1.2189386038956698,0
INV014079,0,1.45309884819142,0
INV014080,0,1.45309884819142,0
INV014081,0,0.3656252466974233,0
INV014082,0,1.45309884819142,0
INV014083,0,1.45309884819142,0
INV014084,0,0.5847353760623348,0
INV014085,0,1.271965036580983,0
INV014086,0,0.904145575840001,0
INV014087,0,0.683671079604335,0
INV014088,0,0.4968232495222269,0
INV014089,0,1.271965036580983,0
INV014090,0,0.4835099796927545,0
INV014091,0,1.271965036580983,0
INV014092,0,1.2189386038956698,0
INV014093,0,1.4792296548463337,0
INV014094,0,1.271965036580983,0
INV014095,0,1.45309884819142,0
INV014096,0,1.2189386038956698,0
INV014097,0,1.271965036580983,0
INV014098,0,1.45309884819142,0
INV014099,0,1.271965036580983,0
INV014100,0,0.5847353760623348,0
INV014101,0,0.44259776730242556,0
INV014102,0,1.271965036580983,0
INV014103,0,1.271965036580983,0
INV014104,0,0.762416073082896,0
INV014105,0,0.683671079604335,0
INV014106,0,1.271965036580983,0
INV014107,0,1.271965036580983,0
INV014108,0,1.271965036580983,0
INV014109,0,1.45309884819142,0
INV014110,0,1.45309884819142,0
INV014111,0,0.7521341910948142,0
INV014112,0,0.7381315002765454,0
INV014113,0,1.45309884819142,0
INV014114,0,0.49100821495701713,0
INV014115,0,0.683671079604335,0
INV014116,0,0.683671079604335,0
INV014117,0,1.271965036580983,0
INV014118,0,1.45309884819142,0
INV014119,0,0.683671079604335,0
INV014120,0,2.4070076327410126,0
INV014121,0,1.45309884819142,0
INV014122,0,0.5847353760623348,0
INV014123,0,1.45309884819142,0
INV014124,0,1.271965036580983,0
INV014125,0,1.271965036580983,0
INV014126,0,1.2189386038956698,0
INV014127,0,1.271965036580983,0
INV014128,0,1.45309884819142,0
INV014129,0,1.45309884819142,0
INV014130,0,1.271965036580983,0
INV014131,0,2.1328473648556345,0
INV014132,0,1.271965036580983,0
INV014133,0,1.271965036580983,0
INV014134,0,1.271965036580983,0
INV014135,0,1.45309884819142,0
INV014136,0,0.5847353760623348,0
INV014137,0,0.5847353760623348,0
INV014138,0,0.683671079604335,0
INV014139,0,0.683671079604335,0
INV014140,0,1.45309884819142,0
INV014141,0,0.683671079604335,0
INV014142,0,1.45309884819142,0
INV014143,0,1.271965036580983,0
INV014144,0,1.2189386038956698,0
INV014145,0,1.45309884819142,0
INV014146,0,1.45309884819142,0
INV014147,0,0.49406869361145567,0
INV014148,0,1.45309884819142,0
INV014149,0,1.271965036580983,0
INV014150,0,1.271965036580983,0
INV014151,0,0.683671079604335,0
INV014152,0,1.45309884819142,0
INV014153,0,0.5847353760623348,0
INV014154,0,0.5847353760623348,0
INV014155,0,1.271965036580983,0
INV014156,0,0.683671079604335,0
INV014157,0,0.4754405635185363,0
INV014158,0,0.683671079604335,0
INV014159,0,1.45309884819142,0
INV014160,0,1.45309884819142,0
INV014161,0,0.683671079604335,0
INV014162,0,1.2189386038956698,0
INV014163,0,0.683671079604335,0
INV014164,0,0.683671079604335,0
INV014165,0,1.698014157243324,0
INV014166,0,1.271965036580983,0
INV014167,0,1.45309884819142,0
INV014168,0,1.271965036580983,0
INV014169,0,1.45309884819142,0
INV014170,0,1.271965036580983,0
INV014171,0,0.683671079604335,0
INV014172,0,1.2189386038956698,0
INV014173,0,0.683671079604335,0
INV014174,0,1.45309884819142,0
INV014175,0,1.271965036580983,0
INV014176,0,0.45573951419169173,0
INV014177,0,1.45309884819142,0
INV014178,0,1.271965036580983,0
INV014179,0,1.271965036580983,0
INV014180,0,0.683671079604335,0
INV014181,0,1.45309884819142,0
INV014182,0,0.683671079604335,0
INV014183,0,1.2189386038956698,0
INV014184,0,1.6930446330831581,0
INV014185,0,0.5847353760623348,0
INV014186,0,0.683671079604335,0
INV014187,0,1.271965036580983,0
INV014188,0,1.271965036580983,0
INV014189,0,1.45309884819142,0
INV014190,0,1.45309884819142,0
INV014191,0,1.45309884819142,0
INV014192,0,1.2189386038956698,0
INV014193,0,0.683671079604335,0
INV014194,0,0.683671079604335,0
INV014195,0,0.683671079604335,0
INV014196,0,1.45309884819142,0
INV014197,0,1.271965036580983,0
INV014198,0,0.5242712136442294,0
INV014199,0,1.271965036580983,0
INV014200,0,0.44259776730242556,0
INV014201,0,1.271965036580983,0
INV014202,0,1.271965036580983,0
INV014203,0,0.683671079604335,0
INV014204,0,1.2189386038956698,0
INV014205,0,1.271965036580983,0
INV014206,0,1.271965036580983,0
INV014207,0,1.271965036580983,0
INV014208,0,1.45309884819142,0
INV014209,0,1.45309884819142,0
INV014210,0,1.45309884819142,0
INV014211,0,0.5070522675597161,0
INV014212,0,1.2189386038956698,0
INV014213,0,1.45309884819142,0
INV014214,0,1.271965036580983,0
INV014215,0,0.683671079604335,0
INV014216,0,0.9118070950226628,0
INV014217,0,0.683671079604335,0
INV014218,0,0.5847353760623348,0
INV014219,0,1.45309884819142,0
INV014220,0,0.683671079604335,0
INV014221,0,1.7541897684570047,0
INV014222,0,1.271965036580983,0
INV014223,0,0.4581090078351271,0
INV014224,0,1.925336026490143,0
INV014225,0,1.2189386038956698,0
INV014226,0,1.45309884819142,0
INV014227,0,0.5847353760623348,0
INV014228,0,2.2567648443073742,0
INV014229,0,0.5847353760623348,0
INV014230,0,1.45309884819142,0
INV014231,0,1.45309884819142,0
INV014232,0,1.45309884819142,0
INV014233,0,1.271965036580983,0
INV014234,0,0.683671079604335,0
INV014235,0,0.683671079604335,0
INV014236,0,0.771242476005248,0
INV014237,0,0.683671079604335,0
INV014238,0,1.45309884819142,0
INV014239,0,0.5847353760623348,0
INV014240,0,1.45309884819142,0
INV014241,0,2.0981088676184445,0
INV014242,0,1.45309884819142,0
INV014243,0,1.2189386038956698,0
INV014244,0,1.271965036580983,0
INV014245,0,1.45309884819142,0
INV014246,0,1.271965036580983,0
INV014247,0,0.683671079604335,0
INV014248,0,1.45309884819142,0
INV014249,0,1.45309884819142,0
INV014250,0,1.271965036580983,0
INV014251,0,1.45309884819142,0
INV014252,0,0.683671079604335,0
INV014253,0,1.2189386038956698,0
INV014254,0,0.5847353760623348,0
INV014255,0,0.6653978987629825,0
INV014256,0,1.45309884819142,0
INV014257,0,1.271965036580983,0
INV014258,0,0.3172240770697417,0
INV014259,0,1.271965036580983,0
INV014260,0,1.271965036580983,0
INV014261,0,0.683671079604335,0
INV014262,0,0.5847353760623348,0
INV014263,0,0.683671079604335,0
INV014264,0,1.45309884819142,0
INV014265,0,0.683671079604335,0
INV014266,0,0.44259776730242556,0
INV014267,0,0.683671079604335,0
INV014268,0,1.271965036580983,0
INV014269,0,1.45309884819142,0
INV014270,0,0.683671079604335,0
INV014271,0,1.45309884819142,0
INV014272,0,0.683671079604335,0
INV014273,0,1.271965036580983,0
INV014274,0,1.271965036580983,0
INV014275,0,1.271965036580983,0
INV014276,0,0.683671079604335,0
INV014277,0,0.5847353760623348,0
INV014278,0,1.271965036580983,0
INV014279,0,1.271965036580983,0
INV014280,0,0.4715345744590541,0
INV014281,0,0.5215085248179823,0
INV014282,0,0.683671079604335,0
INV014283,0,1.2189386038956698,0
INV014284,0,1.45309884819142,0
INV014285,0,0.36592785514597714,0
INV014286,0,1.4602824689919,0
INV014287,0,1.2189386038956698,0
INV014288,0,0.683671079604335,0
INV014289,0,0.683671079604335,0
INV014290,0,1.45309884819142,0
INV014291,0,1.45309884819142,0
INV014292,0,1.271965036580983,0
INV014293,0,1.45309884819142,0
INV014294,0,0.2682884635077665,0
INV014295,1,10.731987021395694,1
INV014296,0,1.45309884819142,0
INV014297,0,1.2189386038956698,0
INV014298,0,0.683671079604335,0
INV014299,0,1.2189386038956698,0
INV014300,0,2.496299537358899,0
INV014301,0,0.4919190580104916,0
INV014302,0,1.271965036580983,0
INV014303,0,1.45309884819142,0
INV014304,0,0.4508119058266703,0
INV014305,0,0.4831070875722601,0
INV014306,0,1.45309884819142,0
INV014307,0,0.683671079604335,0
INV014308,0,1.271965036580983,0
INV014309,0,1.271965036580983,0
INV014310,0,1.271965036580983,0
INV014311,0,0.683671079604335,0
INV014312,0,1.271965036580983,0
INV014313,0,0.683671079604335,0
INV014314,0,1.45309884819142,0
INV014315,0,1.2189386038956698,0
INV014316,0,0.683671079604335,0
INV014317,0,0.683671079604335,0
INV014318,0,1.2189386038956698,0
INV014319,0,0.5847353760623348,0
INV014320,0,1.271965036580983,0
INV014321,0,1.271965036580983,0
INV014322,0,0.41752138034861686,0
INV014323,0,0.683671079604335,0
INV014324,0,0.683671079604335,0
INV014325,0,1.45309884819142,0
INV014326,0,1.45309884819142,0
INV014327,0,1.271965036580983,0
INV014328,0,1.271965036580983,0
INV014329,0,1.45309884819142,0
INV014330,0,1.45309884819142,0
INV014331,0,0.683671079604335,0
INV014332,0,1.45309884819142,0
INV014333,0,0.45623781166680627,0
INV014334,0,0.5847353760623348,0
INV014335,0,1.7584345247264992,0
INV014336,0,0.683671079604335,0
INV014337,0,0.5847353760623348,0
INV014338,0,1.271965036580983,0
INV014339,0,0.683671079604335,0
INV014340,0,1.0136878143837915,0
INV014341,0,1.45309884819142,0
INV014342,0,1.271965036580983,0
INV014343,0,1.271965036580983,0
INV014344,0,0.7537811064786673,0
INV014345,0,1.271965036580983,0
INV014346,0,0.683671079604335,0
INV014347,0,0.44259776730242556,0
INV014348,0,1.45309884819142,0
INV014349,0,1.2189386038956698,0
INV014350,0,0.683671079604335,0
INV014351,0,0.5847353760623348,0
INV014352,0,1.271965036580983,0
INV014353,0,1.271965036580983,0
INV014354,0,0.683671079604335,0
INV014355,0,1.271965036580983,0
INV014356,0,1.271965036580983,0
INV014357,0,1.271965036580983,0
INV014358,0,1.45309884819142,0
INV014359,0,1.271965036580983,0
INV014360,0,1.45309884819142,0
INV014361,0,1.271965036580983,0
INV014362,0,1.271965036580983,0
INV014363,0,1.271965036580983,0
INV014364,0,0.683671079604335,0
INV014365,0,1.271965036580983,0
INV014366,0,0.5847353760623348,0
INV014367,0,1.45309884819142,0
INV014368,0,0.5847353760623348,0
INV014369,0,1.2189386038956698,0
INV014370,0,1.45309884819142,0
INV014371,0,0.683671079604335,0
INV014372,0,1.271965036580983,0
INV014373,0,1.271965036580983,0
INV014374,0,1.45309884819142,0
INV014375,0,0.683671079604335,0
INV014376,0,2.0289115203146553,0
INV014377,0,0.683671079604335,0
INV014378,0,1.45309884819142,0
INV014379,0,0.5847353760623348,0
INV014380,0,1.45309884819142,0
INV014381,0,1.45309884819142,0
INV014382,0,1.271965036580983,0
INV014383,0,0.44259776730242556,0
INV014384,0,1.271965036580983,0
INV014385,0,1.2189386038956698,0
INV014386,0,2.203116380175584,0
INV014387,0,1.45309884819142,0
INV014388,0,0.683671079604335,0
INV014389,0,1.271965036580983,0
INV014390,0,1.45309884819142,0
INV014391,0,1.45309884819142,0
INV014392,0,1.271965036580983,0
INV014393,0,0.44259776730242556,0
INV014394,0,1.2189386038956698,0
INV014395,0,2.394034694143759,0
INV014396,0,1.271965036580983,0
INV014397,0,0.5847353760623348,0
INV014398,0,1.2189386038956698,0
INV014399,0,0.683671079604335,0
INV014400,0,1.45309884819142,0
INV014401,0,1.0254073455844448,0
INV014402,0,1.45309884819142,0
INV014403,0,1.271965036580983,0
INV014404,0,1.45309884819142,0
INV014405,0,1.271965036580983,0
INV014406,0,1.45309884819142,0
INV014407,0,0.5847353760623348,0
INV014408,0,0.7606968998730848,0
INV014409,0,0.683671079604335,0
INV014410,0,1.203693364992027,0
INV014411,0,1.2189386038956698,0
INV014412,0,1.271965036580983,0
INV014413,0,2.109157433292343,0
INV014414,0,0.683671079604335,0
INV014415,0,1.45309884819142,0
INV014416,0,1.271965036580983,0
INV014417,0,1.271965036580983,0
INV014418,0,1.2189386038956698,0
INV014419,0,1.2189386038956698,0
INV014420,0,0.2682884635077665,0
INV014421,0,1.271965036580983,0
INV014422,0,1.45309884819142,0
INV014423,0,1.2189386038956698,0
INV014424,0,0.683671079604335,0
INV014425,0,1.45309884819142,0
INV014426,0,1.271965036580983,0
INV014427,0,0.683671079604335,0
INV014428,0,1.45309884819142,0
INV014429,0,1.271965036580983,0
INV014430,0,1.45309884819142,0
INV014431,0,1.45309884819142,0
INV014432,0,0.44259776730242556,0
INV014433,0,0.683671079604335,0
INV014434,0,0.683671079604335,0
INV014435,0,0.5847353760623348,0
INV014436,0,1.271965036580983,0
INV014437,0,0.683671079604335,0
INV014438,0,0.683671079604335,0
INV014439,0,1.2189386038956698,0
INV014440,0,0.683671079604335,0
INV014441,0,0.683671079604335,0
INV014442,0,1.271965036580983,0
INV014443,0,0.683671079604335,0
INV014444,0,1.271965036580983,0
INV014445,0,0.5847353760623348,0
INV014446,0,1.318382175009803,0
INV014447,0,0.5847353760623348,0
INV014448,0,0.5847353760623348,0
INV014449,0,0.683671079604335,0
INV014450,0,1.45309884819142,0
INV014451,0,0.32908244996254976,0
INV014452,0,0.5055170233614348,0
INV014453,0,1.45309884819142,0
INV014454,0,1.4772446026300423,0
INV014455,0,1.45309884819142,0
INV014456,0,1.2189386038956698,0
INV014457,0,1.45309884819142,0
INV014458,0,2.3578529172140525,0
INV014459,0,1.271965036580983,0
INV014460,0,1.271965036580983,0
INV014461,0,0.683671079604335,0
INV014462,0,0.44259776730242556,0
INV014463,0,0.683671079604335,0
INV014464,0,1.45309884819142,0
INV014465,0,1.271965036580983,0
INV014466,0,0.683671079604335,0
INV014467,0,1.45309884819142,0
INV014468,0,1.45309884819142,0
INV014469,0,1.45309884819142,0
INV014470,0,0.5847353760623348,0
INV014471,0,0.683671079604335,0
INV014472,0,1.271965036580983,0
INV014473,0,0.683671079604335,0
INV014474,0,1.271965036580983,0
INV014475,0,0.683671079604335,0
INV014476,0,1.45309884819142,0
INV014477,0,0.683671079604335,0
INV014478,0,0.7319927131145099,0
INV014479,0,1.271965036580983,0
INV014480,0,1.45309884819142,0
INV014481,0,0.683671079604335,0
INV014482,0,1.2445762798711975,0
INV014483,0,2.4091193755247526,0
INV014484,0,1.271965036580983,0
INV014485,0,0.683671079604335,0
INV014486,0,1.2189386038956698,0
INV014487,0,0.2682884635077665,0
INV014488,0,0.683671079604335,0
INV014489,0,1.271965036580983,0
INV014490,0,0.683671079604335,0
INV014491,0,1.45309884819142,0
INV014492,0,1.271965036580983,0
INV014493,0,0.5847353760623348,0
INV014494,0,1.271965036580983,0
INV014495,0,1.45309884819142,0
INV014496,0,1.45309884819142,0
INV014497,0,0.5847353760623348,0
INV014498,0,0.683671079604335,0
INV014499,0,1.2189386038956698,0
INV014500,0,1.45309884819142,0
INV014501,0,1.271965036580983,0
INV014502,0,0.683671079604335,0
INV014503,0,1.271965036580983,0
INV014504,0,1.45309884819142,0
INV014505,0,0.35310024406022245,0
INV014506,0,0.5847353760623348,0
INV014507,0,0.7552237605623007,0
INV014508,0,0.683671079604335,0
INV014509,0,1.271965036580983,0
INV014510,0,1.45309884819142,0
INV014511,0,1.271965036580983,0
INV014512,0,0.5847353760623348,0
INV014513,0,1.271965036580983,0
INV014514,0,0.683671079604335,0
INV014515,0,1.45309884819142,0
INV014516,0,0.683671079604335,0
INV014517,0,1.4842260849571491,0
INV014518,0,1.2189386038956698,0
INV014519,0,1.2189386038956698,0
INV014520,0,1.45309884819142,0
INV014521,0,0.848108849798292,0
INV014522,0,1.271965036580983,0
INV014523,0,1.45309884819142,0
INV014524,0,1.8520287416310932,0
INV014525,0,1.271965036580983,0
INV014526,0,1.271965036580983,0
INV014527,0,0.5847353760623348,0
INV014528,0,0.683671079604335,0
INV014529,0,1.7651667019138282,0
INV014530,0,1.271965036580983,0
INV014531,0,0.683671079604335,0
INV014532,0,0.683671079604335,0
INV014533,0,1.45309884819142,0
INV014534,0,1.45309884819142,0
INV014535,0,0.683671079604335,0
INV014536,0,1.45309884819142,0
INV014537,0,1.2189386038956698,0
INV014538,0,0.5847353760623348,0
INV014539,0,1.2189386038956698,0
INV014540,0,1.271965036580983,0
INV014541,0,1.271965036580983,0
INV014542,0,1.02366471204153,0
INV014543,0,1.271965036580983,0
INV014544,0,0.683671079604335,0
INV014545,0,0.683671079604335,0
INV014546,0,1.271965036580983,0
INV014547,0,1.2189386038956698,0
INV014548,0,1.45309884819142,0
INV014549,0,0.683671079604335,0
INV014550,0,0.683671079604335,0
INV014551,0,1.2189386038956698,0
INV014552,0,1.45309884819142,0
INV014553,0,0.6580022633554916,0
INV014554,0,0.9555681235669489,0
INV014555,0,1.45309884819142,0
INV014556,0,1.45309884819142,0
INV014557,0,1.2189386038956698,0
INV014558,0,0.46452243729669224,0
INV014559,0,0.5847353760623348,0
INV014560,0,0.7249070669084243,0
INV014561,0,2.3822676166680163,0
INV014562,0,1.45309884819142,0
INV014563,0,1.271965036580983,0
INV014564,0,0.5068855427924618,0
INV014565,0,1.2189386038956698,0
INV014566,0,1.271965036580983,0
INV014567,0,0.683671079604335,0
INV014568,0,0.6580163395553535,0
INV014569,0,0.683671079604335,0
INV014570,0,1.45309884819142,0
INV014571,0,0.683671079604335,0
INV014572,0,0.683671079604335,0
INV014573,0,1.271965036580983,0
INV014574,0,1.45309884819142,0
INV014575,0,0.5186438617438461,0
INV014576,0,0.9768375743628609,0
INV014577,0,0.44259776730242556,0
INV014578,0,1.45309884819142,0
INV014579,0,1.45309884819142,0
INV014580,0,1.271965036580983,0
INV014581,0,1.271965036580983,0
INV014582,0,1.271965036580983,0
INV014583,0,0.5319874736041322,0
INV014584,0,1.45309884819142,0
INV014585,0,1.271965036580983,0
INV014586,0,0.48516440238320063,0
INV014587,0,1.45309884819142,0
INV014588,0,1.271965036580983,0
INV014589,0,1.45309884819142,0
INV014590,0,1.45309884819142,0
INV014591,0,1.271965036580983,0
INV014592,0,0.683671079604335,0
INV014593,0,0.683671079604335,0
INV014594,0,1.2189386038956698,0
INV014595,0,1.2189386038956698,0
INV014596,0,0.5847353760623348,0
INV014597,0,1.2655398079234423,0
INV014598,0,1.45309884819142,0
INV014599,0,1.271965036580983,0
INV014600,0,0.5847353760623348,0
INV014601,0,0.7526784708228113,0
INV014602,0,1.271965036580983,0
INV014603,0,0.5847353760623348,0
INV014604,0,1.271965036580983,0
INV014605,0,0.4800222101713941,0
INV014606,0,1.2189386038956698,0
INV014607,0,0.683671079604335,0
INV014608,0,0.5015403404982012,0
INV014609,0,1.271965036580983,0
INV014610,0,1.271965036580983,0
INV014611,0,1.45309884819142,0
INV014612,0,2.4274669200337566,0
INV014613,0,0.683671079604335,0
INV014614,0,1.271965036580983,0
INV014615,0,0.5847353760623348,0
INV014616,0,0.9809396918070868,0
INV014617,0,0.683671079604335,0
INV014618,0,1.271965036580983,0
INV014619,0,1.271965036580983,0
INV014620,0,1.271965036580983,0
INV014621,0,1.271965036580983,0
INV014622,0,0.683671079604335,0
INV014623,0,1.45309884819142,0
INV014624,0,1.271965036580983,0
INV014625,0,1.45309884819142,0
INV014626,0,0.683671079604335,0
INV014627,0,1.2189386038956698,0
INV014628,0,1.45309884819142,0
INV014629,0,1.8997536280565166,0
INV014630,0,1.45309884819142,0
INV014631,0,0.8402684064751622,0
INV014632,0,1.271965036580983,0
INV014633,0,1.45309884819142,0
INV014634,0,0.683671079604335,0
INV014635,0,0.44259776730242556,0
INV014636,0,1.2189386038956698,0
INV014637,0,1.271965036580983,0
INV014638,0,1.271965036580983,0
INV014639,0,1.45309884819142,0
INV014640,1,17.028488282960602,6
INV014641,0,1.060409224161275,0
INV014642,0,0.41661018101088393,0
INV014643,0,0.5847353760623348,0
INV014644,0,0.2710644640689721,0
INV014645,0,0.5847353760623348,0
INV014646,0,1.45309884819142,0
INV014647,0,1.271965036580983,0
INV014648,0,1.271965036580983,0
INV014649,0,0.683671079604335,0
INV014650,0,1.45309884819142,0
INV014651,0,0.683671079604335,0
INV014652,0,1.2189386038956698,0
INV014653,0,1.1567148299637304,0
INV014654,0,0.5847353760623348,0
INV014655,0,1.2189386038956698,0
INV014656,0,1.45309884819142,0
INV014657,0,1.45309884819142,0
INV014658,0,1.45309884819142,0
INV014659,0,1.271965036580983,0
INV014660,0,0.683671079604335,0
INV014661,0,1.45309884819142,0
INV014662,0,0.48554852623721234,0
INV014663,0,0.32561814077429274,0
INV014664,0,1.45309884819142,0
INV014665,0,1.271965036580983,0
INV014666,0,1.271965036580983,0
INV014667,0,1.45309884819142,0
INV014668,0,1.271965036580983,0
INV014669,0,2.0830917519967884,0
INV014670,0,1.271965036580983,0
INV014671,0,1.271965036580983,0
INV014672,0,0.5847353760623348,0
INV014673,0,2.3694055934837093,0
INV014674,0,1.271965036580983,0
INV014675,0,1.271965036580983,0
INV014676,0,1.45309884819142,0
INV014677,0,1.45309884819142,0
INV014678,0,0.44259776730242556,0
INV014679,0,1.271965036580983,0
INV014680,0,0.683671079604335,0
INV014681,0,1.271965036580983,0
INV014682,0,1.45309884819142,0
INV014683,0,1.271965036580983,0
INV014684,0,0.9877193888261351,0
INV014685,0,0.4635633788794285,0
INV014686,0,0.683671079604335,0
INV014687,0,1.45309884819142,0
INV014688,0,0.683671079604335,0
INV014689,0,1.271965036580983,0
INV014690,0,1.271965036580983,0
INV014691,0,0.683671079604335,0
INV014692,0,1.45309884819142,0
INV014693,0,0.683671079604335,0
INV014694,0,1.45309884819142,0
INV014695,0,1.45309884819142,0
INV014696,0,0.683671079604335,0
INV014697,0,1.45309884819142,0
INV014698,0,0.683671079604335,0
INV014699,0,1.45309884819142,0
INV014700,0,1.271965036580983,0
INV014701,0,0.5847353760623348,0
INV014702,0,1.45309884819142,0
INV014703,0,0.5847353760623348,0
INV014704,0,1.45309884819142,0
INV014705,0,0.683671079604335,0
INV014706,0,1.271965036580983,0
INV014707,0,1.271965036580983,0
INV014708,0,1.271965036580983,0
INV014709,0,1.45309884819142,0
INV014710,0,1.45309884819142,0
INV014711,0,0.683671079604335,0
INV014712,0,0.683671079604335,0
INV014713,0,1.271965036580983,0
INV014714,0,1.271965036580983,0
INV014715,0,1.45309884819142,0
INV014716,0,1.45309884819142,0
INV014717,0,2.4553840908178253,0
INV014718,0,0.683671079604335,0
INV014719,0,0.5847353760623348,0
INV014720,0,1.271965036580983,0
INV014721,0,1.271965036580983,0
INV014722,0,0.683671079604335,0
INV014723,0,1.271965036580983,0
INV014724,0,1.6399629705991432,0
INV014725,0,0.683671079604335,0
INV014726,0,0.5177207758373408,0
INV014727,0,0.683671079604335,0
INV014728,0,0.683671079604335,0
INV014729,0,1.2189386038956698,0
INV014730,0,1.271965036580983,0
INV014731,0,1.2189386038956698,0
INV014732,0,1.3441469384327525,0
INV014733,0,2.010631228760548,0
INV014734,0,1.45309884819142,0
INV014735,0,1.45309884819142,0
INV014736,0,1.2189386038956698,0
INV014737,0,1.271965036580983,0
INV014738,0,0.683671079604335,0
INV014739,0,1.271965036580983,0
INV014740,0,0.683671079604335,0
INV014741,0,0.683671079604335,0
INV014742,0,1.4948773889904985,0
INV014743,0,1.45309884819142,0
INV014744,0,1.45309884819142,0
INV014745,0,1.271965036580983,0
INV014746,0,0.683671079604335,0
INV014747,0,1.271965036580983,0
INV014748,0,0.4827504905090897,0
INV014749,0,1.45309884819142,0
INV014750,0,1.45309884819142,0
INV014751,0,0.9132469338663238,0
INV014752,0,2.2249003942775616,0
INV014753,0,1.45309884819142,0
INV014754,0,1.45309884819142,0
INV014755,0,1.271965036580983,0
INV014756,0,0.5847353760623348,0
INV014757,0,2.5376028614072816,0
INV014758,0,0.37503248398759625,0
INV014759,0,1.271965036580983,0
INV014760,0,2.5253277895187414,0
INV014761,0,0.2682884635077665,0
INV014762,0,0.5217099708782295,0
INV014763,0,0.8004615388743306,0
INV014764,0,1.45309884819142,0
INV014765,0,1.45309884819142,0
INV014766,0,2.3500043409754467,0
INV014767,0,0.44259776730242556,0
INV014768,0,1.271965036580983,0
INV014769,0,0.683671079604335,0
INV014770,0,1.3457269136661507,0
INV014771,0,2.0166173673551913,0
INV014772,0,1.271965036580983,0
INV014773,0,0.683671079604335,0
INV014774,0,1.45309884819142,0
INV014775,0,1.271965036580983,0
INV014776,0,1.271965036580983,0
INV014777,0,1.271965036580983,0
INV014778,0,0.683671079604335,0
INV014779,0,1.271965036580983,0
INV014780,0,0.683671079604335,0
INV014781,0,1.45309884819142,0
INV014782,0,1.45309884819142,0
INV014783,0,1.271965036580983,0
INV014784,0,1.6526180998839575,0
INV014785,0,1.271965036580983,0
INV014786,0,1.45309884819142,0
INV014787,0,0.745644916227463,0
INV014788,0,1.271965036580983,0
INV014789,0,1.45309884819142,0
INV014790,0,1.271965036580983,0
INV014791,0,0.5847353760623348,0
INV014792,0,1.2189386038956698,0
INV014793,0,0.683671079604335,0
INV014794,0,0.683671079604335,0
INV014795,0,1.271965036580983,0
INV014796,0,1.2189386038956698,0
INV014797,0,1.271965036580983,0
INV014798,0,1.271965036580983,0
INV014799,0,0.683671079604335,0
INV014800,0,0.5847353760623348,0
INV014801,0,1.45309884819142,0
INV014802,0,0.5847353760623348,0
INV014803,0,1.45309884819142,0
INV014804,0,1.271965036580983,0
INV014805,0,0.4810106722061474,0
INV014806,0,1.2189386038956698,0
INV014807,0,1.271965036580983,0
INV014808,0,0.5847353760623348,0
INV014809,0,1.45309884819142,0
INV014810,0,1.45309884819142,0
INV014811,0,0.683671079604335,0
INV014812,0,0.683671079604335,0
INV014813,0,1.45309884819142,0
INV014814,0,1.271965036580983,0
INV014815,0,1.45309884819142,0
INV014816,1,3.411843985976179,1
INV014817,0,1.271965036580983,0
INV014818,0,1.271965036580983,0
INV014819,0,1.0652515079470606,0
INV014820,0,1.2189386038956698,0
INV014821,0,0.4769464040993281,0
INV014822,0,0.683671079604335,0
INV014823,0,1.271965036580983,0
INV014824,0,0.683671079604335,0
INV014825,0,1.45309884819142,0
INV014826,0,1.271965036580983,0
INV014827,0,1.8248454100664966,0
INV014828,0,0.3477718897259791,0
INV014829,0,1.2189386038956698,0
INV014830,0,1.45309884819142,0
INV014831,0,1.45309884819142,0
INV014832,0,0.683671079604335,0
INV014833,0,1.2189386038956698,0
INV014834,0,1.271965036580983,0
INV014835,0,0.683671079604335,0
INV014836,0,0.683671079604335,0
INV014837,0,1.271965036580983,0
INV014838,0,1.271965036580983,0
INV014839,0,1.45309884819142,0
INV014840,0,1.271965036580983,0
INV014841,0,0.683671079604335,0
INV014842,0,1.271965036580983,0
INV014843,0,1.271965036580983,0
INV014844,0,0.5847353760623348,0
INV014845,0,1.271965036580983,0
INV014846,0,0.683671079604335,0
INV014847,0,1.271965036580983,0
INV014848,0,1.45309884819142,0
INV014849,0,0.683671079604335,0
INV014850,0,1.45309884819142,0
INV014851,0,0.683671079604335,0
INV014852,0,0.683671079604335,0
INV014853,0,0.683671079604335,0
INV014854,0,0.683671079604335,0
INV014855,0,1.45309884819142,0
INV014856,0,1.271965036580983,0
INV014857,0,1.271965036580983,0
INV014858,0,0.4957791082969084,0
INV014859,1,9.463580565729025,1
INV014860,0,0.5847353760623348,0
INV014861,0,1.271965036580983,0
INV014862,0,0.7900698625273251,0
INV014863,0,0.683671079604335,0
INV014864,0,1.271965036580983,0
INV014865,0,1.271965036580983,0
INV014866,0,1.45309884819142,0
INV014867,0,1.45309884819142,0
INV014868,0,1.0202138534442524,0
INV014869,0,0.683671079604335,0
INV014870,0,1.2189386038956698,0
INV014871,0,1.45309884819142,0
INV014872,0,1.271965036580983,0
INV014873,0,0.31095078399791376,0
INV014874,0,2.0073630479570346,0
INV014875,0,1.45309884819142,0
INV014876,0,1.271965036580983,0
INV014877,0,1.271965036580983,0
INV014878,0,0.5847353760623348,0
INV014879,0,1.45309884819142,0
INV014880,0,0.683671079604335,0
INV014881,0,1.9125129212203091,0
INV014882,0,1.271965036580983,0
INV014883,0,1.271965036580983,0
INV014884,0,0.5847353760623348,0
INV014885,0,1.271965036580983,0
INV014886,0,0.683671079604335,0
INV014887,0,1.2189386038956698,0
INV014888,0,1.45309884819142,0
INV014889,0,1.271965036580983,0
INV014890,0,1.271965036580983,0
INV014891,0,0.5847353760623348,0
INV014892,0,0.9041114801558909,0
INV014893,0,0.683671079604335,0
INV014894,0,1.2189386038956698,0
INV014895,0,1.271965036580983,0
INV014896,0,1.45309884819142,0
INV014897,0,0.683671079604335,0
INV014898,0,1.4790804518964875,0
INV014899,0,0.683671079604335,0
INV014900,0,0.683671079604335,0
INV014901,0,1.45309884819142,0
INV014902,0,1.271965036580983,0
INV014903,0,2.3056370974237708,0
INV014904,0,0.5847353760623348,0
INV014905,0,0.683671079604335,0
INV014906,0,1.45309884819142,0
INV014907,0,0.683671079604335,0
INV014908,0,1.271965036580983,0
INV014909,0,0.683671079604335,0
INV014910,0,1.271965036580983,0
INV014911,0,2.2832797127807476,0
INV014912,0,1.45309884819142,0
INV014913,0,1.45309884819142,0
INV014914,0,1.271965036580983,0
INV014915,0,0.5051050599121405,0
INV014916,0,0.683671079604335,0
INV014917,0,0.5847353760623348,0
INV014918,0,1.45309884819142,0
INV014919,0,1.2189386038956698,0
INV014920,0,0.683671079604335,0
INV014921,0,1.4596681210690345,0
INV014922,0,1.271965036580983,0
INV014923,0,0.683671079604335,0
INV014924,0,0.5847353760623348,0
INV014925,0,1.1475158769516982,0
INV014926,0,1.271965036580983,0
INV014927,0,0.683671079604335,0
INV014928,0,0.683671079604335,0
INV014929,0,0.36346157837641435,0
INV014930,0,0.683671079604335,0
INV014931,0,0.683671079604335,0
INV014932,0,0.683671079604335,0
INV014933,0,1.45309884819142,0
INV014934,0,1.271965036580983,0
INV014935,0,1.45309884819142,0
INV014936,0,1.271965036580983,0
INV014937,0,0.5847353760623348,0
INV014938,0,0.5847353760623348,0
INV014939,0,0.683671079604335,0
INV014940,0,0.683671079604335,0
INV014941,0,1.45309884819142,0
INV014942,0,1.45309884819142,0
INV014943,0,0.683671079604335,0
INV014944,0,1.271965036580983,0
INV014945,0,0.8347352087116336,0
INV014946,0,1.45309884819142,0
INV014947,0,1.271965036580983,0
INV014948,0,1.271965036580983,0
INV014949,0,1.45309884819142,0
INV014950,0,1.271965036580983,0
INV014951,0,1.271965036580983,0
INV014952,0,1.45309884819142,0
INV014953,0,1.271965036580983,0
INV014954,0,1.45309884819142,0
INV014955,0,0.683671079604335,0
INV014956,0,0.683671079604335,0
INV014957,0,0.5847353760623348,0
INV014958,0,1.768547492316237,0
INV014959,0,1.2189386038956698,0
INV014960,0,0.44259776730242556,0
INV014961,0,1.271965036580983,0
INV014962,0,1.45309884819142,0
INV014963,0,1.271965036580983,0
INV014964,0,1.45309884819142,0
INV014965,0,1.45309884819142,0
INV014966,0,1.2189386038956698,0
INV014967,0,1.45309884819142,0
INV014968,0,1.271965036580983,0
INV014969,0,1.023015017216789,0
INV014970,0,1.45309884819142,0
INV014971,0,1.271965036580983,0
INV014972,0,1.271965036580983,0
INV014973,0,1.45309884819142,0
INV014974,0,1.2189386038956698,0
INV014975,0,0.7212287994822649,0
INV014976,0,0.683671079604335,0
INV014977,0,1.271965036580983,0
INV014978,0,0.5847353760623348,0
INV014979,0,0.5847353760623348,0
INV014980,0,0.5847353760623348,0
INV014981,0,1.4248242087351,0
INV014982,0,0.5847353760623348,0
INV014983,0,1.45309884819142,0
INV014984,0,1.271965036580983,0
INV014985,0,1.45309884819142,0
INV014986,0,1.45309884819142,0
INV014987,0,1.2189386038956698,0
INV014988,0,1.271965036580983,0
INV014989,0,0.683671079604335,0
INV014990,0,1.6054418724487107,0
INV014991,0,0.5847353760623348,0
INV014992,0,1.271965036580983,0
INV014993,0,1.45309884819142,0
INV014994,0,0.5847353760623348,0
INV014995,0,1.45309884819142,0
INV014996,0,1.271965036580983,0
INV014997,0,0.883806405452746,0
INV014998,0,1.45309884819142,0
INV014999,0,2.196754563446846,0
INV015000,0,1.45309884819142,0
INV015001,0,1.45309884819142,0
INV015002,0,1.45309884819142,0
INV015003,0,0.683671079604335,0
INV015004,0,0.8503882557626107,0
INV015005,0,2.282695081279813,0
INV015006,0,1.271965036580983,0
INV015007,0,0.683671079604335,0
INV015008,0,1.2189386038956698,0
INV015009,0,0.8982495249244745,0
INV015010,0,0.683671079604335,0
INV015011,0,1.2189386038956698,0
INV015012,0,1.271965036580983,0
INV015013,0,0.683671079604335,0
INV015014,0,0.683671079604335,0
INV015015,0,1.271965036580983,0
INV015016,0,1.271965036580983,0
INV015017,0,1.271965036580983,0
INV015018,0,2.4335897541692817,0
INV015019,0,0.5847353760623348,0
INV015020,0,1.271965036580983,0
INV015021,0,1.271965036580983,0
INV015022,0,0.4907335726574876,0
INV015023,0,1.45309884819142,0
INV015024,0,1.271965036580983,0
INV015025,0,0.9477996252653359,0
INV015026,0,1.271965036580983,0
INV015027,0,1.271965036580983,0
INV015028,0,1.2189386038956698,0
INV015029,0,1.271965036580983,0
INV015030,0,0.49539592285622086,0
INV015031,0,0.3838598688030896,0
INV015032,0,0.6742321217963688,0
INV015033,0,1.2189386038956698,0
INV015034,0,0.683671079604335,0
INV015035,0,0.683671079604335,0
INV015036,0,0.683671079604335,0
INV015037,0,1.45309884819142,0
INV015038,0,1.2189386038956698,0
INV015039,0,1.271965036580983,0
INV015040,0,1.5374822923194524,0
INV015041,0,1.45309884819142,0
INV015042,0,0.683671079604335,0
INV015043,0,0.683671079604335,0
INV015044,0,0.683671079604335,0
INV015045,0,0.6338600165699677,0
INV015046,0,1.271965036580983,0
INV015047,0,1.271965036580983,0
INV015048,0,0.683671079604335,0
INV015049,0,1.2189386038956698,0
INV015050,0,0.683671079604335,0
INV015051,0,0.683671079604335,0
INV015052,0,1.45309884819142,0
INV015053,0,1.2189386038956698,0
INV015054,0,1.271965036580983,0
INV015055,0,1.45309884819142,0
INV015056,0,1.271965036580983,0
INV015057,0,1.271965036580983,0
INV015058,0,1.271965036580983,0
INV015059,0,0.44259776730242556,0
INV015060,0,1.271965036580983,0
INV015061,0,1.45309884819142,0
INV015062,0,1.45309884819142,0
INV015063,0,1.45309884819142,0
INV015064,0,0.5847353760623348,0
INV015065,0,1.271965036580983,0
INV015066,1,134.56368437944369,6
INV015067,0,1.271965036580983,0
INV015068,0,0.683671079604335,0
INV015069,0,1.271965036580983,0
INV015070,0,1.2189386038956698,0
INV015071,0,1.271965036580983,0
INV015072,0,1.271965036580983,0
INV015073,0,1.271965036580983,0
INV015074,0,0.683671079604335,0
INV015075,0,0.683671079604335,0
INV015076,0,0.683671079604335,0
INV015077,0,1.919500972440685,0
INV015078,0,1.271965036580983,0
INV015079,0,1.271965036580983,0
INV015080,0,1.45309884819142,0
INV015081,0,1.271965036580983,0
INV015082,0,1.2189386038956698,0
INV015083,0,1.271965036580983,0
INV015084,0,0.35704126721713897,0
INV015085,0,1.45309884819142,0
INV015086,0,0.683671079604335,0
INV015087,0,1.4503725114846162,0
INV015088,0,1.271965036580983,0
INV015089,0,1.45309884819142,0
INV015090,0,1.2189386038956698,0
INV015091,0,0.683671079604335,0
INV015092,0,0.44259776730242556,0
INV015093,0,1.9729382935745459,0
INV015094,0,1.271965036580983,0
INV015095,0,2.5236686747616743,0
INV015096,0,0.5138845421682858,0
INV015097,0,0.683671079604335,0
INV015098,0,1.45309884819142,0
INV015099,0,1.271965036580983,0
INV015100,0,0.5847353760623348,0
INV015101,0,1.45309884819142,0
INV015102,0,1.45309884819142,0
INV015103,0,0.5094433447096065,0
INV015104,0,0.683671079604335,0
INV015105,0,0.5127265401263059,0
INV015106,0,0.4564020339985295,0
INV015107,0,1.271965036580983,0
INV015108,0,1.45309884819142,0
INV015109,0,0.683671079604335,0
INV015110,0,0.683671079604335,0
INV015111,0,1.271965036580983,0
INV015112,0,2.5032603745928754,0
INV015113,0,1.45309884819142,0
INV015114,0,1.45309884819142,0
INV015115,0,1.45309884819142,0
INV015116,0,0.5847353760623348,0
INV015117,0,1.271965036580983,0
INV015118,0,0.44259776730242556,0
INV015119,0,2.482253053918838,0
INV015120,0,1.7529404275181428,0
INV015121,0,1.45309884819142,0
INV015122,0,0.683671079604335,0
INV015123,0,0.683671079604335,0
INV015124,0,0.8311401472668808,0
INV015125,0,1.271965036580983,0
INV015126,0,1.249635266101598,0
INV015127,0,0.683671079604335,0
INV015128,0,1.882589109944803,0
INV015129,0,0.683671079604335,0
INV015130,0,1.271965036580983,0
INV015131,0,1.45309884819142,0
INV015132,0,1.271965036580983,0
INV015133,0,1.45309884819142,0
INV015134,0,1.45309884819142,0
INV015135,0,0.5847353760623348,0
INV015136,0,1.45309884819142,0
INV015137,0,1.271965036580983,0
INV015138,0,0.5847353760623348,0
INV015139,0,0.5298106674965855,0
INV015140,0,2.5008780559673434,0
INV015141,0,0.683671079604335,0
INV015142,0,0.683671079604335,0
INV015143,0,1.45309884819142,0
INV015144,0,0.40035060614807577,0
INV015145,0,0.683671079604335,0
INV015146,0,1.45309884819142,0
INV015147,0,1.271965036580983,0
INV015148,0,0.44735760638053734,0
INV015149,0,0.683671079604335,0
INV015150,0,1.45309884819142,0
INV015151,0,1.271965036580983,0
INV015152,0,0.3927066040141311,0
INV015153,0,1.45309884819142,0
INV015154,0,0.683671079604335,0
INV015155,0,1.45309884819142,0
INV015156,0,1.271965036580983,0
INV015157,0,1.271965036580983,0
INV015158,0,0.5149652815132455,0
INV015159,0,0.5847353760623348,0
INV015160,0,1.45309884819142,0
INV015161,0,1.271965036580983,0
INV015162,0,1.271965036580983,0
INV015163,0,0.5847353760623348,0
INV015164,0,0.683671079604335,0
INV015165,1,13.350239538229859,1
INV015166,0,2.1895256528066094,0
INV015167,0,0.683671079604335,0
INV015168,0,0.683671079604335,0
INV015169,0,0.8059212275941354,0
INV015170,0,1.271965036580983,0
INV015171,1,10.731987021395694,1
INV015172,0,1.271965036580983,0
INV015173,0,0.2682884635077665,0
INV015174,0,1.45309884819142,0
INV015175,0,0.683671079604335,0
INV015176,0,1.45309884819142,0
INV015177,0,0.5847353760623348,0
INV015178,0,1.2189386038956698,0
INV015179,0,0.5847353760623348,0
INV015180,0,1.45309884819142,0
INV015181,0,1.271965036580983,0
INV015182,0,1.2189386038956698,0
INV015183,0,0.683671079604335,0
INV015184,0,1.271965036580983,0
INV015185,0,0.683671079604335,0
INV015186,0,0.5847353760623348,0
INV015187,0,2.232991393958235,0
INV015188,0,1.271965036580983,0
INV015189,0,1.271965036580983,0
INV015190,0,1.45309884819142,0
INV015191,0,1.271965036580983,0
INV015192,0,1.271965036580983,0
INV015193,0,1.45309884819142,0
INV015194,0,2.223716116662506,0
INV015195,0,1.45309884819142,0
INV015196,0,1.271965036580983,0
INV015197,0,0.5847353760623348,0
INV015198,0,0.7202053033500774,0
INV015199,0,1.45309884819142,0
INV015200,0,1.45309884819142,0
INV015201,0,0.683671079604335,0
INV015202,0,0.683671079604335,0
INV015203,0,1.45309884819142,0
INV015204,0,1.2189386038956698,0
INV015205,0,0.683671079604335,0
INV015206,0,1.45309884819142,0
INV015207,0,1.271965036580983,0
INV015208,0,0.683671079604335,0
INV015209,0,1.2189386038956698,0
INV015210,0,1.2189386038956698,0
INV015211,0,0.8201272412992994,0
INV015212,0,1.45309884819142,0
INV015213,0,0.683671079604335,0
INV015214,0,1.45309884819142,0
INV015215,0,1.45309884819142,0
INV015216,0,0.5847353760623348,0
INV015217,0,1.271965036580983,0
INV015218,0,1.45309884819142,0
INV015219,0,0.683671079604335,0
INV015220,0,1.271965036580983,0
INV015221,0,0.683671079604335,0
INV015222,0,1.2189386038956698,0
INV015223,0,1.2189386038956698,0
INV015224,0,0.683671079604335,0
INV015225,0,1.45309884819142,0
INV015226,0,1.2189386038956698,0
INV015227,0,0.683671079604335,0
INV015228,0,1.2189386038956698,0
INV015229,0,1.45309884819142,0
INV015230,0,0.9265671886804446,0
INV015231,1,9.463580565729025,1
INV015232,0,1.271965036580983,0
INV015233,0,0.683671079604335,0
INV015234,0,0.683671079604335,0
INV015235,0,0.683671079604335,0
INV015236,0,1.271965036580983,0
INV015237,0,1.45309884819142,0
INV015238,0,0.985630194405544,0
INV015239,0,1.45309884819142,0
INV015240,0,0.49218310843883145,0
INV015241,0,0.670578253116637,0
INV015242,0,1.45309884819142,0
INV015243,0,1.271965036580983,0
INV015244,0,1.2189386038956698,0
INV015245,0,1.8083897068189445,0
INV015246,0,1.271965036580983,0
INV015247,0,1.45309884819142,0
INV015248,0,1.45309884819142,0
INV015249,0,2.4379633858686236,0
INV015250,0,0.683671079604335,0
INV015251,0,1.2189386038956698,0
INV015252,0,1.2189386038956698,0
INV015253,0,1.45309884819142,0
INV015254,0,1.45309884819142,0
INV015255,0,0.4745897354379892,0
INV015256,1,28.764280628560638,5
INV015257,0,1.413186319493646,0
INV015258,0,1.271965036580983,0
INV015259,0,0.5207818801006621,0
INV015260,0,1.45309884819142,0
INV015261,0,1.398323416461589,0
INV015262,0,0.8404260599136165,0
INV015263,0,0.683671079604335,0
INV015264,0,1.2189386038956698,0
INV015265,0,1.271965036580983,0
INV015266,0,0.5847353760623348,0
INV015267,0,1.2189386038956698,0
INV015268,0,0.51779553609883,0
INV015269,0,1.271965036580983,0
INV015270,0,1.6284595872674816,0
INV015271,0,0.5847353760623348,0
INV015272,0,1.45309884819142,0
INV015273,0,1.271965036580983,0
INV015274,0,1.2189386038956698,0
INV015275,0,0.683671079604335,0
INV015276,0,1.45309884819142,0
INV015277,0,0.683671079604335,0
INV015278,0,2.2661483519398202,0
INV015279,0,1.271965036580983,0
INV015280,0,1.271965036580983,0
INV015281,0,1.45309884819142,0
INV015282,0,0.683671079604335,0
INV015283,0,0.683671079604335,0
INV015284,0,0.44259776730242556,0
INV015285,0,1.271965036580983,0
INV015286,0,0.683671079604335,0
INV015287,0,1.271965036580983,0
INV015288,0,1.271965036580983,0
INV015289,0,1.45309884819142,0
INV015290,0,1.271965036580983,0
INV015291,0,0.683671079604335,0
INV015292,0,0.4790134158479514,0
INV015293,0,1.271965036580983,0
INV015294,0,0.5847353760623348,0
INV015295,0,0.683671079604335,0
INV015296,0,0.44446072444893925,0
INV015297,0,0.683671079604335,0
INV015298,0,0.683671079604335,0
INV015299,0,0.683671079604335,0
INV015300,0,0.683671079604335,0
INV015301,0,1.45309884819142,0
INV015302,0,1.45309884819142,0
INV015303,0,0.9777587834427179,0
INV015304,0,1.45309884819142,0
INV015305,0,1.5216747198744351,0
INV015306,0,1.271965036580983,0
INV015307,0,0.683671079604335,0
INV015308,0,0.44259776730242556,0
INV015309,0,1.45309884819142,0
INV015310,0,0.683671079604335,0
INV015311,0,1.271965036580983,0
INV015312,0,1.271965036580983,0
INV015313,0,1.45309884819142,0
INV015314,0,0.683671079604335,0
INV015315,0,1.45309884819142,0
INV015316,0,1.271965036580983,0
INV015317,0,1.45309884819142,0
INV015318,0,1.3093540132227626,0
INV015319,0,1.45309884819142,0
INV015320,0,0.5847353760623348,0
INV015321,0,1.45309884819142,0
INV015322,0,1.271965036580983,0
INV015323,0,1.271965036580983,0
INV015324,0,1.5931126853918118,0
INV015325,0,1.271965036580983,0
INV015326,0,1.271965036580983,0
INV015327,0,1.6570348985962091,0
INV015328,0,1.271965036580983,0
INV015329,0,1.271965036580983,0
INV015330,0,0.4603055206224807,0
INV015331,0,0.683671079604335,0
INV015332,0,0.683671079604335,0
INV015333,0,1.271965036580983,0
INV015334,0,0.5847353760623348,0
INV015335,0,0.5122357499577844,0
INV015336,0,1.45309884819142,0
INV015337,0,1.45309884819142,0
INV015338,0,2.153238147975717,0
INV015339,0,2.345012607699943,0
INV015340,0,0.5847353760623348,0
INV015341,0,1.271965036580983,0
INV015342,0,0.683671079604335,0
INV015343,0,0.5847353760623348,0
INV015344,0,1.45309884819142,0
INV015345,0,0.683671079604335,0
INV015346,0,1.45309884819142,0
INV015347,0,1.7362291630419853,0
INV015348,0,0.5049205052917276,0
INV015349,0,1.2189386038956698,0
INV015350,0,0.683671079604335,0
INV015351,0,1.45309884819142,0
INV015352,0,0.683671079604335,0
INV015353,0,1.2189386038956698,0
INV015354,0,1.271965036580983,0
INV015355,0,1.271965036580983,0
INV015356,0,0.7037208220939188,0
INV015357,0,1.271965036580983,0
INV015358,0,0.683671079604335,0
INV015359,0,1.2189386038956698,0
INV015360,0,1.45309884819142,0
INV015361,0,1.271965036580983,0
INV015362,0,1.45309884819142,0
INV015363,0,1.271965036580983,0
INV015364,0,1.2189386038956698,0
INV015365,0,0.683671079604335,0
INV015366,0,0.683671079604335,0
INV015367,0,1.45309884819142,0
INV015368,0,1.45309884819142,0
INV015369,0,1.271965036580983,0
INV015370,0,0.683671079604335,0
INV015371,0,1.271965036580983,0
INV015372,0,0.683671079604335,0
INV015373,0,1.271965036580983,0
INV015374,0,1.271965036580983,0
INV015375,0,1.45309884819142,0
INV015376,0,0.44259776730242556,0
INV015377,0,0.683671079604335,0
INV015378,0,1.271965036580983,0
INV015379,0,0.683671079604335,0
INV015380,0,1.45309884819142,0
INV015381,0,0.683671079604335,0
INV015382,0,1.271965036580983,0
INV015383,0,1.271965036580983,0
INV015384,0,0.5032907941521504,0
INV015385,0,2.206933845578156,0
INV015386,0,1.45309884819142,0
INV015387,0,0.5847353760623348,0
INV015388,0,0.683671079604335,0
INV015389,0,0.683671079604335,0
INV015390,0,1.45309884819142,0
INV015391,0,1.271965036580983,0
INV015392,0,1.271965036580983,0
INV015393,0,1.271965036580983,0
INV015394,0,0.8195904688778954,0
INV015395,0,0.683671079604335,0
INV015396,0,1.4857904199684788,0
INV015397,0,1.271965036580983,0
INV015398,0,2.0024967492625234,0
INV015399,0,1.2189386038956698,0
INV015400,0,1.271965036580983,0
INV015401,0,1.271965036580983,0
INV015402,0,0.683671079604335,0
INV015403,0,1.0545876207027964,0
INV015404,0,1.271965036580983,0
INV015405,0,1.2189386038956698,0
INV015406,0,0.683671079604335,0
INV015407,0,1.2189386038956698,0
INV015408,0,0.683671079604335,0
INV015409,0,1.271965036580983,0
INV015410,0,1.2189386038956698,0
INV015411,0,0.683671079604335,0
INV015412,0,1.2189386038956698,0
INV015413,0,0.683671079604335,0
INV015414,0,0.683671079604335,0
INV015415,0,0.683671079604335,0
INV015416,0,1.45309884819142,0
INV015417,0,1.2189386038956698,0
INV015418,0,1.45309884819142,0
INV015419,0,1.271965036580983,0
INV015420,0,0.9446143376387877,0
INV015421,0,2.1868743223614926,0
INV015422,0,1.7268778742670017,0
INV015423,0,1.271965036580983,0
INV015424,0,0.5223402718276053,0
INV015425,0,1.45309884819142,0
INV015426,0,1.271965036580983,0
INV015427,0,0.5283961658126758,0
INV015428,0,1.271965036580983,0
INV015429,0,1.271965036580983,0
INV015430,0,2.1436954228826104,0
INV015431,0,0.683671079604335,0
INV015432,0,0.4501550164997773,0
INV015433,0,1.271965036580983,0
INV015434,0,1.45309884819142,0
INV015435,0,1.45309884819142,0
INV015436,0,1.45309884819142,0
INV015437,0,1.45309884819142,0
INV015438,0,1.2189386038956698,0
INV015439,0,1.2189386038956698,0
INV015440,0,1.45309884819142,0
INV015441,0,1.45309884819142,0
INV015442,0,1.3601156051650793,0
INV015443,0,0.9551430223311168,0
INV015444,0,1.45309884819142,0
INV015445,0,1.45309884819142,0
INV015446,0,1.271965036580983,0
INV015447,0,0.5847353760623348,0
INV015448,0,0.683671079604335,0
INV015449,0,0.45949785955484374,0
INV015450,0,0.44050593789660214,0
INV015451,0,1.271965036580983,0
INV015452,0,0.683671079604335,0
INV015453,0,1.271965036580983,0
INV015454,0,0.683671079604335,0
INV015455,0,0.683671079604335,0
INV015456,0,1.271965036580983,0
INV015457,0,0.683671079604335,0
INV015458,0,0.5217193550114707,0
INV015459,0,0.7360973329942668,0
INV015460,0,2.1030330351346107,0
INV015461,0,1.271965036580983,0
INV015462,0,0.5847353760623348,0
INV015463,0,2.447705680195329,0
INV015464,0,1.45309884819142,0
INV015465,0,1.45309884819142,0
INV015466,0,1.45309884819142,0
INV015467,0,1.271965036580983,0
INV015468,0,1.45309884819142,0
INV015469,0,2.162214384225489,0
INV015470,0,1.2189386038956698,0
INV015471,0,1.45309884819142,0
INV015472,0,0.5847353760623348,0
INV015473,0,1.271965036580983,0
INV015474,0,0.5847353760623348,0
INV015475,0,1.825986833473083,0
INV015476,0,1.45309884819142,0
INV015477,0,0.683671079604335,0
INV015478,0,1.271965036580983,0
INV015479,0,0.683671079604335,0
INV015480,0,0.44259776730242556,0
INV015481,0,1.2189386038956698,0
INV015482,0,1.8668253301215783,0
INV015483,0,0.5050794099479474,0
INV015484,0,1.45309884819142,0
INV015485,0,0.683671079604335,0
INV015486,0,1.271965036580983,0
INV015487,0,1.6666229803333157,0
INV015488,0,1.8475872313679729,0
INV015489,0,1.45309884819142,0
INV015490,0,1.271965036580983,0
INV015491,0,0.683671079604335,0
INV015492,0,1.9578645603490001,0
INV015493,0,1.45309884819142,0
INV015494,0,1.45309884819142,0
INV015495,0,1.271965036580983,0
INV015496,0,1.45309884819142,0
INV015497,0,1.45309884819142,0
INV015498,0,0.683671079604335,0
INV015499,0,1.271965036580983,0
INV015500,0,1.271965036580983,0
INV015501,0,1.271965036580983,0
INV015502,0,1.271965036580983,0
INV015503,0,1.45309884819142,0
INV015504,0,1.45309884819142,0
INV015505,0,2.035076583049767,0
INV015506,0,1.45309884819142,0
INV015507,0,1.2189386038956698,0
INV015508,0,0.683671079604335,0
INV015509,0,1.271965036580983,0
INV015510,0,0.683671079604335,0
INV015511,0,0.683671079604335,0
INV015512,0,0.683671079604335,0
INV015513,0,0.683671079604335,0
INV015514,0,1.45309884819142,0
INV015515,0,0.683671079604335,0
INV015516,0,0.44259776730242556,0
INV015517,0,1.45309884819142,0
INV015518,0,1.271965036580983,0
INV015519,0,0.683671079604335,0
INV015520,0,0.683671079604335,0
INV015521,0,1.9259206579910777,0
INV015522,0,1.2189386038956698,0
INV015523,0,1.271965036580983,0
INV015524,0,0.683671079604335,0
INV015525,0,0.683671079604335,0
INV015526,0,0.683671079604335,0
INV015527,0,1.271965036580983,0
INV015528,0,1.271965036580983,0
INV015529,0,0.683671079604335,0
INV015530,0,1.45309884819142,0
INV015531,0,1.271965036580983,0
INV015532,0,1.45309884819142,0
INV015533,0,1.45309884819142,0
INV015534,0,1.271965036580983,0
INV015535,0,1.45309884819142,0
INV015536,0,0.683671079604335,0
INV015537,0,1.45309884819142,0
INV015538,0,0.6559871771441371,0
INV015539,0,1.271965036580983,0
INV015540,0,1.45309884819142,0
INV015541,0,1.45309884819142,0
INV015542,0,1.45309884819142,0
INV015543,0,0.5847353760623348,0
INV015544,0,1.271965036580983,0
INV015545,0,0.683671079604335,0
INV015546,0,0.8329309526937676,0
INV015547,0,1.271965036580983,0
INV015548,0,1.271965036580983,0
INV015549,0,1.271965036580983,0
INV015550,0,1.271965036580983,0
INV015551,0,1.45309884819142,0
INV015552,0,0.683671079604335,0
INV015553,0,0.683671079604335,0
INV015554,0,0.683671079604335,0
INV015555,0,0.2682884635077665,0
INV015556,0,0.44259776730242556,0
INV015557,0,0.683671079604335,0
INV015558,0,1.271965036580983,0
INV015559,0,0.44259776730242556,0
INV015560,0,0.683671079604335,0
INV015561,0,0.683671079604335,0
INV015562,0,1.271965036580983,0
INV015563,0,2.581278807143513,0
INV015564,0,0.683671079604335,0
INV015565,0,0.5847353760623348,0
INV015566,0,1.45309884819142,0
INV015567,0,0.683671079604335,0
INV015568,0,0.683671079604335,0
INV015569,0,2.422857433785616,0
INV015570,0,1.271965036580983,0
INV015571,0,1.2450303050737417,0
INV015572,0,1.45309884819142,0
INV015573,0,0.683671079604335,0
INV015574,0,0.5202297802616306,0
INV015575,0,1.45309884819142,0
INV015576,0,1.2189386038956698,0
INV015577,0,1.271965036580983,0
INV015578,0,0.41073285488202277,0
INV015579,0,0.683671079604335,0
INV015580,0,0.683671079604335,0
INV015581,0,1.271965036580983,0
INV015582,0,2.342965615435568,0
INV015583,0,1.45309884819142,0
INV015584,0,1.45309884819142,0
INV015585,0,1.45309884819142,0
INV015586,0,0.5847353760623348,0
INV015587,0,1.271965036580983,0
INV015588,0,1.2189386038956698,0
INV015589,0,0.94705577630374,0
INV015590,0,1.45309884819142,0
INV015591,0,0.4890478695229037,0
INV015592,0,1.271965036580983,0
INV015593,0,0.683671079604335,0
INV015594,0,0.31391956747121147,0
INV015595,0,2.0796311964618277,0
INV015596,0,1.45309884819142,0
INV015597,0,1.45309884819142,0
INV015598,0,1.4157084617044737,0
INV015599,0,1.2189386038956698,0
INV015600,0,1.271965036580983,0
INV015601,0,1.271965036580983,0
INV015602,0,1.271965036580983,0
INV015603,0,1.2189386038956698,0
INV015604,0,0.683671079604335,0
INV015605,0,0.5847353760623348,0
INV015606,0,1.45309884819142,0
INV015607,0,1.45309884819142,0
INV015608,0,0.5847353760623348,0
INV015609,0,0.40198188130986,0
INV015610,0,0.683671079604335,0
INV015611,0,1.45309884819142,0
INV015612,0,1.271965036580983,0
INV015613,0,1.271965036580983,0
INV015614,0,1.2189386038956698,0
INV015615,0,1.45309884819142,0
INV015616,0,1.271965036580983,0
INV015617,0,1.271965036580983,0
INV015618,0,1.271965036580983,0
INV015619,0,0.5847353760623348,0
INV015620,0,0.5847353760623348,0
INV015621,0,0.683671079604335,0
INV015622,0,0.683671079604335,0
INV015623,1,6.885044696090228,1
INV015624,0,0.683671079604335,0
INV015625,0,1.271965036580983,0
INV015626,0,1.45309884819142,0
INV015627,0,1.45309884819142,0
INV015628,0,0.5847353760623348,0
INV015629,0,1.45309884819142,0
INV015630,0,1.45309884819142,0
INV015631,0,1.45309884819142,0
INV015632,0,0.5847353760623348,0
INV015633,0,0.683671079604335,0
INV015634,0,0.4437519095847776,0
INV015635,0,1.271965036580983,0
INV015636,0,1.271965036580983,0
INV015637,0,1.271965036580983,0
INV015638,0,1.2189386038956698,0
INV015639,0,0.6678183795303623,0
INV015640,0,1.271965036580983,0
INV015641,0,1.271965036580983,0
INV015642,0,1.2189386038956698,0
INV015643,0,1.271965036580983,0
INV015644,0,0.683671079604335,0
INV015645,0,1.45309884819142,0
INV015646,0,1.2189386038956698,0
INV015647,0,0.9148375444507292,0
INV015648,0,1.45309884819142,0
INV015649,0,0.683671079604335,0
INV015650,0,1.45309884819142,0
INV015651,0,1.2189386038956698,0
INV015652,0,0.683671079604335,0
INV015653,0,1.45309884819142,0
INV015654,0,0.4005867735013159,0
INV015655,0,1.45309884819142,0
INV015656,0,0.2682884635077665,0
INV015657,0,1.271965036580983,0
INV015658,0,1.2189386038956698,0
INV015659,0,0.683671079604335,0
INV015660,0,1.45309884819142,0
INV015661,0,0.5847353760623348,0
INV015662,0,0.683671079604335,0
INV015663,0,1.45309884819142,0
INV015664,0,2.063439187358357,0
INV015665,0,1.45309884819142,0
INV015666,0,0.5847353760623348,0
INV015667,0,1.45309884819142,0
INV015668,0,1.2189386038956698,0
INV015669,0,0.683671079604335,0
INV015670,0,0.683671079604335,0
INV015671,0,1.45309884819142,0
INV015672,0,0.683671079604335,0
INV015673,0,2.217804425524911,0
INV015674,0,1.2189386038956698,0
INV015675,0,1.45309884819142,0
INV015676,0,1.271965036580983,0
INV015677,0,0.683671079604335,0
INV015678,0,0.8625851265408064,0
INV015679,0,0.683671079604335,0
INV015680,0,0.501385189495278,0
INV015681,0,1.271965036580983,0
INV015682,0,2.0854049408407755,0
INV015683,0,1.2189386038956698,0
INV015684,0,1.45309884819142,0
INV015685,1,24.191351430600285,1
INV015686,0,0.683671079604335,0
INV015687,0,0.5847353760623348,0
INV015688,0,1.271965036580983,0
INV015689,0,0.683671079604335,0
INV015690,0,0.683671079604335,0
INV015691,0,0.683671079604335,0
INV015692,0,1.94441772302306,0
INV015693,0,1.271965036580983,0
INV015694,0,1.271965036580983,0
INV015695,0,0.5847353760623348,0
INV015696,0,1.271965036580983,0
INV015697,0,0.683671079604335,0
INV015698,0,0.683671079604335,0
INV015699,0,0.4999534835670926,0
INV015700,0,1.271965036580983,0
INV015701,0,0.683671079604335,0
INV015702,0,1.45309884819142,0
INV015703,0,0.7489554723615348,0
INV015704,0,1.45309884819142,0
INV015705,0,0.683671079604335,0
INV015706,0,1.2189386038956698,0
INV015707,0,0.683671079604335,0
INV015708,0,0.683671079604335,0
INV015709,0,0.48034940361707507,0
INV015710,0,1.271965036580983,0
INV015711,0,0.683671079604335,0
INV015712,0,1.45309884819142,0
INV015713,0,0.7604360209689759,0
INV015714,0,1.271965036580983,0
INV015715,0,1.271965036580983,0
INV015716,0,1.45309884819142,0
INV015717,0,1.271965036580983,0
INV015718,0,1.2189386038956698,0
INV015719,0,1.45309884819142,0
INV015720,0,0.5175227706259488,0
INV015721,0,1.271965036580983,0
INV015722,0,1.45309884819142,0
INV015723,0,1.45309884819142,0
INV015724,0,1.2189386038956698,0
INV015725,0,1.271965036580983,0
INV015726,0,0.683671079604335,0
INV015727,0,1.45309884819142,0
INV015728,0,1.2189386038956698,0
INV015729,0,1.2189386038956698,0
INV015730,0,1.45309884819142,0
INV015731,0,1.271965036580983,0
INV015732,0,1.7793448760237094,0
INV015733,0,1.45309884819142,0
INV015734,0,0.39043220292087455,0
INV015735,0,1.45309884819142,0
INV015736,0,1.2189386038956698,0
INV015737,0,0.8005056443005647,0
INV015738,0,0.683671079604335,0
INV015739,0,1.271965036580983,0
INV015740,0,1.271965036580983,0
INV015741,0,1.271965036580983,0
INV015742,0,1.45309884819142,0
INV015743,0,1.271965036580983,0
INV015744,0,0.7956581138725359,0
INV015745,0,0.2682884635077665,0
INV015746,0,0.38934583309597015,0
INV015747,0,0.683671079604335,0
INV015748,0,1.45309884819142,0
INV015749,0,1.45309884819142,0
INV015750,0,1.45309884819142,0
INV015751,0,1.45309884819142,0
INV015752,0,1.271965036580983,0
INV015753,0,0.683671079604335,0
INV015754,0,0.683671079604335,0
INV015755,0,1.271965036580983,0
INV015756,0,0.683671079604335,0
INV015757,0,0.5847353760623348,0
INV015758,0,1.271965036580983,0
INV015759,0,1.45309884819142,0
INV015760,0,0.9073111567867426,0
INV015761,0,0.46564384121903096,0
INV015762,0,1.271965036580983,0
INV015763,0,1.2189386038956698,0
INV015764,1,11.77105128733857,1
INV015765,0,0.3279699186775505,0
INV015766,0,2.3333525093431513,0
INV015767,0,1.2189386038956698,0
INV015768,0,0.683671079604335,0
INV015769,0,0.7659857973678974,0
INV015770,0,1.45309884819142,0
INV015771,0,0.683671079604335,0
INV015772,0,1.45309884819142,0
INV015773,0,1.271965036580983,0
INV015774,0,0.5847353760623348,0
INV015775,0,1.271965036580983,0
INV015776,0,1.45309884819142,0
INV015777,0,1.2941880026870103,0
INV015778,0,1.2189386038956698,0
INV015779,0,0.683671079604335,0
INV015780,0,1.2189386038956698,0
INV015781,0,1.2189386038956698,0
INV015782,0,0.683671079604335,0
INV015783,0,1.45309884819142,0
INV015784,0,0.5989482256722543,0
INV015785,0,1.271965036580983,0
INV015786,0,1.271965036580983,0
INV015787,0,0.683671079604335,0
INV015788,0,1.271965036580983,0
INV015789,0,1.271965036580983,0
INV015790,0,1.2189386038956698,0
INV015791,0,0.5847353760623348,0
INV015792,0,0.5847353760623348,0
INV015793,0,1.271965036580983,0
INV015794,0,1.45309884819142,0
INV015795,0,0.683671079604335,0
INV015796,0,1.271965036580983,0
INV015797,0,2.0043864008928853,0
INV015798,0,1.271965036580983,0
INV015799,0,0.44259776730242556,0
INV015800,0,1.271965036580983,0
INV015801,0,0.515707879257076,0
INV015802,0,0.9200153963688528,0
INV015803,0,0.2682884635077665,0
INV015804,0,1.271965036580983,0
INV015805,0,1.45309884819142,0
INV015806,0,1.271965036580983,0
INV015807,0,0.5847353760623348,0
INV015808,0,0.683671079604335,0
INV015809,0,1.45309884819142,0
INV015810,0,0.683671079604335,0
INV015811,0,1.6111765162724865,0
INV015812,0,1.271965036580983,0
INV015813,0,1.271965036580983,0
INV015814,0,0.683671079604335,0
INV015815,0,1.271965036580983,0
INV015816,0,1.271965036580983,0
INV015817,0,0.683671079604335,0
INV015818,0,0.5847353760623348,0
INV015819,0,1.271965036580983,0
INV015820,0,0.5847353760623348,0
INV015821,0,1.271965036580983,0
INV015822,0,1.271965036580983,0
INV015823,0,0.683671079604335,0
INV015824,0,1.45309884819142,0
INV015825,0,1.271965036580983,0
INV015826,0,0.44259776730242556,0
INV015827,0,1.2189386038956698,0
INV015828,0,0.5847353760623348,0
INV015829,0,1.45309884819142,0
INV015830,0,1.271965036580983,0
INV015831,0,0.683671079604335,0
INV015832,0,1.271965036580983,0
INV015833,0,1.271965036580983,0
INV015834,0,1.271965036580983,0
INV015835,0,1.271965036580983,0
INV015836,0,1.271965036580983,0
INV015837,0,1.45309884819142,0
INV015838,0,1.271965036580983,0
INV015839,0,0.7970163107569976,0
INV015840,0,1.45309884819142,0
INV015841,0,0.44259776730242556,0
INV015842,0,0.683671079604335,0
INV015843,0,1.2189386038956698,0
INV015844,0,1.45309884819142,0
INV015845,0,0.683671079604335,0
INV015846,0,1.45309884819142,0
INV015847,0,1.45309884819142,0
INV015848,0,0.683671079604335,0
INV015849,0,2.2439411134286584,0
INV015850,0,1.271965036580983,0
INV015851,0,0.683671079604335,0
INV015852,0,0.5847353760623348,0
INV015853,1,9.463580565729025,1
INV015854,0,0.511523807049209,0
INV015855,0,0.683671079604335,0
INV015856,0,1.45309884819142,0
INV015857,0,0.683671079604335,0
INV015858,0,1.271965036580983,0
INV015859,0,1.2189386038956698,0
INV015860,0,1.271965036580983,0
INV015861,0,1.6066930902142211,0
INV015862,0,0.683671079604335,0
INV015863,0,1.45309884819142,0
INV015864,0,1.271965036580983,0
INV015865,0,0.683671079604335,0
INV015866,0,1.271965036580983,0
INV015867,0,0.9731274008836811,0
INV015868,0,2.2285745952459832,0
INV015869,0,2.4956748668894684,0
INV015870,0,0.837921434751506,0
INV015871,0,0.9625736918360419,0
INV015872,0,1.271965036580983,0
INV015873,0,0.5847353760623348,0
INV015874,0,0.3700417326052337,0
INV015875,0,0.5847353760623348,0
INV015876,0,1.45309884819142,0
INV015877,0,1.2189386038956698,0
INV015878,0,1.45309884819142,0
INV015879,0,0.683671079604335,0
INV015880,0,0.683671079604335,0
INV015881,0,0.683671079604335,0
INV015882,0,1.271965036580983,0
INV015883,0,1.271965036580983,0
INV015884,0,0.5847353760623348,0
INV015885,0,1.271965036580983,0
INV015886,0,1.45309884819142,0
INV015887,0,0.683671079604335,0
INV015888,0,1.4643664437785262,0
INV015889,0,1.271965036580983,0
INV015890,0,1.271965036580983,0
INV015891,0,0.44259776730242556,0
INV015892,0,1.2189386038956698,0
INV015893,0,1.45309884819142,0
INV015894,0,1.45309884819142,0
INV015895,0,1.45309884819142,0
INV015896,0,1.45309884819142,0
INV015897,0,1.271965036580983,0
INV015898,0,1.271965036580983,0
INV015899,0,1.271965036580983,0
INV015900,0,0.7622337080935728,0
INV015901,0,1.45309884819142,0
INV015902,0,0.683671079604335,0
INV015903,0,1.271965036580983,0
INV015904,0,1.45309884819142,0
INV015905,0,0.683671079604335,0
INV015906,0,1.271965036580983,0
INV015907,0,1.2189386038956698,0
INV015908,0,1.45309884819142,0
INV015909,0,1.271965036580983,0
INV015910,0,1.271965036580983,0
INV015911,0,1.45309884819142,0
INV015912,0,1.271965036580983,0
INV015913,0,0.683671079604335,0
INV015914,0,0.49198385200967387,0
INV015915,0,1.2189386038956698,0
INV015916,0,1.271965036580983,0
INV015917,0,1.45309884819142,0
INV015918,0,1.271965036580983,0
INV015919,0,1.9878030734332515,0
INV015920,0,1.45309884819142,0
INV015921,0,0.5055833379030068,0
INV015922,0,0.48016891545440027,0
INV015923,0,1.2189386038956698,0
INV015924,0,1.271965036580983,0
INV015925,0,1.271965036580983,0
INV015926,0,0.5847353760623348,0
INV015927,0,1.271965036580983,0
INV015928,0,1.271965036580983,0
INV015929,0,0.522738471881479,0
INV015930,0,1.271965036580983,0
INV015931,0,1.45309884819142,0
INV015932,0,1.271965036580983,0
INV015933,0,1.0796251137995434,0
INV015934,0,1.271965036580983,0
INV015935,0,1.7441155886179975,0
INV015936,0,1.2189386038956698,0
INV015937,0,0.683671079604335,0
INV015938,0,1.45309884819142,0
INV015939,0,0.5917356610799797,0
INV015940,0,0.683671079604335,0
INV015941,0,1.757255877591388,0
INV015942,0,1.45309884819142,0
INV015943,0,1.45309884819142,0
INV015944,0,0.683671079604335,0
INV015945,0,1.271965036580983,0
INV015946,0,1.2189386038956698,0
INV015947,0,1.271965036580983,0
INV015948,0,1.271965036580983,0
INV015949,0,0.683671079604335,0
INV015950,0,1.271965036580983,0
INV015951,0,1.45309884819142,0
INV015952,0,0.3107286928445357,0
INV015953,0,0.683671079604335,0
INV015954,0,1.271965036580983,0
INV015955,0,0.41417718806584886,0
INV015956,0,1.271965036580983,0
INV015957,0,0.683671079604335,0
INV015958,0,0.683671079604335,0
INV015959,0,1.45309884819142,0
INV015960,0,0.683671079604335,0
INV015961,0,1.271965036580983,0
INV015962,0,1.271965036580983,0
INV015963,0,1.6894157887587362,0
INV015964,0,1.271965036580983,0
INV015965,0,1.313712317504477,0
INV015966,0,0.683671079604335,0
INV015967,0,1.271965036580983,0
INV015968,0,0.683671079604335,0
INV015969,1,12.607292904345124,1
INV015970,0,0.683671079604335,0
INV015971,0,1.45309884819142,0
INV015972,0,1.45309884819142,0
INV015973,0,1.45309884819142,0
INV015974,0,1.271965036580983,0
INV015975,0,0.683671079604335,0
INV015976,0,1.271965036580983,0
INV015977,0,1.271965036580983,0
INV015978,0,1.45309884819142,0
INV015979,0,1.271965036580983,0
INV015980,0,1.2189386038956698,0
INV015981,0,1.45309884819142,0
INV015982,0,1.45309884819142,0
INV015983,0,1.271965036580983,0
INV015984,0,1.271965036580983,0
INV015985,0,1.271965036580983,0
INV015986,0,1.45309884819142,0
INV015987,0,1.45309884819142,0
INV015988,0,0.5847353760623348,0
INV015989,0,1.45309884819142,0
INV015990,0,0.683671079604335,0
INV015991,0,0.44259776730242556,0
INV015992,0,1.271965036580983,0
INV015993,0,0.5306030011465949,0
INV015994,0,0.683671079604335,0
INV015995,0,0.5847353760623348,0
INV015996,0,0.683671079604335,0
INV015997,0,0.5847353760623348,0
INV015998,0,0.787819860180496,0
INV015999,0,1.271965036580983,0
INV016000,0,1.271965036580983,0
INV016001,0,1.271965036580983,0
INV016002,0,1.2189386038956698,0
INV016003,0,0.2682884635077665,0
INV016004,0,1.45309884819142,0
INV016005,0,1.271965036580983,0
INV016006,0,0.683671079604335,0
INV016007,0,1.45309884819142,0
INV016008,0,1.45309884819142,0
INV016009,0,1.2189386038956698,0
INV016010,0,0.683671079604335,0
INV016011,0,1.45309884819142,0
INV016012,0,1.2189386038956698,0
INV016013,0,1.271965036580983,0
INV016014,0,1.45309884819142,0
INV016015,0,0.683671079604335,0
INV016016,0,1.45309884819142,0
INV016017,0,1.2189386038956698,0
INV016018,0,0.683671079604335,0
INV016019,0,1.45309884819142,0
INV016020,0,0.44259776730242556,0
INV016021,0,0.683671079604335,0
INV016022,0,1.45309884819142,0
INV016023,0,1.271965036580983,0
INV016024,0,1.45309884819142,0
INV016025,0,0.683671079604335,0
INV016026,0,1.6383554685749038,0
INV016027,0,0.683671079604335,0
INV016028,0,1.2189386038956698,0
INV016029,0,1.271965036580983,0
INV016030,0,1.2189386038956698,0
INV016031,0,2.055493954547366,0
INV016032,0,1.271965036580983,0
INV016033,0,1.271965036580983,0
INV016034,0,1.271965036580983,0
INV016035,0,0.683671079604335,0
INV016036,0,1.271965036580983,0
INV016037,0,1.2189386038956698,0
INV016038,0,1.45309884819142,0
INV016039,0,0.683671079604335,0
INV016040,0,1.2189386038956698,0
INV016041,0,0.683671079604335,0
INV016042,0,1.45309884819142,0
INV016043,0,1.271965036580983,0
INV016044,0,0.5847353760623348,0
INV016045,0,1.45309884819142,0
INV016046,0,0.683671079604335,0
INV016047,0,1.271965036580983,0
INV016048,0,1.45309884819142,0
INV016049,0,1.45309884819142,0
INV016050,0,1.45309884819142,0
INV016051,0,0.49514255125870504,0
INV016052,0,0.683671079604335,0
INV016053,0,0.5847353760623348,0
INV016054,0,1.271965036580983,0
INV016055,0,1.4585920737906957,0
INV016056,0,1.45309884819142,0
INV016057,0,1.271965036580983,0
INV016058,0,0.683671079604335,0
INV016059,0,0.47128964858145544,0
INV016060,0,1.45309884819142,0
INV016061,0,1.45309884819142,0
INV016062,0,1.45309884819142,0
INV016063,0,0.5847353760623348,0
INV016064,0,0.683671079604335,0
INV016065,0,1.2189386038956698,0
INV016066,0,0.5847353760623348,0
INV016067,0,1.271965036580983,0
INV016068,0,1.45309884819142,0
INV016069,0,0.683671079604335,0
INV016070,0,1.45309884819142,0
INV016071,0,1.271965036580983,0
INV016072,0,1.2189386038956698,0
INV016073,0,1.271965036580983,0
INV016074,1,26.58813100545704,2
INV016075,0,0.2682884635077665,0
INV016076,0,1.45309884819142,0
INV016077,0,1.2189386038956698,0
INV016078,0,1.45309884819142,0
INV016079,0,0.683671079604335,0
INV016080,0,1.45309884819142,0
INV016081,0,1.45309884819142,0
INV016082,0,1.271965036580983,0
INV016083,0,1.45309884819142,0
INV016084,0,0.683671079604335,0
INV016085,0,0.683671079604335,0
INV016086,0,1.45309884819142,0
INV016087,0,0.2682884635077665,0
INV016088,0,0.683671079604335,0
INV016089,0,0.683671079604335,0
INV016090,0,0.683671079604335,0
INV016091,0,1.271965036580983,0
INV016092,0,1.271965036580983,0
INV016093,0,1.45309884819142,0
INV016094,0,0.5847353760623348,0
INV016095,0,0.46483743136915945,0
INV016096,0,0.683671079604335,0
INV016097,0,1.2189386038956698,0
INV016098,0,1.45309884819142,0
INV016099,0,1.271965036580983,0
INV016100,0,1.45309884819142,0
INV016101,0,1.0522994562141192,0
INV016102,0,0.44259776730242556,0
INV016103,0,1.2189386038956698,0
INV016104,0,0.683671079604335,0
INV016105,0,0.2682884635077665,0
INV016106,0,1.271965036580983,0
INV016107,0,0.683671079604335,0
INV016108,0,1.271965036580983,0
INV016109,0,1.45309884819142,0
INV016110,0,0.683671079604335,0
INV016111,0,1.271965036580983,0
INV016112,0,0.683671079604335,0
INV016113,0,1.271965036580983,0
INV016114,0,1.271965036580983,0
INV016115,0,0.5847353760623348,0
INV016116,0,1.45309884819142,0
INV016117,0,1.1487930574858425,0
INV016118,0,1.45309884819142,0
INV016119,0,1.45309884819142,0
INV016120,0,1.3445470153132748,0
INV016121,0,0.381368381427517,0
INV016122,0,1.271965036580983,0
INV016123,0,1.271965036580983,0
INV016124,0,0.683671079604335,0
INV016125,0,1.271965036580983,0
INV016126,0,1.5374425661553976,0
INV016127,0,0.5847353760623348,0
INV016128,0,0.5309614750364137,0
INV016129,0,1.012230458491413,0
INV016130,0,1.45309884819142,0
INV016131,0,0.8135827467767972,0
INV016132,0,1.271965036580983,0
INV016133,0,2.279001799240467,0
INV016134,0,1.45309884819142,0
INV016135,0,1.271965036580983,0
INV016136,0,0.683671079604335,0
INV016137,0,1.2189386038956698,0
INV016138,0,1.45309884819142,0
INV016139,0,0.683671079604335,0
INV016140,0,0.5847353760623348,0
INV016141,0,1.271965036580983,0
INV016142,0,0.445987210122862,0
INV016143,0,0.683671079604335,0
INV016144,0,0.27845165375654574,0
INV016145,0,1.271965036580983,0
INV016146,0,0.683671079604335,0
INV016147,0,0.5232011096502766,0
INV016148,0,1.271965036580983,0
INV016149,0,0.683671079604335,0
INV016150,0,1.45309884819142,0
INV016151,0,1.271965036580983,0
INV016152,0,1.45309884819142,0
INV016153,0,0.8641175554991152,0
INV016154,0,1.2189386038956698,0
INV016155,0,1.45309884819142,0
INV016156,0,1.45309884819142,0
INV016157,0,0.683671079604335,0
INV016158,0,1.45309884819142,0
INV016159,0,1.271965036580983,0
INV016160,0,1.45309884819142,0
INV016161,0,1.2189386038956698,0
INV016162,0,1.271965036580983,0
INV016163,0,0.683671079604335,0
INV016164,0,1.45309884819142,0
INV016165,0,1.271965036580983,0
INV016166,0,1.2189386038956698,0
INV016167,0,0.5847353760623348,0
INV016168,0,1.88057433653789,0
INV016169,0,1.271965036580983,0
INV016170,0,0.9338504240065431,0
INV016171,0,0.683671079604335,0
INV016172,0,0.41925775780270397,0
INV016173,0,0.6911945682389525,0
INV016174,0,1.2189386038956698,0
INV016175,0,1.8052247514810862,0
INV016176,0,0.683671079604335,0
INV016177,0,0.683671079604335,0
INV016178,0,0.4762829458791662,0
INV016179,0,1.271965036580983,0
INV016180,0,0.683671079604335,0
INV016181,0,1.271965036580983,0
INV016182,0,1.271965036580983,0
INV016183,0,1.271965036580983,0
INV016184,0,1.271965036580983,0
INV016185,0,2.5320968776301527,0
INV016186,0,1.2189386038956698,0
INV016187,0,1.4768032355632583,0
INV016188,0,0.9388321475399226,0
INV016189,0,0.683671079604335,0
INV016190,0,0.5847353760623348,0
INV016191,0,0.5847353760623348,0
INV016192,0,1.2189386038956698,0
INV016193,0,1.271965036580983,0
INV016194,0,0.683671079604335,0
INV016195,0,0.5847353760623348,0
INV016196,0,1.45309884819142,0
INV016197,0,0.9098964854947282,0
INV016198,0,0.683671079604335,0
INV016199,0,1.2189386038956698,0
INV016200,0,1.45309884819142,0
INV016201,0,1.271965036580983,0
INV016202,0,1.45309884819142,0
INV016203,0,1.45309884819142,0
INV016204,0,0.9377514081949632,0
INV016205,0,1.271965036580983,0
INV016206,0,0.5847353760623348,0
INV016207,0,0.5847353760623348,0
INV016208,0,1.271965036580983,0
INV016209,0,1.271965036580983,0
INV016210,0,0.4053179406771522,0
INV016211,0,1.271965036580983,0
INV016212,0,1.012587368359025,0
INV016213,0,1.45309884819142,0
INV016214,0,1.2189386038956698,0
INV016215,0,1.271965036580983,0
INV016216,0,1.45309884819142,0
INV016217,0,1.7401830111809982,0
INV016218,0,0.9490377052443085,0
INV016219,0,1.271965036580983,0
INV016220,0,0.683671079604335,0
INV016221,0,1.2189386038956698,0
INV016222,0,0.5847353760623348,0
INV016223,0,1.2189386038956698,0
INV016224,0,1.4809807388778564,0
INV016225,0,1.45309884819142,0
INV016226,0,1.45309884819142,0
INV016227,0,0.683671079604335,0
INV016228,0,1.45309884819142,0
INV016229,0,1.45309884819142,0
INV016230,0,1.271965036580983,0
INV016231,0,0.683671079604335,0
INV016232,0,1.45309884819142,0
INV016233,0,1.45309884819142,0
INV016234,0,1.45309884819142,0
INV016235,0,1.45309884819142,0
INV016236,0,1.2189386038956698,0
INV016237,0,0.5847353760623348,0
INV016238,0,1.45309884819142,0
INV016239,0,1.271965036580983,0
INV016240,0,1.45309884819142,0
INV016241,0,0.683671079604335,0
INV016242,0,1.271965036580983,0
INV016243,0,1.271965036580983,0
INV016244,0,1.9227319295156742,0
INV016245,0,1.271965036580983,0
INV016246,0,1.45309884819142,0
INV016247,0,1.45309884819142,0
INV016248,0,1.271965036580983,0
INV016249,0,1.2189386038956698,0
INV016250,0,1.271965036580983,0
INV016251,0,1.45309884819142,0
INV016252,0,1.45309884819142,0
INV016253,0,1.271965036580983,0
INV016254,0,1.271965036580983,0
INV016255,0,1.2189386038956698,0
INV016256,0,1.45309884819142,0
INV016257,0,0.9463504022884335,0
INV016258,0,1.271965036580983,0
INV016259,0,0.2682884635077665,0
INV016260,0,1.45309884819142,0
INV016261,0,1.271965036580983,0
INV016262,0,0.683671079604335,0
INV016263,0,0.683671079604335,0
INV016264,0,1.45309884819142,0
INV016265,0,1.2189386038956698,0
INV016266,0,1.271965036580983,0
INV016267,0,1.271965036580983,0
INV016268,0,1.45309884819142,0
INV016269,0,1.2189386038956698,0
INV016270,0,0.683671079604335,0
INV016271,0,1.271965036580983,0
INV016272,0,0.683671079604335,0
INV016273,0,1.45309884819142,0
INV016274,0,1.45309884819142,0
INV016275,0,1.1538038718322705,0
INV016276,0,1.45309884819142,0
INV016277,0,1.271965036580983,0
INV016278,0,1.45309884819142,0
INV016279,0,0.683671079604335,0
INV016280,0,1.417842413603552,0
INV016281,0,1.45309884819142,0
INV016282,0,0.7096178114227694,0
INV016283,0,1.45309884819142,0
INV016284,0,1.271965036580983,0
INV016285,0,1.271965036580983,0
INV016286,0,1.271965036580983,0
INV016287,0,1.45309884819142,0
INV016288,0,0.683671079604335,0
INV016289,0,1.271965036580983,0
INV016290,1,9.463580565729025,1
INV016291,0,0.41319936138210245,0
INV016292,0,1.271965036580983,0
INV016293,0,0.4908827368962075,0
INV016294,0,2.1165430589577094,0
INV016295,0,1.2189386038956698,0
INV016296,0,1.45309884819142,0
INV016297,0,0.683671079604335,0
INV016298,0,0.44259776730242556,0
INV016299,0,1.45309884819142,0
INV016300,0,1.271965036580983,0
INV016301,0,0.683671079604335,0
INV016302,0,0.683671079604335,0
INV016303,0,1.5961881786594367,0
INV016304,0,0.5847353760623348,0
INV016305,0,0.4617137662175627,0
INV016306,0,1.45309884819142,0
INV016307,0,1.271965036580983,0
INV016308,0,1.45309884819142,0
INV016309,0,1.271965036580983,0
INV016310,0,0.683671079604335,0
INV016311,0,0.683671079604335,0
INV016312,0,0.683671079604335,0
INV016313,0,1.271965036580983,0
INV016314,0,0.683671079604335,0
INV016315,0,1.45309884819142,0
INV016316,0,1.45309884819142,0
INV016317,0,1.45309884819142,0
INV016318,0,1.271965036580983,0
INV016319,0,0.5847353760623348,0
INV016320,0,0.44259776730242556,0
INV016321,0,0.683671079604335,0
INV016322,0,1.271965036580983,0
INV016323,0,1.271965036580983,0
INV016324,0,0.683671079604335,0
INV016325,0,1.45309884819142,0
INV016326,0,0.44259776730242556,0
INV016327,0,1.45309884819142,0
INV016328,0,0.683671079604335,0
INV016329,0,1.271965036580983,0
INV016330,0,1.45309884819142,0
INV016331,0,1.45309884819142,0
INV016332,0,1.271965036580983,0
INV016333,0,1.45309884819142,0
INV016334,0,1.45309884819142,0
INV016335,0,1.45309884819142,0
INV016336,0,0.683671079604335,0
INV016337,0,0.683671079604335,0
INV016338,0,0.683671079604335,0
INV016339,0,2.0807932649615455,0
INV016340,0,1.2189386038956698,0
INV016341,0,1.45309884819142,0
INV016342,0,0.683671079604335,0
INV016343,1,5.752387132284601,1
INV016344,0,1.271965036580983,0
INV016345,0,1.271965036580983,0
INV016346,0,1.45309884819142,0
INV016347,0,1.2189386038956698,0
INV016348,0,2.561028160413168,0
INV016349,0,0.5847353760623348,0
INV016350,0,0.683671079604335,0
INV016351,0,2.550473825756646,0
INV016352,0,1.271965036580983,0
INV016353,0,1.271965036580983,0
INV016354,0,1.2189386038956698,0
INV016355,0,1.8491281060461988,0
INV016356,0,0.683671079604335,0
INV016357,0,1.271965036580983,0
INV016358,0,1.271965036580983,0
INV016359,0,1.271965036580983,0
INV016360,0,0.7549650712892815,0
INV016361,0,0.4495303460303462,0
INV016362,0,1.271965036580983,0
INV016363,0,1.271965036580983,0
INV016364,0,1.271965036580983,0
INV016365,0,1.45309884819142,0
INV016366,0,1.271965036580983,0
INV016367,0,1.271965036580983,0
INV016368,0,1.2189386038956698,0
INV016369,0,1.0244545432560086,0
INV016370,0,0.683671079604335,0
INV016371,0,1.45309884819142,0
INV016372,0,1.271965036580983,0
INV016373,0,1.45309884819142,0
INV016374,0,0.912566897010769,0
INV016375,0,1.2189386038956698,0
INV016376,0,0.44259776730242556,0
INV016377,0,0.7025027615991943,0
INV016378,0,1.271965036580983,0
INV016379,0,1.271965036580983,0
INV016380,0,1.45309884819142,0
INV016381,0,1.271965036580983,0
INV016382,0,1.2189386038956698,0
INV016383,0,0.683671079604335,0
INV016384,0,0.683671079604335,0
INV016385,0,1.271965036580983,0
INV016386,0,1.45309884819142,0
INV016387,0,1.45309884819142,0
INV016388,0,0.3826183479752619,0
INV016389,0,1.45309884819142,0
INV016390,0,1.271965036580983,0
INV016391,0,1.45309884819142,0
INV016392,0,0.4798429732264848,0
INV016393,0,1.271965036580983,0
INV016394,0,0.683671079604335,0
INV016395,0,1.5658567831968155,0
INV016396,0,0.683671079604335,0
INV016397,0,1.45309884819142,0
INV016398,0,0.5847353760623348,0
INV016399,0,1.45309884819142,0
INV016400,0,0.2682884635077665,0
INV016401,0,1.45309884819142,0
INV016402,0,1.45309884819142,0
INV016403,0,1.271965036580983,0
INV016404,0,0.683671079604335,0
INV016405,0,0.683671079604335,0
INV016406,0,1.45309884819142,0
INV016407,0,1.45309884819142,0
INV016408,0,1.271965036580983,0
INV016409,0,0.5241273236011956,0
INV016410,0,1.271965036580983,0
INV016411,0,0.683671079604335,0
INV016412,0,1.45309884819142,0
INV016413,0,1.45309884819142,0
INV016414,0,1.271965036580983,0
INV016415,0,0.683671079604335,0
INV016416,0,1.45309884819142,0
INV016417,0,0.9070496522737508,0
INV016418,0,0.683671079604335,0
INV016419,0,1.2189386038956698,0
INV016420,0,1.45309884819142,0
INV016421,0,0.393608688543247,0
INV016422,0,1.2189386038956698,0
INV016423,0,1.2189386038956698,0
INV016424,0,0.4881060153499157,0
INV016425,0,0.683671079604335,0
INV016426,0,0.683671079604335,0
INV016427,0,0.683671079604335,0
INV016428,0,1.45309884819142,0
INV016429,0,1.271965036580983,0
INV016430,0,1.2189386038956698,0
INV016431,0,0.5847353760623348,0
INV016432,0,0.5847353760623348,0
INV016433,0,2.404416986357523,0
INV016434,0,1.45309884819142,0
INV016435,0,0.683671079604335,0
INV016436,0,1.2189386038956698,0
INV016437,0,1.45309884819142,0
INV016438,0,1.45309884819142,0
INV016439,0,0.683671079604335,0
INV016440,0,1.45309884819142,0
INV016441,0,1.271965036580983,0
INV016442,0,1.45309884819142,0
INV016443,0,1.2189386038956698,0
INV016444,0,1.45309884819142,0
INV016445,0,1.45309884819142,0
INV016446,0,1.45309884819142,0
INV016447,0,1.271965036580983,0
INV016448,0,0.683671079604335,0
INV016449,0,1.271965036580983,0
INV016450,0,0.5018753540549167,0
INV016451,0,0.683671079604335,0
INV016452,0,0.2682884635077665,0
INV016453,0,1.9082869332172978,0
INV016454,0,0.683671079604335,0
INV016455,0,1.271965036580983,0
INV016456,0,1.45309884819142,0
INV016457,0,1.45309884819142,0
INV016458,0,1.45309884819142,0
INV016459,0,1.2189386038956698,0
INV016460,0,0.5002569038752289,0
INV016461,0,0.683671079604335,0
INV016462,0,1.271965036580983,0
INV016463,0,1.271965036580983,0
INV016464,0,0.683671079604335,0
INV016465,0,1.2189386038956698,0
INV016466,0,1.271965036580983,0
INV016467,0,1.2189386038956698,0
INV016468,0,0.5847353760623348,0
INV016469,0,0.5847353760623348,0
INV016470,0,0.683671079604335,0
INV016471,0,0.279576811332181,0
INV016472,0,0.462895228592646,0
INV016473,0,0.683671079604335,0
INV016474,0,0.683671079604335,0
INV016475,0,1.755868277089437,0
INV016476,0,1.271965036580983,0
INV016477,0,1.271965036580983,0
INV016478,0,2.4385674112449234,0
INV016479,0,0.683671079604335,0
INV016480,0,1.271965036580983,0
INV016481,0,1.2189386038956698,0
INV016482,0,0.5847353760623348,0
INV016483,0,1.45309884819142,0
INV016484,0,1.271965036580983,0
INV016485,0,1.271965036580983,0
INV016486,0,0.44259776730242556,0
INV016487,0,1.45309884819142,0
INV016488,0,1.271965036580983,0
INV016489,0,2.0670688283485785,0
INV016490,0,0.683671079604335,0
INV016491,0,0.683671079604335,0
INV016492,0,0.683671079604335,0
INV016493,0,1.271965036580983,0
INV016494,0,1.45309884819142,0
INV016495,0,0.683671079604335,0
INV016496,0,1.2189386038956698,0
INV016497,0,1.45309884819142,0
INV016498,0,1.2189386038956698,0
INV016499,0,1.45309884819142,0
INV016500,0,1.271965036580983,0
INV016501,0,2.4992158131658626,0
INV016502,0,1.45309884819142,0
INV016503,0,0.683671079604335,0
INV016504,0,1.271965036580983,0
INV016505,0,0.5847353760623348,0
INV016506,0,0.4866008003780066,0
INV016507,0,0.683671079604335,0
INV016508,0,1.45309884819142,0
INV016509,0,1.271965036580983,0
INV016510,0,0.683671079604335,0
INV016511,0,0.44259776730242556,0
INV016512,0,2.101130871326594,0
INV016513,0,1.2189386038956698,0
INV016514,0,0.683671079604335,0
INV016515,0,0.683671079604335,0
INV016516,0,1.271965036580983,0
INV016517,0,1.00470938850293,0
INV016518,0,1.45309884819142,0
INV016519,0,1.2189386038956698,0
INV016520,0,0.5847353760623348,0
INV016521,0,1.271965036580983,0
INV016522,0,1.271965036580983,0
INV016523,0,1.271965036580983,0
INV016524,0,1.45309884819142,0
INV016525,0,1.45309884819142,0
INV016526,0,1.2189386038956698,0
INV016527,0,1.422777529275166,0
INV016528,0,0.5847353760623348,0
INV016529,0,0.683671079604335,0
INV016530,0,0.5847353760623348,0
INV016531,0,1.45309884819142,0
INV016532,0,1.271965036580983,0
INV016533,0,1.45309884819142,0
INV016534,1,10.10084354071868,1
INV016535,0,1.45309884819142,0
INV016536,0,1.2189386038956698,0
INV016537,0,1.271965036580983,0
INV016538,0,1.271965036580983,0
INV016539,0,0.627830398157973,0
INV016540,0,0.683671079604335,0
INV016541,0,0.44259776730242556,0
INV016542,0,1.99449208360767,0
INV016543,0,1.2189386038956698,0
INV016544,0,0.683671079604335,0
INV016545,0,1.45309884819142,0
INV016546,0,1.2189386038956698,0
INV016547,0,0.683671079604335,0
INV016548,0,1.271965036580983,0
INV016549,0,0.517352292205398,0
INV016550,0,1.271965036580983,0
INV016551,0,1.271965036580983,0
INV016552,0,0.683671079604335,0
INV016553,0,0.2682884635077665,0
INV016554,0,1.271965036580983,0
INV016555,0,1.271965036580983,0
INV016556,0,0.5005931686497098,0
INV016557,0,1.271965036580983,0
INV016558,0,1.271965036580983,0
INV016559,0,0.44259776730242556,0
INV016560,0,0.44259776730242556,0
INV016561,0,1.7121572972557713,0
INV016562,0,1.45309884819142,0
INV016563,0,1.45309884819142,0
INV016564,0,1.45309884819142,0
INV016565,0,1.45309884819142,0
INV016566,0,1.45309884819142,0
INV016567,0,1.271965036580983,0
INV016568,0,1.45309884819142,0
INV016569,0,1.271965036580983,0
INV016570,0,0.683671079604335,0
INV016571,0,1.271965036580983,0
INV016572,0,0.5847353760623348,0
INV016573,0,1.271965036580983,0
INV016574,0,1.45309884819142,0
INV016575,0,1.45309884819142,0
INV016576,0,1.271965036580983,0
INV016577,0,1.45309884819142,0
INV016578,0,0.683671079604335,0
INV016579,0,0.5847353760623348,0
INV016580,0,1.45309884819142,0
INV016581,0,1.0348543525184901,0
INV016582,0,1.45309884819142,0
INV016583,0,1.45309884819142,0
INV016584,0,1.271965036580983,0
INV016585,0,1.45309884819142,0
INV016586,0,1.45309884819142,0
INV016587,0,0.9409101074439942,0
INV016588,0,1.45309884819142,0
INV016589,0,0.5847353760623348,0
INV016590,0,0.5847353760623348,0
INV016591,1,11.36619024922903,1
INV016592,0,0.5847353760623348,0
INV016593,0,1.271965036580983,0
INV016594,0,1.45309884819142,0
INV016595,0,1.271965036580983,0
INV016596,0,1.271965036580983,0
INV016597,0,0.683671079604335,0
INV016598,0,1.271965036580983,0
INV016599,0,1.2189386038956698,0
INV016600,0,1.45309884819142,0
INV016601,0,0.5847353760623348,0
INV016602,0,1.271965036580983,0
INV016603,0,1.45309884819142,0
INV016604,0,0.683671079604335,0
INV016605,0,1.2189386038956698,0
INV016606,0,1.45309884819142,0
INV016607,0,1.271965036580983,0
INV016608,0,0.5847353760623348,0
INV016609,0,0.683671079604335,0
INV016610,1,30.485586509585573,6
INV016611,0,0.683671079604335,0
INV016612,0,0.683671079604335,0
INV016613,0,0.44259776730242556,0
INV016614,0,0.683671079604335,0
INV016615,0,0.5847353760623348,0
INV016616,0,1.271965036580983,0
INV016617,0,1.45309884819142,0
INV016618,0,1.45309884819142,0
INV016619,0,0.683671079604335,0
INV016620,0,1.45309884819142,0
INV016621,0,2.469750573201416,0
INV016622,0,1.45309884819142,0
INV016623,0,1.2189386038956698,0
INV016624,0,1.271965036580983,0
INV016625,0,0.683671079604335,0
INV016626,0,0.683671079604335,0
INV016627,0,1.271965036580983,0
INV016628,0,1.2189386038956698,0
INV016629,0,1.45309884819142,0
INV016630,0,0.9812940992391675,0
INV016631,0,0.5847353760623348,0
INV016632,0,1.271965036580983,0
INV016633,0,0.2737680328557988,0
INV016634,0,1.45309884819142,0
INV016635,0,0.4768657005534527,0
INV016636,0,1.271965036580983,0
INV016637,0,0.7170365943589223,0
INV016638,0,1.271965036580983,0
INV016639,0,0.5847353760623348,0
INV016640,0,1.45309884819142,0
INV016641,0,1.271965036580983,0
INV016642,0,1.45309884819142,0
INV016643,0,1.271965036580983,0
INV016644,0,0.5017370944918278,0
INV016645,0,0.683671079604335,0
INV016646,0,0.683671079604335,0
INV016647,1,10.731987021395694,1
INV016648,0,1.271965036580983,0
INV016649,0,0.683671079604335,0
INV016650,0,0.4864903804102004,0
INV016651,0,0.683671079604335,0
INV016652,0,1.45309884819142,0
INV016653,0,1.271965036580983,0
INV016654,0,0.683671079604335,0
INV016655,0,1.45309884819142,0
INV016656,0,0.5847353760623348,0
INV016657,0,1.271965036580983,0
INV016658,0,1.45309884819142,0
INV016659,0,1.271965036580983,0
INV016660,0,1.271965036580983,0
INV016661,0,1.45309884819142,0
INV016662,0,1.45309884819142,0
INV016663,0,1.45309884819142,0
INV016664,0,1.45309884819142,0
INV016665,0,1.271965036580983,0
INV016666,0,1.2189386038956698,0
INV016667,0,1.8901402091596584,0
INV016668,0,1.271965036580983,0
INV016669,0,0.5169312574273037,0
INV016670,0,1.45309884819142,0
INV016671,0,1.45309884819142,0
INV016672,0,0.5847353760623348,0
INV016673,0,0.683671079604335,0
INV016674,0,0.683671079604335,0
INV016675,0,0.683671079604335,0
INV016676,0,1.45309884819142,0
INV016677,0,1.45309884819142,0
INV016678,0,0.683671079604335,0
INV016679,0,0.683671079604335,0
INV016680,0,1.2189386038956698,0
INV016681,0,0.683671079604335,0
INV016682,0,1.45309884819142,0
INV016683,0,1.2189386038956698,0
INV016684,0,0.683671079604335,0
INV016685,0,1.271965036580983,0
INV016686,0,0.683671079604335,0
INV016687,0,1.271965036580983,0
INV016688,0,0.683671079604335,0
INV016689,0,0.683671079604335,0
INV016690,0,1.271965036580983,0
INV016691,0,0.5847353760623348,0
INV016692,0,0.683671079604335,0
INV016693,0,1.45309884819142,0
INV016694,0,1.271965036580983,0
INV016695,0,1.271965036580983,0
INV016696,0,0.683671079604335,0
INV016697,0,0.5165515128354713,0
INV016698,0,0.45649087045988074,0
INV016699,0,1.45309884819142,0
INV016700,0,0.683671079604335,0
INV016701,0,0.683671079604335,0
INV016702,0,1.271965036580983,0
INV016703,0,0.2682884635077665,0
INV016704,0,1.271965036580983,0
INV016705,0,0.683671079604335,0
INV016706,0,0.683671079604335,0
INV016707,0,1.45309884819142,0
INV016708,0,0.683671079604335,0
INV016709,0,1.45309884819142,0
INV016710,0,1.2189386038956698,0
INV016711,0,1.2189386038956698,0
INV016712,0,0.5847353760623348,0
INV016713,0,0.683671079604335,0
INV016714,0,2.427940505958002,0
INV016715,0,1.45309884819142,0
INV016716,0,0.683671079604335,0
INV016717,0,1.45309884819142,0
INV016718,0,0.683671079604335,0
INV016719,1,19.584971956171604,3
INV016720,0,1.2189386038956698,0
INV016721,0,1.45309884819142,0
INV016722,0,1.45309884819142,0
INV016723,0,2.2150107690589675,0
INV016724,0,1.271965036580983,0
INV016725,0,1.45309884819142,0
INV016726,0,1.45309884819142,0
INV016727,0,1.45309884819142,0
INV016728,0,1.45309884819142,0
INV016729,0,1.271965036580983,0
INV016730,0,1.271965036580983,0
INV016731,0,0.47518719192102044,0
INV016732,0,0.5847353760623348,0
INV016733,0,1.271965036580983,0
INV016734,0,0.41819042556890634,0
INV016735,0,1.271965036580983,0
INV016736,0,0.683671079604335,0
INV016737,0,2.5492141622712183,0
INV016738,0,1.271965036580983,0
INV016739,0,1.2189386038956698,0
INV016740,0,0.683671079604335,0
INV016741,0,1.2189386038956698,0
INV016742,0,0.683671079604335,0
INV016743,0,0.683671079604335,0
INV016744,0,1.271965036580983,0
INV016745,0,1.45309884819142,0
INV016746,0,0.683671079604335,0
INV016747,0,0.5847353760623348,0
INV016748,0,1.271965036580983,0
INV016749,0,0.683671079604335,0
INV016750,0,2.1170401052150587,0
INV016751,0,1.271965036580983,0
INV016752,0,1.45309884819142,0
INV016753,0,1.7163413694636385,0
INV016754,0,0.683671079604335,0
INV016755,0,0.512705895033175,0
INV016756,0,0.683671079604335,0
INV016757,0,0.683671079604335,0
INV016758,0,1.45309884819142,0
INV016759,0,1.45309884819142,0
INV016760,0,1.2189386038956698,0
INV016761,0,1.45309884819142,0
INV016762,0,0.5847353760623348,0
INV016763,1,20.573774267991226,3
INV016764,0,1.271965036580983,0
INV016765,0,1.45309884819142,0
INV016766,0,1.271965036580983,0
INV016767,0,0.683671079604335,0
INV016768,0,1.2189386038956698,0
INV016769,0,0.5847353760623348,0
INV016770,0,0.5847353760623348,0
INV016771,0,1.45309884819142,0
INV016772,0,0.683671079604335,0
INV016773,0,1.45309884819142,0
INV016774,0,1.9111220633418424,0
INV016775,0,1.271965036580983,0
INV016776,0,0.5177185862062512,0
INV016777,0,0.683671079604335,0
INV016778,0,1.4890833123228606,0
INV016779,0,1.45309884819142,0
INV016780,0,0.44259776730242556,0
INV016781,0,0.683671079604335,0
INV016782,0,1.45309884819142,0
INV016783,0,1.744869760126159,0
INV016784,0,0.5847353760623348,0
INV016785,0,0.9789283592490288,0
INV016786,0,1.45309884819142,0
INV016787,0,1.45309884819142,0
INV016788,0,2.0804876550223197,0
INV016789,0,0.683671079604335,0
INV016790,0,1.271965036580983,0
INV016791,0,1.45309884819142,0
INV016792,0,1.45309884819142,0
INV016793,0,1.271965036580983,0
INV016794,0,0.683671079604335,0
INV016795,0,1.45309884819142,0
INV016796,0,0.5847353760623348,0
INV016797,0,0.683671079604335,0
INV016798,0,0.45035364732005206,0
INV016799,0,1.271965036580983,0
INV016800,0,1.45309884819142,0
INV016801,0,1.45309884819142,0
INV016802,0,1.2189386038956698,0
INV016803,0,0.683671079604335,0
INV016804,0,1.271965036580983,0
INV016805,0,1.2189386038956698,0
INV016806,0,1.271965036580983,0
INV016807,0,1.2940744546747907,0
INV016808,0,0.683671079604335,0
INV016809,0,0.683671079604335,0
INV016810,0,1.45309884819142,0
INV016811,0,1.45309884819142,0
INV016812,0,0.5847353760623348,0
INV016813,0,1.2189386038956698,0
INV016814,0,1.2189386038956698,0
INV016815,0,1.271965036580983,0
INV016816,0,1.45309884819142,0
INV016817,0,0.683671079604335,0
INV016818,0,1.2189386038956698,0
INV016819,0,1.45309884819142,0
INV016820,0,1.45309884819142,0
INV016821,0,1.2080478648589057,0
INV016822,0,1.271965036580983,0
INV016823,0,1.45309884819142,0
INV016824,0,1.271965036580983,0
INV016825,0,1.271965036580983,0
INV016826,0,1.271965036580983,0
INV016827,0,1.45309884819142,0
INV016828,0,0.683671079604335,0
INV016829,1,19.071952588469255,1
INV016830,0,0.683671079604335,0
INV016831,0,1.45309884819142,0
INV016832,0,1.2189386038956698,0
INV016833,0,1.2189386038956698,0
INV016834,1,19.247165117746817,4
INV016835,0,0.683671079604335,0
INV016836,0,0.683671079604335,0
INV016837,0,0.683671079604335,0
INV016838,0,0.683671079604335,0
INV016839,0,1.45309884819142,0
INV016840,0,1.45309884819142,0
INV016841,0,0.5847353760623348,0
INV016842,0,0.5037534319209478,0
INV016843,0,1.45309884819142,0
INV016844,0,0.683671079604335,0
INV016845,0,1.271965036580983,0
INV016846,0,1.2189386038956698,0
INV016847,1,11.860933039370568,1
INV016848,0,0.46707210629836116,0
INV016849,0,1.271965036580983,0
INV016850,0,1.45309884819142,0
INV016851,0,2.4062569020817066,0
INV016852,0,1.45309884819142,0
INV016853,0,1.2189386038956698,0
INV016854,0,0.4501844201172668,0
INV016855,1,12.767949692163445,1
INV016856,0,1.45309884819142,0
INV016857,0,0.683671079604335,0
INV016858,0,0.683671079604335,0
INV016859,0,0.683671079604335,0
INV016860,0,1.271965036580983,0
INV016861,0,0.5847353760623348,0
INV016862,0,0.683671079604335,0
INV016863,0,0.683671079604335,0
INV016864,0,0.4582672868824642,0
INV016865,0,1.3347859527200863,0
INV016866,0,2.486432434060084,0
INV016867,0,0.5847353760623348,0
INV016868,0,1.45309884819142,0
INV016869,0,1.2189386038956698,0
INV016870,0,2.4932306129845436,0
INV016871,0,1.271965036580983,0
INV016872,0,1.2189386038956698,0
INV016873,0,1.271965036580983,0
INV016874,0,1.45309884819142,0
INV016875,0,1.45309884819142,0
INV016876,0,0.5847353760623348,0
INV016877,0,0.4918990820060606,0
INV016878,0,1.271965036580983,0
INV016879,0,0.5847353760623348,0
INV016880,0,0.5174067201781977,0
INV016881,0,0.683671079604335,0
INV016882,0,1.271965036580983,0
INV016883,0,1.45309884819142,0
INV016884,0,0.683671079604335,0
INV016885,0,1.2189386038956698,0
INV016886,0,1.271965036580983,0
INV016887,0,2.292951626108143,0
INV016888,0,1.271965036580983,0
INV016889,0,1.5093029914135094,0
INV016890,0,1.45309884819142,0
INV016891,0,1.2189386038956698,0
INV016892,0,0.683671079604335,0
INV016893,0,0.46388932110734393,0
INV016894,0,1.271965036580983,0
INV016895,1,3.5153125562926117,1
INV016896,0,0.683671079604335,0
INV016897,0,0.683671079604335,0
INV016898,0,1.271965036580983,0
INV016899,0,1.45309884819142,0
INV016900,0,1.271965036580983,0
INV016901,0,1.2189386038956698,0
INV016902,0,1.45309884819142,0
INV016903,0,1.271965036580983,0
INV016904,0,1.45309884819142,0
INV016905,0,1.2189386038956698,0
INV016906,0,0.44259776730242556,0
INV016907,0,1.45309884819142,0
INV016908,0,1.45309884819142,0
INV016909,0,0.28127779840457523,0
INV016910,0,0.683671079604335,0
INV016911,0,1.5933967118245829,0
INV016912,0,1.45309884819142,0
INV016913,0,1.271965036580983,0
INV016914,0,1.45309884819142,0
INV016915,0,0.5075105260663343,0
INV016916,0,0.683671079604335,0
INV016917,0,0.9493257981348173,0
INV016918,0,0.683671079604335,0
INV016919,0,0.5847353760623348,0
INV016920,0,1.271965036580983,0
INV016921,0,0.683671079604335,0
INV016922,0,1.271965036580983,0
INV016923,0,0.683671079604335,0
INV016924,0,1.45309884819142,0
INV016925,0,1.271965036580983,0
INV016926,0,1.271965036580983,0
INV016927,0,1.45309884819142,0
INV016928,0,0.683671079604335,0
INV016929,0,1.45309884819142,0
INV016930,0,1.271965036580983,0
INV016931,0,0.5258480608332139,0
INV016932,0,1.271965036580983,0
INV016933,0,1.2189386038956698,0
INV016934,0,0.5847353760623348,0
INV016935,0,1.5097765773377552,0
INV016936,0,1.6515633233076321,0
INV016937,0,1.45309884819142,0
INV016938,0,1.45309884819142,0
INV016939,0,1.45309884819142,0
INV016940,0,1.45309884819142,0
INV016941,0,0.5847353760623348,0
INV016942,0,1.271965036580983,0
INV016943,0,1.2189386038956698,0
INV016944,0,1.271965036580983,0
INV016945,0,1.271965036580983,0
INV016946,0,0.683671079604335,0
INV016947,0,1.2189386038956698,0
INV016948,0,0.683671079604335,0
INV016949,0,0.683671079604335,0
INV016950,0,0.5847353760623348,0
INV016951,0,1.0284431126880145,0
INV016952,0,1.45309884819142,0
INV016953,0,0.5847353760623348,0
INV016954,0,1.45309884819142,0
INV016955,0,1.490317013039654,0
INV016956,0,1.271965036580983,0
INV016957,0,0.3043318420183636,0
INV016958,0,1.45309884819142,0
INV016959,0,1.45309884819142,0
INV016960,0,1.271965036580983,0
INV016961,0,1.2189386038956698,0
INV016962,0,1.271965036580983,0
INV016963,0,2.575957065182356,0
INV016964,0,1.45309884819142,0
INV016965,0,1.45309884819142,0
INV016966,0,0.5847353760623348,0
INV016967,0,1.271965036580983,0
INV016968,0,1.271965036580983,0
INV016969,0,0.5847353760623348,0
INV016970,0,2.3879675440123393,0
INV016971,0,1.271965036580983,0
INV016972,0,1.271965036580983,0
INV016973,0,1.45309884819142,0
INV016974,0,0.683671079604335,0
INV016975,0,1.271965036580983,0
INV016976,0,1.271965036580983,0
INV016977,0,0.683671079604335,0
INV016978,0,1.45309884819142,0
INV016979,0,1.45309884819142,0
INV016980,0,1.271965036580983,0
INV016981,0,1.45309884819142,0
INV016982,0,0.683671079604335,0
INV016983,0,1.271965036580983,0
INV016984,0,1.925765194183713,0
INV016985,0,0.5847353760623348,0
INV016986,0,1.45309884819142,0
INV016987,0,1.2189386038956698,0
INV016988,0,1.2189386038956698,0
INV016989,0,0.683671079604335,0
INV016990,0,1.271965036580983,0
INV016991,0,0.683671079604335,0
INV016992,0,0.5847353760623348,0
INV016993,0,0.5847353760623348,0
INV016994,0,1.2189386038956698,0
INV016995,0,0.5847353760623348,0
INV016996,0,0.683671079604335,0
INV016997,0,1.45309884819142,0
INV016998,0,0.5847353760623348,0
INV016999,0,1.271965036580983,0
INV017000,0,1.45309884819142,0
INV017001,0,0.8807556237359903,0
INV017002,0,1.2189386038956698,0
INV017003,0,1.271965036580983,0
INV017004,0,0.683671079604335,0
INV017005,0,1.45309884819142,0
INV017006,0,0.594040636791481,0
INV017007,0,0.5847353760623348,0
INV017008,0,1.45309884819142,0
INV017009,0,0.31996857975857174,0
INV017010,0,1.45309884819142,0
INV017011,0,0.44259776730242556,0
INV017012,0,1.2189386038956698,0
INV017013,0,0.5222870950725711,0
INV017014,0,0.683671079604335,0
INV017015,0,1.45309884819142,0
INV017016,0,0.5847353760623348,0
INV017017,0,1.271965036580983,0
INV017018,0,0.5847353760623348,0
INV017019,0,1.45309884819142,0
INV017020,0,1.45309884819142,0
INV017021,0,1.45309884819142,0
INV017022,0,0.683671079604335,0
INV017023,0,1.271965036580983,0
INV017024,0,0.48418188363283354,0
INV017025,0,0.44259776730242556,0
INV017026,0,0.5847353760623348,0
INV017027,0,0.683671079604335,0
INV017028,0,0.5847353760623348,0
INV017029,0,1.271965036580983,0
INV017030,0,0.5847353760623348,0
INV017031,0,0.683671079604335,0
INV017032,0,1.271965036580983,0
INV017033,0,0.7135841717394376,0
INV017034,0,0.683671079604335,0
INV017035,0,0.683671079604335,0
INV017036,0,1.271965036580983,0
INV017037,0,1.271965036580983,0
INV017038,0,0.2682884635077665,0
INV017039,0,1.45309884819142,0
INV017040,0,1.2189386038956698,0
INV017041,0,0.683671079604335,0
INV017042,0,0.683671079604335,0
INV017043,0,0.683671079604335,0
INV017044,0,1.271965036580983,0
INV017045,0,1.2189386038956698,0
INV017046,0,1.271965036580983,0
INV017047,0,0.683671079604335,0
INV017048,0,0.44259776730242556,0
INV017049,0,2.051430937658312,0
INV017050,0,0.683671079604335,0
INV017051,0,1.45309884819142,0
INV017052,0,0.683671079604335,0
INV017053,0,1.271965036580983,0
INV017054,0,1.45309884819142,0
INV017055,0,0.683671079604335,0
INV017056,0,0.683671079604335,0
INV017057,0,1.271965036580983,0
INV017058,0,1.45309884819142,0
INV017059,0,1.45309884819142,0
INV017060,0,1.271965036580983,0
INV017061,0,0.683671079604335,0
INV017062,0,0.683671079604335,0
INV017063,0,1.271965036580983,0
INV017064,0,0.5847353760623348,0
INV017065,0,0.683671079604335,0
INV017066,0,0.683671079604335,0
INV017067,0,1.45309884819142,0
INV017068,0,1.45309884819142,0
INV017069,0,1.271965036580983,0
INV017070,0,0.683671079604335,0
INV017071,0,1.45309884819142,0
INV017072,0,1.271965036580983,0
INV017073,0,1.271965036580983,0
INV017074,0,1.45309884819142,0
INV017075,0,0.5847353760623348,0
INV017076,0,0.3088280930587253,0
INV017077,0,1.271965036580983,0
INV017078,0,0.683671079604335,0
INV017079,0,1.271965036580983,0
INV017080,0,1.45309884819142,0
INV017081,0,1.2189386038956698,0
INV017082,0,1.271965036580983,0
INV017083,0,1.271965036580983,0
INV017084,0,1.45309884819142,0
INV017085,0,1.45309884819142,0
INV017086,0,0.683671079604335,0
INV017087,0,1.271965036580983,0
INV017088,0,1.271965036580983,0
INV017089,0,0.2682884635077665,0
INV017090,0,0.5847353760623348,0
INV017091,0,0.683671079604335,0
INV017092,1,10.731987021395694,1
INV017093,0,1.271965036580983,0
INV017094,0,1.271965036580983,0
INV017095,0,0.683671079604335,0
INV017096,0,0.4962154704926302,0
INV017097,0,1.2189386038956698,0
INV017098,0,1.2189386038956698,0
INV017099,0,1.45309884819142,0
INV017100,0,1.271965036580983,0
INV017101,0,1.271965036580983,0
INV017102,0,1.271965036580983,0
INV017103,0,1.271965036580983,0
INV017104,0,1.45309884819142,0
INV017105,0,0.683671079604335,0
INV017106,0,0.5136417624419596,0
INV017107,0,2.3532271651349603,0
INV017108,0,1.271965036580983,0
INV017109,0,1.271965036580983,0
INV017110,0,0.5847353760623348,0
INV017111,0,1.45309884819142,0
INV017112,0,0.8649981000015933,0
INV017113,0,0.5847353760623348,0
INV017114,0,0.5847353760623348,0
INV017115,0,1.271965036580983,0
INV017116,0,0.4814836325215104,0
INV017117,0,1.45309884819142,0
INV017118,0,0.683671079604335,0
INV017119,0,1.45309884819142,0
INV017120,0,1.2189386038956698,0
INV017121,0,1.271965036580983,0
INV017122,0,1.6029669637085306,0
INV017123,0,0.683671079604335,0
INV017124,0,0.683671079604335,0
INV017125,0,0.2682884635077665,0
INV017126,0,1.45309884819142,0
INV017127,0,1.271965036580983,0
INV017128,0,0.5847353760623348,0
INV017129,0,2.0839131764598458,0
INV017130,0,1.45309884819142,0
INV017131,0,1.271965036580983,0
INV017132,0,0.45174875512859625,0
INV017133,0,1.271965036580983,0
INV017134,0,0.683671079604335,0
INV017135,0,1.45309884819142,0
INV017136,0,1.330284384004221,0
INV017137,0,1.271965036580983,0
INV017138,0,1.45309884819142,0
INV017139,0,0.5847353760623348,0
INV017140,0,0.5847353760623348,0
INV017141,0,1.7356801912473676,0
INV017142,0,1.2189386038956698,0
INV017143,0,1.45309884819142,0
INV017144,0,0.6079548039528397,0
INV017145,0,1.45309884819142,0
INV017146,0,1.45309884819142,0
INV017147,0,0.683671079604335,0
INV017148,0,0.5847353760623348,0
INV017149,0,1.45309884819142,0
INV017150,0,0.683671079604335,0
INV017151,0,1.271965036580983,0
INV017152,0,0.683671079604335,0
INV017153,0,1.271965036580983,0
INV017154,0,1.45309884819142,0
INV017155,0,1.271965036580983,0
INV017156,0,1.2189386038956698,0
INV017157,0,0.5847353760623348,0
INV017158,0,1.45309884819142,0
INV017159,0,1.45309884819142,0
INV017160,0,1.2189386038956698,0
INV017161,0,2.3416277508397956,0
INV017162,0,0.6447706354852187,0
INV017163,0,2.188573476087056,0
INV017164,0,1.45309884819142,0
INV017165,0,1.2189386038956698,0
INV017166,0,0.5847353760623348,0
INV017167,0,1.45309884819142,0
INV017168,0,1.271965036580983,0
INV017169,0,0.683671079604335,0
INV017170,0,0.683671079604335,0
INV017171,0,1.45309884819142,0
INV017172,0,1.2189386038956698,0
INV017173,0,0.4145159552758608,0
INV017174,0,1.45309884819142,0
INV017175,0,0.683671079604335,0
INV017176,0,0.683671079604335,0
INV017177,0,1.271965036580983,0
INV017178,0,1.45309884819142,0
INV017179,0,1.271965036580983,0
INV017180,0,0.683671079604335,0
INV017181,0,1.271965036580983,0
INV017182,0,1.45309884819142,0
INV017183,0,1.45309884819142,0
INV017184,0,0.683671079604335,0
INV017185,0,1.45309884819142,0
INV017186,0,1.45309884819142,0
INV017187,0,2.5263509728464872,0
INV017188,0,1.271965036580983,0
INV017189,1,28.920266727263144,2
INV017190,0,0.683671079604335,0
INV017191,0,1.271965036580983,0
INV017192,0,0.9594456474222659,0
INV017193,0,2.166324008976308,0
INV017194,0,0.47719754258593716,0
INV017195,0,1.45309884819142,0
INV017196,0,1.45309884819142,0
INV017197,0,1.45309884819142,0
INV017198,0,1.271965036580983,0
INV017199,0,1.2189386038956698,0
INV017200,0,1.5438322224794179,0
INV017201,0,1.45309884819142,0
INV017202,0,1.271965036580983,0
INV017203,0,1.271965036580983,0
INV017204,0,1.45309884819142,0
INV017205,0,0.5847353760623348,0
INV017206,0,0.683671079604335,0
INV017207,0,0.683671079604335,0
INV017208,0,1.271965036580983,0
INV017209,0,0.683671079604335,0
INV017210,0,0.44259776730242556,0
INV017211,0,0.5847353760623348,0
INV017212,0,1.271965036580983,0
INV017213,0,1.271965036580983,0
INV017214,0,1.45309884819142,0
INV017215,0,1.2189386038956698,0
INV017216,0,0.5230856848114082,0
INV017217,0,0.683671079604335,0
INV017218,0,1.45309884819142,0
INV017219,0,1.45309884819142,0
INV017220,0,1.45309884819142,0
INV017221,0,1.271965036580983,0
INV017222,0,0.9566451092586119,0
INV017223,0,1.2189386038956698,0
INV017224,0,0.4459230852123796,0
INV017225,0,1.2189386038956698,0
INV017226,0,2.56387155278529,0
INV017227,0,1.45309884819142,0
INV017228,0,0.683671079604335,0
INV017229,0,1.9248180223352216,0
INV017230,1,7.942543748254145,1
INV017231,0,1.45309884819142,0
INV017232,0,0.5847353760623348,0
INV017233,0,1.271965036580983,0
INV017234,0,0.683671079604335,0
INV017235,0,1.271965036580983,0
INV017236,0,1.271965036580983,0
INV017237,0,2.5370879852967736,0
INV017238,0,0.2682884635077665,0
INV017239,0,1.271965036580983,0
INV017240,0,1.45309884819142,0
INV017241,0,0.5847353760623348,0
INV017242,0,1.45309884819142,0
INV017243,0,1.2189386038956698,0
INV017244,0,0.683671079604335,0
INV017245,0,1.271965036580983,0
INV017246,0,0.683671079604335,0
INV017247,0,0.5235577067134469,0
INV017248,0,1.2189386038956698,0
INV017249,0,1.45309884819142,0
INV017250,0,1.2189386038956698,0
INV017251,0,1.45309884819142,0
INV017252,0,1.2189386038956698,0
INV017253,0,1.271965036580983,0
INV017254,0,1.45309884819142,0
INV017255,0,1.45309884819142,0
INV017256,0,0.683671079604335,0
INV017257,0,1.271965036580983,0
INV017258,0,0.5847353760623348,0
INV017259,0,1.45309884819142,0
INV017260,0,0.5847353760623348,0
INV017261,0,0.683671079604335,0
INV017262,0,1.45309884819142,0
INV017263,0,0.683671079604335,0
INV017264,0,0.683671079604335,0
INV017265,0,1.45309884819142,0
INV017266,0,1.271965036580983,0
INV017267,0,1.271965036580983,0
INV017268,0,1.3758831386416008,0
INV017269,0,0.9336740023016058,0
INV017270,0,0.683671079604335,0
INV017271,0,1.45309884819142,0
INV017272,0,1.271965036580983,0
INV017273,0,0.683671079604335,0
INV017274,0,1.271965036580983,0
INV017275,0,0.5847353760623348,0
INV017276,0,1.271965036580983,0
INV017277,0,1.271965036580983,0
INV017278,0,1.45309884819142,0
INV017279,0,1.271965036580983,0
INV017280,0,1.271965036580983,0
INV017281,0,1.45309884819142,0
INV017282,0,1.8520662781640584,0
INV017283,0,1.991096591396516,0
INV017284,0,1.45309884819142,0
INV017285,0,0.683671079604335,0
INV017286,0,0.5847353760623348,0
INV017287,0,2.327979467453608,0
INV017288,0,1.271965036580983,0
INV017289,0,0.683671079604335,0
INV017290,0,0.683671079604335,0
INV017291,0,0.5847353760623348,0
INV017292,0,0.5847353760623348,0
INV017293,0,0.683671079604335,0
INV017294,0,2.4545930083855816,0
INV017295,0,0.5847353760623348,0
INV017296,0,0.683671079604335,0
INV017297,0,1.271965036580983,0
INV017298,0,1.2189386038956698,0
INV017299,0,0.683671079604335,0
INV017300,0,1.45309884819142,0
INV017301,0,1.5512569486999568,0
INV017302,0,0.5046949732894944,0
INV017303,0,0.683671079604335,0
INV017304,0,1.45309884819142,0
INV017305,0,1.2189386038956698,0
INV017306,0,1.2189386038956698,0
INV017307,0,1.2189386038956698,0
INV017308,0,0.6096902429936026,0
INV017309,0,0.683671079604335,0
INV017310,0,0.683671079604335,0
INV017311,0,0.5847353760623348,0
INV017312,0,0.683671079604335,0
INV017313,1,8.195174110062354,1
INV017314,0,0.4420737137567868,0
INV017315,0,1.9250698299105307,0
INV017316,0,0.3308688761272572,0
INV017317,0,1.271965036580983,0
INV017318,1,13.015742891427237,1
INV017319,0,0.5847353760623348,0
INV017320,0,0.683671079604335,0
INV017321,0,1.2189386038956698,0
INV017322,0,1.45309884819142,0
INV017323,0,0.683671079604335,0
INV017324,0,1.45309884819142,0
INV017325,0,1.45309884819142,0
INV017326,0,0.683671079604335,0
INV017327,0,2.4491552159766727,0
INV017328,0,0.7555112278439268,0
INV017329,0,1.271965036580983,0
INV017330,0,0.683671079604335,0
INV017331,0,1.2189386038956698,0
INV017332,0,0.5847353760623348,0
INV017333,0,0.683671079604335,0
INV017334,0,0.5847353760623348,0
INV017335,0,0.683671079604335,0
INV017336,0,1.45309884819142,0
INV017337,0,0.5847353760623348,0
INV017338,0,1.45309884819142,0
INV017339,0,0.683671079604335,0
INV017340,0,1.271965036580983,0
INV017341,0,0.5259018631971308,0
INV017342,0,1.45309884819142,0
INV017343,0,1.45309884819142,0
INV017344,0,1.45309884819142,0
INV017345,0,1.45309884819142,0
INV017346,0,2.1849493238292546,0
INV017347,0,0.2682884635077665,0
INV017348,0,1.45309884819142,0
INV017349,0,1.45309884819142,0
INV017350,0,0.683671079604335,0
INV017351,0,0.683671079604335,0
INV017352,0,1.2189386038956698,0
INV017353,0,2.4655336565272044,0
INV017354,0,0.683671079604335,0
INV017355,0,1.45309884819142,0
INV017356,0,2.0401630960710078,0
INV017357,0,0.683671079604335,0
INV017358,0,1.271965036580983,0
INV017359,0,1.45309884819142,0
INV017360,0,1.271965036580983,0
INV017361,0,1.45309884819142,0
INV017362,0,1.45309884819142,0
INV017363,0,1.45309884819142,0
INV017364,0,0.683671079604335,0
INV017365,0,1.271965036580983,0
INV017366,0,1.271965036580983,0
INV017367,0,1.45309884819142,0
INV017368,0,1.2189386038956698,0
INV017369,0,2.2849238129246285,0
INV017370,0,0.683671079604335,0
INV017371,0,1.1943305024527124,0
INV017372,0,0.5847353760623348,0
INV017373,0,0.624797759098817,0
INV017374,0,0.683671079604335,0
INV017375,0,0.683671079604335,0
INV017376,0,0.683671079604335,0
INV017377,0,0.683671079604335,0
INV017378,0,1.271965036580983,0
INV017379,0,1.45309884819142,0
INV017380,0,0.683671079604335,0
INV017381,0,1.271965036580983,0
INV017382,0,1.45309884819142,0
INV017383,0,1.45309884819142,0
INV017384,0,0.683671079604335,0
INV017385,0,1.45309884819142,0
INV017386,0,0.683671079604335,0
INV017387,0,1.45309884819142,0
INV017388,0,1.45309884819142,0
INV017389,0,0.683671079604335,0
INV017390,0,1.45309884819142,0
INV017391,0,1.271965036580983,0
INV017392,0,0.683671079604335,0
INV017393,0,0.44259776730242556,0
INV017394,0,1.271965036580983,0
INV017395,0,0.5516384307405391,0
INV017396,0,1.271965036580983,0
INV017397,0,1.45309884819142,0
INV017398,0,0.683671079604335,0
INV017399,0,0.8705963610889283,0
INV017400,0,1.271965036580983,0
INV017401,0,1.45309884819142,0
INV017402,0,1.271965036580983,0
INV017403,0,0.6238900006099393,0
INV017404,0,1.2189386038956698,0
INV017405,0,1.271965036580983,0
INV017406,0,0.47055487094865944,0
INV017407,0,1.45309884819142,0
INV017408,0,1.45309884819142,0
INV017409,0,1.271965036580983,0
INV017410,0,1.271965036580983,0
INV017411,0,1.45309884819142,0
INV017412,0,1.2189386038956698,0
INV017413,0,0.683671079604335,0
INV017414,0,1.2189386038956698,0
INV017415,0,1.2189386038956698,0
INV017416,0,1.271965036580983,0
INV017417,0,0.683671079604335,0
INV017418,0,2.471526676819558,0
INV017419,0,1.271965036580983,0
INV017420,0,1.45309884819142,0
INV017421,0,0.6093330203215495,0
INV017422,0,1.45309884819142,0
INV017423,0,1.271965036580983,0
INV017424,0,0.44259776730242556,0
INV017425,0,1.271965036580983,0
INV017426,0,1.271965036580983,0
INV017427,0,0.683671079604335,0
INV017428,0,0.683671079604335,0
INV017429,0,1.8230414668530714,0
INV017430,0,1.271965036580983,0
INV017431,0,0.44259776730242556,0
INV017432,0,0.683671079604335,0
INV017433,0,1.271965036580983,0
INV017434,0,0.683671079604335,0
INV017435,0,1.45309884819142,0
INV017436,0,0.683671079604335,0
INV017437,0,1.271965036580983,0
INV017438,0,1.2189386038956698,0
INV017439,0,1.271965036580983,0
INV017440,0,1.45309884819142,0
INV017441,0,1.45309884819142,0
INV017442,0,1.2189386038956698,0
INV017443,0,0.683671079604335,0
INV017444,0,1.271965036580983,0
INV017445,0,0.683671079604335,0
INV017446,0,1.2189386038956698,0
INV017447,0,0.43346439711675083,0
INV017448,0,1.4464371188076446,0
INV017449,0,0.5847353760623348,0
INV017450,0,1.45309884819142,0
INV017451,0,0.683671079604335,0
INV017452,0,1.271965036580983,0
INV017453,0,1.45309884819142,0
INV017454,1,21.84532503659052,5
INV017455,0,0.683671079604335,0
INV017456,0,1.271965036580983,0
INV017457,0,0.2761531667213031,0
INV017458,0,0.683671079604335,0
INV017459,0,1.271965036580983,0
INV017460,0,1.2189386038956698,0
INV017461,0,1.45309884819142,0
INV017462,0,1.271965036580983,0
INV017463,0,1.271965036580983,0
INV017464,0,0.683671079604335,0
INV017465,0,0.44259776730242556,0
INV017466,0,1.45309884819142,0
INV017467,0,0.5847353760623348,0
INV017468,0,1.45309884819142,0
INV017469,0,0.5847353760623348,0
INV017470,0,1.271965036580983,0
INV017471,0,1.2189386038956698,0
INV017472,0,1.45309884819142,0
INV017473,0,0.4315547260021405,0
INV017474,0,1.45309884819142,0
INV017475,0,1.45309884819142,0
INV017476,0,1.271965036580983,0
INV017477,0,1.271965036580983,0
INV017478,0,0.5847353760623348,0
INV017479,0,0.4981126294295854,0
INV017480,0,1.45309884819142,0
INV017481,0,1.45309884819142,0
INV017482,0,1.2189386038956698,0
INV017483,0,1.45309884819142,0
INV017484,0,1.45309884819142,0
INV017485,0,1.271965036580983,0
INV017486,0,1.271965036580983,0
INV017487,0,2.044741614679452,0
INV017488,0,0.5847353760623348,0
INV017489,0,0.683671079604335,0
INV017490,0,0.683671079604335,0
INV017491,0,1.271965036580983,0
INV017492,0,1.45309884819142,0
INV017493,0,1.2189386038956698,0
INV017494,0,1.45309884819142,0
INV017495,0,0.5847353760623348,0
INV017496,0,0.683671079604335,0
INV017497,0,0.4885029641860239,0
INV017498,0,1.45309884819142,0
INV017499,0,0.683671079604335,0
INV017500,0,1.271965036580983,0
INV017501,0,1.271965036580983,0
INV017502,0,0.683671079604335,0
INV017503,0,2.582624804654761,0
INV017504,0,1.6722462657759607,0
INV017505,1,9.75155622586016,1
INV017506,0,0.683671079604335,0
INV017507,0,1.271965036580983,0
INV017508,0,1.271965036580983,0
INV017509,0,1.45309884819142,0
INV017510,0,1.45309884819142,0
INV017511,0,0.683671079604335,0
INV017512,0,1.271965036580983,0
INV017513,0,1.271965036580983,0
INV017514,0,0.683671079604335,0
INV017515,0,1.271965036580983,0
INV017516,0,1.45309884819142,0
INV017517,0,1.5989574363789527,0
INV017518,0,1.2189386038956698,0
INV017519,0,1.271965036580983,0
INV017520,0,1.45309884819142,0
INV017521,0,0.44584457129759386,0
INV017522,0,1.1540525513631656,0
INV017523,0,1.2189386038956698,0
INV017524,0,1.271965036580983,0
INV017525,0,1.2217403044328667,0
INV017526,0,0.683671079604335,0
INV017527,0,1.271965036580983,0
INV017528,0,1.45309884819142,0
INV017529,0,1.271965036580983,0
INV017530,0,0.683671079604335,0
INV017531,0,1.45309884819142,0
INV017532,0,1.45309884819142,0
INV017533,0,1.45309884819142,0
INV017534,0,1.2189386038956698,0
INV017535,0,0.683671079604335,0
INV017536,0,1.2189386038956698,0
INV017537,0,1.45309884819142,0
INV017538,0,0.683671079604335,0
INV017539,0,0.2682884635077665,0
INV017540,0,1.271965036580983,0
INV017541,0,1.271965036580983,0
INV017542,0,0.683671079604335,0
INV017543,0,0.5847353760623348,0
INV017544,0,0.683671079604335,0
INV017545,0,1.271965036580983,0
INV017546,0,0.4812602901503667,0
INV017547,0,1.271965036580983,0
INV017548,0,0.683671079604335,0
INV017549,0,0.44259776730242556,0
INV017550,0,1.45309884819142,0
INV017551,0,0.9988443052270998,0
INV017552,0,0.683671079604335,0
INV017553,0,1.45309884819142,0
INV017554,0,1.45309884819142,0
INV017555,0,1.2189386038956698,0
INV017556,0,0.8391667092326305,0
INV017557,0,0.31194518931705323,0
INV017558,0,0.8956188395724889,0
INV017559,0,2.513045835932491,0
INV017560,1,18.621406084612666,1
INV017561,0,0.683671079604335,0
INV017562,0,1.271965036580983,0
INV017563,0,1.755955862333023,0
INV017564,0,1.271965036580983,0
INV017565,0,0.683671079604335,0
INV017566,0,1.271965036580983,0
INV017567,0,0.5847353760623348,0
INV017568,0,0.44259776730242556,0
INV017569,0,0.683671079604335,0
INV017570,0,0.683671079604335,0
INV017571,0,0.683671079604335,0
INV017572,0,1.45309884819142,0
INV017573,0,1.45309884819142,0
INV017574,0,0.6971835220735683,0
INV017575,0,0.683671079604335,0
INV017576,0,1.271965036580983,0
INV017577,0,1.271965036580983,0
INV017578,0,0.44259776730242556,0
INV017579,0,1.2189386038956698,0
INV017580,0,0.4833829810895552,0
INV017581,0,0.5847353760623348,0
INV017582,0,1.271965036580983,0
INV017583,0,0.5847353760623348,0
INV017584,0,0.5847353760623348,0
INV017585,0,1.45309884819142,0
INV017586,0,0.683671079604335,0
INV017587,0,1.45309884819142,0
INV017588,0,1.45309884819142,0
INV017589,0,0.683671079604335,0
INV017590,0,1.45309884819142,0
INV017591,0,1.45309884819142,0
INV017592,0,1.45309884819142,0
INV017593,0,1.45309884819142,0
INV017594,0,1.271965036580983,0
INV017595,0,0.683671079604335,0
INV017596,0,0.683671079604335,0
INV017597,0,0.683671079604335,0
INV017598,0,1.45309884819142,0
INV017599,0,0.5847353760623348,0
INV017600,0,1.271965036580983,0
INV017601,0,1.45309884819142,0
INV017602,0,1.271965036580983,0
INV017603,0,1.271965036580983,0
INV017604,0,0.39380298358115967,0
INV017605,0,0.5847353760623348,0
INV017606,0,1.2189386038956698,0
INV017607,0,1.45309884819142,0
INV017608,0,1.9206965110156304,0
INV017609,0,0.683671079604335,0
INV017610,0,1.271965036580983,0
INV017611,0,1.45309884819142,0
INV017612,0,1.271965036580983,0
INV017613,0,0.683671079604335,0
INV017614,0,1.9814969358950785,0
INV017615,0,1.271965036580983,0
INV017616,0,1.45309884819142,0
INV017617,0,0.683671079604335,0
INV017618,0,0.683671079604335,0
INV017619,0,1.45309884819142,0
INV017620,0,1.45309884819142,0
INV017621,0,1.2189386038956698,0
INV017622,0,0.9039641492640021,0
INV017623,0,0.5847353760623348,0
INV017624,0,1.271965036580983,0
INV017625,0,0.683671079604335,0
INV017626,0,1.271965036580983,0
INV017627,0,1.271965036580983,0
INV017628,0,1.271965036580983,0
INV017629,0,1.2189386038956698,0
INV017630,0,1.271965036580983,0
INV017631,1,6.025445619470414,1
INV017632,0,0.5847353760623348,0
INV017633,0,1.2189386038956698,0
INV017634,0,1.774805770774879,0
INV017635,0,1.45309884819142,0
INV017636,0,1.45309884819142,0
INV017637,0,1.9592853181217378,0
INV017638,0,1.45309884819142,0
INV017639,0,0.5847353760623348,0
INV017640,0,1.45309884819142,0
INV017641,0,1.45309884819142,0
INV017642,0,1.271965036580983,0
INV017643,0,1.45309884819142,0
INV017644,0,1.45309884819142,0
INV017645,0,0.683671079604335,0
INV017646,0,1.45309884819142,0
INV017647,0,0.5847353760623348,0
INV017648,0,0.683671079604335,0
INV017649,0,1.45309884819142,0
INV017650,0,0.683671079604335,0
INV017651,0,1.610791141200709,0
INV017652,0,0.683671079604335,0
INV017653,0,1.271965036580983,0
INV017654,0,0.683671079604335,0
INV017655,0,1.271965036580983,0
INV017656,0,1.45309884819142,0
INV017657,0,0.683671079604335,0
INV017658,0,0.4853286247149239,0
INV017659,0,0.49311338884748845,0
INV017660,0,0.4708417126214027,0
INV017661,0,1.271965036580983,0
INV017662,0,0.683671079604335,0
INV017663,0,1.45309884819142,0
INV017664,0,0.683671079604335,0
INV017665,0,0.5847353760623348,0
INV017666,0,0.683671079604335,0
INV017667,0,0.9355223637457063,0
INV017668,0,1.271965036580983,0
INV017669,0,0.7200392041917059,0
INV017670,0,1.271965036580983,0
INV017671,0,0.683671079604335,0
INV017672,0,0.5847353760623348,0
INV017673,0,1.271965036580983,0
INV017674,0,1.45309884819142,0
INV017675,0,1.45309884819142,0
INV017676,0,1.2189386038956698,0
INV017677,0,1.45309884819142,0
INV017678,0,0.44259776730242556,0
INV017679,0,1.45309884819142,0
INV017680,0,1.45309884819142,0
INV017681,0,0.683671079604335,0
INV017682,0,0.6411039418233904,0
INV017683,0,0.683671079604335,0
INV017684,0,2.338654857428943,0
INV017685,0,0.683671079604335,0
INV017686,0,0.683671079604335,0
INV017687,0,0.509778358266322,0
INV017688,0,0.45204717056567045,0
INV017689,0,1.45309884819142,0
INV017690,0,1.2189386038956698,0
INV017691,0,0.683671079604335,0
INV017692,0,0.3899248341169601,0
INV017693,0,0.683671079604335,0
INV017694,0,1.45309884819142,0
INV017695,0,1.2189386038956698,0
INV017696,0,0.683671079604335,0
INV017697,0,1.2189386038956698,0
INV017698,0,2.1900336472194066,0
INV017699,0,1.45309884819142,0
INV017700,0,0.5847353760623348,0
INV017701,0,0.683671079604335,0
INV017702,0,1.271965036580983,0
INV017703,0,0.4624920236677102,0
INV017704,0,0.5847353760623348,0
INV017705,0,1.45309884819142,0
INV017706,0,1.2189386038956698,0
INV017707,0,1.2189386038956698,0
INV017708,0,1.45309884819142,0
INV017709,0,1.45309884819142,0
INV017710,0,0.42299201722386987,0
INV017711,0,1.271965036580983,0
INV017712,0,2.0391812029295235,0
INV017713,0,0.5847353760623348,0
INV017714,0,0.5847353760623348,0
INV017715,0,0.5847353760623348,0
INV017716,0,1.45309884819142,0
INV017717,0,0.683671079604335,0
INV017718,0,0.683671079604335,0
INV017719,0,0.683671079604335,0
INV017720,0,0.38132208637019305,0
INV017721,0,0.5847353760623348,0
INV017722,0,1.45309884819142,0
INV017723,1,11.291452983212826,1
INV017724,0,1.45309884819142,0
INV017725,0,1.2189386038956698,0
INV017726,0,1.271965036580983,0
INV017727,0,1.271965036580983,0
INV017728,0,2.5697037915947756,0
INV017729,0,0.683671079604335,0
INV017730,0,1.271965036580983,0
INV017731,0,1.2189386038956698,0
INV017732,0,1.45309884819142,0
INV017733,0,1.45309884819142,0
INV017734,0,0.44259776730242556,0
INV017735,0,0.4053673202990727,0
INV017736,0,0.683671079604335,0
INV017737,0,1.2189386038956698,0
INV017738,0,1.4220199169181496,0
INV017739,0,1.45309884819142,0
INV017740,0,0.683671079604335,0
INV017741,0,1.45309884819142,0
INV017742,0,1.45309884819142,0
INV017743,0,0.5847353760623348,0
INV017744,0,1.45309884819142,0
INV017745,0,1.45309884819142,0
INV017746,0,0.683671079604335,0
INV017747,0,1.271965036580983,0
INV017748,0,1.45309884819142,0
INV017749,0,0.683671079604335,0
INV017750,0,0.683671079604335,0
INV017751,0,1.2189386038956698,0
INV017752,0,0.683671079604335,0
INV017753,0,1.271965036580983,0
INV017754,0,1.45309884819142,0
INV017755,1,10.731987021395694,1
INV017756,0,1.271965036580983,0
INV017757,0,1.45309884819142,0
INV017758,1,11.36619024922903,1
INV017759,0,0.683671079604335,0
INV017760,0,0.683671079604335,0
INV017761,0,0.683671079604335,0
INV017762,0,1.271965036580983,0
INV017763,0,1.271965036580983,0
INV017764,0,1.45309884819142,0
INV017765,0,1.2189386038956698,0
INV017766,0,0.683671079604335,0
INV017767,0,0.683671079604335,0
INV017768,0,1.271965036580983,0
INV017769,0,0.683671079604335,0
INV017770,0,1.2189386038956698,0
INV017771,0,1.45309884819142,0
INV017772,0,1.45309884819142,0
INV017773,0,1.271965036580983,0
INV017774,0,1.45309884819142,0
INV017775,0,1.271965036580983,0
INV017776,0,1.45309884819142,0
INV017777,0,2.563097361792881,0
INV017778,0,1.0729364164295658,0
INV017779,0,0.683671079604335,0
INV017780,0,0.683671079604335,0
INV017781,0,2.101169346272883,0
INV017782,0,0.683671079604335,0
INV017783,0,1.45309884819142,0
INV017784,0,1.2189386038956698,0
INV017785,0,1.2189386038956698,0
INV017786,0,1.45309884819142,0
INV017787,0,1.2154585656411214,0
INV017788,0,1.5345988609788337,0
INV017789,0,0.683671079604335,0
INV017790,0,1.7050043980947895,0
INV017791,0,1.45309884819142,0
INV017792,0,1.45309884819142,0
INV017793,0,1.0909132751897057,0
INV017794,0,0.683671079604335,0
INV017795,0,0.9868432500292064,0
INV017796,0,0.5847353760623348,0
INV017797,0,1.45309884819142,0
INV017798,0,1.271965036580983,0
INV017799,0,1.271965036580983,0
INV017800,0,1.2189386038956698,0
INV017801,0,2.147528841311693,0
INV017802,0,0.5847353760623348,0
INV017803,0,1.45309884819142,0
INV017804,0,1.271965036580983,0
INV017805,0,0.514783542132805,0
INV017806,0,1.271965036580983,0
INV017807,0,0.5847353760623348,0
INV017808,0,0.683671079604335,0
INV017809,0,1.2189386038956698,0
INV017810,0,0.683671079604335,0
INV017811,0,0.683671079604335,0
INV017812,0,1.2189386038956698,0
INV017813,0,0.9056088750167655,0
INV017814,0,1.271965036580983,0
INV017815,0,1.45309884819142,0
INV017816,0,1.271965036580983,0
INV017817,0,0.7443525550066632,0
INV017818,0,1.45309884819142,0
INV017819,0,0.5847353760623348,0
INV017820,0,1.45309884819142,0
INV017821,0,1.45309884819142,0
INV017822,0,0.683671079604335,0
INV017823,0,1.2189386038956698,0
INV017824,0,0.5450154223032511,0
INV017825,0,1.6654202472562185,0
INV017826,0,0.6387747999528928,0
INV017827,0,1.271965036580983,0
INV017828,0,0.683671079604335,0
INV017829,0,1.271965036580983,0
INV017830,0,1.271965036580983,0
INV017831,0,1.2189386038956698,0
INV017832,0,1.45309884819142,0
INV017833,0,0.5847353760623348,0
INV017834,0,0.683671079604335,0
INV017835,0,1.45309884819142,0
INV017836,0,0.683671079604335,0
INV017837,0,0.6082047347015004,0
INV017838,0,1.271965036580983,0
INV017839,0,0.9974989333247346,0
INV017840,0,0.683671079604335,0
INV017841,0,1.45309884819142,0
INV017842,0,0.5032207259572817,0
INV017843,0,1.45309884819142,0
INV017844,0,0.49809605079419234,0
INV017845,0,1.45309884819142,0
INV017846,0,1.45309884819142,0
INV017847,0,0.5847353760623348,0
INV017848,0,1.271965036580983,0
INV017849,0,1.45309884819142,0
INV017850,0,1.271965036580983,0
INV017851,0,1.45309884819142,0
INV017852,1,17.19922646385322,6
INV017853,0,1.9768752502737243,0
INV017854,0,1.271965036580983,0
INV017855,0,1.271965036580983,0
INV017856,0,1.45309884819142,0
INV017857,0,0.7469754202476147,0
INV017858,0,0.9631229764351009,0
INV017859,0,0.683671079604335,0
INV017860,0,1.45309884819142,0
INV017861,0,1.45309884819142,0
INV017862,0,1.45309884819142,0
INV017863,0,1.45309884819142,0
INV017864,0,0.683671079604335,0
INV017865,0,1.45309884819142,0
INV017866,0,1.271965036580983,0
INV017867,0,1.2189386038956698,0
INV017868,0,0.683671079604335,0
INV017869,0,1.271965036580983,0
INV017870,0,1.45309884819142,0
INV017871,0,0.5847353760623348,0
INV017872,0,1.271965036580983,0
INV017873,0,0.683671079604335,0
INV017874,0,1.45309884819142,0
INV017875,0,0.683671079604335,0
INV017876,0,1.271965036580983,0
INV017877,0,1.45309884819142,0
INV017878,0,1.2189386038956698,0
INV017879,0,0.5847353760623348,0
INV017880,0,0.6528719577124574,0
INV017881,0,1.2189386038956698,0
INV017882,0,0.683671079604335,0
INV017883,0,1.2189386038956698,0
INV017884,0,1.271965036580983,0
INV017885,0,0.4699452150924145,0
INV017886,0,1.45309884819142,0
INV017887,0,0.683671079604335,0
INV017888,0,1.271965036580983,0
INV017889,0,2.0611172399900113,0
INV017890,0,1.271965036580983,0
INV017891,0,0.683671079604335,0
INV017892,0,0.7233305325238811,0
INV017893,0,1.2189386038956698,0
INV017894,0,1.271965036580983,0
INV017895,0,1.2189386038956698,0
INV017896,0,0.8480953992073127,0
INV017897,0,0.483412697511486,0
INV017898,0,1.271965036580983,0
INV017899,0,0.683671079604335,0
INV017900,0,2.591219419486052,0
INV017901,0,1.271965036580983,0
INV017902,0,1.45309884819142,0
INV017903,0,1.45309884819142,0
INV017904,0,0.683671079604335,0
INV017905,0,1.45309884819142,0
INV017906,0,1.271965036580983,0
INV017907,0,0.683671079604335,0
INV017908,0,1.45309884819142,0
INV017909,0,0.44259776730242556,0
INV017910,0,2.004642900534815,0
INV017911,0,1.271965036580983,0
INV017912,0,0.4644176478088307,0
INV017913,0,1.271965036580983,0
INV017914,0,0.683671079604335,0
INV017915,0,1.271965036580983,0
INV017916,0,0.683671079604335,0
INV017917,0,0.683671079604335,0
INV017918,0,0.48871567120616066,0
INV017919,0,1.45309884819142,0
INV017920,0,1.45309884819142,0
INV017921,0,1.45309884819142,0
INV017922,0,0.4723578757487599,0
INV017923,0,1.45309884819142,0
INV017924,0,0.414004207209767,0
INV017925,0,1.45309884819142,0
INV017926,0,1.45309884819142,0
INV017927,0,0.683671079604335,0
INV017928,0,1.0149010544567576,0
INV017929,0,0.683671079604335,0
INV017930,0,0.683671079604335,0
INV017931,0,0.683671079604335,0
INV017932,0,1.271965036580983,0
INV017933,0,0.683671079604335,0
INV017934,0,0.5847353760623348,0
INV017935,0,1.45309884819142,0
INV017936,0,1.271965036580983,0
INV017937,0,0.683671079604335,0
INV017938,0,0.2682884635077665,0
INV017939,0,1.271965036580983,0
INV017940,0,2.5129710756710018,0
INV017941,0,1.271965036580983,0
INV017942,0,0.5847353760623348,0
INV017943,0,0.683671079604335,0
INV017944,0,1.0729354780162417,0
INV017945,0,0.500577528427641,0
INV017946,0,1.45309884819142,0
INV017947,0,1.271965036580983,0
INV017948,0,0.683671079604335,0
INV017949,0,0.37824596749368566,0
INV017950,0,0.5847353760623348,0
INV017951,0,1.271965036580983,0
INV017952,0,1.271965036580983,0
INV017953,0,1.271965036580983,0
INV017954,0,0.683671079604335,0
INV017955,0,0.683671079604335,0
INV017956,0,1.271965036580983,0
INV017957,0,1.45309884819142,0
INV017958,0,1.45309884819142,0
INV017959,0,0.683671079604335,0
INV017960,0,1.271965036580983,0
INV017961,0,1.0571113269358312,0
INV017962,0,0.4492090958690514,0
INV017963,0,0.7649141293517376,0
INV017964,1,22.740767128768947,4
INV017965,0,1.271965036580983,0
INV017966,0,1.45309884819142,0
INV017967,0,1.45309884819142,0
INV017968,0,1.45309884819142,0
INV017969,0,0.5244670292245317,0
INV017970,0,1.271965036580983,0
INV017971,0,1.271965036580983,0
INV017972,0,0.683671079604335,0
INV017973,0,1.45309884819142,0
INV017974,0,0.5847353760623348,0
INV017975,0,0.683671079604335,0
INV017976,0,0.683671079604335,0
INV017977,0,1.2189386038956698,0
INV017978,0,1.45309884819142,0
INV017979,0,1.45309884819142,0
INV017980,0,1.45309884819142,0
INV017981,0,1.2189386038956698,0
INV017982,0,1.45309884819142,0
INV017983,0,1.45309884819142,0
INV017984,0,1.271965036580983,0
INV017985,0,1.45309884819142,0
INV017986,0,0.4753511014483023,0
INV017987,0,1.271965036580983,0
INV017988,0,0.683671079604335,0
INV017989,0,0.6913600417884411,0
INV017990,0,1.271965036580983,0
INV017991,0,0.5847353760623348,0
INV017992,0,1.45309884819142,0
INV017993,0,0.44259776730242556,0
INV017994,1,11.36619024922903,1
INV017995,0,1.45309884819142,0
INV017996,0,0.683671079604335,0
INV017997,0,0.683671079604335,0
INV017998,0,1.271965036580983,0
INV017999,0,1.2189386038956698,0
INV018000,0,1.45309884819142,0
INV018001,0,1.45309884819142,0
INV018002,0,1.45309884819142,0
INV018003,0,1.45309884819142,0
INV018004,0,0.7898580939205123,0
INV018005,0,0.683671079604335,0
INV018006,0,1.271965036580983,0
INV018007,0,0.683671079604335,0
INV018008,0,1.2189386038956698,0
INV018009,0,1.2189386038956698,0
INV018010,0,0.683671079604335,0
INV018011,0,0.683671079604335,0
INV018012,0,1.45309884819142,0
INV018013,0,0.683671079604335,0
INV018014,0,1.271965036580983,0
INV018015,0,1.45309884819142,0
INV018016,0,0.506216454092355,0
INV018017,0,0.952883323046605,0
INV018018,0,0.39836988494545555,0
INV018019,0,0.4735997093810291,0
INV018020,0,1.271965036580983,0
INV018021,0,0.683671079604335,0
INV018022,0,0.683671079604335,0
INV018023,0,0.526004106769644,0
INV018024,0,1.45309884819142,0
INV018025,0,1.45309884819142,0
INV018026,0,0.683671079604335,0
INV018027,0,1.271965036580983,0
INV018028,0,0.5847353760623348,0
INV018029,0,0.683671079604335,0
INV018030,0,1.271965036580983,0
INV018031,0,1.45309884819142,0
INV018032,0,1.45309884819142,0
INV018033,0,1.2189386038956698,0
INV018034,0,0.683671079604335,0
INV018035,0,2.5796400246751356,0
INV018036,0,1.45309884819142,0
INV018037,0,0.683671079604335,0
INV018038,0,1.271965036580983,0
INV018039,0,1.45309884819142,0
INV018040,0,0.683671079604335,0
INV018041,0,0.683671079604335,0
INV018042,0,1.271965036580983,0
INV018043,0,0.44259776730242556,0
INV018044,0,0.683671079604335,0
INV018045,0,1.45309884819142,0
INV018046,0,1.271965036580983,0
INV018047,0,0.683671079604335,0
INV018048,0,1.271965036580983,0
INV018049,0,0.5847353760623348,0
INV018050,0,1.45309884819142,0
INV018051,0,1.45309884819142,0
INV018052,0,0.5847353760623348,0
INV018053,0,0.683671079604335,0
INV018054,0,0.480068505228718,0
INV018055,0,0.683671079604335,0
INV018056,0,1.45309884819142,0
INV018057,0,1.271965036580983,0
INV018058,0,0.4939664065591252,0
INV018059,0,1.45309884819142,0
INV018060,0,1.45309884819142,0
INV018061,0,1.271965036580983,0
INV018062,0,1.45309884819142,0
INV018063,0,1.45309884819142,0
INV018064,0,0.5260873562308678,0
INV018065,0,0.44259776730242556,0
INV018066,0,1.271965036580983,0
INV018067,0,1.2189386038956698,0
INV018068,0,0.683671079604335,0
INV018069,0,1.271965036580983,0
INV018070,0,1.45309884819142,0
INV018071,0,1.7969147886914485,0
INV018072,0,0.683671079604335,0
INV018073,0,1.45309884819142,0
INV018074,0,1.2189386038956698,0
INV018075,0,0.683671079604335,0
INV018076,0,1.45309884819142,0
INV018077,0,1.271965036580983,0
INV018078,0,1.271965036580983,0
INV018079,0,1.45309884819142,0
INV018080,0,0.5847353760623348,0
INV018081,0,1.271965036580983,0
INV018082,0,0.7042550920797919,0
INV018083,0,1.45309884819142,0
INV018084,0,1.271965036580983,0
INV018085,0,1.271965036580983,0
INV018086,0,1.271965036580983,0
INV018087,0,1.45309884819142,0
INV018088,0,0.683671079604335,0
INV018089,0,0.5847353760623348,0
INV018090,0,1.271965036580983,0
INV018091,0,1.4617654748484714,0
INV018092,0,1.271965036580983,0
INV018093,0,1.2189386038956698,0
INV018094,0,0.683671079604335,0
INV018095,0,0.2682884635077665,0
INV018096,0,1.271965036580983,0
INV018097,0,1.271965036580983,0
INV018098,0,1.271965036580983,0
INV018099,0,0.9012790359392167,0
INV018100,0,0.5847353760623348,0
INV018101,0,1.271965036580983,0
INV018102,0,0.683671079604335,0
INV018103,0,1.45309884819142,0
INV018104,0,0.5642719765188982,0
INV018105,0,1.271965036580983,0
INV018106,0,1.45309884819142,0
INV018107,0,0.9387680226294404,0
INV018108,0,0.5847353760623348,0
INV018109,0,0.683671079604335,0
INV018110,0,0.683671079604335,0
INV018111,0,1.45309884819142,0
INV018112,0,0.5847353760623348,0
INV018113,0,1.2189386038956698,0
INV018114,0,0.5847353760623348,0
INV018115,0,0.683671079604335,0
INV018116,0,0.5064313507435816,0
INV018117,0,0.683671079604335,0
INV018118,0,0.683671079604335,0
INV018119,0,1.2189386038956698,0
INV018120,0,0.683671079604335,0
INV018121,0,1.2189386038956698,0
INV018122,0,0.683671079604335,0
INV018123,0,1.271965036580983,0
INV018124,0,0.683671079604335,0
INV018125,0,0.683671079604335,0
INV018126,0,1.45309884819142,0
INV018127,0,1.45309884819142,0
INV018128,0,1.45309884819142,0
INV018129,0,0.683671079604335,0
INV018130,0,1.271965036580983,0
INV018131,0,0.683671079604335,0
INV018132,0,1.271965036580983,0
INV018133,0,0.6763870315930192,0
INV018134,0,0.28818889973237205,0
INV018135,0,1.45309884819142,0
INV018136,0,0.5847353760623348,0
INV018137,0,1.45309884819142,0
INV018138,0,1.271965036580983,0
INV018139,0,1.271965036580983,0
INV018140,0,1.271965036580983,0
INV018141,0,1.2189386038956698,0
INV018142,0,0.683671079604335,0
INV018143,0,1.45309884819142,0
INV018144,0,0.5847353760623348,0
INV018145,0,0.5207036789903177,0
INV018146,0,1.45309884819142,0
INV018147,0,1.45309884819142,0
INV018148,0,1.2189386038956698,0
INV018149,0,1.45309884819142,0
INV018150,0,1.45309884819142,0
INV018151,0,0.48252589692018055,0
INV018152,0,0.683671079604335,0
INV018153,0,0.683671079604335,0
INV018154,0,1.5342377385750186,0
INV018155,0,0.683671079604335,0
INV018156,0,0.5847353760623348,0
INV018157,0,2.4603583070446122,0
INV018158,0,1.45309884819142,0
INV018159,0,0.9837036318510994,0
INV018160,0,1.2189386038956698,0
INV018161,0,1.45309884819142,0
INV018162,0,0.683671079604335,0
INV018163,0,1.271965036580983,0
INV018164,0,0.683671079604335,0
INV018165,0,1.45309884819142,0
INV018166,0,1.2189386038956698,0
INV018167,0,0.683671079604335,0
INV018168,0,0.5312686489978464,0
INV018169,0,0.2682884635077665,0
INV018170,0,1.271965036580983,0
INV018171,0,1.271965036580983,0
INV018172,0,0.5847353760623348,0
INV018173,0,0.683671079604335,0
INV018174,0,1.45309884819142,0
INV018175,0,0.2682884635077665,0
INV018176,0,1.45309884819142,0
INV018177,0,0.683671079604335,0
INV018178,0,1.45309884819142,0
INV018179,0,1.45309884819142,0
INV018180,0,1.45309884819142,0
INV018181,0,0.5847353760623348,0
INV018182,0,1.2189386038956698,0
INV018183,0,1.271965036580983,0
INV018184,0,1.271965036580983,0
INV018185,0,1.45309884819142,0
INV018186,0,1.45309884819142,0
INV018187,0,0.683671079604335,0
INV018188,0,0.5847353760623348,0
INV018189,0,1.45309884819142,0
INV018190,0,0.9068191154004555,0
INV018191,0,1.271965036580983,0
INV018192,0,0.683671079604335,0
INV018193,0,0.683671079604335,0
INV018194,0,0.683671079604335,0
INV018195,0,1.271965036580983,0
INV018196,0,1.271965036580983,0
INV018197,0,1.2189386038956698,0
INV018198,0,1.271965036580983,0
INV018199,0,0.683671079604335,0
INV018200,0,0.683671079604335,0
INV018201,0,0.48834218270315577,0
INV018202,0,1.271965036580983,0
INV018203,0,0.683671079604335,0
INV018204,0,0.47571082655588653,0
INV018205,0,0.683671079604335,0
INV018206,0,1.45309884819142,0
INV018207,0,0.4890453670873726,0
INV018208,0,0.4847224097075341,0
INV018209,0,1.4924691435979631,0
INV018210,0,1.044463082071121,0
INV018211,0,0.44259776730242556,0
INV018212,0,0.683671079604335,0
INV018213,0,0.683671079604335,0
INV018214,0,1.2189386038956698,0
INV018215,0,0.5847353760623348,0
INV018216,0,1.271965036580983,0
INV018217,0,1.271965036580983,0
INV018218,0,0.683671079604335,0
INV018219,0,1.271965036580983,0
INV018220,0,1.45309884819142,0
INV018221,0,1.45309884819142,0
INV018222,0,1.45309884819142,0
INV018223,0,1.271965036580983,0
INV018224,0,0.5847353760623348,0
INV018225,0,1.271965036580983,0
INV018226,0,1.45309884819142,0
INV018227,0,1.45309884819142,0
INV018228,0,0.5847353760623348,0
INV018229,0,0.5847353760623348,0
INV018230,0,1.271965036580983,0
INV018231,0,0.4768888480821146,0
INV018232,0,1.45309884819142,0
INV018233,0,0.683671079604335,0
INV018234,0,0.5847353760623348,0
INV018235,0,1.271965036580983,0
INV018236,0,1.45309884819142,0
INV018237,0,1.271965036580983,0
INV018238,0,1.271965036580983,0
INV018239,0,1.45309884819142,0
INV018240,0,0.683671079604335,0
INV018241,0,0.9289200004015491,0
INV018242,0,1.271965036580983,0
INV018243,0,1.45309884819142,0
INV018244,0,1.271965036580983,0
INV018245,0,1.2189386038956698,0
INV018246,0,1.2189386038956698,0
INV018247,0,0.683671079604335,0
INV018248,0,0.683671079604335,0
INV018249,0,0.683671079604335,0
INV018250,0,1.271965036580983,0
INV018251,0,1.45309884819142,0
INV018252,0,1.45309884819142,0
INV018253,0,1.45309884819142,0
INV018254,0,2.462242953803912,0
INV018255,0,1.271965036580983,0
INV018256,0,1.2189386038956698,0
INV018257,0,1.2189386038956698,0
INV018258,0,0.5129020234179188,0
INV018259,0,0.5847353760623348,0
INV018260,0,0.683671079604335,0
INV018261,0,0.683671079604335,0
INV018262,0,1.45309884819142,0
INV018263,0,1.353499478425502,0
INV018264,0,1.45309884819142,0
INV018265,0,1.271965036580983,0
INV018266,0,1.271965036580983,0
INV018267,0,0.683671079604335,0
INV018268,0,1.271965036580983,0
INV018269,0,1.271965036580983,0
INV018270,0,1.271965036580983,0
INV018271,0,1.271965036580983,0
INV018272,0,1.2189386038956698,0
INV018273,0,0.7227311992142016,0
INV018274,0,0.683671079604335,0
INV018275,0,1.45309884819142,0
INV018276,0,1.271965036580983,0
INV018277,0,1.45309884819142,0
INV018278,0,1.45309884819142,0
INV018279,0,1.2189386038956698,0
INV018280,0,1.45309884819142,0
INV018281,0,0.2682884635077665,0
INV018282,0,0.4922566174825552,0
INV018283,0,1.271965036580983,0
INV018284,0,1.45309884819142,0
INV018285,0,2.25865981361324,0
INV018286,0,0.683671079604335,0
INV018287,0,1.45309884819142,0
INV018288,0,1.6105674860251242,0
INV018289,0,1.5277371827527746,0
INV018290,0,0.683671079604335,0
INV018291,0,1.271965036580983,0
INV018292,0,2.563737985288822,0
INV018293,0,1.271965036580983,0
INV018294,0,0.44597094429191037,0
INV018295,0,0.5847353760623348,0
INV018296,0,1.45309884819142,0
INV018297,0,1.45309884819142,0
INV018298,0,1.2189386038956698,0
INV018299,0,1.271965036580983,0
INV018300,0,1.8353221692215567,0
INV018301,0,0.6268835391139229,0
INV018302,0,1.45309884819142,0
INV018303,0,1.45309884819142,0
INV018304,0,1.45309884819142,0
INV018305,0,1.45309884819142,0
INV018306,0,1.2189386038956698,0
INV018307,0,0.5847353760623348,0
INV018308,0,0.683671079604335,0
INV018309,0,1.655374845425818,0
INV018310,0,0.3960714413900301,0
INV018311,0,0.683671079604335,0
INV018312,0,1.271965036580983,0
INV018313,0,1.271965036580983,0
INV018314,0,0.683671079604335,0
INV018315,0,0.683671079604335,0
INV018316,0,1.271965036580983,0
INV018317,1,19.523636836022455,1
INV018318,0,0.5847353760623348,0
INV018319,0,1.45309884819142,0
INV018320,0,1.45309884819142,0
INV018321,0,0.683671079604335,0
INV018322,0,0.5847353760623348,0
INV018323,0,2.0315881879195232,0
INV018324,0,1.45309884819142,0
INV018325,0,1.271965036580983,0
INV018326,0,1.45309884819142,0
INV018327,0,1.322571564893173,0
INV018328,0,1.271965036580983,0
INV018329,0,1.271965036580983,0
INV018330,0,1.271965036580983,0
INV018331,0,0.683671079604335,0
INV018332,0,0.683671079604335,0
INV018333,0,0.5847353760623348,0
INV018334,0,0.5847353760623348,0
INV018335,0,1.45309884819142,0
INV018336,0,1.8576054192119733,0
INV018337,0,0.4860746633076095,0
INV018338,0,1.45309884819142,0
INV018339,0,1.5514318063826873,0
INV018340,0,0.683671079604335,0
INV018341,0,1.45309884819142,0
INV018342,0,0.45678548876384123,0
INV018343,0,1.271965036580983,0
INV018344,0,1.271965036580983,0
INV018345,0,0.683671079604335,0
INV018346,0,1.2189386038956698,0
INV018347,0,1.45309884819142,0
INV018348,0,1.2189386038956698,0
INV018349,0,1.45309884819142,0
INV018350,0,0.683671079604335,0
INV018351,0,1.45309884819142,0
INV018352,0,0.8116846494265179,0
INV018353,0,1.271965036580983,0
INV018354,0,1.271965036580983,0
INV018355,0,0.9253318206545066,0
INV018356,0,1.271965036580983,0
INV018357,0,1.271965036580983,0
INV018358,0,1.271965036580983,0
INV018359,0,1.45309884819142,0
INV018360,0,0.683671079604335,0
INV018361,0,1.271965036580983,0
INV018362,0,1.45309884819142,0
INV018363,0,2.390795604153294,0
INV018364,0,0.683671079604335,0
INV018365,0,0.683671079604335,0
INV018366,0,1.45309884819142,0
INV018367,0,2.0233314018849202,0
INV018368,0,0.5847353760623348,0
INV018369,0,0.683671079604335,0
INV018370,0,1.2189386038956698,0
INV018371,0,1.271965036580983,0
INV018372,0,1.45309884819142,0
INV018373,0,1.271965036580983,0
INV018374,0,0.683671079604335,0
INV018375,0,1.45309884819142,0
INV018376,0,1.271965036580983,0
INV018377,0,1.271965036580983,0
INV018378,0,1.8278824087152092,0
INV018379,0,1.45309884819142,0
INV018380,0,0.5213389848107556,0
INV018381,0,0.683671079604335,0
INV018382,0,0.683671079604335,0
INV018383,0,1.4249722744152253,0
INV018384,0,1.271965036580983,0
INV018385,0,0.683671079604335,0
INV018386,0,0.683671079604335,0
INV018387,0,1.45309884819142,0
INV018388,0,1.45309884819142,0
INV018389,0,0.683671079604335,0
INV018390,0,0.683671079604335,0
INV018391,0,1.271965036580983,0
INV018392,0,1.45309884819142,0
INV018393,0,0.5847353760623348,0
INV018394,0,0.5847353760623348,0
INV018395,0,1.45309884819142,0
INV018396,0,1.271965036580983,0
INV018397,0,1.271965036580983,0
INV018398,0,1.2189386038956698,0
INV018399,0,1.45309884819142,0
INV018400,0,0.683671079604335,0
INV018401,1,9.463580565729025,1
INV018402,0,1.271965036580983,0
INV018403,0,1.45309884819142,0
INV018404,0,1.271965036580983,0
INV018405,0,0.5847353760623348,0
INV018406,0,1.45309884819142,0
INV018407,0,1.45309884819142,0
INV018408,0,1.45309884819142,0
INV018409,0,0.44259776730242556,0
INV018410,0,1.2189386038956698,0
INV018411,0,1.271965036580983,0
INV018412,0,1.0277909154277425,0
INV018413,0,0.683671079604335,0
INV018414,0,1.271965036580983,0
INV018415,0,0.683671079604335,0
INV018416,0,0.8860654791283752,0
INV018417,0,0.5847353760623348,0
INV018418,0,1.271965036580983,0
INV018419,0,0.346228512612222,0
INV018420,0,1.45309884819142,0
INV018421,0,0.683671079604335,0
INV018422,0,1.271965036580983,0
INV018423,0,1.2189386038956698,0
INV018424,0,0.683671079604335,0
INV018425,0,1.45309884819142,0
INV018426,0,1.271965036580983,0
INV018427,0,1.271965036580983,0
INV018428,0,1.45309884819142,0
INV018429,0,1.45309884819142,0
INV018430,0,1.45309884819142,0
INV018431,0,0.683671079604335,0
INV018432,0,1.45309884819142,0
INV018433,0,0.5847353760623348,0
INV018434,0,1.271965036580983,0
INV018435,0,1.271965036580983,0
INV018436,0,1.45309884819142,0
INV018437,0,0.4966906204390828,0
INV018438,0,0.2682884635077665,0
INV018439,0,1.45309884819142,0
INV018440,0,0.683671079604335,0
INV018441,0,1.271965036580983,0
INV018442,0,1.45309884819142,0
INV018443,0,2.3302845233821197,0
INV018444,0,1.2189386038956698,0
INV018445,0,1.45309884819142,0
INV018446,0,0.683671079604335,0
INV018447,0,1.45309884819142,0
INV018448,0,0.5847353760623348,0
INV018449,0,0.683671079604335,0
INV018450,0,1.45309884819142,0
INV018451,0,0.5847353760623348,0
INV018452,0,1.5808651402941132,0
INV018453,0,1.45309884819142,0
INV018454,0,1.271965036580983,0
INV018455,0,1.8597418735465823,0
INV018456,0,1.271965036580983,0
INV018457,0,0.683671079604335,0
INV018458,0,0.683671079604335,0
INV018459,0,1.721658419358175,0
INV018460,0,0.7699890686086479,0
INV018461,0,0.683671079604335,0
INV018462,0,1.271965036580983,0
INV018463,0,1.45309884819142,0
INV018464,0,1.45309884819142,0
INV018465,0,1.2189386038956698,0
INV018466,0,0.683671079604335,0
INV018467,0,1.45309884819142,0
INV018468,0,1.2189386038956698,0
INV018469,0,1.271965036580983,0
INV018470,0,1.271965036580983,0
INV018471,0,1.271965036580983,0
INV018472,0,1.45309884819142,0
INV018473,0,0.5847353760623348,0
INV018474,0,1.271965036580983,0
INV018475,0,2.4344274444632914,0
INV018476,0,1.45309884819142,0
INV018477,0,0.683671079604335,0
INV018478,0,1.45309884819142,0
INV018479,0,0.683671079604335,0
INV018480,0,1.45309884819142,0
INV018481,0,0.43828252392729017,0
INV018482,0,1.2189386038956698,0
INV018483,0,1.271965036580983,0
INV018484,0,1.271965036580983,0
INV018485,0,0.683671079604335,0
INV018486,0,1.1791372779305604,0
INV018487,0,1.45309884819142,0
INV018488,0,0.5847353760623348,0
INV018489,0,0.5050881684723061,0
INV018490,0,1.271965036580983,0
INV018491,0,1.45309884819142,0
INV018492,0,0.5847353760623348,0
INV018493,0,1.45309884819142,0
INV018494,0,1.45309884819142,0
INV018495,0,1.45309884819142,0
INV018496,0,1.983725667539894,0
INV018497,0,1.45309884819142,0
INV018498,0,1.45309884819142,0
INV018499,0,1.2189386038956698,0
INV018500,0,1.271965036580983,0
INV018501,0,0.5847353760623348,0
INV018502,0,0.5101596668803613,0
INV018503,0,0.5847353760623348,0
INV018504,0,0.683671079604335,0
INV018505,0,0.683671079604335,0
INV018506,0,1.271965036580983,0
INV018507,0,2.3764647814760202,0
INV018508,0,0.683671079604335,0
INV018509,0,0.683671079604335,0
INV018510,0,1.271965036580983,0
INV018511,0,1.271965036580983,0
INV018512,0,1.45309884819142,0
INV018513,0,0.683671079604335,0
INV018514,0,1.2827230943016386,0
INV018515,0,1.45309884819142,0
INV018516,0,1.2189386038956698,0
INV018517,0,1.0810174063681148,0
INV018518,0,1.271965036580983,0
INV018519,0,1.2189386038956698,0
INV018520,0,1.45309884819142,0
INV018521,0,1.2548359527439419,0
INV018522,0,1.271965036580983,0
INV018523,0,1.271965036580983,0
INV018524,0,1.2189386038956698,0
INV018525,0,0.2682884635077665,0
INV018526,0,1.271965036580983,0
INV018527,0,1.271965036580983,0
INV018528,0,1.45309884819142,0
INV018529,0,1.271965036580983,0
INV018530,0,1.45309884819142,0
INV018531,0,1.45309884819142,0
INV018532,0,0.683671079604335,0
INV018533,0,1.45309884819142,0
INV018534,0,1.45309884819142,0
INV018535,0,1.7634074897355203,0
INV018536,0,1.271965036580983,0
INV018537,0,0.476880089557756,0
INV018538,0,1.271965036580983,0
INV018539,0,0.683671079604335,0
INV018540,0,1.271965036580983,0
INV018541,0,0.44259776730242556,0
INV018542,0,0.683671079604335,0
INV018543,0,1.271965036580983,0
INV018544,0,1.3056150617349762,0
INV018545,0,1.271965036580983,0
INV018546,0,1.271965036580983,0
INV018547,0,1.2189386038956698,0
INV018548,0,1.45309884819142,0
INV018549,0,0.683671079604335,0
INV018550,0,1.45309884819142,0
INV018551,0,0.683671079604335,0
INV018552,0,0.683671079604335,0
INV018553,0,0.683671079604335,0
INV018554,0,1.45309884819142,0
INV018555,0,0.5077923628680155,0
INV018556,0,0.6947273815998711,0
INV018557,0,1.271965036580983,0
INV018558,0,1.45309884819142,0
INV018559,0,2.5787313277729336,0
INV018560,0,1.271965036580983,0
INV018561,0,0.683671079604335,0
INV018562,0,1.2189386038956698,0
INV018563,0,0.7877085017993654,0
INV018564,0,0.5847353760623348,0
INV018565,0,1.45309884819142,0
INV018566,0,0.683671079604335,0
INV018567,0,1.45309884819142,0
INV018568,0,1.2189386038956698,0
INV018569,0,0.683671079604335,0
INV018570,0,2.4111257032117486,0
INV018571,0,1.45309884819142,0
INV018572,0,2.129287337508316,0
INV018573,0,0.683671079604335,0
INV018574,0,0.5847353760623348,0
INV018575,0,1.271965036580983,0
INV018576,0,2.245303063966416,0
INV018577,0,1.271965036580983,0
INV018578,0,0.683671079604335,0
INV018579,0,0.46907342911429506,0
INV018580,0,0.5847353760623348,0
INV018581,0,1.45309884819142,0
INV018582,0,2.325371476111833,0
INV018583,0,1.45309884819142,0
INV018584,0,0.683671079604335,0
INV018585,0,0.7372065375433918,0
INV018586,0,0.5847353760623348,0
INV018587,0,0.5847353760623348,0
INV018588,0,2.064905301775094,0
INV018589,0,0.4706574708054313,0
INV018590,0,1.8465953284843644,0
INV018591,0,0.683671079604335,0
INV018592,0,1.271965036580983,0
INV018593,1,6.300779594049442,1
INV018594,0,1.6276065695558453,0
INV018595,0,1.45309884819142,0
INV018596,0,0.683671079604335,0
INV018597,0,0.683671079604335,0
INV018598,0,1.2189386038956698,0
INV018599,0,0.683671079604335,0
INV018600,1,4.519251216391896,1
INV018601,0,1.45309884819142,0
INV018602,0,1.2189386038956698,0
INV018603,0,0.44259776730242556,0
INV018604,0,1.45309884819142,0
INV018605,0,1.271965036580983,0
INV018606,0,1.45309884819142,0
INV018607,0,1.271965036580983,0
INV018608,0,1.271965036580983,0
INV018609,0,0.683671079604335,0
INV018610,0,1.271965036580983,0
INV018611,0,1.2189386038956698,0
INV018612,0,1.271965036580983,0
INV018613,0,0.683671079604335,0
INV018614,0,1.45309884819142,0
INV018615,0,0.683671079604335,0
INV018616,0,0.5847353760623348,0
INV018617,0,1.45309884819142,0
INV018618,0,1.45309884819142,0
INV018619,0,2.3771948670421956,0
INV018620,0,1.45309884819142,0
INV018621,0,0.5847353760623348,0
INV018622,0,1.271965036580983,0
INV018623,0,1.45309884819142,0
INV018624,0,1.45309884819142,0
INV018625,0,2.2083680539418724,0
INV018626,0,2.462577341751745,0
INV018627,0,1.271965036580983,0
INV018628,0,1.271965036580983,0
INV018629,0,1.45309884819142,0
INV018630,0,1.271965036580983,0
INV018631,0,1.271965036580983,0
INV018632,0,1.271965036580983,0
INV018633,0,1.45309884819142,0
INV018634,0,1.45309884819142,0
INV018635,0,0.5847353760623348,0
INV018636,0,1.45309884819142,0
INV018637,0,1.2189386038956698,0
INV018638,0,1.45309884819142,0
INV018639,0,1.45309884819142,0
INV018640,0,0.44259776730242556,0
INV018641,0,0.46264216979957146,0
INV018642,0,1.2341871059597231,0
INV018643,0,1.45309884819142,0
INV018644,0,0.683671079604335,0
INV018645,0,1.45309884819142,0
INV018646,0,0.5847353760623348,0
INV018647,0,1.45309884819142,0
INV018648,0,1.271965036580983,0
INV018649,0,2.4461601134504822,0
INV018650,0,1.271965036580983,0
INV018651,0,0.683671079604335,0
INV018652,0,0.9061415809804316,0
INV018653,0,0.683671079604335,0
INV018654,0,1.45309884819142,0
INV018655,0,0.683671079604335,0
INV018656,0,1.45309884819142,0
INV018657,0,0.683671079604335,0
INV018658,0,0.7069308212713359,0
INV018659,0,0.496936797534447,0
INV018660,0,0.5847353760623348,0
INV018661,0,0.683671079604335,0
INV018662,0,1.271965036580983,0
INV018663,0,1.45309884819142,0
INV018664,0,1.6057049409839088,0
INV018665,0,1.45309884819142,0
INV018666,0,0.5847353760623348,0
INV018667,0,1.271965036580983,0
INV018668,0,0.683671079604335,0
INV018669,0,0.683671079604335,0
INV018670,0,0.5847353760623348,0
INV018671,0,1.271965036580983,0
INV018672,0,0.683671079604335,0
INV018673,0,0.683671079604335,0
INV018674,0,1.271965036580983,0
INV018675,0,0.683671079604335,0
INV018676,0,1.45309884819142,0
INV018677,0,1.45309884819142,0
INV018678,0,1.45309884819142,0
INV018679,0,0.683671079604335,0
INV018680,0,1.271965036580983,0
INV018681,1,3.1010590202542385,1
INV018682,0,1.45309884819142,0
INV018683,0,1.2189386038956698,0
INV018684,0,0.9938704018047544,0
INV018685,0,0.4972968354464726,0
INV018686,0,1.271965036580983,0
INV018687,0,1.45309884819142,0
INV018688,0,1.2189386038956698,0
INV018689,0,0.683671079604335,0
INV018690,0,1.45309884819142,0
INV018691,0,0.683671079604335,0
INV018692,0,1.271965036580983,0
INV018693,0,1.45309884819142,0
INV018694,0,1.2189386038956698,0
INV018695,0,1.271965036580983,0
INV018696,0,1.271965036580983,0
INV018697,0,0.683671079604335,0
INV018698,0,0.683671079604335,0
INV018699,0,1.45309884819142,0
INV018700,0,1.271965036580983,0
INV018701,0,1.271965036580983,0
INV018702,0,1.45309884819142,0
INV018703,0,0.4494020962093814,0
INV018704,0,0.683671079604335,0
INV018705,0,0.4973565810947757,0
INV018706,0,0.5847353760623348,0
INV018707,0,1.7571357606858993,0
INV018708,0,0.683671079604335,0
INV018709,0,1.2189386038956698,0
INV018710,0,1.45309884819142,0
INV018711,0,1.271965036580983,0
INV018712,0,1.45309884819142,0
INV018713,0,1.45309884819142,0
INV018714,0,0.48173356327017103,0
INV018715,0,1.271965036580983,0
INV018716,1,5.760351338160853,1
INV018717,0,1.271965036580983,0
INV018718,0,2.2479587736737123,0
INV018719,0,1.45309884819142,0
INV018720,0,0.5847353760623348,0
INV018721,0,2.4689056884052554,0
INV018722,0,1.45309884819142,0
INV018723,0,0.683671079604335,0
INV018724,0,1.271965036580983,0
INV018725,0,1.45309884819142,0
INV018726,0,1.2189386038956698,0
INV018727,0,0.683671079604335,0
INV018728,0,1.45309884819142,0
INV018729,0,1.271965036580983,0
INV018730,0,0.683671079604335,0
INV018731,0,1.2189386038956698,0
INV018732,0,1.45309884819142,0
INV018733,0,1.271965036580983,0
INV018734,0,1.271965036580983,0
INV018735,0,1.45309884819142,0
INV018736,0,1.271965036580983,0
INV018737,0,2.053756325875513,0
INV018738,0,1.271965036580983,0
INV018739,0,0.2682884635077665,0
INV018740,0,1.45309884819142,0
INV018741,0,0.5847353760623348,0
INV018742,0,2.065484928404967,0
INV018743,0,0.683671079604335,0
INV018744,0,1.271965036580983,0
INV018745,0,1.45309884819142,0
INV018746,0,1.4645065801682633,0
INV018747,0,1.45309884819142,0
INV018748,0,1.45309884819142,0
INV018749,0,1.271965036580983,0
INV018750,0,1.271965036580983,0
INV018751,0,0.683671079604335,0
INV018752,0,0.3320497563732749,0
INV018753,0,1.4177486499895897,0
INV018754,0,0.683671079604335,0
INV018755,0,1.271965036580983,0
INV018756,0,0.683671079604335,0
INV018757,0,0.683671079604335,0
INV018758,0,1.7668667940527152,0
INV018759,0,2.226062775581721,0
INV018760,0,0.683671079604335,0
INV018761,0,0.683671079604335,0
INV018762,0,1.271965036580983,0
INV018763,0,1.2189386038956698,0
INV018764,0,0.44259776730242556,0
INV018765,0,0.683671079604335,0
INV018766,0,1.271965036580983,0
INV018767,0,0.5847353760623348,0
INV018768,0,0.683671079604335,0
INV018769,0,0.44259776730242556,0
INV018770,0,0.683671079604335,0
INV018771,0,1.45309884819142,0
INV018772,0,1.2189386038956698,0
INV018773,0,0.40487970165478215,0
INV018774,0,1.5705729357594658,0
INV018775,0,0.683671079604335,0
INV018776,0,1.0108125159586485,0
INV018777,0,0.683671079604335,0
INV018778,0,1.45309884819142,0
INV018779,0,1.271965036580983,0
INV018780,0,1.271965036580983,0
INV018781,0,0.5847353760623348,0
INV018782,0,1.45309884819142,0
INV018783,0,0.683671079604335,0
INV018784,0,1.45309884819142,0
INV018785,0,1.45309884819142,0
INV018786,0,1.271965036580983,0
INV018787,0,1.45309884819142,0
INV018788,0,1.271965036580983,0
INV018789,0,0.683671079604335,0
INV018790,0,1.2189386038956698,0
INV018791,0,0.683671079604335,0
INV018792,0,0.5161235963596668,0
INV018793,0,0.683671079604335,0
INV018794,0,0.4838274762007527,0
INV018795,0,1.271965036580983,0
INV018796,0,1.271965036580983,0
INV018797,0,1.2189386038956698,0
INV018798,0,1.271965036580983,0
INV018799,0,0.5847353760623348,0
INV018800,0,1.271965036580983,0
INV018801,0,1.271965036580983,0
INV018802,0,1.2189386038956698,0
INV018803,0,0.683671079604335,0
INV018804,0,0.5847353760623348,0
INV018805,0,1.45309884819142,0
INV018806,1,11.36619024922903,1
INV018807,0,1.2189386038956698,0
INV018808,0,0.683671079604335,0
INV018809,0,0.683671079604335,0
INV018810,0,1.2189386038956698,0
INV018811,0,0.683671079604335,0
INV018812,0,0.5847353760623348,0
INV018813,0,0.44259776730242556,0
INV018814,0,1.236306981658939,0
INV018815,0,1.271965036580983,0
INV018816,0,0.683671079604335,0
INV018817,0,1.2189386038956698,0
INV018818,0,1.45309884819142,0
INV018819,0,0.683671079604335,0
INV018820,0,0.683671079604335,0
INV018821,0,1.45309884819142,0
INV018822,0,1.45309884819142,0
INV018823,0,0.3192319687789446,0
INV018824,0,0.683671079604335,0
INV018825,0,0.683671079604335,0
INV018826,0,1.45309884819142,0
INV018827,0,0.683671079604335,0
INV018828,0,1.45309884819142,0
INV018829,0,0.683671079604335,0
INV018830,0,0.5847353760623348,0
INV018831,0,1.7360511773148413,0
INV018832,0,1.45309884819142,0
INV018833,0,0.5847353760623348,0
INV018834,0,1.979591018433765,0
INV018835,0,0.683671079604335,0
INV018836,0,1.45309884819142,0
INV018837,0,1.271965036580983,0
INV018838,0,0.683671079604335,0
INV018839,1,12.884902366317368,1
INV018840,0,1.45309884819142,0
INV018841,0,0.683671079604335,0
INV018842,0,1.45309884819142,0
INV018843,0,0.683671079604335,0
INV018844,0,0.683671079604335,0
INV018845,0,0.5097633436531358,0
INV018846,0,1.271965036580983,0
INV018847,0,0.5847353760623348,0
INV018848,0,0.683671079604335,0
INV018849,0,1.271965036580983,0
INV018850,0,1.2189386038956698,0
INV018851,0,0.5145232888375788,0
INV018852,0,1.45309884819142,0
INV018853,0,0.5847353760623348,0
INV018854,0,1.45309884819142,0
INV018855,0,0.48801843010633,0
INV018856,0,0.683671079604335,0
INV018857,0,0.38285514093738476,0
INV018858,0,0.683671079604335,0
INV018859,0,1.271965036580983,0
INV018860,0,1.271965036580983,0
INV018861,0,0.5847353760623348,0
INV018862,0,0.5847353760623348,0
INV018863,0,0.683671079604335,0
INV018864,0,1.45309884819142,0
INV018865,0,0.683671079604335,0
INV018866,0,0.683671079604335,0
INV018867,0,1.271965036580983,0
INV018868,0,1.2189386038956698,0
INV018869,0,1.45309884819142,0
INV018870,0,1.271965036580983,0
INV018871,0,1.271965036580983,0
INV018872,0,1.2189386038956698,0
INV018873,0,1.271965036580983,0
INV018874,0,1.271965036580983,0
INV018875,0,1.271965036580983,0
INV018876,0,1.45309884819142,0
INV018877,0,0.683671079604335,0
INV018878,0,0.79890377275627,0
INV018879,0,0.9350187485950884,0
INV018880,0,1.271965036580983,0
INV018881,0,1.271965036580983,0
INV018882,0,1.271965036580983,0
INV018883,0,0.683671079604335,0
INV018884,0,1.271965036580983,0
INV018885,0,1.45309884819142,0
INV018886,0,0.683671079604335,0
INV018887,0,1.45309884819142,0
INV018888,0,0.683671079604335,0
INV018889,0,1.271965036580983,0
INV018890,0,0.94003269098593,0
INV018891,0,0.29096445702053286,0
INV018892,0,1.45309884819142,0
INV018893,0,1.271965036580983,0
INV018894,0,0.683671079604335,0
INV018895,0,0.683671079604335,0
INV018896,0,1.45309884819142,0
INV018897,0,1.45309884819142,0
INV018898,0,1.45309884819142,0
INV018899,0,1.271965036580983,0
INV018900,0,1.2189386038956698,0
INV018901,0,1.2189386038956698,0
INV018902,0,0.683671079604335,0
INV018903,0,0.5847353760623348,0
INV018904,0,1.45309884819142,0
INV018905,0,2.135265655991925,0
INV018906,0,1.2189386038956698,0
INV018907,0,1.271965036580983,0
INV018908,0,1.45309884819142,0
INV018909,0,0.683671079604335,0
INV018910,0,1.45309884819142,0
INV018911,0,1.271965036580983,0
INV018912,0,1.45309884819142,0
INV018913,0,1.271965036580983,0
INV018914,0,1.2189386038956698,0
INV018915,0,1.45309884819142,0
INV018916,0,1.271965036580983,0
INV018917,0,0.683671079604335,0
INV018918,0,1.45309884819142,0
INV018919,0,2.160405123336561,0
INV018920,0,1.45309884819142,0
INV018921,0,1.2189386038956698,0
INV018922,0,0.683671079604335,0
INV018923,0,1.2189386038956698,0
INV018924,0,1.45309884819142,0
INV018925,0,1.2189386038956698,0
INV018926,0,0.683671079604335,0
INV018927,0,0.5847353760623348,0
INV018928,0,1.45309884819142,0
INV018929,0,0.44259776730242556,0
INV018930,0,1.2189386038956698,0
INV018931,0,1.271965036580983,0
INV018932,0,0.683671079604335,0
INV018933,0,1.45309884819142,0
INV018934,0,1.4820470892185127,0
INV018935,0,1.271965036580983,0
INV018936,0,0.9229316721758161,0
INV018937,0,1.271965036580983,0
INV018938,0,1.2189386038956698,0
INV018939,0,0.683671079604335,0
INV018940,0,1.271965036580983,0
INV018941,0,1.45309884819142,0
INV018942,0,2.1225686109119666,0
INV018943,0,1.45309884819142,0
INV018944,0,0.683671079604335,0
INV018945,0,1.45309884819142,0
INV018946,0,1.45309884819142,0
INV018947,1,19.56060558009676,6
INV018948,0,1.45309884819142,0
INV018949,0,0.5847353760623348,0
INV018950,0,0.683671079604335,0
INV018951,0,0.5847353760623348,0
INV018952,0,0.683671079604335,0
INV018953,0,1.271965036580983,0
INV018954,0,1.45309884819142,0
INV018955,0,1.271965036580983,0
INV018956,0,0.5078746304360978,0
INV018957,0,0.44259776730242556,0
INV018958,0,1.271965036580983,0
INV018959,0,1.271965036580983,0
INV018960,0,1.271965036580983,0
INV018961,0,1.45309884819142,0
INV018962,0,0.683671079604335,0
INV018963,0,1.45309884819142,0
INV018964,0,1.271965036580983,0
INV018965,0,1.2189386038956698,0
INV018966,0,0.683671079604335,0
INV018967,0,1.2189386038956698,0
INV018968,0,0.4101176120256502,0
INV018969,0,1.45309884819142,0
INV018970,0,0.5847353760623348,0
INV018971,0,1.271965036580983,0
INV018972,0,1.45309884819142,0
INV018973,0,1.45309884819142,0
INV018974,0,1.271965036580983,0
INV018975,0,1.271965036580983,0
INV018976,0,1.271965036580983,0
INV018977,0,1.271965036580983,0
INV018978,0,0.683671079604335,0
INV018979,0,1.271965036580983,0
INV018980,0,1.271965036580983,0
INV018981,0,0.683671079604335,0
INV018982,0,0.683671079604335,0
INV018983,0,1.271965036580983,0
INV018984,0,1.271965036580983,0
INV018985,0,1.45309884819142,0
INV018986,0,0.683671079604335,0
INV018987,0,0.5847353760623348,0
INV018988,0,1.45309884819142,0
INV018989,0,1.271965036580983,0
INV018990,0,1.6022775427197347,0
INV018991,0,1.45309884819142,0
INV018992,0,0.683671079604335,0
INV018993,0,1.271965036580983,0
INV018994,0,1.271965036580983,0
INV018995,0,0.4658377799726851,0
INV018996,0,1.2189386038956698,0
INV018997,0,0.5847353760623348,0
INV018998,0,1.271965036580983,0
INV018999,0,1.271965036580983,0
INV019000,0,1.45309884819142,0
INV019001,0,1.271965036580983,0
INV019002,0,1.271965036580983,0
INV019003,0,0.683671079604335,0
INV019004,0,1.271965036580983,0
INV019005,0,1.271965036580983,0
INV019006,0,0.683671079604335,0
INV019007,0,0.683671079604335,0
INV019008,0,0.683671079604335,0
INV019009,0,1.45309884819142,0
INV019010,0,2.409389951366544,0
INV019011,0,1.45309884819142,0
INV019012,0,1.45309884819142,0
INV019013,0,0.683671079604335,0
INV019014,0,0.683671079604335,0
INV019015,0,1.45309884819142,0
INV019016,0,1.8923758225021843,0
INV019017,0,1.271965036580983,0
INV019018,0,0.683671079604335,0
INV019019,0,1.271965036580983,0
INV019020,0,1.45309884819142,0
INV019021,0,0.683671079604335,0
INV019022,0,1.271965036580983,0
INV019023,0,0.683671079604335,0
INV019024,0,1.45309884819142,0
INV019025,0,1.0829596091446283,0
INV019026,0,0.683671079604335,0
INV019027,0,1.271965036580983,0
INV019028,0,0.683671079604335,0
INV019029,0,0.44259776730242556,0
INV019030,0,1.2189386038956698,0
INV019031,0,0.5332402553918495,0
INV019032,0,1.271965036580983,0
INV019033,0,0.5847353760623348,0
INV019034,0,1.271965036580983,0
INV019035,0,0.683671079604335,0
INV019036,0,1.2189386038956698,0
INV019037,0,0.683671079604335,0
INV019038,0,1.271965036580983,0
INV019039,0,1.45309884819142,0
INV019040,0,1.45309884819142,0
INV019041,0,0.683671079604335,0
INV019042,0,1.45309884819142,0
INV019043,0,0.5847353760623348,0
INV019044,0,1.0131228895626636,0
INV019045,0,1.45309884819142,0
INV019046,0,0.5063234332113062,0
INV019047,0,0.44259776730242556,0
INV019048,0,1.271965036580983,0
INV019049,0,0.5847353760623348,0
INV019050,0,1.45309884819142,0
INV019051,0,1.45309884819142,0
INV019052,0,1.45309884819142,0
INV019053,0,1.271965036580983,0
INV019054,0,0.8402765393906381,0
INV019055,0,0.5847353760623348,0
INV019056,0,0.683671079604335,0
INV019057,0,1.271965036580983,0
INV019058,0,0.683671079604335,0
INV019059,0,2.090359763192197,0
INV019060,0,1.271965036580983,0
INV019061,0,0.5847353760623348,0
INV019062,1,10.731987021395694,1
INV019063,0,1.45309884819142,0
INV019064,0,1.45309884819142,0
INV019065,0,2.474393529524784,0
INV019066,0,1.2189386038956698,0
INV019067,0,1.45309884819142,0
INV019068,0,0.5847353760623348,0
INV019069,0,1.45309884819142,0
INV019070,0,1.271965036580983,0
INV019071,0,1.271965036580983,0
INV019072,0,0.5847353760623348,0
INV019073,0,1.45309884819142,0
INV019074,0,1.2189386038956698,0
INV019075,0,0.683671079604335,0
INV019076,0,1.271965036580983,0
INV019077,0,0.683671079604335,0
INV019078,0,1.271965036580983,0
INV019079,0,1.45309884819142,0
INV019080,0,1.78635451075054,0
INV019081,0,1.271965036580983,0
INV019082,0,0.683671079604335,0
INV019083,0,0.5847353760623348,0
INV019084,0,1.271965036580983,0
INV019085,0,1.45309884819142,0
INV019086,0,1.45309884819142,0
INV019087,0,1.271965036580983,0
INV019088,0,1.271965036580983,0
INV019089,0,0.683671079604335,0
INV019090,0,1.45309884819142,0
INV019091,0,1.2189386038956698,0
INV019092,0,1.271965036580983,0
INV019093,0,0.683671079604335,0
INV019094,0,1.45309884819142,0
INV019095,0,1.271965036580983,0
INV019096,0,1.271965036580983,0
INV019097,0,0.683671079604335,0
INV019098,0,1.271965036580983,0
INV019099,0,0.683671079604335,0
INV019100,0,1.45309884819142,0
INV019101,0,1.45309884819142,0
INV019102,0,1.271965036580983,0
INV019103,0,1.271965036580983,0
INV019104,0,1.271965036580983,0
INV019105,0,0.49226162235361726,0
INV019106,0,1.271965036580983,0
INV019107,0,1.4751015794021645,0
INV019108,0,0.683671079604335,0
INV019109,0,1.271965036580983,0
INV019110,0,2.534039706015549,0
INV019111,0,1.271965036580983,0
INV019112,0,0.683671079604335,0
INV019113,0,1.45309884819142,0
INV019114,0,1.45309884819142,0
INV019115,0,1.586348289347021,0
INV019116,0,1.2189386038956698,0
INV019117,0,1.271965036580983,0
INV019118,0,0.683671079604335,0
INV019119,0,1.2189386038956698,0
INV019120,0,0.683671079604335,0
INV019121,0,0.683671079604335,0
INV019122,0,1.271965036580983,0
INV019123,0,1.2189386038956698,0
INV019124,0,1.45309884819142,0
INV019125,0,1.271965036580983,0
INV019126,0,0.5847353760623348,0
INV019127,0,1.2189386038956698,0
INV019128,0,1.45309884819142,0
INV019129,0,1.271965036580983,0
INV019130,0,1.2189386038956698,0
INV019131,0,0.683671079604335,0
INV019132,0,1.271965036580983,0
INV019133,0,1.271965036580983,0
INV019134,0,1.2189386038956698,0
INV019135,0,0.683671079604335,0
INV019136,0,0.5847353760623348,0
INV019137,0,1.9025547918290533,0
INV019138,0,0.45690846438911986,0
INV019139,0,0.5847353760623348,0
INV019140,0,1.271965036580983,0
INV019141,0,0.683671079604335,0
INV019142,0,0.683671079604335,0
INV019143,0,1.271965036580983,0
INV019144,0,0.5847353760623348,0
INV019145,0,1.45309884819142,0
INV019146,0,1.2189386038956698,0
INV019147,0,1.271965036580983,0
INV019148,0,1.45309884819142,0
INV019149,0,1.182377619138791,0
INV019150,0,0.5847353760623348,0
INV019151,0,1.2189386038956698,0
INV019152,0,1.2189386038956698,0
INV019153,0,0.683671079604335,0
INV019154,0,1.271965036580983,0
INV019155,0,0.683671079604335,0
INV019156,0,1.45309884819142,0
INV019157,0,1.271965036580983,0
INV019158,0,0.683671079604335,0
INV019159,0,1.2189386038956698,0
INV019160,0,1.271965036580983,0
INV019161,0,1.271965036580983,0
INV019162,0,1.45309884819142,0
INV019163,0,1.45309884819142,0
INV019164,0,1.966359077759051,0
INV019165,0,1.45309884819142,0
INV019166,0,1.271965036580983,0
INV019167,0,1.271965036580983,0
INV019168,0,0.683671079604335,0
INV019169,0,1.45309884819142,0
INV019170,0,0.5847353760623348,0
INV019171,0,0.683671079604335,0
INV019172,1,8.41094185576129,1
INV019173,0,1.271965036580983,0
INV019174,0,1.45309884819142,0
INV019175,0,1.271965036580983,0
INV019176,0,0.683671079604335,0
INV019177,0,0.683671079604335,0
INV019178,1,6.3132947747121255,1
INV019179,0,0.5847353760623348,0
INV019180,0,0.683671079604335,0
INV019181,0,0.683671079604335,0
INV019182,0,1.271965036580983,0
INV019183,0,1.271965036580983,0
INV019184,0,0.683671079604335,0
INV019185,0,1.2189386038956698,0
INV019186,0,0.683671079604335,0
INV019187,0,0.683671079604335,0
INV019188,0,0.683671079604335,0
INV019189,0,1.45309884819142,0
INV019190,0,0.683671079604335,0
INV019191,0,1.2189386038956698,0
INV019192,0,0.45606076435298654,0
INV019193,0,1.45309884819142,0
INV019194,0,0.683671079604335,0
INV019195,0,0.683671079604335,0
INV019196,0,1.271965036580983,0
INV019197,0,1.45309884819142,0
INV019198,0,1.45309884819142,0
INV019199,0,1.271965036580983,0
INV019200,0,0.683671079604335,0
INV019201,0,1.45309884819142,0
INV019202,0,0.5847353760623348,0
INV019203,0,0.683671079604335,0
INV019204,0,0.5847353760623348,0
INV019205,0,1.2189386038956698,0
INV019206,0,1.45309884819142,0
INV019207,0,1.9726802299104094,0
INV019208,0,0.5847353760623348,0
INV019209,0,1.271965036580983,0
INV019210,0,0.683671079604335,0
INV019211,0,1.45309884819142,0
INV019212,0,1.2189386038956698,0
INV019213,0,1.271965036580983,0
INV019214,0,2.2685119022988696,0
INV019215,0,1.2189386038956698,0
INV019216,0,1.45309884819142,0
INV019217,0,1.271965036580983,0
INV019218,0,0.683671079604335,0
INV019219,0,1.45309884819142,0
INV019220,0,0.683671079604335,0
INV019221,0,0.8763025397085387,0
INV019222,0,1.45309884819142,0
INV019223,0,1.45309884819142,0
INV019224,0,0.5847353760623348,0
INV019225,0,0.5847353760623348,0
INV019226,0,1.271965036580983,0
INV019227,0,0.5847353760623348,0
INV019228,0,1.45309884819142,0
INV019229,0,0.683671079604335,0
INV019230,0,1.2189386038956698,0
INV019231,0,0.526567198243941,0
INV019232,0,1.271965036580983,0
INV019233,0,1.4147778684913754,0
INV019234,0,1.271965036580983,0
INV019235,0,0.5847353760623348,0
INV019236,0,1.45309884819142,0
INV019237,0,0.683671079604335,0
INV019238,0,1.271965036580983,0
INV019239,0,1.45309884819142,0
INV019240,0,2.235802880277337,0
INV019241,0,0.44259776730242556,0
INV019242,0,0.5847353760623348,0
INV019243,0,0.683671079604335,0
INV019244,0,1.271965036580983,0
INV019245,0,0.7513418574448046,0
INV019246,0,1.2189386038956698,0
INV019247,0,2.0459424709299006,0
INV019248,0,0.683671079604335,0
INV019249,0,0.683671079604335,0
INV019250,0,1.45309884819142,0
INV019251,0,1.2189386038956698,0
INV019252,0,1.45309884819142,0
INV019253,0,0.44259776730242556,0
INV019254,0,1.45309884819142,0
INV019255,0,0.683671079604335,0
INV019256,0,1.271965036580983,0
INV019257,0,1.0011537404177906,0
INV019258,0,1.2189386038956698,0
INV019259,0,1.271965036580983,0
INV019260,0,2.5430603604959967,0
INV019261,0,0.683671079604335,0
INV019262,0,0.7312964104280032,0
INV019263,0,1.45309884819142,0
INV019264,0,1.45309884819142,0
INV019265,0,0.5847353760623348,0
INV019266,0,1.45309884819142,0
INV019267,0,0.5847353760623348,0
INV019268,0,1.271965036580983,0
INV019269,0,1.45309884819142,0
INV019270,0,2.366398856828468,0
INV019271,0,1.2189386038956698,0
INV019272,0,0.9686464772609469,0
INV019273,0,1.3666181838924374,0
INV019274,0,1.0722147765833074,0
INV019275,0,0.2682884635077665,0
INV019276,0,0.683671079604335,0
INV019277,0,1.271965036580983,0
INV019278,0,1.271965036580983,0
INV019279,0,2.012662580802854,0
INV019280,0,1.45309884819142,0
INV019281,0,1.2189386038956698,0
INV019282,0,0.683671079604335,0
INV019283,0,0.683671079604335,0
INV019284,0,1.45309884819142,0
INV019285,0,1.271965036580983,0
INV019286,0,0.5847353760623348,0
INV019287,0,0.683671079604335,0
INV019288,0,1.271965036580983,0
INV019289,0,0.5847353760623348,0
INV019290,0,0.5847353760623348,0
INV019291,0,1.45309884819142,0
INV019292,0,0.683671079604335,0
INV019293,0,1.45309884819142,0
INV019294,0,0.683671079604335,0
INV019295,0,1.271965036580983,0
INV019296,0,0.4900773089394774,0
INV019297,0,1.271965036580983,0
INV019298,0,1.45309884819142,0
INV019299,0,1.45309884819142,0
INV019300,0,1.6263290762172589,0
INV019301,0,1.271965036580983,0
INV019302,0,0.683671079604335,0
INV019303,0,1.271965036580983,0
INV019304,0,2.5702809157891173,0
INV019305,0,0.683671079604335,0
INV019306,0,2.2785720059380146,0
INV019307,0,1.45309884819142,0
INV019308,0,0.44259776730242556,0
INV019309,0,1.45309884819142,0
INV019310,0,1.45309884819142,0
INV019311,0,1.271965036580983,0
INV019312,0,1.45309884819142,0
INV019313,0,0.6057157497614588,0
INV019314,0,1.45309884819142,0
INV019315,0,1.45309884819142,0
INV019316,0,1.45309884819142,0
INV019317,0,0.9088598515760029,0
INV019318,0,0.683671079604335,0
INV019319,0,1.45309884819142,0
INV019320,0,1.45309884819142,0
INV019321,0,0.5847353760623348,0
INV019322,0,1.2189386038956698,0
INV019323,0,1.2189386038956698,0
INV019324,0,0.5847353760623348,0
INV019325,0,1.271965036580983,0
INV019326,0,1.2189386038956698,0
INV019327,0,1.2189386038956698,0
INV019328,0,1.45309884819142,0
INV019329,0,0.5847353760623348,0
INV019330,0,1.271965036580983,0
INV019331,0,0.8939528431177116,0
INV019332,0,0.683671079604335,0
INV019333,0,1.45309884819142,0
INV019334,0,1.7533411300075474,0
INV019335,0,1.3660329267826197,0
INV019336,0,1.2189386038956698,0
INV019337,0,0.5847353760623348,0
INV019338,1,23.538270810585523,1
INV019339,0,0.5847353760623348,0
INV019340,0,0.44259776730242556,0
INV019341,0,1.45309884819142,0
INV019342,0,1.45309884819142,0
INV019343,0,2.2858156183869958,0
INV019344,0,0.683671079604335,0
INV019345,0,1.45309884819142,0
INV019346,0,1.45309884819142,0
INV019347,0,0.683671079604335,0
INV019348,0,1.271965036580983,0
INV019349,0,1.45309884819142,0
INV019350,0,2.3407024753022005,0
INV019351,0,0.683671079604335,0
INV019352,0,0.683671079604335,0
INV019353,0,0.683671079604335,0
INV019354,0,1.271965036580983,0
INV019355,0,2.2121570541402793,0
INV019356,0,1.4249183628719544,0
INV019357,0,1.271965036580983,0
INV019358,0,1.271965036580983,0
INV019359,0,1.45309884819142,0
INV019360,0,1.271965036580983,0
INV019361,0,1.45309884819142,0
INV019362,0,1.271965036580983,0
INV019363,0,0.6760926826136829,0
INV019364,0,0.683671079604335,0
INV019365,0,1.2189386038956698,0
INV019366,0,1.45309884819142,0
INV019367,0,0.683671079604335,0
INV019368,0,1.271965036580983,0
INV019369,0,1.45309884819142,0
INV019370,0,0.44259776730242556,0
INV019371,0,1.271965036580983,0
INV019372,0,1.45309884819142,0
INV019373,0,0.683671079604335,0
INV019374,0,0.49686641653513697,0
INV019375,0,1.6620169349340306,0
INV019376,0,0.683671079604335,0
INV019377,0,1.45309884819142,0
INV019378,0,1.271965036580983,0
INV019379,0,1.2189386038956698,0
INV019380,0,0.5847353760623348,0
INV019381,0,1.271965036580983,0
INV019382,0,1.45309884819142,0
INV019383,0,1.45309884819142,0
INV019384,0,1.271965036580983,0
INV019385,0,0.683671079604335,0
INV019386,0,1.271965036580983,0
INV019387,0,0.683671079604335,0
INV019388,0,0.683671079604335,0
INV019389,0,0.5847353760623348,0
INV019390,0,1.271965036580983,0
INV019391,0,0.683671079604335,0
INV019392,0,1.2189386038956698,0
INV019393,0,1.45309884819142,0
INV019394,0,1.271965036580983,0
INV019395,0,2.6684512163155114,0
INV019396,0,0.44259776730242556,0
INV019397,0,0.683671079604335,0
INV019398,0,0.5847353760623348,0
INV019399,0,0.683671079604335,0
INV019400,0,1.2189386038956698,0
INV019401,0,1.45309884819142,0
INV019402,0,1.271965036580983,0
INV019403,0,0.683671079604335,0
INV019404,0,1.271965036580983,0
INV019405,0,0.44259776730242556,0
INV019406,0,1.45309884819142,0
INV019407,0,1.45309884819142,0
INV019408,0,0.9873221536289556,0
INV019409,0,0.683671079604335,0
INV019410,0,1.45309884819142,0
INV019411,0,1.45309884819142,0
INV019412,0,0.6932165361480174,0
INV019413,0,1.45309884819142,0
INV019414,0,1.45309884819142,0
INV019415,0,0.683671079604335,0
INV019416,0,1.271965036580983,0
INV019417,0,1.2189386038956698,0
INV019418,0,0.683671079604335,0
INV019419,0,0.683671079604335,0
INV019420,0,1.45309884819142,0
INV019421,0,1.45309884819142,0
INV019422,0,0.5847353760623348,0
INV019423,0,1.45309884819142,0
INV019424,0,0.683671079604335,0
INV019425,0,1.271965036580983,0
INV019426,0,1.9940982628159758,0
INV019427,0,1.45309884819142,0
INV019428,0,1.45309884819142,0
INV019429,0,1.2189386038956698,0
INV019430,0,1.45309884819142,0
INV019431,0,0.683671079604335,0
INV019432,0,1.271965036580983,0
INV019433,0,1.45309884819142,0
INV019434,0,0.4872123330608999,0
INV019435,0,1.45309884819142,0
INV019436,0,0.8401166963210941,0
INV019437,0,0.5847353760623348,0
INV019438,0,1.271965036580983,0
INV019439,0,1.271965036580983,0
INV019440,0,1.271965036580983,0
INV019441,0,1.45309884819142,0
INV019442,0,0.683671079604335,0
INV019443,0,0.683671079604335,0
INV019444,0,0.683671079604335,0
INV019445,0,1.8836132316858731,0
INV019446,0,1.271965036580983,0
INV019447,0,1.271965036580983,0
INV019448,0,0.683671079604335,0
INV019449,0,1.8335091546793318,0
INV019450,0,1.271965036580983,0
INV019451,0,1.45309884819142,0
INV019452,0,1.2189386038956698,0
INV019453,0,1.0250982947963638,0
INV019454,0,0.683671079604335,0
INV019455,0,1.271965036580983,0
INV019456,0,1.2189386038956698,0
INV019457,0,1.271965036580983,0
INV019458,0,1.45309884819142,0
INV019459,0,1.271965036580983,0
INV019460,0,1.271965036580983,0
INV019461,0,1.271965036580983,0
INV019462,0,0.2682884635077665,0
INV019463,0,0.5847353760623348,0
INV019464,0,0.5847353760623348,0
INV019465,0,1.271965036580983,0
INV019466,0,0.5166093816571262,0
INV019467,0,1.271965036580983,0
INV019468,0,1.271965036580983,0
INV019469,0,1.271965036580983,0
INV019470,0,0.4983653754182185,0
INV019471,0,1.45309884819142,0
INV019472,0,1.271965036580983,0
INV019473,0,0.683671079604335,0
INV019474,0,1.45309884819142,0
INV019475,0,1.271965036580983,0
INV019476,0,0.683671079604335,0
INV019477,0,1.45309884819142,0
INV019478,0,0.5847353760623348,0
INV019479,0,0.683671079604335,0
INV019480,0,1.45309884819142,0
INV019481,0,0.5847353760623348,0
INV019482,0,0.683671079604335,0
INV019483,0,0.5847353760623348,0
INV019484,0,1.271965036580983,0
INV019485,0,0.683671079604335,0
INV019486,0,0.683671079604335,0
INV019487,0,1.271965036580983,0
INV019488,0,0.5847353760623348,0
INV019489,0,1.45309884819142,0
INV019490,0,1.2189386038956698,0
INV019491,0,0.5175074432083213,0
INV019492,0,0.8311851911064393,0
INV019493,0,0.683671079604335,0
INV019494,0,1.45309884819142,0
INV019495,0,0.5847353760623348,0
INV019496,0,0.44259776730242556,0
INV019497,0,1.271965036580983,0
INV019498,0,0.683671079604335,0
INV019499,0,0.5847353760623348,0
INV019500,0,0.4543456576009131,0
INV019501,0,1.271965036580983,0
INV019502,0,1.45309884819142,0
INV019503,0,0.683671079604335,0
INV019504,0,1.45309884819142,0
INV019505,0,1.45309884819142,0
INV019506,0,1.45309884819142,0
INV019507,0,1.271965036580983,0
INV019508,0,0.5847353760623348,0
INV019509,0,0.683671079604335,0
INV019510,0,0.683671079604335,0
INV019511,0,0.44259776730242556,0
INV019512,0,0.5847353760623348,0
INV019513,0,0.683671079604335,0
INV019514,0,0.683671079604335,0
INV019515,0,1.271965036580983,0
INV019516,0,1.271965036580983,0
INV019517,0,0.683671079604335,0
INV019518,0,2.426940782963359,0
INV019519,0,1.45309884819142,0
INV019520,0,1.271965036580983,0
INV019521,0,0.683671079604335,0
INV019522,0,0.683671079604335,0
INV019523,0,1.2189386038956698,0
INV019524,0,1.271965036580983,0
INV019525,0,0.44916342642061025,0
INV019526,0,1.45309884819142,0
INV019527,0,1.2189386038956698,0
INV019528,0,1.271965036580983,0
INV019529,0,0.683671079604335,0
INV019530,0,1.2189386038956698,0
INV019531,0,0.683671079604335,0
INV019532,0,0.44259776730242556,0
INV019533,0,0.683671079604335,0
INV019534,0,0.5847353760623348,0
INV019535,0,0.5847353760623348,0
INV019536,0,0.683671079604335,0
INV019537,0,0.683671079604335,0
INV019538,0,0.683671079604335,0
INV019539,0,1.45309884819142,0
INV019540,0,0.683671079604335,0
INV019541,0,1.271965036580983,0
INV019542,0,1.0370048830529612,0
INV019543,0,0.9817385943503653,0
INV019544,0,1.45309884819142,0
INV019545,0,1.2189386038956698,0
INV019546,0,0.3477709513126549,0
INV019547,0,0.683671079604335,0
INV019548,0,1.2189386038956698,0
INV019549,0,1.271965036580983,0
INV019550,0,1.724129574445058,0
INV019551,0,0.44940647547156065,0
INV019552,0,0.5847353760623348,0
INV019553,0,0.683671079604335,0
INV019554,0,0.683671079604335,0
INV019555,0,0.683671079604335,0
INV019556,0,1.271965036580983,0
INV019557,0,0.7419161212127731,0
INV019558,0,1.271965036580983,0
INV019559,0,0.5296711567157311,0
INV019560,0,0.683671079604335,0
INV019561,0,0.683671079604335,0
INV019562,0,1.718997704779817,0
INV019563,0,1.271965036580983,0
INV019564,0,1.45309884819142,0
INV019565,0,1.2189386038956698,0
INV019566,0,1.2189386038956698,0
INV019567,0,1.45309884819142,0
INV019568,0,1.45309884819142,0
INV019569,0,1.45309884819142,0
INV019570,0,1.271965036580983,0
INV019571,0,0.683671079604335,0
INV019572,0,1.271965036580983,0
INV019573,0,1.2189386038956698,0
INV019574,0,0.5847353760623348,0
INV019575,0,1.45309884819142,0
INV019576,0,1.271965036580983,0
INV019577,0,1.45309884819142,0
INV019578,0,1.2189386038956698,0
INV019579,0,1.271965036580983,0
INV019580,0,1.45309884819142,0
INV019581,0,1.45309884819142,0
INV019582,0,1.271965036580983,0
INV019583,0,1.271965036580983,0
INV019584,0,0.683671079604335,0
INV019585,0,1.2189386038956698,0
INV019586,0,1.45309884819142,0
INV019587,0,0.5847353760623348,0
INV019588,0,0.683671079604335,0
INV019589,0,1.45309884819142,0
INV019590,0,0.5847353760623348,0
INV019591,0,1.45309884819142,0
INV019592,0,0.683671079604335,0
INV019593,0,1.45309884819142,0
INV019594,0,1.45309884819142,0
INV019595,0,1.271965036580983,0
INV019596,0,0.683671079604335,0
INV019597,0,1.271965036580983,0
INV019598,0,1.2189386038956698,0
INV019599,0,1.271965036580983,0
INV019600,0,1.45309884819142,0
INV019601,0,1.271965036580983,0
INV019602,0,2.2401396010525962,0
INV019603,0,1.271965036580983,0
INV019604,0,2.136389562349795,0
INV019605,0,0.7914887434734137,0
INV019606,0,1.0172115564159103,0
INV019607,0,2.233449652464853,0
INV019608,0,2.2920789017167,0
INV019609,0,0.5847353760623348,0
INV019610,0,0.683671079604335,0
INV019611,0,1.7637975568739181,0
INV019612,0,0.683671079604335,0
INV019613,0,1.45309884819142,0
INV019614,0,1.271965036580983,0
INV019615,0,1.271965036580983,0
INV019616,0,0.683671079604335,0
INV019617,0,1.45309884819142,0
INV019618,0,0.683671079604335,0
INV019619,0,1.271965036580983,0
INV019620,0,1.45309884819142,0
INV019621,0,0.683671079604335,0
INV019622,0,1.45309884819142,0
INV019623,0,0.683671079604335,0
INV019624,0,0.683671079604335,0
INV019625,0,0.5847353760623348,0
INV019626,0,2.2085795097442436,0
INV019627,0,1.45309884819142,0
INV019628,0,1.45309884819142,0
INV019629,0,0.683671079604335,0
INV019630,0,0.8959325824271905,0
INV019631,0,2.544657852778112,0
INV019632,0,1.5455757944356567,0
INV019633,0,1.271965036580983,0
INV019634,0,0.5847353760623348,0
INV019635,0,1.45309884819142,0
INV019636,0,0.5847353760623348,0
INV019637,0,1.2189386038956698,0
INV019638,0,0.683671079604335,0
INV019639,0,0.44259776730242556,0
INV019640,0,1.45309884819142,0
INV019641,0,0.683671079604335,0
INV019642,0,1.2189386038956698,0
INV019643,0,1.271965036580983,0
INV019644,0,0.5037671953163685,0
INV019645,0,1.2189386038956698,0
INV019646,0,1.45309884819142,0
INV019647,0,1.271965036580983,0
INV019648,0,1.45309884819142,0
INV019649,0,1.271965036580983,0
INV019650,0,0.683671079604335,0
INV019651,0,0.683671079604335,0
INV019652,0,0.5847353760623348,0
INV019653,0,0.44259776730242556,0
INV019654,0,0.4989105935595397,0
INV019655,0,1.271965036580983,0
INV019656,0,1.45309884819142,0
INV019657,0,0.683671079604335,0
INV019658,0,1.271965036580983,0
INV019659,0,1.271965036580983,0
INV019660,0,0.683671079604335,0
INV019661,0,1.271965036580983,0
INV019662,0,0.5261933969364947,0
INV019663,0,0.683671079604335,0
INV019664,0,0.5847353760623348,0
INV019665,0,1.271965036580983,0
INV019666,0,1.271965036580983,0
INV019667,0,0.683671079604335,0
INV019668,0,1.271965036580983,0
INV019669,0,1.271965036580983,0
INV019670,0,1.271965036580983,0
INV019671,0,1.8272777774026487,0
INV019672,0,0.683671079604335,0
INV019673,0,0.9457323007122714,0
INV019674,0,1.271965036580983,0
INV019675,0,0.44259776730242556,0
INV019676,0,1.271965036580983,0
INV019677,0,0.683671079604335,0
INV019678,0,1.45309884819142,0
INV019679,0,0.5026010603589127,0
INV019680,0,1.45309884819142,0
INV019681,0,1.45309884819142,0
INV019682,0,0.2682884635077665,0
INV019683,0,0.5847353760623348,0
INV019684,0,0.5176650966467756,0
INV019685,0,0.683671079604335,0
INV019686,0,1.6444323204575466,0
INV019687,0,1.271965036580983,0
INV019688,0,0.683671079604335,0
INV019689,0,1.0041948251968638,0
INV019690,0,1.45309884819142,0
INV019691,0,1.271965036580983,0
INV019692,0,1.45309884819142,0
INV019693,0,0.6472302168077708,0
INV019694,0,0.683671079604335,0
INV019695,0,1.271965036580983,0
INV019696,0,0.683671079604335,0
INV019697,0,1.45309884819142,0
INV019698,0,1.45309884819142,0
INV019699,0,1.271965036580983,0
INV019700,0,1.271965036580983,0
INV019701,0,0.683671079604335,0
INV019702,0,0.408408448557963,0
INV019703,0,2.0321818907492584,0
INV019704,0,0.683671079604335,0
INV019705,0,0.683671079604335,0
INV019706,0,1.45309884819142,0
INV019707,0,0.4138421745091334,0
INV019708,0,0.44259776730242556,0
INV019709,0,1.45309884819142,0
INV019710,0,0.5917033620055074,0
INV019711,0,0.683671079604335,0
INV019712,0,0.683671079604335,0
INV019713,0,0.683671079604335,0
INV019714,0,1.271965036580983,0
INV019715,0,1.271965036580983,0
INV019716,0,0.683671079604335,0
INV019717,0,1.2706263209446835,0
INV019718,0,0.683671079604335,0
INV019719,0,0.5240228469177756,0
INV019720,0,1.45309884819142,0
INV019721,0,0.6638523320181355,0
INV019722,0,1.271965036580983,0
INV019723,0,1.45309884819142,0
INV019724,0,2.1047931857262423,0
INV019725,0,1.271965036580983,0
INV019726,0,1.2189386038956698,0
INV019727,0,1.45309884819142,0
INV019728,0,1.2189386038956698,0
INV019729,0,1.271965036580983,0
INV019730,0,0.683671079604335,0
INV019731,0,1.271965036580983,0
INV019732,0,1.271965036580983,0
INV019733,0,0.683671079604335,0
INV019734,0,0.683671079604335,0
INV019735,0,1.45309884819142,0
INV019736,0,0.683671079604335,0
INV019737,0,1.271965036580983,0
INV019738,0,2.078458492611103,0
INV019739,0,0.683671079604335,0
INV019740,0,1.45309884819142,0
INV019741,0,0.5847353760623348,0
INV019742,0,1.271965036580983,0
INV019743,0,1.271965036580983,0
INV019744,0,1.45309884819142,0
INV019745,0,0.683671079604335,0
INV019746,0,1.45309884819142,0
INV019747,0,0.683671079604335,0
INV019748,0,1.45309884819142,0
INV019749,0,1.45309884819142,0
INV019750,0,1.3141086407317024,0
INV019751,0,0.683671079604335,0
INV019752,0,0.683671079604335,0
INV019753,0,0.9070702973668816,0
INV019754,0,1.271965036580983,0
INV019755,0,0.683671079604335,0
INV019756,0,1.271965036580983,0
INV019757,0,1.2189386038956698,0
INV019758,0,0.683671079604335,0
INV019759,0,0.683671079604335,0
INV019760,0,1.45309884819142,0
INV019761,0,0.683671079604335,0
INV019762,0,1.45309884819142,0
INV019763,0,1.9656871738189716,0
INV019764,0,0.683671079604335,0
INV019765,0,1.271965036580983,0
INV019766,0,0.683671079604335,0
INV019767,0,0.5847353760623348,0
INV019768,0,0.4853536490702341,0
INV019769,0,0.40700614624726716,0
INV019770,0,0.683671079604335,0
INV019771,0,1.45309884819142,0
INV019772,0,1.271965036580983,0
INV019773,0,0.959692762930954,0
INV019774,0,1.45309884819142,0
INV019775,0,1.271965036580983,0
INV019776,0,1.45309884819142,0
INV019777,0,1.45309884819142,0
INV019778,0,1.4852908712755988,0
INV019779,0,1.2783948192462962,0
INV019780,0,1.45309884819142,0
INV019781,0,1.271965036580983,0
INV019782,0,1.2189386038956698,0
INV019783,0,0.683671079604335,0
INV019784,0,0.3857504588467759,0
INV019785,0,1.45309884819142,0
INV019786,0,0.683671079604335,0
INV019787,0,1.1930307999987884,0
INV019788,0,1.45309884819142,0
INV019789,0,1.271965036580983,0
INV019790,0,1.0105688412988154,0
INV019791,0,1.271965036580983,0
INV019792,0,1.271965036580983,0
INV019793,0,1.45309884819142,0
INV019794,0,0.683671079604335,0
INV019795,0,0.683671079604335,0
INV019796,0,0.5847353760623348,0
INV019797,0,0.44259776730242556,0
INV019798,0,1.271965036580983,0
INV019799,0,0.5847353760623348,0
INV019800,0,1.271965036580983,0
INV019801,0,0.683671079604335,0
INV019802,0,1.271965036580983,0
INV019803,0,1.2189386038956698,0
INV019804,0,0.47510899081067604,0
INV019805,0,1.45309884819142,0
INV019806,0,0.492519060408871,0
INV019807,0,1.271965036580983,0
INV019808,0,0.683671079604335,0
INV019809,0,0.683671079604335,0
INV019810,0,1.2313496568719868,0
INV019811,0,1.369115614552396,0
INV019812,0,0.683671079604335,0
INV019813,0,1.2189386038956698,0
INV019814,0,0.683671079604335,0
INV019815,0,1.271965036580983,0
INV019816,0,1.45309884819142,0
INV019817,0,1.2189386038956698,0
INV019818,0,1.2189386038956698,0
INV019819,0,1.271965036580983,0
INV019820,0,1.45309884819142,0
INV019821,0,1.45309884819142,0
INV019822,0,1.271965036580983,0
INV019823,0,0.5847353760623348,0
INV019824,0,1.45309884819142,0
INV019825,0,0.683671079604335,0
INV019826,0,1.2189386038956698,0
INV019827,0,1.6656076171166039,0
INV019828,0,0.683671079604335,0
INV019829,0,1.271965036580983,0
INV019830,0,0.683671079604335,0
INV019831,0,1.271965036580983,0
INV019832,0,1.45309884819142,0
INV019833,0,1.271965036580983,0
INV019834,0,0.683671079604335,0
INV019835,0,0.4772501372119058,0
INV019836,0,1.45309884819142,0
INV019837,0,1.45309884819142,0
INV019838,0,1.271965036580983,0
INV019839,0,0.683671079604335,0
INV019840,0,0.5847353760623348,0
INV019841,0,1.271965036580983,0
INV019842,0,1.2344185812463424,0
INV019843,0,0.3567403058647165,0
INV019844,0,0.5847353760623348,0
INV019845,0,1.271965036580983,0
INV019846,0,1.45309884819142,0
INV019847,0,0.683671079604335,0
INV019848,0,0.683671079604335,0
INV019849,0,0.5304018678907891,0
INV019850,0,1.2189386038956698,0
INV019851,0,0.44259776730242556,0
INV019852,0,0.9579757793522323,0
INV019853,0,0.683671079604335,0
INV019854,0,0.683671079604335,0
INV019855,0,0.683671079604335,0
INV019856,0,0.683671079604335,0
INV019857,0,0.4735599832169741,0
INV019858,0,1.2189386038956698,0
INV019859,0,1.2189386038956698,0
INV019860,0,0.4021498572948798,0
INV019861,0,2.158955587555217,0
INV019862,0,0.683671079604335,0
INV019863,0,0.683671079604335,0
INV019864,0,0.683671079604335,0
INV019865,0,0.44259776730242556,0
INV019866,0,1.2189386038956698,0
INV019867,0,1.271965036580983,0
INV019868,0,1.271965036580983,0
INV019869,0,1.45309884819142,0
INV019870,0,1.271965036580983,0
INV019871,0,0.683671079604335,0
INV019872,0,1.45309884819142,0
INV019873,0,0.47723418418539554,0
INV019874,0,1.271965036580983,0
INV019875,0,1.2189386038956698,0
INV019876,0,1.271965036580983,0
INV019877,0,1.45309884819142,0
INV019878,0,1.8455896622053354,0
INV019879,0,1.271965036580983,0
INV019880,0,1.45309884819142,0
INV019881,0,1.45309884819142,0
INV019882,0,0.683671079604335,0
INV019883,0,1.45309884819142,0
INV019884,0,0.5113720968951408,0
INV019885,0,1.271965036580983,0
INV019886,0,1.271965036580983,0
INV019887,0,1.45309884819142,0
INV019888,0,1.2189386038956698,0
INV019889,0,0.683671079604335,0
INV019890,0,1.271965036580983,0
INV019891,0,1.271965036580983,0
INV019892,0,0.5847353760623348,0
INV019893,0,0.683671079604335,0
INV019894,0,0.683671079604335,0
INV019895,0,0.683671079604335,0
INV019896,0,0.683671079604335,0
INV019897,0,1.45309884819142,0
INV019898,0,0.683671079604335,0
INV019899,0,1.271965036580983,0
INV019900,0,1.45309884819142,0
INV019901,0,1.271965036580983,0
INV019902,0,0.683671079604335,0
INV019903,0,0.683671079604335,0
INV019904,0,1.45309884819142,0
INV019905,0,1.45309884819142,0
INV019906,0,0.4748177698757535,0
INV019907,0,1.2189386038956698,0
INV019908,0,0.683671079604335,0
INV019909,0,1.45309884819142,0
INV019910,0,1.271965036580983,0
INV019911,0,1.271965036580983,0
INV019912,0,0.44259776730242556,0
INV019913,0,2.1972925870860154,0
INV019914,0,1.45309884819142,0
INV019915,0,0.683671079604335,0
INV019916,0,1.271965036580983,0
INV019917,0,0.683671079604335,0
INV019918,0,1.271965036580983,0
INV019919,0,0.683671079604335,0
INV019920,0,1.45309884819142,0
INV019921,0,0.683671079604335,0
INV019922,0,0.683671079604335,0
INV019923,0,0.683671079604335,0
INV019924,0,1.9082456430310357,0
INV019925,0,1.271965036580983,0
INV019926,0,1.271965036580983,0
INV019927,0,1.45309884819142,0
INV019928,0,0.683671079604335,0
INV019929,0,0.5984602507437052,0
INV019930,0,0.5163272320510036,0
INV019931,0,1.271965036580983,0
INV019932,0,0.683671079604335,0
INV019933,0,0.683671079604335,0
INV019934,0,0.5847353760623348,0
INV019935,0,0.2682884635077665,0
INV019936,0,0.5847353760623348,0
INV019937,0,1.2189386038956698,0
INV019938,0,1.271965036580983,0
INV019939,0,1.45309884819142,0
INV019940,0,0.683671079604335,0
INV019941,0,1.45309884819142,0
INV019942,0,1.271965036580983,0
INV019943,0,0.44259776730242556,0
INV019944,0,1.2189386038956698,0
INV019945,0,1.45309884819142,0
INV019946,0,0.683671079604335,0
INV019947,0,1.2189386038956698,0
INV019948,0,1.271965036580983,0
INV019949,0,1.45309884819142,0
INV019950,0,0.683671079604335,0
INV019951,0,0.683671079604335,0
INV019952,0,1.271965036580983,0
INV019953,0,0.47462821038427866,0
INV019954,0,1.271965036580983,0
INV019955,0,1.45309884819142,0
INV019956,0,1.45309884819142,0
INV019957,0,0.683671079604335,0
INV019958,0,1.271965036580983,0
INV019959,0,0.683671079604335,0
INV019960,0,1.2189386038956698,0
INV019961,0,1.271965036580983,0
INV019962,0,1.4383067057673578,0
INV019963,0,0.683671079604335,0
INV019964,0,2.1844303812610093,0
INV019965,0,0.6806023842450238,0
INV019966,0,0.683671079604335,0
INV019967,0,0.683671079604335,0
INV019968,1,8.195174110062354,1
INV019969,0,0.5847353760623348,0
INV019970,0,1.271965036580983,0
INV019971,0,1.2189386038956698,0
INV019972,0,0.683671079604335,0
INV019973,0,1.45309884819142,0
INV019974,0,1.271965036580983,0
INV019975,0,1.271965036580983,0
INV019976,0,1.271965036580983,0
INV019977,0,0.683671079604335,0
INV019978,0,0.683671079604335,0
INV019979,0,2.1742564168052025,0
INV019980,0,1.271965036580983,0
INV019981,0,0.683671079604335,0
INV019982,0,2.2173661865025407,0
INV019983,0,0.683671079604335,0
INV019984,0,1.271965036580983,0
INV019985,0,0.683671079604335,0
INV019986,0,0.683671079604335,0
INV019987,0,1.45309884819142,0
INV019988,0,1.45309884819142,0
INV019989,0,1.45309884819142,0
INV019990,0,0.683671079604335,0
INV019991,0,0.44259776730242556,0
INV019992,0,0.683671079604335,0
INV019993,0,2.323182611345082,0
INV019994,0,2.43646849344328,0
INV019995,0,1.271965036580983,0
INV019996,0,1.45309884819142,0
INV019997,0,1.45309884819142,0
INV019998,0,1.45309884819142,0
INV019999,0,1.271965036580983,0
INV020000,0,1.2189386038956698,0
